date,Open,High,Low,Close,Volume,aVWAP_BoS_CHoCH_bull_145,aVWAP_BoS_CHoCH_bear_78,aVWAP_BoS_CHoCH_bear_122,aVWAP_BoS_CHoCH_bear_163,aVWAP_BoS_CHoCH_bear_221,Peaks_Valleys_avg,color,StDev,StDev_Mean,StdDev_ZScore,MA_Cross_Count,MA_Avg_Deviation_Z,MA_Oscillation_Score,BoS,CHoCH,BoS_CHoCH_Price,BoS_CHoCH_Break_Index
2025-06-10 14:00:00+00:00,14.8,14.8,14.8,14.8,0.0,,,,,,,"rgba(38, 166, 154, 1.0)",,,,0,,,0.0,0.0,0.0,0.0
2025-06-10 15:00:00+00:00,14.8,14.8,14.8,14.8,0.0,,,,,,,"rgba(38, 166, 154, 1.0)",,,,0,,,0.0,0.0,0.0,0.0
2025-06-10 16:00:00+00:00,14.8,14.8,14.8,14.8,100.0,,,,,,,"rgba(38, 166, 154, 1.0)",,,,0,,,0.0,0.0,0.0,0.0
2025-06-10 17:00:00+00:00,14.8,14.8,14.8,14.8,0.0,,,,,,,"rgba(38, 166, 154, 1.0)",,,,0,,,0.0,0.0,0.0,0.0
2025-06-10 18:00:00+00:00,14.8,14.8,14.645,14.645,100.0,,,,,,,"rgba(239, 83, 80, 1.0)",,,,0,,,0.0,0.0,0.0,0.0
2025-06-10 19:00:00+00:00,14.645,14.69,14.57,14.57,800.0,,,,,,,"rgba(239, 83, 80, 1.0)",,,,0,,,0.0,0.0,0.0,0.0
2025-06-11 14:00:00+00:00,14.57,14.67,14.57,14.645,600.0,,,,,,,"rgba(38, 166, 154, 1.0)",,,,0,,,0.0,0.0,0.0,0.0
2025-06-11 15:00:00+00:00,14.645,14.645,14.5,14.5,450.0,,,,,,,"rgba(239, 83, 80, 1.0)",,,,0,,,0.0,0.0,0.0,0.0
2025-06-11 16:00:00+00:00,14.5,14.5,14.415,14.415,200.0,,,,,,,"rgba(239, 83, 80, 1.0)",,,,0,,,0.0,0.0,0.0,0.0
2025-06-11 17:00:00+00:00,14.415,14.415,14.265,14.265,300.0,,,,,,,"rgba(239, 83, 80, 1.0)",,,,0,,,0.0,0.0,0.0,0.0
2025-06-11 18:00:00+00:00,14.265,14.32,14.265,14.32,200.0,,,,,,14.301666666666668,"rgba(38, 166, 154, 1.0)",,14.301666666666668,,0,,,0.0,0.0,0.0,0.0
2025-06-11 19:00:00+00:00,14.32,14.35,14.29,14.33,2200.0,,,,,,14.321527777777776,"rgba(239, 83, 80, 1.0)",,14.321527777777776,,0,,,0.0,0.0,0.0,0.0
2025-06-12 14:00:00+00:00,14.7,14.8,14.7,14.75,218.0,,,,,,14.357206518971225,"rgba(38, 166, 154, 1.0)",,14.357206518971225,,0,,,0.0,0.0,0.0,0.0
2025-06-12 15:00:00+00:00,14.75,14.75,14.725,14.74,58.0,,,,,,14.36546711509716,"rgba(239, 83, 80, 1.0)",,14.36546711509716,,0,,,0.0,0.0,0.0,0.0
2025-06-12 16:00:00+00:00,14.74,14.74,14.74,14.74,0.0,,,,,,14.36546711509716,"rgba(239, 83, 80, 1.0)",,14.36546711509716,,0,,,0.0,0.0,0.0,0.0
2025-06-12 17:00:00+00:00,14.74,14.79,14.74,14.79,200.0,,,,,,14.393830551692163,"rgba(38, 166, 154, 1.0)",,14.393830551692163,,0,,,0.0,0.0,0.0,0.0
2025-06-12 18:00:00+00:00,14.79,14.79,14.79,14.79,0.0,,,,,,14.393830551692163,"rgba(38, 166, 154, 1.0)",,14.393830551692163,,0,,,0.0,0.0,0.0,0.0
2025-06-12 19:00:00+00:00,14.79,14.82,14.77,14.82,1600.0,,,,,,14.540212243074171,"rgba(38, 166, 154, 1.0)",,14.540212243074171,,0,,,0.0,0.0,0.0,0.0
2025-06-13 14:00:00+00:00,14.74,14.74,14.74,14.74,0.0,,,,,,14.540212243074171,"rgba(38, 166, 154, 1.0)",,14.540212243074171,,0,,,0.0,0.0,0.0,0.0
2025-06-13 15:00:00+00:00,14.74,15.15,14.74,15.15,100.0,,,,,,14.550551427738924,"rgba(38, 166, 154, 1.0)",,14.550551427738924,,0,,,0.0,0.0,0.0,0.0
2025-06-13 16:00:00+00:00,15.15,15.15,15.15,15.15,0.0,,,,,,14.550551427738924,"rgba(38, 166, 154, 1.0)",,14.550551427738924,,0,,,0.0,0.0,0.0,0.0
2025-06-13 17:00:00+00:00,15.15,15.29,15.15,15.19,600.0,,,,,,14.62699446161772,"rgba(38, 166, 154, 1.0)",,14.62699446161772,,0,,,0.0,0.0,0.0,0.0
2025-06-13 18:00:00+00:00,15.19,15.23,15.19,15.23,600.0,,,,,,14.688248499538316,"rgba(38, 166, 154, 1.0)",,14.688248499538316,,0,,,0.0,0.0,0.0,0.0
2025-06-13 19:00:00+00:00,15.23,15.35,15.23,15.315,955.0,,,,,,15.036570593770117,"rgba(38, 166, 154, 1.0)",,15.036570593770117,,0,,,0.0,0.0,0.0,0.0
2025-06-16 14:00:00+00:00,15.09,15.12,15.09,15.12,400.0,,,,,,15.018173301505836,"rgba(38, 166, 154, 1.0)",,15.018173301505836,,0,,,0.0,0.0,0.0,0.0
2025-06-16 15:00:00+00:00,15.12,15.12,15.12,15.12,0.0,,,,,,15.018173301505836,"rgba(38, 166, 154, 1.0)",,15.018173301505836,,0,,,0.0,0.0,0.0,0.0
2025-06-16 16:00:00+00:00,15.12,15.12,15.12,15.12,0.0,,,,,,15.018173301505836,"rgba(38, 166, 154, 1.0)",,15.018173301505836,,0,,,0.0,0.0,0.0,0.0
2025-06-16 17:00:00+00:00,15.12,15.12,15.12,15.12,0.0,,,,,,15.018173301505836,"rgba(38, 166, 154, 1.0)",,15.018173301505836,,0,,,0.0,0.0,0.0,0.0
2025-06-16 18:00:00+00:00,15.12,15.12,15.12,15.12,0.0,,,,,,15.018173301505836,"rgba(38, 166, 154, 1.0)",,15.018173301505836,,0,,,0.0,0.0,0.0,0.0
2025-06-16 19:00:00+00:00,15.12,15.12,15.03,15.03,400.0,,,,,,15.004423094261982,"rgba(38, 166, 154, 1.0)",,15.004423094261982,,0,,,0.0,0.0,0.0,0.0
2025-06-17 14:00:00+00:00,14.275,14.29,14.035,14.285,492.0,,,,,,14.876656873208852,"rgba(239, 83, 80, 1.0)",,14.876656873208852,,0,,,0.0,0.0,0.0,0.0
2025-06-17 15:00:00+00:00,14.285,14.315,14.205,14.205,485.0,,,,,,14.795809100693102,"rgba(239, 83, 80, 1.0)",,14.795809100693102,,0,,,0.0,0.0,0.0,0.0
2025-06-17 16:00:00+00:00,14.205,14.205,14.14,14.14,255.0,,,,,,14.757958979763998,"rgba(239, 83, 80, 1.0)",,14.757958979763998,,0,,,0.0,0.0,0.0,0.0
2025-06-17 17:00:00+00:00,14.14,14.165,13.965,13.965,1060.0,,,,,,14.621016918072737,"rgba(239, 83, 80, 1.0)",,14.621016918072737,,0,,,0.0,0.0,0.0,0.0
2025-06-17 18:00:00+00:00,13.965,14.06,13.88,14.055,23.0,,,,,,14.618576614590326,"rgba(239, 83, 80, 1.0)",,14.618576614590326,,0,,,0.0,0.0,0.0,0.0
2025-06-17 19:00:00+00:00,14.055,14.075,13.98,13.98,723.0,,,,,,14.553235293469307,"rgba(239, 83, 80, 1.0)",,14.553235293469307,,0,,,0.0,0.0,0.0,0.0
2025-06-18 14:00:00+00:00,14.04,14.055,14.015,14.03,408.0,,,,,,14.524228754078456,"rgba(239, 83, 80, 1.0)",,14.524228754078456,,0,,,0.0,0.0,0.0,0.0
2025-06-18 15:00:00+00:00,14.03,14.19,14.03,14.19,69.0,,,,,,14.520681569900947,"rgba(239, 83, 80, 1.0)",,14.520681569900947,,0,,,0.0,0.0,0.0,0.0
2025-06-18 16:00:00+00:00,14.19,14.19,14.05,14.05,1085.0,,,,,,14.467934278003636,"rgba(239, 83, 80, 1.0)",,14.467934278003636,,0,,,0.0,0.0,0.0,0.0
2025-06-18 17:00:00+00:00,14.05,14.05,13.925,13.925,134.0,,,,,,14.460355054288094,"rgba(239, 83, 80, 1.0)",,14.460355054288094,,0,,,0.0,0.0,0.0,0.0
2025-06-18 18:00:00+00:00,13.925,13.97,13.88,13.88,326.0,,,,,,14.44083710680159,"rgba(239, 83, 80, 1.0)",,14.44083710680159,,0,,,0.0,0.0,0.0,0.0
2025-06-18 19:00:00+00:00,13.88,13.88,13.765,13.815,87.0,,,,,,14.230003690364308,"rgba(239, 83, 80, 1.0)",,14.230003690364308,,0,,,0.0,0.0,0.0,0.0
2025-06-19 14:00:00+00:00,13.815,13.815,13.815,13.815,0.0,,,,,,14.230003690364308,"rgba(239, 83, 80, 1.0)",,14.230003690364308,,0,,,0.0,0.0,0.0,0.0
2025-06-19 15:00:00+00:00,13.815,13.815,13.815,13.815,0.0,,,,,,14.230003690364308,"rgba(239, 83, 80, 1.0)",,14.230003690364308,,0,,,0.0,0.0,0.0,0.0
2025-06-19 16:00:00+00:00,13.815,13.815,13.815,13.815,0.0,,,,,,14.230003690364308,"rgba(239, 83, 80, 1.0)",,14.230003690364308,,0,,,0.0,0.0,0.0,0.0
2025-06-19 17:00:00+00:00,13.815,13.815,13.815,13.815,0.0,,,,,,14.230003690364308,"rgba(239, 83, 80, 1.0)",,14.230003690364308,,0,,,0.0,0.0,0.0,0.0
2025-06-19 18:00:00+00:00,13.815,13.815,13.815,13.815,0.0,,,,,,14.230003690364308,"rgba(239, 83, 80, 1.0)",,14.230003690364308,,0,,,0.0,0.0,0.0,0.0
2025-06-19 19:00:00+00:00,13.815,13.815,13.815,13.815,0.0,,,,,,14.230003690364308,"rgba(239, 83, 80, 1.0)",,14.230003690364308,,0,,,0.0,0.0,0.0,0.0
2025-06-20 14:00:00+00:00,13.815,13.935,13.78,13.83,20.0,,,,,,14.230928690777882,"rgba(239, 83, 80, 1.0)",,14.230928690777882,,0,,,0.0,0.0,0.0,0.0
2025-06-20 15:00:00+00:00,13.83,13.93,13.83,13.93,8.0,,,,,,14.232277382994447,"rgba(239, 83, 80, 1.0)",,14.232277382994447,,0,,,0.0,0.0,0.0,0.0
2025-06-20 16:00:00+00:00,13.93,13.93,13.815,13.815,12.0,,,,,,14.232507127128505,"rgba(239, 83, 80, 1.0)",,14.232507127128505,,0,,,0.0,0.0,0.0,0.0
2025-06-20 17:00:00+00:00,13.815,13.905,13.815,13.87,112.0,,,,,,14.232842879959941,"rgba(239, 83, 80, 1.0)",,14.232842879959941,,0,,,0.0,0.0,0.0,0.0
2025-06-20 18:00:00+00:00,13.87,13.9,13.87,13.9,12.0,,,,,,14.233078654573106,"rgba(239, 83, 80, 1.0)",,14.233078654573106,,0,,,0.0,0.0,0.0,0.0
2025-06-20 19:00:00+00:00,13.9,13.93,13.84,13.84,115.0,,,,,,14.230856414304087,"rgba(239, 83, 80, 1.0)",,14.230856414304087,,0,,,0.0,0.0,0.0,0.0
2025-06-23 14:00:00+00:00,13.84,14.265,13.84,14.265,300.0,,,,,,14.229836752850797,"rgba(38, 166, 154, 1.0)",,14.229836752850797,,0,,,0.0,0.0,0.0,0.0
2025-06-23 15:00:00+00:00,14.265,14.265,14.21,14.21,100.0,,,,,,14.240706937186522,"rgba(38, 166, 154, 1.0)",,14.240706937186522,,0,,,0.0,0.0,0.0,0.0
2025-06-23 16:00:00+00:00,14.21,14.21,14.08,14.08,100.0,,,,,,14.230715919324672,"rgba(38, 166, 154, 1.0)",,14.230715919324672,,0,,,0.0,0.0,0.0,0.0
2025-06-23 17:00:00+00:00,14.08,14.08,13.845,13.99,100.0,,,,,,14.208630223455796,"rgba(239, 83, 80, 1.0)",,14.208630223455796,,0,,,0.0,0.0,0.0,0.0
2025-06-23 18:00:00+00:00,13.99,13.99,13.99,13.99,0.0,,,,,,14.208630223455796,"rgba(239, 83, 80, 1.0)",,14.208630223455796,,0,,,0.0,0.0,0.0,0.0
2025-06-23 19:00:00+00:00,13.99,13.99,13.83,13.89,281.0,,,,,,14.164922521260369,"rgba(239, 83, 80, 1.0)",,14.164922521260369,,0,,,0.0,0.0,0.0,0.0
2025-06-24 14:00:00+00:00,13.37,13.37,13.28,13.3,115.0,,,,,,13.977010325059046,"rgba(239, 83, 80, 1.0)",,13.977010325059046,,0,,,0.0,0.0,0.0,0.0
2025-06-24 15:00:00+00:00,13.3,13.455,13.295,13.45,300.0,,,,,,13.915418047148696,"rgba(239, 83, 80, 1.0)",,13.915418047148696,,0,,,0.0,0.0,0.0,0.0
2025-06-24 16:00:00+00:00,13.45,13.45,13.385,13.4,540.0,,,,,,13.846319251693197,"rgba(239, 83, 80, 1.0)",,13.846319251693197,,0,,,0.0,0.0,0.0,0.0
2025-06-24 17:00:00+00:00,13.4,13.405,13.35,13.38,468.0,,,,,,13.80195227328045,"rgba(239, 83, 80, 1.0)",,13.80195227328045,,0,,,0.0,0.0,0.0,0.0
2025-06-24 18:00:00+00:00,13.38,13.38,13.295,13.32,601.0,,,,,,13.753908946096756,"rgba(239, 83, 80, 1.0)",,13.753908946096756,,0,,,0.0,0.0,0.0,0.0
2025-06-24 19:00:00+00:00,13.32,13.48,13.32,13.48,620.0,,,,,,13.731558306899844,"rgba(239, 83, 80, 1.0)",,13.731558306899844,,0,,,0.0,0.0,0.0,0.0
2025-06-25 14:00:00+00:00,13.35,13.425,13.35,13.425,55.0,,,,,,13.729453132381403,"rgba(239, 83, 80, 1.0)",,13.729453132381403,,0,,,0.0,0.0,0.0,0.0
2025-06-25 15:00:00+00:00,13.425,13.5,13.425,13.48,20.0,,,,,,13.72900586012844,"rgba(239, 83, 80, 1.0)",,13.72900586012844,,0,,,0.0,0.0,0.0,0.0
2025-06-25 16:00:00+00:00,13.48,13.615,13.48,13.615,10.0,,,,,,13.729011630157975,"rgba(239, 83, 80, 1.0)",,13.729011630157975,,0,,,0.0,0.0,0.0,0.0
2025-06-25 17:00:00+00:00,13.585,13.585,13.52,13.52,15.0,,,,,,13.728923460554148,"rgba(239, 83, 80, 1.0)",,13.728923460554148,,0,,,0.0,0.0,0.0,0.0
2025-06-25 18:00:00+00:00,13.52,13.595,13.52,13.595,10.0,,,,,,13.7289273874843,"rgba(239, 83, 80, 1.0)",,13.7289273874843,,0,,,0.0,0.0,0.0,0.0
2025-06-25 19:00:00+00:00,13.595,13.595,13.44,13.445,323.0,,,,,,13.7235810517393,"rgba(239, 83, 80, 1.0)",,13.7235810517393,,0,,,0.0,0.0,0.0,0.0
2025-06-26 14:00:00+00:00,13.445,13.47,13.445,13.445,102.0,,,,,,13.721110650231042,"rgba(239, 83, 80, 1.0)",,13.721110650231042,,0,,,0.0,0.0,0.0,0.0
2025-06-26 15:00:00+00:00,13.445,13.555,13.445,13.555,4.0,,,,,,13.721066930974025,"rgba(239, 83, 80, 1.0)",,13.721066930974025,,0,,,0.0,0.0,0.0,0.0
2025-06-26 16:00:00+00:00,13.555,13.555,13.505,13.505,2.0,,,,,,13.721046398431922,"rgba(239, 83, 80, 1.0)",0.5812554988599706,13.721046398431922,-0.37168921215482237,0,,,0.0,0.0,0.0,0.0
2025-06-26 17:00:00+00:00,13.505,13.53,13.505,13.525,0.0,,,,,,13.721046398431922,"rgba(239, 83, 80, 1.0)",0.5824537873637812,13.721046398431922,-0.3365870437880373,0,,,0.0,0.0,0.0,0.0
2025-06-26 18:00:00+00:00,13.525,13.56,13.525,13.53,4.0,,,,,,13.7210186262104,"rgba(239, 83, 80, 1.0)",0.5830722298525488,13.7210186262104,-0.327607140986129,0,,,0.0,0.0,0.0,0.0
2025-06-26 19:00:00+00:00,13.53,13.62,13.53,13.62,125.0,,,,,,13.70261240584858,"rgba(239, 83, 80, 1.0)",0.5819681425292257,13.70261240584858,-0.1419534847552793,0,,,0.0,0.0,0.0,0.0
2025-06-27 14:00:00+00:00,13.62,13.62,13.125,13.125,40.0,,,,,,13.6013665055441,"rgba(239, 83, 80, 1.0)",0.5892399899580508,13.6013665055441,-0.8084422538565534,0,,,-1.0,0.0,13.125,121.0
2025-06-27 15:00:00+00:00,13.125,13.125,13.125,13.125,0.0,,,,,,13.6013665055441,"rgba(239, 83, 80, 1.0)",0.5976966147162297,13.6013665055441,-0.7970038541547798,0,,,0.0,0.0,0.0,0.0
2025-06-27 16:00:00+00:00,13.125,13.125,13.125,13.125,0.0,,,,,,13.6013665055441,"rgba(239, 83, 80, 1.0)",0.606197994890289,13.6013665055441,-0.7858265938842528,0,,,0.0,0.0,0.0,0.0
2025-06-27 17:00:00+00:00,13.125,13.2,13.125,13.2,5.0,,,,,,13.491614228301126,"rgba(239, 83, 80, 1.0)",0.6115793319588858,13.491614228301126,-0.4768215880793215,0,,,0.0,0.0,0.0,0.0
2025-06-27 18:00:00+00:00,13.2,13.2,13.2,13.2,0.0,,,,,,13.491614228301126,"rgba(239, 83, 80, 1.0)",0.6179233603605524,13.491614228301126,-0.4719262080186973,0,,,0.0,0.0,0.0,0.0
2025-06-27 19:00:00+00:00,13.2,13.255,13.125,13.255,24.0,,,,,,13.469993048437068,"rgba(239, 83, 80, 1.0)",0.6234944966777053,13.469993048437068,-0.3448194804968759,0,,,0.0,0.0,0.0,0.0
2025-06-30 14:00:00+00:00,13.255,13.42,13.255,13.42,247.0,,,,,,13.51808921407279,"rgba(38, 166, 154, 1.0)",0.6271418219708063,13.51808921407279,-0.15640674985530734,0,,,0.0,0.0,0.0,0.0
2025-06-30 15:00:00+00:00,13.42,13.535,13.42,13.535,105.0,,,,,,13.537253471807983,"rgba(38, 166, 154, 1.0)",0.6288962732617519,13.537253471807983,-0.0035832169847262035,0,,,0.0,0.0,0.0,0.0
2025-06-30 16:00:00+00:00,13.535,13.56,13.535,13.56,17.0,,,,,,13.540674698233353,"rgba(38, 166, 154, 1.0)",0.6301524769007432,13.540674698233353,0.03066765977290836,0,,,0.0,0.0,0.0,0.0
2025-06-30 17:00:00+00:00,13.56,13.56,13.49,13.49,100.0,,,,,,13.552003651251106,"rgba(38, 166, 154, 1.0)",0.6271043995443863,13.552003651251106,-0.09887293295367271,0,,,0.0,0.0,0.0,0.0
2025-06-30 18:00:00+00:00,13.49,13.64,13.49,13.64,280.0,,,,,,13.58394856608112,"rgba(38, 166, 154, 1.0)",0.6223869483797928,13.58394856608112,0.0900588196214514,0,,,0.0,0.0,0.0,0.0
2025-06-30 19:00:00+00:00,13.64,13.64,13.45,13.45,21.0,,,,,,13.584306365865304,"rgba(38, 166, 154, 1.0)",0.6190392730850109,13.584306365865304,-0.2169593622000471,0,,,0.0,0.0,0.0,0.0
2025-07-01 14:00:00+00:00,13.45,13.45,13.45,13.45,0.0,,,,,,13.584306365865304,"rgba(38, 166, 154, 1.0)",0.6142900391934166,13.584306365865304,-0.2186367306910161,0,,,0.0,0.0,0.0,0.0
2025-07-01 15:00:00+00:00,13.45,13.45,13.45,13.45,0.0,,,,,,13.584306365865304,"rgba(38, 166, 154, 1.0)",0.6089727578634506,13.584306365865304,-0.22054577012034443,0,,,0.0,0.0,0.0,0.0
2025-07-01 16:00:00+00:00,13.45,13.45,13.45,13.45,0.0,,,,,,13.584306365865304,"rgba(38, 166, 154, 1.0)",0.6024727424584471,13.584306365865304,-0.22292521536701382,0,,,0.0,0.0,0.0,0.0
2025-07-01 17:00:00+00:00,13.45,13.45,13.45,13.45,0.0,,,,,,13.584306365865304,"rgba(38, 166, 154, 1.0)",0.5969381334234997,13.584306365865304,-0.22499210277461146,0,,,0.0,0.0,0.0,0.0
2025-07-01 18:00:00+00:00,13.45,13.45,13.45,13.45,0.0,,,,,,13.584306365865304,"rgba(38, 166, 154, 1.0)",0.5807342354745835,13.584306365865304,-0.23126992979077232,0,,,0.0,0.0,0.0,0.0
2025-07-01 19:00:00+00:00,13.45,13.645,13.45,13.645,6.0,,,,,,13.584356772794107,"rgba(38, 166, 154, 1.0)",0.5617146128652012,13.584356772794107,0.1079609214660846,0,,,0.0,0.0,0.0,0.0
2025-07-02 14:00:00+00:00,13.645,13.645,13.645,13.645,0.0,,,,,,13.584356772794107,"rgba(38, 166, 154, 1.0)",0.5399376423788715,13.584356772794107,0.11231524243930942,0,,,0.0,0.0,0.0,0.0
2025-07-02 15:00:00+00:00,13.645,13.645,13.645,13.645,0.0,,,,,,13.584356772794107,"rgba(38, 166, 154, 1.0)",0.5149468441035915,13.584356772794107,0.11776599449105964,0,,,0.0,0.0,0.0,0.0
2025-07-02 16:00:00+00:00,13.645,13.645,13.645,13.645,0.0,,,,,,13.584356772794107,"rgba(38, 166, 154, 1.0)",0.484248298308224,13.584356772794107,0.12523167849583788,0,,,0.0,0.0,0.0,0.0
2025-07-02 17:00:00+00:00,13.645,13.645,13.645,13.645,0.0,,,,,,13.584356772794107,"rgba(38, 166, 154, 1.0)",0.45875401169171215,13.584356772794107,0.13219116489524027,0,,,0.0,0.0,0.0,0.0
2025-07-02 18:00:00+00:00,13.645,13.645,13.385,13.385,12.0,,,,,,13.546829373803495,"rgba(239, 83, 80, 1.0)",0.4327456132253244,13.546829373803495,-0.3739595939456317,4,0.3499139543308795,1.399655817323518,0.0,0.0,0.0,0.0
2025-07-02 19:00:00+00:00,13.385,13.55,13.385,13.55,108.0,,,,,,13.516402394373106,"rgba(239, 83, 80, 1.0)",0.4023080147582632,13.516402394373106,0.0835121459041344,5,0.33532453264148726,1.6766226632074364,0.0,0.0,0.0,0.0
2025-07-03 14:00:00+00:00,13.55,13.55,13.55,13.55,0.0,,,,,,13.516402394373106,"rgba(239, 83, 80, 1.0)",0.36816634753797856,13.516402394373106,0.0912565905373221,5,0.3375205484558367,1.6876027422791835,0.0,0.0,0.0,0.0
2025-07-03 15:00:00+00:00,13.55,13.55,13.51,13.51,1.0,,,,,,13.516516002828514,"rgba(239, 83, 80, 1.0)",0.3294218659496694,13.516516002828514,-0.01978011632509355,5,0.33974131859887463,1.6987065929943732,0.0,0.0,0.0,0.0
2025-07-03 16:00:00+00:00,13.51,13.54,13.51,13.54,10.0,,,,,,13.517798244138717,"rgba(239, 83, 80, 1.0)",0.28962288309871265,13.517798244138717,0.07665746443700329,5,0.341129383308373,1.705646916541865,0.0,0.0,0.0,0.0
2025-07-03 17:00:00+00:00,13.54,13.54,13.54,13.54,0.0,,,,,,13.517798244138717,"rgba(239, 83, 80, 1.0)",0.28064757804595286,13.517798244138717,0.07910902355140452,5,0.3421645883695721,1.7108229418478604,0.0,0.0,0.0,0.0
2025-07-03 18:00:00+00:00,13.54,13.54,13.54,13.54,0.0,,,,,,13.517798244138717,"rgba(239, 83, 80, 1.0)",0.27339404950785307,13.517798244138717,0.08120789717716294,5,0.34381960401021194,1.7190980200510597,0.0,0.0,0.0,0.0
2025-07-03 19:00:00+00:00,13.54,13.54,13.54,13.54,0.0,,,,,,13.517798244138717,"rgba(239, 83, 80, 1.0)",0.2674109770196929,13.517798244138717,0.08302484852612062,5,0.3446710303754063,1.7233551518770316,0.0,0.0,0.0,0.0
2025-07-04 14:00:00+00:00,13.54,13.54,13.54,13.54,0.0,,,,,,13.517798244138717,"rgba(239, 83, 80, 1.0)",0.264845748069072,13.517798244138717,0.0838290062164475,5,0.3451556662576434,1.725778331288217,0.0,0.0,0.0,0.0
2025-07-04 15:00:00+00:00,13.54,13.54,13.54,13.54,0.0,,,,,,13.517798244138717,"rgba(239, 83, 80, 1.0)",0.26033670159659444,13.517798244138717,0.08528092937001532,5,0.34506408834347624,1.7253204417173813,0.0,0.0,0.0,0.0
2025-07-04 16:00:00+00:00,13.54,13.54,13.54,13.54,0.0,,,,,,13.517798244138717,"rgba(239, 83, 80, 1.0)",0.25714242206454624,13.517798244138717,0.08634030776807797,5,0.3452433654671558,1.726216827335779,0.0,0.0,0.0,0.0
2025-07-04 17:00:00+00:00,13.54,13.54,13.54,13.54,0.0,,,,,,13.517798244138717,"rgba(239, 83, 80, 1.0)",0.25272163584707424,13.517798244138717,0.0878506337095592,5,0.34552875746691764,1.7276437873345882,0.0,0.0,0.0,0.0
2025-07-04 18:00:00+00:00,13.54,13.54,13.54,13.54,0.0,,,,,,13.517798244138717,"rgba(239, 83, 80, 1.0)",0.24359660569536318,13.517798244138717,0.0911414828540221,5,0.34872635884398817,1.7436317942199409,0.0,0.0,0.0,0.0
2025-07-04 19:00:00+00:00,13.54,13.54,13.54,13.54,0.0,,,,,,13.517798244138717,"rgba(239, 83, 80, 1.0)",0.23800024604422787,13.517798244138717,0.0932845920552374,5,0.3520781390382412,1.760390695191206,0.0,0.0,0.0,0.0
2025-07-07 14:00:00+00:00,13.54,13.75,13.54,13.75,6.0,,,,,,13.521496360270485,"rgba(38, 166, 154, 1.0)",0.23557734331781685,13.521496360270485,0.9699729036388773,5,0.3561935019801701,1.7809675099008504,0.0,0.0,0.0,0.0
2025-07-07 15:00:00+00:00,13.75,13.75,13.75,13.75,0.0,,,,,,13.521496360270485,"rgba(38, 166, 154, 1.0)",0.23391497646839984,13.521496360270485,0.9768662236998092,6,0.3176100930129326,1.9056605580775954,0.0,0.0,0.0,0.0
2025-07-07 16:00:00+00:00,13.75,13.895,13.75,13.895,6.0,,,,,,13.528132627302657,"rgba(38, 166, 154, 1.0)",0.23512488535182224,13.528132627302657,1.560308566013296,6,0.32225514331018806,1.9335308598611283,0.0,0.0,0.0,0.0
2025-07-07 17:00:00+00:00,13.905,13.96,13.905,13.96,12.0,,,,,,13.54343737181551,"rgba(38, 166, 154, 1.0)",0.23755795878854422,13.54343737181551,1.7535199843810834,6,0.3274580889412688,1.964748533647613,0.0,0.0,0.0,0.0
2025-07-07 18:00:00+00:00,13.96,13.96,13.935,13.955,15.0,,,,,,13.56021749097456,"rgba(38, 166, 154, 1.0)",0.23984901406832057,13.56021749097456,1.6459626092646211,6,0.3321185200815106,1.9927111204890635,0.0,0.0,0.0,0.0
2025-07-07 19:00:00+00:00,13.955,14.04,13.955,14.04,5.0,,14.011666666666665,,,,13.56659453487004,"rgba(38, 166, 154, 1.0)",0.24398572916470326,13.56659453487004,1.9402998148731287,6,0.3426731794363411,2.0560390766180467,0.0,0.0,0.0,0.0
2025-07-08 14:00:00+00:00,14.04,14.04,13.185,13.185,10.0,,13.650555555555554,,,,13.54137493915741,"rgba(239, 83, 80, 1.0)",0.2473013444260884,13.54137493915741,-1.4410554054384488,6,0.3522249203264343,2.113349521958606,0.0,0.0,0.0,0.0
2025-07-08 15:00:00+00:00,13.185,13.185,13.025,13.025,5.0,,13.507499999999999,,,,13.521473615367796,"rgba(239, 83, 80, 1.0)",0.2543748209818442,13.521473615367796,-1.9517404020236389,7,0.4144611347134351,2.9012279429940455,0.0,0.0,0.0,0.0
2025-07-08 16:00:00+00:00,13.025,13.025,12.845,12.87,110.0,,13.00474358974359,,,,13.327611519701616,"rgba(239, 83, 80, 1.0)",0.2657731370179387,13.327611519701616,-1.7218125384535374,7,0.4268410652581038,2.9878874568067264,-1.0,0.0,12.845,162.0
2025-07-08 17:00:00+00:00,12.87,13.09,12.87,13.09,15.0,,13.005977011494254,,,,13.320435041231008,"rgba(239, 83, 80, 1.0)",0.2696356066256012,13.320435041231008,-0.8546165104632315,7,0.44792742935979923,3.1354920055185946,0.0,0.0,0.0,0.0
2025-07-08 18:00:00+00:00,13.09,13.205,13.08,13.095,415.0,,13.095416666666667,,,,13.263409726830663,"rgba(239, 83, 80, 1.0)",0.27132100930463454,13.263409726830663,-0.6207028613901933,7,0.46636114337648094,3.2645280036353665,0.0,0.0,0.0,0.0
2025-07-08 19:00:00+00:00,13.095,13.15,13.095,13.145,19.0,,13.096551525618883,,,,13.261766333953139,"rgba(239, 83, 80, 1.0)",0.27341083827544566,13.261766333953139,-0.42707280621956806,7,0.489249732078527,3.424748124549689,0.0,0.0,0.0,0.0
2025-07-09 14:00:00+00:00,13.02,13.09,13.02,13.09,1.0,,13.0965,,,,13.261615607603407,"rgba(239, 83, 80, 1.0)",0.27545417041677783,13.261615607603407,-0.6230278065630395,7,0.5161711171354514,3.6131978199481596,0.0,0.0,0.0,0.0
2025-07-09 15:00:00+00:00,13.09,13.09,13.09,13.09,0.0,,13.0965,,,,13.261615607603407,"rgba(239, 83, 80, 1.0)",0.2765487592020824,13.261615607603407,-0.6205618426875752,7,0.5497556655007864,3.8482896585055046,0.0,0.0,0.0,0.0
2025-07-09 16:00:00+00:00,13.09,13.195,13.09,13.195,4.0,,13.09693493150685,,,,13.261400582335767,"rgba(239, 83, 80, 1.0)",0.27640373916975514,13.261400582335767,-0.24023040547576172,8,0.5340148488068004,4.272118790454403,0.0,0.0,0.0,0.0
2025-07-09 17:00:00+00:00,13.195,13.335,13.195,13.335,2.0,,13.097588168373152,,,,13.261557341183536,"rgba(38, 166, 154, 1.0)",0.2625239242636861,13.261557341183536,0.2797560604141233,9,0.5316251609659506,4.7846264486935555,0.0,0.0,0.0,0.0
2025-07-09 18:00:00+00:00,13.335,13.335,13.29,13.29,2.0,,13.098293650793652,,,,13.261747194923222,"rgba(38, 166, 154, 1.0)",0.24991119143327334,13.261747194923222,0.11305138003121604,10,0.32831592218729344,3.2831592218729346,0.0,0.0,0.0,0.0
2025-07-09 19:00:00+00:00,13.29,13.375,13.29,13.375,8.0,,13.101627516778525,,,,13.257449299389815,"rgba(38, 166, 154, 1.0)",0.24026051926421776,13.257449299389815,0.48926349185532425,10,0.3341579697619432,3.341579697619432,0.0,0.0,0.0,0.0
2025-07-10 14:00:00+00:00,13.375,13.375,13.375,13.375,0.0,,13.101627516778525,,,,13.257449299389815,"rgba(38, 166, 154, 1.0)",0.23280941824853113,13.257449299389815,0.5049224446954961,10,0.3390929620727506,3.3909296207275057,0.0,0.0,0.0,0.0
2025-07-10 15:00:00+00:00,13.375,13.375,13.23,13.23,100.0,,13.127016283524904,,,,13.259902775615814,"rgba(38, 166, 154, 1.0)",0.22615296186907713,13.259902775615814,-0.13222367449303774,10,0.33956263170466455,3.3956263170466454,0.0,0.0,0.0,0.0
2025-07-10 16:00:00+00:00,13.23,13.23,13.23,13.23,0.0,,13.127016283524904,,,,13.259902775615814,"rgba(38, 166, 154, 1.0)",0.2218447838199088,13.259902775615814,-0.1347914298498358,11,0.32000122710934026,3.5200134982027427,0.0,0.0,0.0,0.0
2025-07-10 17:00:00+00:00,13.23,13.23,13.23,13.23,0.0,,13.127016283524904,,,,13.259902775615814,"rgba(38, 166, 154, 1.0)",0.22261919572736816,13.259902775615814,-0.13432253906996333,11,0.32111672819991716,3.532284010199089,0.0,0.0,0.0,0.0
2025-07-10 18:00:00+00:00,13.23,13.23,13.23,13.23,0.0,,13.127016283524904,,,,13.259902775615814,"rgba(38, 166, 154, 1.0)",0.22401703201012313,13.259902775615814,-0.1334843844126189,11,0.3233271408561002,3.556598549417102,0.0,0.0,0.0,0.0
2025-07-10 19:00:00+00:00,13.23,13.24,13.23,13.24,0.0,,13.127016283524904,,,,13.259902775615814,"rgba(38, 166, 154, 1.0)",0.22519595071006512,13.259902775615814,-0.08837981124020222,11,0.329598225128703,3.6255804764157333,0.0,0.0,0.0,0.0
2025-07-11 14:00:00+00:00,13.24,13.24,13.24,13.24,0.0,,13.127016283524904,,,,13.259902775615814,"rgba(38, 166, 154, 1.0)",0.22628935872874736,13.259902775615814,-0.0879527686481752,11,0.33312864071319565,3.6644150478451523,0.0,0.0,0.0,0.0
2025-07-11 15:00:00+00:00,13.24,13.24,13.24,13.24,0.0,,13.127016283524904,,,,13.259902775615814,"rgba(38, 166, 154, 1.0)",0.22704769908028463,13.259902775615814,-0.08765900599933307,11,0.3345789382503703,3.680368320754073,0.0,0.0,0.0,0.0
2025-07-11 16:00:00+00:00,13.24,13.24,13.24,13.24,0.0,,13.127016283524904,,,,13.259902775615814,"rgba(38, 166, 154, 1.0)",0.22814305216737596,13.259902775615814,-0.08723814039803357,11,0.3355117180349272,3.6906288983841993,0.0,0.0,0.0,0.0
2025-07-11 17:00:00+00:00,13.24,13.665,13.24,13.665,2100.0,,13.424679303767288,,,,13.439647047941488,"rgba(38, 166, 154, 1.0)",0.22967511327449358,13.439647047941488,0.9811814124988942,11,0.33693146907228216,3.706246159795104,0.0,0.0,0.0,0.0
2025-07-11 18:00:00+00:00,13.665,13.69,13.66,13.665,2100.0,,13.530617510893247,,,,13.530006573522419,"rgba(38, 166, 154, 1.0)",0.23111611293384865,13.530006573522419,0.5840935310132126,12,0.3777813921723334,4.533376706068001,0.0,0.0,0.0,0.0
2025-07-11 19:00:00+00:00,13.665,13.665,13.595,13.595,1108.0,,13.546804907839217,,,,13.544775207621408,"rgba(38, 166, 154, 1.0)",0.23092401542692506,13.544775207621408,0.21749488586424842,12,0.3798233708165703,4.557880449798843,0.0,0.0,0.0,0.0
2025-07-14 14:00:00+00:00,13.595,13.765,13.595,13.765,221.0,,13.552539491298528,,,,13.550097994183394,"rgba(38, 166, 154, 1.0)",0.2337767087405061,13.550097994183394,0.9192618331159289,12,0.38051005142851513,4.5661206171421815,0.0,0.0,0.0,0.0
2025-07-14 15:00:00+00:00,13.765,13.82,13.62,13.62,500.0,,13.562511771995043,13.686666666666664,,,13.568269692328949,"rgba(38, 166, 154, 1.0)",0.23401272391677513,13.568269692328949,0.221057670733528,12,0.3825087683793866,4.590105220552639,0.0,1.0,13.82,174.0
2025-07-14 16:00:00+00:00,13.62,13.63,13.6,13.6,500.0,,13.565798154555939,13.648333333333332,,,13.569312364782908,"rgba(38, 166, 154, 1.0)",0.23470270633368132,13.569312364782908,0.13075109229231693,12,0.38466016124395114,4.615921934927414,0.0,0.0,0.0,0.0
2025-07-14 17:00:00+00:00,13.6,13.67,13.6,13.65,300.0,,13.568756367663344,13.646410256410256,,,13.571895139007387,"rgba(38, 166, 154, 1.0)",0.23587773592753558,13.571895139007387,0.3311243457780541,12,0.3865710086662011,4.638852103994413,0.0,0.0,0.0,0.0
2025-07-14 18:00:00+00:00,13.65,13.655,13.535,13.535,200.0,,13.568918015102481,13.636888888888889,,,13.571571831817513,"rgba(38, 166, 154, 1.0)",0.23576763641003037,13.571571831817513,-0.15511811703413722,12,0.38929591837346256,4.671551020481551,0.0,0.0,0.0,0.0
2025-07-14 19:00:00+00:00,13.535,13.535,13.45,13.45,800.0,,13.560417399804496,13.581739130434782,,,13.561115568265539,"rgba(239, 83, 80, 1.0)",0.23567598768471315,13.561115568265539,-0.4714759842830893,13,0.37440751928862936,4.867297750752182,0.0,0.0,0.0,0.0
2025-07-15 14:00:00+00:00,13.45,13.45,13.215,13.23,400.0,,13.548671335200746,13.539753086419754,,,13.548320277959615,"rgba(239, 83, 80, 1.0)",0.23683352194550286,13.548320277959615,-1.3440676613037161,13,0.3750873612877625,4.876135696740913,0.0,0.0,0.0,0.0
2025-07-15 15:00:00+00:00,13.23,13.23,12.965,12.965,100.0,,13.543182825484763,13.522380952380955,,,13.542447081069051,"rgba(239, 83, 80, 1.0)",0.2429716922673032,13.542447081069051,-2.376602293380654,13,0.3714599274424719,4.828979056752135,0.0,0.0,0.0,0.0
2025-07-15 16:00:00+00:00,12.965,13.07,12.955,13.07,300.0,,13.52672654155496,13.474892473118281,,,13.525043430698371,"rgba(239, 83, 80, 1.0)",0.2456468203750136,13.525043430698371,-1.8524295572142346,13,0.37147506255369395,4.829175813198021,0.0,0.0,0.0,0.0
2025-07-15 17:00:00+00:00,13.07,13.09,13.07,13.07,100.0,,13.521951370468612,13.462447916666667,,,13.520052025592173,"rgba(239, 83, 80, 1.0)",0.2466474852537034,13.520052025592173,-1.8246771303151395,13,0.3706095075111693,4.8179235976452,0.0,0.0,0.0,0.0
2025-07-15 18:00:00+00:00,13.07,13.185,13.07,13.17,325.0,,13.509275213675211,13.432872340425533,,,13.506950120324635,"rgba(239, 83, 80, 1.0)",0.2459528813000849,13.506950120324635,-1.3699783411503346,12,0.4064535820987906,4.877442985185487,0.0,0.0,0.0,0.0
2025-07-15 19:00:00+00:00,13.17,13.18,13.12,13.18,328.0,,13.49790765363498,13.409643135219309,,,13.495337990052477,"rgba(239, 83, 80, 1.0)",0.24511438771124167,13.495337990052477,-1.2864931879231931,11,0.4496087721700945,4.945696493871039,0.0,0.0,0.0,0.0
2025-07-16 14:00:00+00:00,13.18,13.18,12.93,13.04,133.0,,13.492073580778898,13.397643000501755,,,13.489373915471134,"rgba(239, 83, 80, 1.0)",0.24782335324663868,13.489373915471134,-1.8132831695805083,11,0.45854581256529875,5.044003938218286,0.0,0.0,0.0,0.0
2025-07-16 15:00:00+00:00,13.04,13.3,13.04,13.3,103.0,,13.48928996186413,13.393000326078095,,,13.486572758932613,"rgba(239, 83, 80, 1.0)",0.24684864239498275,13.486572758932613,-0.7558184526454776,11,0.47010885666185603,5.171197423280416,0.0,0.0,0.0,0.0
2025-07-16 16:00:00+00:00,13.3,13.3,13.21,13.21,110.0,,13.486659311844459,13.38899222036993,,,13.483940635123195,"rgba(239, 83, 80, 1.0)",0.24733166993927158,13.483940635123195,-1.1075841407226839,11,0.481623803902043,5.297861842922473,0.0,0.0,0.0,0.0
2025-07-16 17:00:00+00:00,13.21,13.215,13.18,13.18,6.0,,13.48648961329498,13.388710661910425,,,13.483769879160931,"rgba(239, 83, 80, 1.0)",0.24898970636126247,13.483769879160931,-1.2200097891604715,11,0.48897103748344645,5.378681412317911,0.0,0.0,0.0,0.0
2025-07-16 18:00:00+00:00,13.18,13.185,13.18,13.185,204.0,,13.480673938937995,13.3792080592727,,,13.477922913246326,"rgba(239, 83, 80, 1.0)",0.250182311903106,13.477922913246326,-1.1708378222988551,11,0.4870678466232998,5.357746312856298,0.0,0.0,0.0,0.0
2025-07-16 19:00:00+00:00,13.185,13.25,13.175,13.25,23.0,,13.48012214194113,13.37840779181709,,,13.4773721441565,"rgba(239, 83, 80, 1.0)",0.25040881888737543,13.4773721441565,-0.9080037403106174,11,0.48581822217769816,5.3440004439546795,0.0,0.0,0.0,0.0
2025-07-17 14:00:00+00:00,12.82,12.86,12.795,12.795,119.0,,13.472795564216772,13.363719329085184,,,13.469894495527736,"rgba(239, 83, 80, 1.0)",0.2603145706173004,13.469894495527736,-2.592611293049468,11,0.46904022728006284,5.159442500080691,0.0,0.0,0.0,0.0
2025-07-17 15:00:00+00:00,12.795,12.945,12.78,12.935,328.0,12.886666666666667,13.455481958453404,13.331648561863771,,,13.42366444448696,"rgba(239, 83, 80, 1.0)",0.2644898710572594,13.42366444448696,-1.8475733778900298,11,0.460018675232475,5.060205427557225,0.0,-1.0,12.78,221.0
2025-07-17 16:00:00+00:00,12.935,12.96,12.9,12.95,140.0,12.901623931623933,13.44902214514407,13.32063093577738,,,13.418189281407146,"rgba(239, 83, 80, 1.0)",0.26941198900534036,13.418189281407146,-1.73781903001305,11,0.452390584891547,4.976296433807017,0.0,0.0,0.0,0.0
2025-07-17 17:00:00+00:00,12.95,13.065,12.925,13.06,204.0,12.93654761904762,13.441317697414389,13.308758695513434,,,13.412562857043966,"rgba(239, 83, 80, 1.0)",0.272011641907708,13.412562857043966,-1.2961314985319194,11,0.4483647373483868,4.932012110832255,0.0,0.0,0.0,0.0
2025-07-17 18:00:00+00:00,13.06,13.06,13.06,13.06,0.0,12.93654761904762,13.441317697414389,13.308758695513434,,,13.412562857043966,"rgba(239, 83, 80, 1.0)",0.2744868594960966,13.412562857043966,-1.2844434800675006,11,0.4443409640166539,4.887750604183193,0.0,0.0,0.0,0.0
2025-07-17 19:00:00+00:00,13.06,13.12,13.05,13.06,1179.0,13.025796866558617,13.407269739447212,13.266016349057587,,,13.384794932943118,"rgba(239, 83, 80, 1.0)",0.2768409794953084,13.384794932943118,-1.173218406954168,11,0.4407522769419836,4.848275046361819,0.0,0.0,0.0,0.0
2025-07-18 14:00:00+00:00,13.06,13.09,13.04,13.09,110.0,13.028463369029406,13.40438577896417,13.262761568386567,,,13.382209467436391,"rgba(239, 83, 80, 1.0)",0.27864742487125416,13.382209467436391,-1.048670977567453,11,0.4394931898666293,4.834425088532922,0.0,0.0,0.0,0.0
2025-07-18 15:00:00+00:00,13.09,13.13,13.09,13.13,120.0,13.033549575524587,13.401700370744857,13.260118114193808,,,13.379946046592911,"rgba(239, 83, 80, 1.0)",0.279864558619281,13.379946046592911,-0.8930964600377613,11,0.4379568867746812,4.817525754521493,0.0,0.0,0.0,0.0
2025-07-18 16:00:00+00:00,13.13,13.28,13.13,13.28,50.0,13.03815892382293,13.401035226362952,13.25989274668263,,,13.379568611561748,"rgba(38, 166, 154, 1.0)",0.27812373291541415,13.379568611561748,-0.35800113322954097,11,0.4392078087546882,4.83128589630157,0.0,0.0,0.0,0.0
2025-07-18 17:00:00+00:00,13.28,13.28,13.14,13.235,205.0,13.053970462328767,13.39817876754118,13.258655679783166,,,13.377737662201,"rgba(38, 166, 154, 1.0)",0.2765027409733212,13.377737662201,-0.5162251256481121,11,0.4386827391100078,4.825510130210086,0.0,0.0,0.0,0.0
2025-07-18 18:00:00+00:00,13.235,13.405,13.235,13.405,10.0,13.055225206024438,13.398140781384948,13.258785703929245,,,13.377770853080468,"rgba(38, 166, 154, 1.0)",0.27449596724911973,13.377770853080468,0.09919689237116926,11,0.4388182323925316,4.827000556317848,0.0,0.0,0.0,0.0
2025-07-18 19:00:00+00:00,13.405,13.52,13.405,13.505,110.0,13.074100841476657,13.398793581217246,13.262206127206127,,,13.379427776066361,"rgba(38, 166, 154, 1.0)",0.2729546706913916,13.379427776066361,0.46004790324915995,12,0.4116511613487297,4.939813936184756,0.0,0.0,0.0,0.0
2025-07-21 14:00:00+00:00,13.505,14.04,13.505,13.97,678.0,13.239432567538822,13.420217589264315,13.313034265885925,,,13.408863017845851,"rgba(38, 166, 154, 1.0)",0.28016857859586297,13.408863017845851,2.0028547989443783,12,0.40129524615145645,4.815542953817477,0.0,0.0,0.0,0.0
2025-07-21 15:00:00+00:00,13.97,14.005,13.915,13.945,1408.0,13.461255320710407,13.469373721547633,13.41243905568386,,,13.467886106919664,"rgba(38, 166, 154, 1.0)",0.28831192442519543,13.467886106919664,1.654853138771673,12,0.39274566495626057,4.712947979475127,0.0,0.0,0.0,0.0
2025-07-21 16:00:00+00:00,13.945,14.02,13.945,13.995,829.0,13.542351207099857,13.495931958464935,13.46041675065511,,,13.497634828284173,"rgba(38, 166, 154, 1.0)",0.2966728109496228,13.497634828284173,1.6764770931444812,11,0.40912384875153585,4.500362336266894,0.0,0.0,0.0,0.0
2025-07-21 17:00:00+00:00,13.995,14.005,13.93,13.93,755.0,13.5932081836979,13.516438192718807,13.49539009084949,,,13.519946862528718,"rgba(38, 166, 154, 1.0)",0.30298690246123994,13.519946862528718,1.353369185731514,11,0.4026726112617285,4.429398723879014,0.0,0.0,0.0,0.0
2025-07-21 18:00:00+00:00,13.93,13.93,13.81,13.845,10.0,13.593645697522817,13.516642324976345,13.495732821808428,,,13.520165337377609,"rgba(38, 166, 154, 1.0)",0.3074572408562674,13.520165337377609,1.0565198000142335,11,0.39929239279081247,4.392216320698937,0.0,0.0,0.0,0.0
2025-07-21 19:00:00+00:00,13.845,13.955,13.845,13.925,1053.0,13.639739184865768,13.53960089062065,13.532740346394094,,,13.544534577278222,"rgba(38, 166, 154, 1.0)",0.31335043560762665,13.544534577278222,1.2141850767943159,11,0.3943443822777231,4.337788205054954,0.0,0.0,0.0,0.0
2025-07-22 14:00:00+00:00,13.925,14.04,13.9,14.04,141.0,13.646540927694407,13.543134320114877,13.538206520214349,,,13.548263776079438,"rgba(38, 166, 154, 1.0)",0.32192723423801534,13.548263776079438,1.527476310242826,11,0.386794819649837,4.254743016148207,0.0,0.0,0.0,0.0
2025-07-22 15:00:00+00:00,14.04,14.07,14.01,14.01,887.0,13.687934160885968,13.565871636918862,13.57237168441938,,,13.57211338716509,"rgba(38, 166, 154, 1.0)",0.32937241716510357,13.57211338716509,1.3294574469950604,11,0.37996234714991756,4.179585818649093,0.0,0.0,0.0,0.0
2025-07-22 16:00:00+00:00,14.01,14.08,14.01,14.05,200.0,13.696458160072869,13.57088174508067,13.579686536088834,,,13.57733279526641,"rgba(38, 166, 154, 1.0)",0.33754042800905254,13.57733279526641,1.4003276808101779,10,0.40005877647412724,4.000587764741272,0.0,0.0,0.0,0.0
2025-07-22 17:00:00+00:00,14.05,14.08,14.04,14.05,328.0,13.70996855345912,13.579044106347009,13.59145319394304,,,13.585813257126443,"rgba(38, 166, 154, 1.0)",0.3453797361776686,13.585813257126443,1.3439895114019464,10,0.3925535334641105,3.925535334641105,0.0,0.0,0.0,0.0
2025-07-22 18:00:00+00:00,14.05,14.09,14.025,14.075,300.0,13.72168877833057,13.586374047727157,13.601865377071688,,,13.593404147241944,"rgba(38, 166, 154, 1.0)",0.35352966668331953,13.593404147241944,1.3622501819329715,10,0.3843680649744686,3.8436806497446865,0.0,0.0,0.0,0.0
2025-07-22 19:00:00+00:00,14.075,14.13,14.035,14.12,300.0,13.733673087212413,13.59395755678147,13.61251163404337,14.094999999999997,,13.626543593529508,"rgba(38, 166, 154, 1.0)",0.36248389836870043,13.626543593529508,1.3613195198220145,10,0.375856542110298,3.75856542110298,0.0,0.0,0.0,0.0
2025-07-23 14:00:00+00:00,13.92,13.95,13.92,13.945,0.0,13.733673087212413,13.59395755678147,13.61251163404337,14.094999999999997,,13.626543593529508,"rgba(38, 166, 154, 1.0)",0.36720814236589794,13.626543593529508,0.8672367786256006,10,0.3716557863088296,3.7165578630882963,0.0,0.0,0.0,0.0
2025-07-23 15:00:00+00:00,13.945,13.95,13.89,13.92,500.0,13.743136109700353,13.601863149216816,13.623191279985182,13.985625,,13.628705681845162,"rgba(38, 166, 154, 1.0)",0.3713410078945468,13.628705681845162,0.7844388633683026,9,0.3876578570850836,3.4889207137657525,0.0,0.0,0.0,0.0
2025-07-23 16:00:00+00:00,13.92,13.92,13.74,13.76,606.0,13.746819921538608,13.607709991991332,13.630602697418121,13.908492176386913,,13.630310653678112,"rgba(38, 166, 154, 1.0)",0.37304399180232556,13.630310653678112,0.34765161528351163,8,0.4135150342802744,3.3081202742421953,0.0,0.0,0.0,0.0
2025-07-23 17:00:00+00:00,13.76,13.76,13.69,13.69,400.0,13.74558550671213,13.609663537861621,13.632751266069342,13.865267626430416,,13.629839823214377,"rgba(239, 83, 80, 1.0)",0.37243027039474114,13.629839823214377,0.1615340684361081,7,0.4129347351270821,2.8905431458895747,0.0,0.0,0.0,0.0
2025-07-23 18:00:00+00:00,13.69,13.845,13.69,13.8,1409.0,13.749349102773245,13.619980248306998,13.644953106101164,13.827167962674961,,13.637410570751413,"rgba(239, 83, 80, 1.0)",0.3730415284951204,13.637410570751413,0.43584806738404247,7,0.4107933230977629,2.8755532616843404,0.0,0.0,0.0,0.0
2025-07-23 19:00:00+00:00,13.8,13.84,13.76,13.77,1021.0,13.75247421127927,13.627196034418258,13.653258000598175,13.81820939565628,,13.643610674995589,"rgba(239, 83, 80, 1.0)",0.3712476893488236,13.643610674995589,0.3404447451945093,7,0.40908564221219396,2.863599495485358,0.0,0.0,0.0,0.0
2025-07-24 14:00:00+00:00,13.52,13.875,13.52,13.875,12.0,13.75247799593771,13.627260584153893,13.653327542404542,13.818035546139361,,13.643660104724962,"rgba(239, 83, 80, 1.0)",0.36975460574340685,13.643660104724962,0.6256579138748519,7,0.40608324237131904,2.842582696599233,0.0,0.0,0.0,0.0
2025-07-24 15:00:00+00:00,13.875,13.875,13.695,13.695,104.0,13.752497574083748,13.627810160095978,13.653916685238837,13.816529181985295,,13.6440789247916,"rgba(239, 83, 80, 1.0)",0.3660165161438536,13.6440789247916,0.13912234274255242,7,0.4052180317547923,2.8365262222835463,0.0,0.0,0.0,0.0
2025-07-24 16:00:00+00:00,13.695,13.695,13.585,13.585,334.0,13.749315174908356,13.627726431903811,13.653327498814862,13.802640133731684,,13.643134395832911,"rgba(239, 83, 80, 1.0)",0.35951359783326803,13.643134395832911,-0.16170291244413904,7,0.405024541454047,2.835171790178329,0.0,0.0,0.0,0.0
2025-07-24 17:00:00+00:00,13.585,13.81,13.585,13.75,318.0,13.74853844876266,13.628844377307823,13.654381899641574,13.7970706767919,,13.643815925211266,"rgba(239, 83, 80, 1.0)",0.36031830272589965,13.643815925211266,0.2946952013967223,7,0.40311961573056976,2.821837310113988,0.0,0.0,0.0,0.0
2025-07-24 18:00:00+00:00,13.75,13.75,13.71,13.715,18.0,13.748508329186508,13.62891404688108,13.654450173667058,13.796812358953938,,13.643863835572919,"rgba(239, 83, 80, 1.0)",0.358556012938576,13.643863835572919,0.19839623896996875,8,0.39185870829801356,3.1348696663841085,0.0,0.0,0.0,0.0
2025-07-24 19:00:00+00:00,13.715,13.74,13.57,13.57,629.0,13.74329341317365,13.628858550565328,13.653542197052353,13.777873827641129,,13.642579987291441,"rgba(239, 83, 80, 1.0)",0.35251104384973514,13.642579987291441,-0.20589422248676964,8,0.39219444903269113,3.137555592261529,0.0,0.0,0.0,0.0
2025-07-25 14:00:00+00:00,13.57,13.57,13.25,13.25,2.0,13.743240803737468,13.62883718039308,13.653511351239022,13.777724806887202,,13.642550476342711,"rgba(239, 83, 80, 1.0)",0.3507713507978302,13.642550476342711,-1.119106436286356,9,0.3722767999363835,3.3504911994274518,0.0,0.0,0.0,0.0
2025-07-25 15:00:00+00:00,13.25,13.25,13.25,13.25,0.0,13.743240803737468,13.62883718039308,13.653511351239022,13.777724806887202,,13.642550476342711,"rgba(239, 83, 80, 1.0)",0.34908015548717297,13.642550476342711,-1.1245281926578474,9,0.37192593891843573,3.3473334502659213,0.0,0.0,0.0,0.0
2025-07-25 16:00:00+00:00,13.06,13.145,13.06,13.145,102.0,13.73892252252252,13.626794586070275,13.650681618521006,13.766008398494064,,13.63989529204045,"rgba(239, 83, 80, 1.0)",0.34908015548717297,13.63989529204045,-1.4177124773815313,7,0.39331622378115283,2.75321356646807,0.0,0.0,0.0,0.0
2025-07-25 17:00:00+00:00,13.145,13.24,13.145,13.24,102.0,13.735290788708447,13.625132344159724,13.648362206343492,13.756296454385067,,13.637719254945656,"rgba(239, 83, 80, 1.0)",0.34738005253741155,13.637719254945656,-1.144911033435989,7,0.39252617554432084,2.7476832288102457,0.0,0.0,0.0,0.0
2025-07-25 18:00:00+00:00,13.24,13.315,13.24,13.305,4.0,13.73517040118073,13.62507962775485,13.648287848417876,13.7559759426719,,13.637649333012524,"rgba(239, 83, 80, 1.0)",0.34518179046476716,13.637649333012524,-0.9636931674890244,7,0.3922040478929225,2.7454283352504576,0.0,0.0,0.0,0.0
2025-07-25 19:00:00+00:00,13.305,13.35,13.305,13.32,184.0,13.730168986083495,13.62294498569551,13.645259236630855,13.742857733664188,,13.634804104003962,"rgba(239, 83, 80, 1.0)",0.3441807350482771,13.634804104003962,-0.9146476602178357,7,0.39188699946632805,2.7432089962642965,0.0,0.0,0.0,0.0
2025-07-28 14:00:00+00:00,12.955,13.135,12.955,13.05,102.0,13.725579910479196,13.620681415588418,13.642166675108475,13.73130551488531,,13.6319443177425,"rgba(239, 83, 80, 1.0)",0.34716889728666245,13.6319443177425,-1.6762570676427244,7,0.3891262643019448,2.7238838501136136,0.0,0.0,0.0,0.0
2025-07-28 15:00:00+00:00,13.05,13.05,13.05,13.05,0.0,13.725579910479196,13.620681415588418,13.642166675108475,13.73130551488531,,13.6319443177425,"rgba(239, 83, 80, 1.0)",0.3498416243990359,13.6319443177425,-1.663450765020238,7,0.38650260390243213,2.705518227317025,0.0,0.0,0.0,0.0
2025-07-28 16:00:00+00:00,13.05,13.23,13.05,13.2,100.0,13.72188137588281,13.618914185975143,13.63973676695392,13.72216023691372,,13.629699005175087,"rgba(239, 83, 80, 1.0)",0.35096824886548594,13.629699005175087,-1.2243244412111394,7,0.3855954482949735,2.6991681380648145,0.0,0.0,0.0,0.0
2025-07-28 17:00:00+00:00,13.2,13.2,13.11,13.11,202.0,13.714295211049436,13.615231633041494,13.634700756630913,13.703925414792993,,13.6250681463677,"rgba(239, 83, 80, 1.0)",0.35309432677911656,13.6250681463677,-1.4587267687535233,7,0.3838814591647841,2.687170214153489,0.0,0.0,0.0,0.0
2025-07-28 18:00:00+00:00,13.11,13.11,13.08,13.08,204.0,13.706182316218623,13.611184369570147,13.629213129866494,13.68510070644822,,13.620052044208364,"rgba(239, 83, 80, 1.0)",0.3547765697088921,13.620052044208364,-1.5222314276602253,7,0.38191770103636546,2.6734239072545583,0.0,0.0,0.0,0.0
2025-07-28 19:00:00+00:00,13.08,13.08,12.935,12.96,1335.0,13.650180531908644,13.581443777194435,13.589780006795156,13.569210065097646,,13.584519118499369,"rgba(239, 83, 80, 1.0)",0.35836751984418624,13.584519118499369,-1.7426777928169972,7,0.3784910896047028,2.6494376272329196,0.0,0.0,0.0,0.0
2025-07-29 14:00:00+00:00,12.96,13.005,12.88,12.975,11.0,13.649730794805597,13.581195422957109,13.589455815389366,13.568363128724425,,13.584229464453179,"rgba(239, 83, 80, 1.0)",0.3616214361221649,13.584229464453179,-1.68471612464745,7,0.37546704692955485,2.628269328506884,0.0,0.0,0.0,0.0
2025-07-29 15:00:00+00:00,12.975,13.01,12.915,12.915,11.0,13.649277338024035,13.580944630088753,13.58912855996791,13.56750936329588,,13.583937078972818,"rgba(239, 83, 80, 1.0)",0.36590592253219695,13.583937078972818,-1.8281668532270277,7,0.3717608162918931,2.6023257140432516,0.0,0.0,0.0,0.0
2025-07-29 16:00:00+00:00,12.915,12.98,12.915,12.98,4.0,13.64911532524376,13.580855158373753,13.58901180009255,13.567205307378753,,13.583832782757117,"rgba(239, 83, 80, 1.0)",0.369011547952793,13.583832782757117,-1.6363519952344794,7,0.3691513143473541,2.584059200431479,0.0,0.0,0.0,0.0
2025-07-29 17:00:00+00:00,12.98,13.01,12.98,13.01,200.0,13.641593275006274,13.576711372688903,13.583610499770746,13.553394610827043,,13.579015143528745,"rgba(239, 83, 80, 1.0)",0.3715844453149162,13.579015143528745,-1.5313212129923977,7,0.36703875399974445,2.569271277998211,0.0,0.0,0.0,0.0
2025-07-29 18:00:00+00:00,13.01,13.01,13.01,13.01,0.0,13.641593275006274,13.576711372688903,13.583610499770746,13.553394610827043,,13.579015143528745,"rgba(239, 83, 80, 1.0)",0.37411417296650007,13.579015143528745,-1.5209665515123294,7,0.366454235026502,2.565179645185514,0.0,0.0,0.0,0.0
2025-07-29 19:00:00+00:00,13.01,13.1,13.01,13.075,397.0,13.628553466243766,13.569519731288691,13.574279581513338,13.530724073859018,,13.570720534297132,"rgba(239, 83, 80, 1.0)",0.37571004250090245,13.570720534297132,-1.3194231673909607,7,0.36667701755165066,2.566739122861555,0.0,0.0,0.0,0.0
2025-07-30 14:00:00+00:00,13.075,13.075,12.965,12.965,6.0,13.628340505039064,13.569399922638725,13.574124911838414,13.530355692236277,,13.570583051913705,"rgba(239, 83, 80, 1.0)",0.3783461163852189,13.570583051913705,-1.6006059681530362,7,0.3676598640515153,2.573619048360607,0.0,0.0,0.0,0.0
2025-07-30 15:00:00+00:00,12.965,12.965,12.935,12.935,2.0,13.628263134057969,13.56935601265823,13.574068272188462,13.530219863093166,,13.570532659726515,"rgba(239, 83, 80, 1.0)",0.3812172301674864,13.570532659726515,-1.6671142053240768,7,0.3695595203286518,2.5869166423005625,0.0,0.0,0.0,0.0
2025-07-30 16:00:00+00:00,12.935,12.935,12.83,12.83,102.0,13.62388100866824,13.56683886903511,13.570827470836882,13.522439513817222,,13.567647095690877,"rgba(239, 83, 80, 1.0)",0.3862835512702756,13.567647095690877,-1.9096000677874017,7,0.3702204014099382,2.5915428098695674,0.0,0.0,0.0,0.0
2025-07-30 17:00:00+00:00,12.83,12.83,12.83,12.83,0.0,13.62388100866824,13.56683886903511,13.570827470836882,13.522439513817222,,13.567647095690877,"rgba(239, 83, 80, 1.0)",0.3892725370586803,13.567647095690877,-1.894937416506423,7,0.3728704161125945,2.610092912788162,0.0,0.0,0.0,0.0
2025-07-30 18:00:00+00:00,13.11,13.11,12.9,12.9,10.0,13.62351316381638,13.566629833286639,13.57055836729819,13.52180678043752,,13.567407930686798,"rgba(239, 83, 80, 1.0)",0.39221577762273874,13.567407930686798,-1.7016345816887524,6,0.26620017561968445,1.5972010537181067,0.0,0.0,0.0,0.0
2025-07-30 19:00:00+00:00,12.9,12.9,12.685,12.685,210.0,13.61339208273101,13.560716048953484,13.562974515981129,13.503835700704617,,13.520567715606964,"rgba(239, 83, 80, 1.0)",0.3992398520431706,13.520567715606964,-2.0928965666398747,6,0.2627435135617936,1.5764610813707616,-1.0,0.0,12.685,252.0
2025-07-31 14:00:00+00:00,12.835,12.835,12.69,12.725,5.0,13.613152131621364,13.560575138179168,13.562794191583121,13.503414375139725,,13.520406224017183,"rgba(239, 83, 80, 1.0)",0.4044512242443901,13.520406224017183,-1.966630773594984,6,0.26115168342177997,1.5669101005306798,0.0,0.0,0.0,0.0
2025-07-31 15:00:00+00:00,12.725,12.725,12.725,12.725,0.0,13.613152131621364,13.560575138179168,13.562794191583121,13.503414375139725,,13.520406224017183,"rgba(239, 83, 80, 1.0)",0.41018773992158153,13.520406224017183,-1.939127249803338,5,0.28987008928035274,1.4493504464017637,0.0,0.0,0.0,0.0
2025-07-31 16:00:00+00:00,12.725,12.725,12.725,12.725,0.0,13.613152131621364,13.560575138179168,13.562794191583121,13.503414375139725,,13.520406224017183,"rgba(239, 83, 80, 1.0)",0.4160156571897504,13.520406224017183,-1.9119622309176398,5,0.286508789016749,1.432543945083745,0.0,0.0,0.0,0.0
2025-07-31 17:00:00+00:00,12.725,12.815,12.725,12.815,100.0,13.608574429274222,13.557888419302321,13.5593590083326,13.495472584567763,,13.517931594607973,"rgba(239, 83, 80, 1.0)",0.4200821777176804,13.517931594607973,-1.6733192501215413,5,0.28409562984325254,1.4204781492162626,0.0,0.0,0.0,0.0
2025-07-31 18:00:00+00:00,12.815,12.83,12.81,12.82,0.0,13.608574429274222,13.557888419302321,13.5593590083326,13.495472584567763,,13.517931594607973,"rgba(239, 83, 80, 1.0)",0.4220803475877698,13.517931594607973,-1.653551506476715,5,0.2820485870733877,1.4102429353669386,0.0,0.0,0.0,0.0
2025-07-31 19:00:00+00:00,12.82,12.86,12.81,12.845,833.0,13.574669819629394,13.53770695847363,13.53377373091942,13.440062421972533,,13.498829045055373,"rgba(239, 83, 80, 1.0)",0.4246796036611112,13.498829045055373,-1.5395819328707858,5,0.28030042490648266,1.4015021245324133,0.0,0.0,0.0,0.0
2025-08-01 14:00:00+00:00,12.845,12.845,12.845,12.845,0.0,13.574669819629394,13.53770695847363,13.53377373091942,13.440062421972533,,13.498829045055373,"rgba(239, 83, 80, 1.0)",0.427241697951477,13.498829045055373,-1.5303493273019197,5,0.2782257610111897,1.3911288050559483,0.0,0.0,0.0,0.0
2025-08-01 15:00:00+00:00,12.845,13.15,12.845,13.13,101.0,13.57184021024967,13.536025804503208,13.5316655355729,13.436030561122244,,13.497950040618182,"rgba(38, 166, 154, 1.0)",0.4274499812685446,13.497950040618182,-0.8608025657790762,4,0.29970865149009085,1.1988346059603634,0.0,0.0,0.0,0.0
2025-08-01 16:00:00+00:00,13.13,13.13,13.01,13.02,256.0,13.564955828708744,13.531914639961853,13.526527358173885,13.42645939168946,,13.495454042210266,"rgba(38, 166, 154, 1.0)",0.4285277225676323,13.495454042210266,-1.1095059133198273,4,0.2987830025754085,1.195132010301634,0.0,0.0,0.0,0.0
2025-08-01 17:00:00+00:00,13.02,13.02,12.91,12.925,103.0,13.561697018159304,13.529933023872681,13.524053547803078,13.421729374214138,,13.493610039826379,"rgba(38, 166, 154, 1.0)",0.42971918339372417,13.493610039826379,-1.3232130698372786,4,0.29724661670361513,1.1889864668144605,0.0,0.0,0.0,0.0
2025-08-01 18:00:00+00:00,12.925,13.025,12.925,12.985,302.0,13.552747722577802,13.524464469393564,13.517253716769128,13.40914544372396,,13.48864562515829,"rgba(38, 166, 154, 1.0)",0.43136174489046597,13.48864562515829,-1.1675713739663653,4,0.29619588634203864,1.1847835453681546,0.0,0.0,0.0,0.0
2025-08-01 19:00:00+00:00,12.985,13.04,12.98,13.01,929.0,13.528289190718729,13.509239166215371,13.498528504066332,13.377096513972917,,13.4746959368874,"rgba(38, 166, 154, 1.0)",0.43258304415462534,13.4746959368874,-1.0742352090926994,4,0.2953635739905067,1.181454295962027,0.0,0.0,0.0,0.0
2025-08-04 14:00:00+00:00,13.01,13.01,13.01,13.01,0.0,13.528289190718729,13.509239166215371,13.498528504066332,13.377096513972917,,13.4746959368874,"rgba(38, 166, 154, 1.0)",0.4336848401091891,13.4746959368874,-1.0715060659496505,4,0.29454759332009595,1.1781903732803838,0.0,0.0,0.0,0.0
2025-08-04 15:00:00+00:00,13.01,13.495,13.01,13.495,82.0,13.527516789872923,13.50878085978458,13.49799198616392,13.376788534157226,,13.47481362650135,"rgba(38, 166, 154, 1.0)",0.4340356609253984,13.47481362650135,0.0465085598165152,4,0.29428582371852097,1.1771432948740839,0.0,0.0,0.0,0.0
2025-08-04 16:00:00+00:00,13.495,13.83,13.495,13.82,652.0,13.533242540634216,13.512966225680936,13.503454890604889,13.394710663198959,13.714999999999998,13.496738332019111,"rgba(38, 166, 154, 1.0)",0.4380186758122911,13.496738332019111,0.7380088700131583,4,0.29193277036233223,1.167731081449329,0.0,0.0,0.0,0.0
2025-08-04 17:00:00+00:00,13.82,13.82,13.695,13.695,5.0,13.53329017202085,13.51300103745202,13.503499903493534,13.394849568066725,13.715164890918311,13.496829586350078,"rgba(38, 166, 154, 1.0)",0.43594982767773305,13.496829586350078,0.45457160679603686,4,0.2906849476541371,1.1627397906165484,0.0,0.0,0.0,0.0
2025-08-04 18:00:00+00:00,13.695,13.695,13.575,13.6,31.0,13.533420699867502,13.513107386793529,13.503643134382067,13.395423554835222,13.711027131782943,13.496974966351686,"rgba(38, 166, 154, 1.0)",0.43466439368221566,13.496974966351686,0.23702202238270995,4,0.29005099559899883,1.1602039823959953,0.0,0.0,0.0,0.0
2025-08-04 19:00:00+00:00,13.6,13.64,13.56,13.64,54.0,13.533621981746656,13.513275389311397,13.503871040143643,13.396372976171264,13.703917340521112,13.497198645306923,"rgba(38, 166, 154, 1.0)",0.4337237880544685,13.497198645306923,0.3292449218283218,4,0.289232783611141,1.156931134444564,0.0,0.0,0.0,0.0
2025-08-05 14:00:00+00:00,13.64,13.64,13.64,13.64,0.0,13.533621981746656,13.513275389311397,13.503871040143643,13.396372976171264,13.703917340521112,13.497198645306923,"rgba(38, 166, 154, 1.0)",0.43377317940504867,13.497198645306923,0.32920743253176576,4,0.28845049712545,1.1538019885018,0.0,0.0,0.0,0.0
2025-08-05 15:00:00+00:00,13.64,13.64,13.64,13.64,0.0,13.533621981746656,13.513275389311397,13.503871040143643,13.396372976171264,13.703917340521112,13.497198645306923,"rgba(38, 166, 154, 1.0)",0.43368282510699724,13.497198645306923,0.3292760202294049,3,0.19720201867460022,0.5916060560238007,0.0,0.0,0.0,0.0
2025-08-05 16:00:00+00:00,13.64,13.64,13.64,13.64,0.0,13.533621981746656,13.513275389311397,13.503871040143643,13.396372976171264,13.703917340521112,13.497198645306923,"rgba(38, 166, 154, 1.0)",0.43345263776932186,13.497198645306923,0.3294508840180924,3,0.1973009080322162,0.5919027240966486,0.0,0.0,0.0,0.0
2025-08-05 17:00:00+00:00,13.64,13.64,13.455,13.455,0.0,13.533621981746656,13.513275389311397,13.503871040143643,13.396372976171264,13.703917340521112,13.497198645306923,"rgba(38, 166, 154, 1.0)",0.43235275054160893,13.497198645306923,-0.09760235190839217,3,0.19763531086171757,0.5929059325851527,0.0,0.0,0.0,0.0
2025-08-05 18:00:00+00:00,13.455,13.52,13.445,13.455,7.0,13.533602303459848,13.513266712184222,13.503862817504583,13.396416418030801,13.701762349799731,13.497120958752955,"rgba(38, 166, 154, 1.0)",0.4315278012402412,13.497120958752955,-0.09760891101777537,4,0.17559270989586173,0.7023708395834469,0.0,0.0,0.0,0.0
2025-08-05 19:00:00+00:00,13.455,13.47,13.425,13.455,310.0,13.532411059018196,13.512663838681915,13.50322810151924,13.39772323184643,13.628064211520302,13.494326981632076,"rgba(38, 166, 154, 1.0)",0.431475918758466,13.494326981632076,-0.09114525266030134,4,0.17598066485957625,0.703922659438305,0.0,0.0,0.0,0.0
2025-08-06 14:00:00+00:00,13.455,13.51,13.455,13.51,2.0,13.532407313784963,13.51266254789861,13.503227222623435,13.397738010959907,13.627807100219918,13.494322837768948,"rgba(38, 166, 154, 1.0)",0.4314116050513326,13.494322837768948,0.036339222328491794,4,0.176212542923154,0.704850171692616,0.0,0.0,0.0,0.0
2025-08-06 15:00:00+00:00,13.51,13.605,13.51,13.585,4.0,13.532413610881347,13.512669186796977,13.503236866441174,13.397791145710464,13.62757746478873,13.494341818115112,"rgba(38, 166, 154, 1.0)",0.4320426342825809,13.494341818115112,0.20983619367896256,4,0.17642742463599542,0.7057096985439817,0.0,0.0,0.0,0.0
2025-08-06 16:00:00+00:00,13.585,13.63,13.545,13.545,403.0,13.53315760583502,13.513411351608433,13.504294243150172,13.403183180894306,13.612686194368756,13.496556603419725,"rgba(38, 166, 154, 1.0)",0.43221842367691804,13.496556603419725,0.11208082285841284,4,0.1764031093834706,0.7056124375338824,0.0,0.0,0.0,0.0
2025-08-06 17:00:00+00:00,13.545,13.61,13.545,13.55,4.0,13.533163952666632,13.513418019932212,13.504303829840318,13.403233516204407,13.612565670289856,13.496577059781888,"rgba(38, 166, 154, 1.0)",0.4272249971598012,13.496577059781888,0.1250463820545828,4,0.1762065194077599,0.7048260776310395,0.0,0.0,0.0,0.0
2025-08-06 18:00:00+00:00,13.55,13.62,13.55,13.62,46.0,13.53329544601995,13.513534095157265,13.504462564447431,13.403909136927359,13.612083882301274,13.49690935393616,"rgba(38, 166, 154, 1.0)",0.4230355553391168,13.49690935393616,0.2909699776066471,4,0.17578548089742618,0.7031419235897047,0.0,0.0,0.0,0.0
2025-08-06 19:00:00+00:00,13.62,13.675,13.57,13.66,163.0,13.53403625584651,13.514131276266314,13.505252701548514,13.406734293357333,13.614305968669443,13.504563284365627,"rgba(38, 166, 154, 1.0)",0.4181388406858228,13.504563284365627,0.3717346979281544,4,0.17596178426930806,0.7038471370772322,0.0,0.0,0.0,0.0
2025-08-07 14:00:00+00:00,12.725,12.725,12.22,12.22,100.0,13.528939259127437,13.510745825063651,13.501120401544018,13.399152956649047,13.545469773535467,13.473371274919007,"rgba(239, 83, 80, 1.0)",0.43354632326247194,13.473371274919007,-2.8909742919448234,4,0.1696915370087206,0.6787661480348824,0.0,0.0,0.0,0.0
2025-08-07 15:00:00+00:00,12.22,12.37,12.085,12.255,500.0,13.500819479502125,13.49187281507377,13.478154552169224,13.357435943443623,13.258577378342832,13.406463304804438,"rgba(239, 83, 80, 1.0)",0.4475408280735801,13.406463304804438,-2.5728676191641795,4,0.8781652369870719,3.5126609479482878,0.0,0.0,0.0,0.0
2025-08-07 16:00:00+00:00,12.255,12.37,12.125,12.32,5238.0,13.272640345903028,13.32795611920394,13.285290281889296,13.060776433154242,12.571060646362547,13.189241842030123,"rgba(239, 83, 80, 1.0)",0.4568047762486685,13.189241842030123,-1.902873803484353,4,0.855121389005808,3.420485556023232,0.0,0.0,0.0,0.0
2025-08-07 17:00:00+00:00,12.32,12.41,12.09,12.245,2101.0,13.201654792140818,13.272757241703777,13.222807588619936,12.980532781747524,12.500577269577269,13.132170868322069,"rgba(239, 83, 80, 1.0)",0.4647260163475489,13.132170868322069,-1.9090191577709996,4,0.8308344756073517,3.3233379024294067,0.0,0.0,0.0,0.0
2025-08-07 18:00:00+00:00,12.245,12.245,11.89,11.925,2871.0,13.099433178658948,13.19094789676402,13.131303823630724,12.866309627359206,12.390118752168227,13.045154435844264,"rgba(239, 83, 80, 1.0)",0.4825485831863218,13.045154435844264,-2.32132986164369,4,0.7952871111864384,3.1811484447457534,0.0,0.0,0.0,0.0
2025-08-07 19:00:00+00:00,11.925,12.145,11.925,12.09,3876.0,12.990036378516434,13.098778288740245,13.030902198726418,12.753846794437106,12.310361907089469,12.95405541037752,"rgba(239, 83, 80, 1.0)",0.49179833631641595,12.95405541037752,-1.7569303240212673,4,0.770306413816682,3.081225655266728,0.0,0.0,0.0,0.0
2025-08-08 14:00:00+00:00,12.22,12.22,12.035,12.18,12.0,12.989762874456067,13.098539106690072,13.030646815768609,12.753586148668733,12.310240755438874,12.95383331690993,"rgba(239, 83, 80, 1.0)",0.49688976789770173,12.95383331690993,-1.5573540992481165,4,0.7511555841058571,3.0046223364234286,0.0,0.0,0.0,0.0
2025-08-08 15:00:00+00:00,12.18,12.18,12.15,12.15,9.0,12.9895615028538,13.098362619530166,13.030458617542507,12.753395625297191,12.310158245870962,12.953670600342917,"rgba(239, 83, 80, 1.0)",0.5008943173136496,12.953670600342917,-1.6044713876034555,4,0.7327838635891006,2.9311354543564025,0.0,0.0,0.0,0.0
2025-08-08 16:00:00+00:00,12.15,12.15,11.91,11.93,1118.0,12.960504716034512,13.073215187461292,13.003425371505196,12.724380501634768,12.290137476674664,12.929094042332187,"rgba(239, 83, 80, 1.0)",0.5089166377159755,12.929094042332187,-1.9631781873277598,4,0.7089737959097533,2.835895183639013,0.0,0.0,0.0,0.0
2025-08-08 17:00:00+00:00,11.93,11.95,11.9,11.95,108.0,12.957609085293164,13.070707247675895,13.000729045152656,12.72146130891364,12.287949736951667,12.926611003929983,"rgba(239, 83, 80, 1.0)",0.5187005159291959,12.926611003929983,-1.8828032244781763,4,0.6883029852150503,2.753211940860201,0.0,0.0,0.0,0.0
2025-08-08 18:00:00+00:00,11.95,11.95,11.895,11.9,109.0,12.954651136560813,13.068146631162424,12.997974990885321,12.718468822695032,12.285656021365831,12.924065706150788,"rgba(239, 83, 80, 1.0)",0.5289766339634175,12.924065706150788,-1.9359375072540712,4,0.6702912195711961,2.6811648782847843,0.0,0.0,0.0,0.0
2025-08-08 19:00:00+00:00,11.93,11.945,11.705,11.705,56.0,12.952948764597839,13.066687681041715,12.996396293800013,12.716692659667242,12.284079063314396,12.922569808024317,"rgba(239, 83, 80, 1.0)",0.5469172409683718,12.922569808024317,-2.2262414069603795,4,0.6472867949668966,2.5891471798675862,0.0,0.0,0.0,0.0
2025-08-11 14:00:00+00:00,11.815,11.815,11.685,11.755,705.0,12.9313335970666,13.048129925068892,12.976330109149666,12.694116892310412,12.2637722715141,12.903500363050023,"rgba(239, 83, 80, 1.0)",0.5625170107537854,12.903500363050023,-2.0417166789516394,3,0.8046980731670216,2.414094219501065,0.0,0.0,0.0,0.0
2025-08-11 15:00:00+00:00,11.755,11.9,11.75,11.82,110.0,12.92823161368591,13.045438978435563,12.973437229141002,12.69094998787718,12.261166684593595,12.900792755197676,"rgba(239, 83, 80, 1.0)",0.5727614317127542,12.900792755197676,-1.8869859165721627,3,0.7839057912628568,2.35171737378857,0.0,0.0,0.0,0.0
2025-08-11 16:00:00+00:00,11.82,11.82,11.72,11.72,218.0,12.921748842035987,13.03983732723476,12.967400400968373,12.684240414915964,12.255281735062724,12.89507840026776,"rgba(239, 83, 80, 1.0)",0.584987086944556,12.89507840026776,-2.0087253658970616,3,0.7621766476541305,2.2865299429623915,0.0,0.0,0.0,0.0
2025-08-11 17:00:00+00:00,11.72,11.73,11.635,11.67,296.0,12.912502491311805,13.031869806185457,12.95879809571046,12.674560684872125,12.246344288605119,12.886854616370908,"rgba(239, 83, 80, 1.0)",0.5950672003840893,12.886854616370908,-2.0449028539725975,3,0.7411581690189418,2.2234745070568254,0.0,0.0,0.0,0.0
2025-08-11 18:00:00+00:00,11.67,11.72,11.67,11.675,6.0,12.912317994189205,13.031710452619578,12.958626264220124,12.67436835034345,12.24616912559729,12.886690749133866,"rgba(239, 83, 80, 1.0)",0.6068289160326144,12.886690749133866,-1.9967584225481143,3,0.7221968562401568,2.1665905687204705,0.0,0.0,0.0,0.0
2025-08-11 19:00:00+00:00,11.675,11.675,11.56,11.565,321.0,12.901821281437917,13.02268281344124,12.948865974382496,12.663274573508751,12.235496612640423,12.877280300800368,"rgba(239, 83, 80, 1.0)",0.6220230580008015,12.877280300800368,-2.1096971951780574,3,0.7023476082956005,2.1070428248868014,0.0,0.0,0.0,0.0
2025-08-12 14:00:00+00:00,11.565,11.615,11.415,11.615,268.0,12.892842698019795,13.014961896201344,12.940515932163166,12.653744857279536,12.226149824899759,12.869194909698228,"rgba(239, 83, 80, 1.0)",0.6315422421371246,12.869194909698228,-1.9859240222064336,3,0.6856754835591629,2.0570264506774887,0.0,0.0,0.0,0.0
2025-08-12 15:00:00+00:00,11.63,11.795,11.63,11.795,124.0,12.889315097226328,13.011880116959063,12.937213348123494,12.650145493821274,12.2231093962778,12.866085087939641,"rgba(239, 83, 80, 1.0)",0.6359338596692712,12.866085087939641,-1.6842712047077952,3,0.67379032795166,2.0213709838549803,0.0,0.0,0.0,0.0
2025-08-12 16:00:00+00:00,11.795,11.845,11.795,11.835,200.0,12.884088129849713,13.007270873786407,12.932300202466404,12.644936077527696,12.21913366954611,12.861531361317592,"rgba(239, 83, 80, 1.0)",0.6409064175338064,12.861531361317592,-1.6016868192202867,3,0.6639428389687688,1.9918285169063066,0.0,0.0,0.0,0.0
2025-08-12 17:00:00+00:00,11.835,11.98,11.825,11.98,27.0,12.883454884542703,13.00670551361422,12.931701838035107,12.644325837380933,12.218742146205244,12.86098919305201,"rgba(38, 166, 154, 1.0)",0.6463159423202236,12.86098919305201,-1.363093705981207,2,0.9361440920818229,1.8722881841636458,0.0,0.0,0.0,0.0
2025-08-12 18:00:00+00:00,11.98,12.04,11.935,11.935,98.0,12.88126343362138,13.004737530266343,12.929625917767984,12.642247987674503,12.21753250297737,12.85912808188651,"rgba(38, 166, 154, 1.0)",0.652013395927146,12.85912808188651,-1.417345238087361,2,0.932257171856187,1.864514343712374,0.0,0.0,0.0,0.0
2025-08-12 19:00:00+00:00,11.935,11.935,11.85,11.86,889.0,12.859972487102075,12.985725266912949,12.9094994131075,12.621565982524286,12.203341888059818,12.840726309507767,"rgba(38, 166, 154, 1.0)",0.6594494495991007,12.840726309507767,-1.4871895186264557,2,0.9272544232751239,1.8545088465502477,0.0,0.0,0.0,0.0
