date,Close,High,Low,Open,Volume,aVWAP_BoS_CHoCH_bull_57,aVWAP_BoS_CHoCH_bull_167,aVWAP_BoS_CHoCH_bear_24,aVWAP_BoS_CHoCH_bear_51,aVWAP_BoS_CHoCH_bear_63,aVWAP_BoS_CHoCH_bear_92,aVWAP_BoS_CHoCH_bear_131,Peaks_Valleys_avg,color,StDev,StDev_Mean,StdDev_ZScore,MA_Cross_Count,MA_Avg_Deviation_Z,MA_Oscillation_Score,BoS,CHoCH,BoS_CHoCH_Price,BoS_CHoCH_Break_Index,QQEMOD,QQE1_Value,QQE1_Above_Upper,QQE1_Below_Lower,QQE2_Above_Threshold,QQE2_Below_Threshold,QQE2_Above_TL,banker_RSI
2021-12-31 00:00:00+00:00,39.5006320021,39.6220789875,38.7909261811,38.9768918775,3053589,,,,,,,,,#000000,,,,0,,,0.0,0.0,0.0,0.0,,,False,False,False,False,False,
2022-01-07 00:00:00+00:00,39.5841268045,39.6979833533,39.1135197361,39.5082224387,4381350,,,,,,,,,"rgba(38, 166, 154, 0.5)",,,,0,,,0.0,0.0,0.0,0.0,100.0,,False,False,True,False,False,
2022-01-14 00:00:00+00:00,40.1761808584,40.3279895901,39.1818336654,39.5309937484,4382465,,,,,,,,,"rgba(38, 166, 154, 0.5)",,,,0,,,0.0,0.0,0.0,0.0,100.0,50.0,False,False,True,False,True,
2022-01-21 00:00:00+00:00,39.4399085094,40.5405218146,39.3782741643,40.4646174487,4885871,,,,,,,,,"rgba(38, 166, 154, 0.5)",,,,0,,,0.0,0.0,0.0,0.0,84.55014918933708,35.3950629055452,False,False,True,False,False,
2022-01-28 00:00:00+00:00,39.4930415655,39.7890685924,38.4305322519,38.9920727507,7480691,,,,,,,,,"rgba(38, 166, 154, 0.5)",,39.237547469933325,,0,,,0.0,0.0,0.0,0.0,74.13457840660266,26.182778937147674,False,False,True,False,False,
2022-02-04 00:00:00+00:00,40.4114843926,40.5860644341,39.3640041435,39.3640041435,6473053,,,,,,,,,"rgba(38, 166, 154, 0.5)",,39.64715171783815,,0,,,0.0,0.0,0.0,0.0,73.01778123156521,26.016319941557,False,False,True,False,False,
2022-02-11 00:00:00+00:00,39.6979833533,40.6429927085,39.5689459314,40.6429927085,5839588,,,,,,,,,"rgba(38, 166, 154, 0.5)",,39.74239334324051,,0,,,0.0,0.0,0.0,0.0,66.96458615591595,20.974909472902624,False,False,True,False,False,
2022-02-18 00:00:00+00:00,39.6828024802,40.1685904218,39.2197858483,39.5689459314,6174459,,,,,,,,,"rgba(38, 166, 154, 0.5)",,39.730029006926905,,0,,,0.0,0.0,0.0,0.0,62.55297506122089,17.516544647851234,False,False,True,False,False,
2022-02-25 00:00:00+00:00,40.1230478023,40.1913617315,38.4683326262,39.538584185,8341783,,,,,,,,,"rgba(38, 166, 154, 0.5)",,39.69701604058697,,0,,,0.0,0.0,0.0,0.0,61.55845584221652,17.228686599040998,False,False,True,False,False,
2022-03-04 00:00:00+00:00,42.4381309615,42.4760831444,39.7055737899,39.887744268,9774538,,,,,,,,,"rgba(38, 166, 154, 0.5)",,40.10563549221962,,0,,,0.0,0.0,0.0,0.0,66.3127962329173,17.228686599040998,False,False,True,False,True,
2022-03-11 00:00:00+00:00,41.9068004004,42.7531340799,40.5139552865,42.2331891736,13308900,,,,,,,,,"rgba(38, 166, 154, 0.5)",,40.481065082324655,,0,,,0.0,0.0,0.0,0.0,67.40589563931236,10.51770795157686,False,False,True,False,True,
2022-03-18 00:00:00+00:00,41.4735035233,41.8889309376,40.4503211882,41.465810423,8603900,,,,,,,,,"rgba(38, 166, 154, 0.5)",,40.584036873610145,,0,,,0.0,0.0,0.0,0.0,66.53106398946466,10.51770795157686,False,False,True,False,True,
2022-03-25 00:00:00+00:00,41.9350895391,41.9966343413,41.3658001196,41.6273655286,4910580,,,,,,,,,"rgba(38, 166, 154, 0.5)",,40.6658807688057,,0,,,0.0,0.0,0.0,0.0,66.78405410910901,10.51770795157686,False,False,True,False,True,
2022-04-01 00:00:00+00:00,43.1813717819,43.1890648822,41.4965828241,41.8504654362,6020782,,,,,,,,,"rgba(38, 166, 154, 0.5)",,40.81900279902002,,0,,,0.0,0.0,0.0,0.0,68.82239851635246,11.34285494250527,False,False,True,False,True,
2022-04-08 00:00:00+00:00,44.8123090379,44.989250344,42.9198063729,43.1813717819,6813455,,,,,,,,,"rgba(38, 166, 154, 0.5)",,41.09738148308436,,0,,,0.0,0.0,0.0,0.0,71.90746386410736,14.289968684804776,False,False,True,False,True,
2022-04-15 00:00:00+00:00,44.7738435366,45.0331010155,44.204554117,44.7430711355,4746407,,,,,,,,,"rgba(38, 166, 154, 0.5)",,41.28903963525579,,0,,,0.0,0.0,0.0,0.0,73.98610206689777,16.2683355251299,False,False,True,False,True,
2022-04-22 00:00:00+00:00,43.766047402,45.6508569667,43.6275715972,44.6584470326,5292648,,,,,,,,44.348158655300004,"rgba(38, 166, 154, 0.5)",,42.90492194762938,,0,,,0.0,0.0,0.0,0.0,72.44795393357799,16.2683355251299,False,False,True,False,True,
2022-04-29 00:00:00+00:00,40.9042141038,43.6121853967,40.8349762014,43.504481993,12696743,,,,,,,,42.538252714529314,"rgba(38, 166, 154, 0.5)",,42.01917352492842,,0,,,0.0,0.0,0.0,0.0,65.68404498286858,23.7216435556615,False,False,True,False,False,
2022-05-06 00:00:00+00:00,41.4735035233,42.4505272568,40.1656764784,40.9580658056,9359535,,,,,,,,42.136130438188836,"rgba(38, 166, 154, 0.5)",,41.81258335886854,,0,,,0.0,0.0,0.0,0.0,61.70197039624513,20.045769716704683,False,False,True,False,False,
2022-05-13 00:00:00+00:00,40.7041934969,41.7466085827,39.5656146578,41.1657795127,7755564,,,,,,,,41.81269375036925,"rgba(38, 166, 154, 0.5)",,41.30753593168055,,0,,,0.0,0.0,0.0,0.0,57.711732946756044,16.377811460784628,False,False,True,False,False,
2022-05-20 00:00:00+00:00,40.50417289,41.6504448294,39.9810420721,40.6965003966,6647975,,,,,,,,41.637419345988285,"rgba(38, 166, 154, 0.5)",,41.24287562864033,,0,,,0.0,0.0,0.0,0.0,54.573313091087066,13.522361471767141,False,False,True,False,False,
2022-05-27 00:00:00+00:00,41.6196724283,41.6735241302,40.6272624943,40.7965107001,5960194,,,,,,,,41.59612133071324,"rgba(38, 166, 154, 0.5)",,41.28787091339469,,0,,,0.0,0.0,0.0,0.0,54.03820673779731,13.093338670379843,False,False,True,False,False,
2022-06-03 00:00:00+00:00,41.9043171381,42.2735859508,41.5119690246,42.0427929428,4150283,,,,,,,,41.62016877632121,"rgba(38, 166, 154, 0.5)",,41.35870241089808,,0,,,0.0,0.0,0.0,0.0,54.05793899810912,13.053883821656171,False,False,True,False,False,
2022-06-10 00:00:00+00:00,40.4041625866,42.4119848245,40.2503005813,41.9427826394,5789858,,,,,,,,41.56011188973796,#000000,,41.25462511757826,,0,,,0.0,0.0,0.0,0.0,51.84901253238762,10.779881253805598,False,False,False,False,False,
2022-06-17 00:00:00+00:00,37.1296617758,40.0425868742,36.879893187,39.9271903702,13846973,,,38.01738061233333,,,,,39.44569548117882,#000000,,39.471729325526816,,0,,,-1.0,0.0,36.879894,38.0,46.94011107995327,5.950066635086529,False,False,False,False,False,
2022-06-24 00:00:00+00:00,38.3082573041,38.3160625725,37.192103923,37.621393685,6562302,,,37.99211672376198,,,,,39.309689384397636,"rgba(239, 83, 80, 0.5)",,39.273666179164984,,0,,,0.0,0.0,0.0,0.0,45.085099788750775,4.116271575385973,False,False,False,True,False,
2022-07-01 00:00:00+00:00,38.9092629709,39.0536604363,37.9960465682,38.3238678409,6175538,,,38.14563474850615,,,,,39.31408053369245,"rgba(239, 83, 80, 0.5)",,39.24394858475218,,0,,,0.0,0.0,0.0,0.0,44.54458286912372,3.4804457928785197,False,False,False,True,False,
2022-07-08 00:00:00+00:00,38.2692309621,38.5892469665,37.2857671438,38.3238678409,3824702,,,38.133365188307145,,,,,39.25507963692374,"rgba(239, 83, 80, 0.5)",,39.17246280382137,,0,,,0.0,0.0,0.0,0.0,43.54172687667752,2.319839781192748,False,False,False,True,False,
2022-07-15 00:00:00+00:00,38.0819045205,38.7687681397,37.6526147586,38.1131255941,6273072,,,38.13924745181993,,,,,39.18457317495711,"rgba(239, 83, 80, 0.5)",,39.088255839386335,,0,,,0.0,0.0,0.0,0.0,42.64448986782058,1.213735048644324,False,False,False,True,False,
2022-07-22 00:00:00+00:00,38.3316731093,38.7219365293,37.9648254946,38.3160625725,4939082,,,38.16300807905528,,,,,39.149427591289225,"rgba(239, 83, 80, 0.5)",,39.046569967162256,,0,,,0.0,0.0,0.0,0.0,42.37087520843098,0.661274884038427,False,False,False,True,False,
2022-07-29 00:00:00+00:00,39.440021222,39.5804380005,38.1444247204,38.4253363301,5090422,,,38.26020814598572,,,,,39.17166739600209,"rgba(239, 83, 80, 0.5)",,39.06555424319612,,0,,,0.0,0.0,0.0,0.0,43.725036315186365,0.661274884038427,False,False,False,True,False,
2022-08-05 00:00:00+00:00,38.4565574037,39.4634370272,38.0038518366,39.3853843432,4985151,,,38.29695500278947,,,,,39.157174751821955,"rgba(239, 83, 80, 0.5)",,39.04913262294666,,0,,,0.0,0.0,0.0,0.0,43.59879667563068,0.661274884038427,False,False,False,True,False,
2022-08-12 00:00:00+00:00,39.40099488,39.7639398606,38.4487521353,38.6985207241,5627029,,,38.38604697810323,,,,,39.18183055454125,"rgba(239, 83, 80, 0.5)",,39.07386778214901,,0,,,0.0,0.0,0.0,0.0,44.7586716723304,0.661274884038427,False,False,False,True,False,
2022-08-19 00:00:00+00:00,39.6585687372,39.8927267892,38.8234050185,39.0263419969,4764696,,,38.46832637733124,,,,,39.21263680574542,"rgba(239, 83, 80, 0.5)",,38.981153354243716,,0,,,0.0,0.0,0.0,0.0,45.916818697108184,0.661274884038427,False,False,False,True,False,
2022-08-26 00:00:00+00:00,38.7063259925,39.6195423952,38.6751049189,39.5727107848,4579070,,,38.50486647147517,,,,,39.213289360592384,"rgba(239, 83, 80, 0.5)",,38.93547225161619,,0,,,0.0,0.0,0.0,0.0,45.62409692247752,0.661274884038427,False,False,False,True,False,
2022-09-02 00:00:00+00:00,37.7618885162,38.9014577025,37.3201103248,38.5736364297,5179765,,,38.46807128297927,,,,,39.1563491594533,"rgba(239, 83, 80, 0.5)",,38.78739013594412,,0,,,0.0,0.0,0.0,0.0,44.40651404721912,0.661274884038427,False,False,False,True,False,
2022-09-09 00:00:00+00:00,38.1755677413,38.1989835465,37.1487846834,37.8243306634,6243422,,,38.417945657590245,,,,,39.085211427421726,"rgba(239, 83, 80, 0.5)",,38.668176470779336,,0,,,0.0,0.0,0.0,0.0,44.13301519426953,0.3443595677225346,False,False,False,True,False,
2022-09-16 00:00:00+00:00,37.1901056531,38.7765734081,36.5404276251,38.4019205249,9898028,,,38.314951209723155,,,,,38.9572540236548,"rgba(239, 83, 80, 0.5)",,38.49805006810289,,0,,,0.0,0.0,0.0,0.0,42.90398314862333,-1.1450006845024205,False,False,False,True,False,
2022-09-23 00:00:00+00:00,35.8432121804,37.4475999935,35.7085228331,36.8731895419,6582756,,,38.17700377259426,,,,,38.817653802699944,"rgba(239, 83, 80, 0.5)",,38.31131644718893,,0,,,0.0,0.0,0.0,0.0,40.78925457774106,-3.436378447433846,False,False,False,True,False,
2022-09-30 00:00:00+00:00,33.2286542627,35.6926770276,33.1890397488,35.5659105831,9158951,,,37.81144259138161,,,,,38.48103066723093,"rgba(239, 83, 80, 0.5)",,37.85893063453159,,0,,,0.0,0.0,0.0,0.0,37.40860206621717,-6.857623046378045,False,False,False,True,False,
2022-10-07 00:00:00+00:00,33.2761916794,35.676831222,33.1613095891,33.688182624,7494806,,,37.557181453919945,,,,,38.24045392201005,"rgba(239, 83, 80, 0.5)",,37.566114284398594,,0,,,0.0,0.0,0.0,0.0,35.0664908305743,-9.192318623368564,False,False,False,True,False,
2022-10-14 00:00:00+00:00,33.1415023321,34.1001735686,31.5965362899,33.3791894156,7365576,,,37.270790506709275,,,,,36.29692336362107,"rgba(239, 83, 80, 0.5)",,35.97239511402233,,0,,,0.0,0.0,0.0,0.0,33.30385773563939,-10.942586209550669,False,False,False,True,False,
2022-10-21 00:00:00+00:00,34.2269400131,34.7102370827,33.5138787628,33.6564910129,6561773,,,37.107186032187265,,,,,36.37739411029164,"rgba(239, 83, 80, 0.5)",,35.981829683528844,,0,,,0.0,0.0,0.0,0.0,33.76990899258564,-10.942586209550669,False,False,False,True,False,
2022-10-28 00:00:00+00:00,36.0254389444,36.072976361,33.8941780963,34.337860652,7206033,,,37.01047770408306,,,,,36.51151541834981,"rgba(239, 83, 80, 0.5)",,36.07045691026797,,0,,,0.0,0.0,0.0,0.0,36.538124242321096,-10.942586209550669,False,False,False,True,False,
2022-11-04 00:00:00+00:00,36.3344321528,36.580042139,35.1063822218,35.6292938053,9463604,,,36.94351405981491,,,,,36.644681424550846,"rgba(239, 83, 80, 0.5)",,36.18115381783434,,0,,,0.0,0.0,0.0,0.0,38.89581044677508,-10.942586209550669,False,False,False,True,True,
2022-11-11 00:00:00+00:00,37.3723324171,37.392139674,35.8432121804,36.3582008612,9050756,,,36.93905771624696,,,,,36.786912317748744,"rgba(239, 83, 80, 0.5)",,36.32160118763858,,0,,,0.0,0.0,0.0,0.0,41.812191779452355,-14.07326283671923,False,False,False,True,True,
2022-11-18 00:00:00+00:00,37.5070217644,37.6139809519,36.5538173308,37.4357156393,5592763,,,36.949276352805086,,,,,36.864920631452186,"rgba(239, 83, 80, 0.5)",,36.40428302994638,,0,,,0.0,0.0,0.0,0.0,44.05158055442746,-11.949717106716278,False,False,False,True,True,
2022-11-25 00:00:00+00:00,38.0537020562,38.0972780215,37.1267224309,37.5783278894,3233225,,,36.965674500225596,,,,,36.91948448076199,#000000,,36.62592088477246,,0,,,0.0,0.0,0.0,66.0,46.293362688808735,-9.825454488160418,False,False,False,False,True,
2022-12-02 00:00:00+00:00,37.4515614449,37.9982417368,37.0752235628,37.736785945,5416785,,,36.98347719367915,,,,,36.9835959021708,#000000,,36.655644946566056,,0,,,0.0,0.0,0.0,0.0,47.152535193007395,-9.007637341198809,False,False,False,False,True,
2022-12-09 00:00:00+00:00,36.762268903,37.736785945,36.7345387432,37.483253056,7483836,,,36.98756977116325,,,,,37.02511464597333,#000000,,36.64848400288967,,0,,,0.0,0.0,0.0,0.0,46.951598261371636,-9.007637341198809,False,False,False,False,True,0.0
2022-12-16 00:00:00+00:00,35.4849642596,37.3644887433,35.0185858487,36.5483505279,15995802,,,36.900078064929474,,,,,36.948874220975306,"rgba(239, 83, 80, 0.5)",,36.441796642636035,,0,,,0.0,0.0,0.0,0.0,45.44117161638863,-9.007637341198809,False,False,False,True,True,0.0
2022-12-23 00:00:00+00:00,35.5090872808,35.7342354792,34.8899297354,35.6297023871,16964286,,,36.77444482432227,,,,,36.81622338649719,"rgba(239, 83, 80, 0.5)",,35.899442340669665,,0,,,0.0,-1.0,34.88993,62.0,44.396959764964,-9.007637341198809,False,False,False,True,True,0.0
2022-12-30 00:00:00+00:00,35.3402261321,35.7422764862,34.8899297354,35.5332103021,4200487,,,36.74540235104296,,,,,36.78596602682166,"rgba(239, 83, 80, 0.5)",,35.66679438381416,,0,,,0.0,0.0,0.0,0.0,43.467723947282856,-9.007637341198809,False,False,False,True,False,0.0
2023-01-06 00:00:00+00:00,36.8599764708,36.876058485,34.9060117495,35.1713649833,5122857,,,36.732734008006304,,,,,36.77825131010011,"rgba(239, 83, 80, 0.5)",,35.83652192167529,,0,,,0.0,0.0,0.0,0.0,44.9732061305753,-9.007637341198809,False,False,False,True,False,0.0
2023-01-13 00:00:00+00:00,37.5193390517,37.6158311367,36.39359806,36.9645095629,5731595,,,36.74425673882028,,,,,36.801322964577444,#000000,,36.0801001253774,,0,,,0.0,0.0,0.0,0.0,46.87715310409348,-8.852298576398198,False,False,False,False,True,0.0
2023-01-20 00:00:00+00:00,37.55150308,38.0741685405,36.8680174779,37.7203642288,6292378,,,36.76515593770947,,,,,36.835141175230675,#000000,,36.284126990604676,,0,,,0.0,0.0,0.0,0.0,48.27785153866813,-7.397571945164444,False,False,False,False,True,0.0
2023-01-27 00:00:00+00:00,37.647995165,37.7324257394,36.8840994921,37.3022318604,5010904,,,36.77933726528364,,,,,36.857672895358576,#000000,,36.390161470679665,,0,,,0.0,0.0,0.0,0.0,49.40767705986059,-6.199489927160194,False,False,False,False,True,0.0
2023-02-03 00:00:00+00:00,37.0610016479,38.4080311546,36.6669923008,37.5354210659,6715173,,,36.79620268926,37.378675034433336,,,,36.883755018512396,#000000,,36.80487772207228,,0,,,0.0,1.0,38.40803,67.0,49.35427544988599,-6.115941073136547,False,False,False,False,True,0.0
2023-02-10 00:00:00+00:00,36.6589512938,37.0770836621,36.1202038192,36.9162635204,5659332,,,36.79209170308467,37.03113068901387,,,,36.88238674200388,#000000,,36.71384431386596,,0,,,0.0,0.0,0.0,0.0,48.74526653546763,-6.115941073136547,False,False,False,False,True,0.0
2023-02-17 00:00:00+00:00,36.8519354638,37.0730631586,36.0799987837,36.6267872654,4909688,,,36.78965344929414,36.928075483098475,,,,36.88217588663466,#000000,,36.688933087508076,,0,,,0.0,0.0,0.0,0.0,48.61862368787737,-6.115941073136547,False,False,False,False,True,0.0
2023-02-24 00:00:00+00:00,35.7422764862,36.8519354638,35.4166156994,36.6669923008,3472590,,,36.77885061127897,36.7734131583614,,,,36.87093053135026,#000000,,36.62380711607691,,0,,,0.0,0.0,0.0,0.0,46.98404713084215,-6.115941073136547,False,False,False,False,True,0.0
2023-03-03 00:00:00+00:00,35.7985635358,36.1684498617,35.2477545506,35.8468095783,4453071,,,36.760829093843,36.59056289673832,,,,36.8514676694331,"rgba(239, 83, 80, 1.0)",,36.53566382247392,,0,,,0.0,0.0,0.0,0.0,45.915101924280506,-6.115941073136547,False,True,False,True,False,0.0
2023-03-10 00:00:00+00:00,34.7371506008,36.0116502235,34.6165354945,35.7985635358,5410617,,,36.7270501998761,36.33102971223605,,,,36.81372438295415,"rgba(239, 83, 80, 1.0)",,36.39301893714208,,0,,,0.0,0.0,0.0,0.0,43.80701328669569,-1.4019200123599376,False,True,False,True,False,0.0
2023-03-17 00:00:00+00:00,35.6951170663,35.7972665543,34.5763304591,34.753232615,11714698,35.35623802656667,,36.66849617915817,36.06129203360466,,,,36.40127606141161,"rgba(239, 83, 80, 1.0)",,35.981898845862226,,0,,,0.0,-1.0,34.576332,85.0,43.973308931046034,-1.4019200123599376,False,True,False,True,False,0.0
2023-03-24 00:00:00+00:00,36.1527467723,36.5858606012,35.6951170663,35.9566197554,6731190,35.643914320343754,,36.65594527085391,36.07271721829451,,,,36.4640481947187,"rgba(239, 83, 80, 1.0)",,36.05180287706825,,0,,,0.0,0.0,0.0,0.0,44.83044110939864,-1.4019200123599376,False,True,False,True,False,0.0
2023-03-31 00:00:00+00:00,36.6022045192,36.9862865939,36.1445748133,36.2834981169,5669857,35.8634541634968,,36.65439740163889,36.12502473919169,,,,36.51892555427362,#000000,,36.13011448589677,,0,,,0.0,0.0,0.0,0.0,46.14899657008119,-1.4019200123599376,False,True,False,False,False,0.0
2023-04-07 00:00:00+00:00,38.163048695,38.4245513841,36.5776886421,36.7002680277,5850327,36.22625492753564,,36.67574554241738,36.27920815935232,,,,36.62921968670373,#000000,,36.30410938420786,,0,,,0.0,0.0,0.0,0.0,49.225983584327324,-5.294543623975599,False,False,False,False,True,0.0
2023-04-14 00:00:00+00:00,38.857665213,39.3888425503,37.2804771192,37.8361703336,6242191,36.619792151102274,,36.714050485830725,36.48748316728714,,,,36.76144295193397,#000000,,36.520911271889176,,0,,,0.0,0.0,0.0,0.0,52.23428871621167,-2.4060929366518025,False,False,False,False,True,1.7297361948926664
2023-04-21 00:00:00+00:00,38.8903530491,39.2335753286,38.400035507,38.9475567624,4865105,36.88293036136874,,36.74813802799127,36.647213344992366,,,,36.85688237464815,"rgba(38, 166, 154, 1.0)",,36.6805320756858,,0,,,0.0,0.0,0.0,0.0,54.42112462969995,-0.3581072079730916,True,False,True,False,True,1.8159149146004445
2023-04-28 00:00:00+00:00,39.2826070828,39.3929285298,38.6043344829,38.7759456226,5763457,37.154923881750555,,36.791826597633765,36.82922147761954,,,,36.962448881196124,"rgba(38, 166, 154, 1.0)",,36.85829557015602,,0,,,0.0,0.0,0.0,0.0,56.45080647740258,1.5289447384021173,True,False,True,False,True,2.8549589140202976
2023-05-05 00:00:00+00:00,39.331638837,39.5359378129,38.5879905648,39.3724986322,6401359,37.39503495901575,,36.8396685555727,37.00652000128282,39.15185573823333,,,37.480904274422684,"rgba(38, 166, 154, 1.0)",,37.628681225979626,,0,,,0.0,0.0,0.0,0.0,57.96032943730985,2.923618732907535,True,False,True,False,True,2.9853722331427335
2023-05-12 00:00:00+00:00,38.6860540732,39.4215303864,38.5062709745,39.3643266732,4223624,37.50354400060839,,36.86648344840692,37.095937156509926,39.04032382401364,,,37.498375555904566,"rgba(38, 166, 154, 1.0)",,37.66790248942324,,0,,,0.0,0.0,0.0,0.0,57.78241521110735,2.923618732907535,True,False,True,False,True,1.1362870352346128
2023-05-19 00:00:00+00:00,38.3673476709,38.9557287214,37.9914375552,38.8004614997,3999466,37.56436295092682,,36.885884401771804,37.154235572599376,38.87564832182673,,,37.490568587106125,"rgba(38, 166, 154, 1.0)",,37.668385456263955,,0,,,0.0,0.0,0.0,0.0,57.060636235501384,2.923618732907535,True,False,True,False,True,0.23763748255007755
2023-05-26 00:00:00+00:00,37.1333818565,38.3673476709,36.7247839048,38.3591757118,5267811,37.552058976111525,,36.89424556636137,37.16799465470209,38.487123514577405,,,37.41579632475914,"rgba(38, 166, 154, 0.75)",,37.57512268848932,,0,,,0.0,0.0,0.0,0.0,54.47878781486795,2.923618732907535,True,False,True,False,False,0.0
2023-06-02 00:00:00+00:00,37.3703686686,37.3867125866,36.7002680277,37.1252098975,4266660,37.528043499495425,,36.897548580122255,37.16734195596053,38.25140937182679,,,37.36584685733804,#000000,2.5136944228866285,37.52481114706235,-0.061440434865982815,0,,,0.0,0.0,0.0,0.0,53.02406328895766,2.923618732907535,True,False,False,False,False,0.0
2023-06-09 00:00:00+00:00,37.5664956854,37.7381068251,37.0966080409,37.3867125866,6161007,37.52317474834825,,36.90787790464427,37.18447570331842,38.092031704861846,,,37.339550143995,#000000,2.512760519279605,37.534504990501,0.012731294786569048,0,,,0.0,0.0,0.0,0.0,52.31360375201034,7.405976806198325,False,False,False,False,False,0.0
2023-06-16 00:00:00+00:00,37.9457298347,38.0868846284,37.2980784284,37.5501517673,14777148,37.563957316917,,36.9441053196922,37.25590772508129,37.98877039896367,,,37.350090252868185,#000000,2.5097189659417816,37.60102332557933,0.13734864891190088,0,,,0.0,0.0,0.0,0.0,52.44157453204467,7.405976806198325,True,False,False,False,False,0.0
2023-06-23 00:00:00+00:00,37.015768841,37.7464524789,36.9991623947,37.7049363631,4663360,37.54898380172297,,36.94812661480643,37.25583026421439,37.91989124076087,,,37.3355917168851,#000000,2.5061765510410137,37.566704700008906,-0.21983122409315292,0,,,0.0,0.0,0.0,0.0,50.94025352269689,5.887694452653712,False,False,False,False,False,0.0
2023-06-30 00:00:00+00:00,37.85439438,37.9540330579,36.8040366504,37.0572849568,5335233,37.54838210326671,,36.95675385020307,37.26716693869042,37.882860920475416,,,37.3333025359632,#000000,2.503688889771974,37.55995561153751,0.11760197908986517,0,,,0.0,0.0,0.0,0.0,51.2655931737883,5.887694452653712,False,False,False,False,False,0.0
2023-07-07 00:00:00+00:00,37.2233494199,38.2114329758,37.1071042957,37.7796653716,4464189,37.54693791520889,,36.9634961750701,37.275207835780144,37.85521086291985,,,37.331526560423,#000000,2.5033509737637707,37.613608560612406,-0.15589469666958053,0,,,0.0,0.0,0.0,0.0,50.46399151739416,5.192538948289446,False,False,False,False,False,0.0
2023-07-14 00:00:00+00:00,36.7666721462,37.5222654537,36.6338205757,37.0904978494,7464929,37.50939186043924,,36.963709503377345,37.25965844376164,37.75709357911307,,,37.303839954410215,#000000,2.4974829234271634,37.472924104893636,-0.2827855005809139,0,,,0.0,0.0,0.0,0.0,49.18354299300384,3.8217655184878083,False,False,False,False,False,0.0
2023-07-21 00:00:00+00:00,36.8995237168,36.9410398326,35.8367111525,36.6919431378,8489469,37.443454192547,,36.95478489728375,37.22077905252014,37.622411710885345,,,37.25707044616621,#000000,2.496717751747655,37.324666819396946,-0.17028080258545683,0,,,0.0,0.0,0.0,0.0,48.51101939564834,3.0443933226964646,False,False,False,False,False,0.0
2023-07-28 00:00:00+00:00,35.7702853672,37.3371035772,35.7287692514,37.0489817336,6813312,37.382015421183326,,36.94302537083585,37.1806091251299,37.511209651973516,,,37.214225756362325,#000000,2.5067974437079616,37.21319658613463,-0.5755994456418165,0,,,0.0,0.0,0.0,0.0,46.35823491439102,0.8582305669703345,False,False,False,False,False,0.0
2023-08-04 00:00:00+00:00,34.8984469355,36.1439304093,34.450072885,35.8616208219,7232643,37.26441001825471,,36.91077465350267,37.09328697087538,37.32166739868482,,,37.13111446340339,"rgba(239, 83, 80, 1.0)",2.5245298244347527,36.99987636513779,-0.8324042795209615,0,,,0.0,0.0,0.0,0.0,43.72345715722476,-1.728325455062631,False,True,False,True,False,0.0
2023-08-11 00:00:00+00:00,35.0645113987,35.4796725566,34.4085567692,34.8569308197,4676894,37.188817871327316,,36.888450868194326,37.03583747447339,37.205663538171656,,,37.07786957075952,"rgba(239, 83, 80, 1.0)",2.497037798278194,36.87742632933009,-0.7260262267075691,0,,,0.0,0.0,0.0,0.0,42.17851122314769,-3.222928289091442,False,True,False,True,False,0.0
2023-08-18 00:00:00+00:00,33.7858150323,35.0645113987,33.611447346,34.9482662745,6631314,37.052564547608135,,36.84424913402528,36.928669142921855,37.005035436758554,,,36.98124641483293,"rgba(239, 83, 80, 1.0)",2.501822860518436,36.66174196299431,-1.149532597243257,0,,,0.0,0.0,0.0,0.0,39.60738625761621,-5.686753429717228,False,True,False,True,False,0.0
2023-08-25 00:00:00+00:00,34.3836470997,34.607834125,33.4361663051,33.8605440407,9953351,36.86884855935672,,36.78025311164795,36.78138123306895,36.747943975964105,,,36.85091189065201,"rgba(239, 83, 80, 1.0)",2.498960846691998,35.72095766891425,-0.5351466674576031,0,,,0.0,0.0,0.0,0.0,38.9722501849909,-6.2785331373128415,False,True,False,True,False,0.0
2023-09-01 00:00:00+00:00,34.4168599923,35.6706466893,34.3670406534,34.4749825545,6296241,36.79009828604808,,36.7512874578099,36.717854298666545,36.64420037861747,,,36.79529693899026,"rgba(239, 83, 80, 1.0)",2.4818479355864294,35.71488805543696,-0.5230087003014765,0,,,0.0,0.0,0.0,0.0,38.58534232584742,-6.685293766522555,False,True,False,True,False,0.0
2023-09-08 00:00:00+00:00,33.6446602386,34.4749825545,33.4952022217,34.4168599923,4126630,36.71844552729596,,36.72369158959173,36.65874377013753,36.54983386492576,,,36.74403199869998,"rgba(239, 83, 80, 1.0)",2.4415253200134304,35.61386009314964,-0.8065449243585199,0,,,0.0,0.0,0.0,0.0,37.394829414576314,-7.8997965910972,False,True,False,True,False,0.0
2023-09-15 00:00:00+00:00,34.4514216861,34.7172839325,33.7401473049,33.8854537102,7957987,36.609251400460565,,36.679767345649644,36.56802773690656,36.41144144019177,,,36.66577554008868,"rgba(239, 83, 80, 1.0)",2.316659994162321,35.51523105539179,-0.4591996114977809,0,,,0.0,0.0,0.0,0.0,38.173326276239194,-7.8997965910972,False,True,False,True,False,0.0
2023-09-22 00:00:00+00:00,33.6488505581,34.6626246146,33.5305769182,34.4852141547,7426702,36.50149777480578,,36.63426821018109,36.4771159977268,36.277501913555504,,,36.58780632110233,"rgba(239, 83, 80, 1.0)",2.193703603961333,35.399142583287535,-0.7978707889374398,0,,,0.0,0.0,0.0,0.0,37.75736913717419,-7.8997965910972,False,True,False,True,False,0.0
2023-09-29 00:00:00+00:00,32.2464631133,33.6319543238,31.8494016078,33.5305769182,13725964,36.228251208901995,,36.51310068050249,36.242065749154484,35.93958557602342,,,36.38726300055292,"rgba(239, 83, 80, 1.0)",2.136885470967715,35.01856923232464,-1.2972647138497564,0,,,0.0,0.0,0.0,0.0,36.022950700483534,-9.452469636741519,False,True,False,True,False,0.0
2023-10-06 00:00:00+00:00,31.5283731566,32.2802555818,30.5399434516,32.1788781762,14417336,35.90266785897291,,36.35913349818187,35.95681741008784,35.54671252494695,,,35.36216277784539,"rgba(239, 83, 80, 1.0)",2.187302498093978,33.552631075977786,-0.9254586053560171,0,,,-1.0,0.0,30.539944,115.0,34.151151338299485,-11.32607449722429,False,True,False,True,False,0.0
2023-10-13 00:00:00+00:00,31.9676752478,32.4914585103,31.3594108139,31.3594108139,9264176,35.736440016735166,,36.27443539306554,35.8088338281828,35.35469731264997,,,35.2892536008653,"rgba(239, 83, 80, 1.0)",2.2007786988913733,33.4637123681064,-0.6797762633108084,0,,,0.0,0.0,0.0,0.0,33.697085401466126,-11.827359384091977,False,True,False,True,False,0.0
2023-10-20 00:00:00+00:00,31.1988965883,32.7111095559,31.1988965883,32.0943970048,8969088,35.579042951612244,,36.191162793193485,35.66744772345149,35.17572665323641,,,35.191761069208866,"rgba(239, 83, 80, 1.0)",2.251125486703804,33.34224569960672,-0.9521233374000433,0,,,0.0,0.0,0.0,0.0,32.666457507463434,-12.907707373987087,False,True,False,True,False,0.0
2023-10-27 00:00:00+00:00,30.9623493084,31.9000903107,30.9116606056,31.0637267141,9540846,35.406825252414194,,36.097390883165836,35.511636929988,34.981601797526366,,,35.06592144365182,"rgba(239, 83, 80, 1.0)",2.305669588530859,33.179850858517746,-0.9617603325074461,0,,,0.0,0.0,0.0,0.0,31.720380959247464,-13.909265983117464,False,True,False,True,False,0.0
2023-11-03 00:00:00+00:00,33.6910911438,33.8135888423,31.122863534,31.182000354,10133330,35.30403770592365,,36.03363814488459,35.41629327363959,34.87632109649166,,,35.0397999174867,"rgba(239, 83, 80, 0.75)",2.2551708126788057,32.80453408149215,0.3931219122398777,0,,,0.0,0.0,0.0,0.0,35.723788477573294,-13.909265983117464,False,True,False,True,True,0.0
2023-11-10 00:00:00+00:00,32.5252509788,33.767124198,32.2718074647,33.6235062067,6376124,35.24300788413033,,35.99454115334412,35.359287717764545,34.81466336244837,,,35.01746087522047,"rgba(239, 83, 80, 0.75)",2.2126412452538564,32.82254290329741,-0.1343606538724264,0,,,0.0,0.0,0.0,0.0,37.329791667011364,-17.24940239969984,False,True,False,True,True,0.0
2023-11-17 00:00:00+00:00,33.3700626926,33.5897137381,32.2126706447,32.3985292218,6660477,35.1875653066221,,35.95728635231058,35.30699411931427,34.760408567666595,,,34.99867262899835,"rgba(239, 83, 80, 0.75)",2.189695523128742,32.862119538510946,0.23196976416304754,0,,,0.0,0.0,0.0,0.0,39.638696566175966,-15.072291206661411,False,True,False,True,True,0.0
2023-11-24 00:00:00+00:00,33.522128801,33.5601453282,33.1335154127,33.3024777555,4686907,35.15630699295434,,35.93470884633281,35.27706996056576,34.73159124769858,,,34.99194314278218,"rgba(239, 83, 80, 0.75)",2.2109415736917097,32.90916911956061,0.27723920375512473,0,,,0.0,0.0,0.0,0.0,41.493684890233766,-13.346042928877793,False,True,False,True,True,0.0
2023-12-01 00:00:00+00:00,34.0543601807,34.1472894692,32.8969681329,33.395407044,7790483,35.11504281183789,,35.902316678334124,35.236861645254166,34.69635727422,,,34.98825681840055,"rgba(239, 83, 80, 0.5)",2.212269872193478,33.000014738951805,0.47658988399223073,6,0.21174135198413738,1.2704481119048243,0.0,0.0,0.0,0.0,43.54423928749952,-11.430574075967563,False,False,False,True,True,0.0
2023-12-08 00:00:00+00:00,34.3078036948,34.9160681287,33.7797963737,33.7924685494,7666653,35.09387629904894,,35.88027215626193,35.214782915084044,34.68459692513444,,,35.00174620557763,"rgba(239, 83, 80, 0.5)",2.2000045938329023,33.12565194087855,0.5373405843039075,6,0.21118660813743362,1.2671196488246017,0.0,0.0,0.0,0.0,45.353370254538504,-9.746073369781548,False,False,False,True,True,0.0
2023-12-15 00:00:00+00:00,33.2756932519,34.9700100187,33.2404308218,34.3669405148,11328447,35.0451311042613,,35.83851422561573,35.16641633718691,34.645372493869466,,,34.991613475657054,"rgba(239, 83, 80, 0.5)",2.210315544546121,33.207980070605565,0.03063507446324426,6,0.2102089103669633,1.2612534622017797,0.0,0.0,0.0,0.0,45.32098930589139,-9.746073369781548,False,False,False,True,True,0.0
2023-12-22 00:00:00+00:00,33.3444979937,33.7143234809,32.8455776098,33.4649062919,11768546,34.978025918739995,,35.78597928208612,35.101176233605074,34.584297574018024,,,34.95483944976656,"rgba(239, 83, 80, 0.5)",2.219891512989478,33.12039114517771,0.10095396428652048,6,0.20897694353623628,1.2538616612174176,0.0,0.0,0.0,0.0,45.40105105178599,-9.653738265070885,False,False,False,True,True,0.0
2023-12-29 00:00:00+00:00,33.8691341499,33.9035365208,33.1638855465,33.2842938447,6341954,34.95095218771442,,35.76235776853002,35.07424253405933,34.561856187596966,,,34.9429057675535,#000000,2.2167054245531763,33.17392926830723,0.31362077878836725,6,0.2083050292373357,1.2498301754240142,0.0,0.0,0.0,0.0,46.25289316637293,-8.721904050331318,False,False,False,False,True,0.0
2024-01-05 00:00:00+00:00,35.0818177241,35.3140337277,33.6971222955,33.7229240736,7630584,34.94490784041856,,35.748405856391706,35.06604144174027,34.56565293243168,,,34.95543525702761,#000000,2.1809069479752026,33.346340150862765,0.7957595691317711,6,0.20904158660401095,1.2542495196240657,0.0,0.0,0.0,0.0,48.51887873854228,-6.440864405949618,True,False,False,False,True,0.0
2024-01-12 00:00:00+00:00,35.1678236514,35.5204479531,34.6689892733,35.0474153532,8407794,34.949370285034185,,35.73944858467301,35.06728447848496,34.58219232157116,,,34.978310871075514,#000000,2.1616920930539494,33.52324227365141,0.7607842870097147,6,0.20939481117712674,1.2563688670627604,0.0,0.0,0.0,0.0,50.24828919959549,-4.717009318814988,True,False,False,False,True,0.0
2024-01-19 00:00:00+00:00,35.8472704766,35.9246758112,35.0130129823,35.1334212805,8120413,34.96495976861267,,35.73748962430046,35.078963338736614,34.61060505701603,35.59498642336667,,35.09334373045602,#000000,2.1214102177990473,34.262473594200976,0.747048764591718,6,0.21003092317344244,1.2601855390406547,0.0,0.0,0.0,0.0,52.35167627443019,-2.65532176844156,True,False,False,False,True,0.0
2024-01-26 00:00:00+00:00,35.0474153532,35.9246758112,34.7463946079,35.9160752184,8963760,34.972087374197685,,35.73014523934794,35.082791612331576,34.629495141651496,35.40846656703259,,35.10437460480176,#000000,2.074492644124895,34.79750014365749,0.12047052094896143,6,0.21071888211460357,1.2643132926876215,0.0,0.0,0.0,0.0,52.57357521528207,-2.399249779913305,True,False,False,False,True,0.0
2024-02-02 00:00:00+00:00,34.0153442263,35.3914390622,33.4950083664,35.0474153532,10393170,34.95246452011206,,35.70611135151318,35.06174565232904,34.61842609444611,34.9894204285771,,34.98401553131467,#000000,2.0545502256932435,34.56303258971765,-0.2665733631470842,6,0.21332841265624222,1.2799704759374533,0.0,0.0,0.0,0.0,51.25802799144539,-2.399249779913305,True,False,False,False,True,0.0
2024-02-09 00:00:00+00:00,32.2780244959,34.1701548953,32.0673099741,33.8003294081,15977337,34.86157944162965,,35.63386422162059,34.973438379680665,34.53086706338396,34.1985726491061,,34.72146049630601,#000000,2.0769201008856055,34.02924243074394,-0.8431802138643745,6,0.21389854244913845,1.2833912546948307,0.0,0.0,0.0,0.0,48.275716472695294,-2.399249779913305,True,False,False,False,False,0.0
2024-02-16 00:00:00+00:00,32.4070333867,32.8627787952,31.6616200153,32.2522227177,16997028,34.7500040731809,,35.547115612026744,34.86547715916858,34.42044822918256,33.66770249020857,,34.51880589813618,#000000,2.087298601668017,33.64138529426973,-0.5913633567249686,6,0.21430690842016475,1.2858414505209885,0.0,0.0,0.0,0.0,46.34364106781509,1.420550320052989,False,False,False,False,False,0.0
2024-02-23 00:00:00+00:00,32.3382286449,32.8026606521,32.101712345,32.4070333867,10135033,34.69063665771634,,35.49910083271406,34.80761780546109,34.36267057988065,33.48772132977215,,34.43855177233783,"rgba(239, 83, 80, 0.5)",2.1102145845336877,33.502973870916215,-0.5519558221959684,6,0.21544217472869698,1.2926530483721819,0.0,0.0,0.0,0.0,44.884689459627396,0.01913556082362078,False,False,False,True,False,0.0
2024-03-01 00:00:00+00:00,31.804991896,32.2952256813,31.7017847833,32.2522227177,9582776,34.625945614181184,,35.44817758514015,34.744885611445454,34.29829184620683,33.302002911021276,,34.351055504455246,"rgba(239, 83, 80, 1.0)",2.15155663122657,33.35324279175156,-0.7195956979616784,6,0.21817880874600948,1.3090728524760569,0.0,0.0,0.0,0.0,43.22586956923696,-1.5851416871585542,False,True,False,True,False,0.0
2024-03-08 00:00:00+00:00,31.4179652234,31.7705895251,30.8245243254,31.5813764852,14310891,34.51460706568006,,35.36232645076733,34.637313206377556,34.185554412796584,33.004470065118234,,34.203002518816334,"rgba(239, 83, 80, 1.0)",2.1862603755871657,33.10412222666739,-0.7712516871713144,7,0.20662135899360262,1.4463495129552184,0.0,0.0,0.0,0.0,41.604291591752386,-3.157358357524444,False,True,False,True,False,0.0
2024-03-15 00:00:00+00:00,30.2266820269,31.6587818197,29.4710149762,31.4695687797,15556728,34.37038830794668,,35.253320339524656,34.49844207363711,34.037156120417784,32.643631888094376,,34.01434285404932,"rgba(239, 83, 80, 1.0)",2.2533818519797255,32.79227544263679,-1.1385524443994128,7,0.21138885485339104,1.4797219839737372,0.0,0.0,0.0,0.0,39.2202493006824,-5.455080304581351,False,True,False,True,False,0.0
2024-03-22 00:00:00+00:00,29.6203910211,30.336517354,29.4841952155,30.2354688531,11123473,34.25758576016664,,35.16832295883003,34.389868381791494,33.92043650618057,32.38382254993115,,33.871608690640635,"rgba(239, 83, 80, 1.0)",2.335144264107609,32.56271097952036,-1.2600163525848742,7,0.2135735024639195,1.4950145172474365,0.0,0.0,0.0,0.0,36.96004555140645,-7.6087881228515,False,True,False,True,False,0.0
2024-03-29 00:00:00+00:00,29.8576353277,30.3804514849,29.4710149762,29.6203910211,16297861,34.105169952658564,,35.050475909319424,34.24251272699871,33.76409549682776,32.08968608744515,,33.69390569110022,"rgba(239, 83, 80, 1.0)",2.4153948452649776,32.295480297663104,-1.0092945982484554,7,0.21152557700998778,1.4806790390699145,0.0,0.0,0.0,0.0,35.81659463488125,-8.693032594042641,False,True,False,True,False,0.0
2024-04-05 00:00:00+00:00,28.9350185798,29.8488485016,28.4517431404,29.8488485016,15128409,33.94699396550814,,34.92892894211837,34.08974491692938,33.60073762895555,31.791142076467928,,33.50980466676877,"rgba(239, 83, 80, 1.0)",2.5207590206491104,32.021403072811644,-1.2243869674685843,7,0.2090697956300088,1.4634885694100617,0.0,0.0,0.0,0.0,34.143858953734494,-10.314747682465857,False,True,False,True,False,0.0
2024-04-12 00:00:00+00:00,28.2144988338,29.2425574958,28.1178437459,28.9613790583,11334530,33.82210756768092,,34.83274219476985,33.96907890310763,33.471528741086765,31.565298709770154,,33.366517884386866,"rgba(239, 83, 80, 1.0)",2.640594452063653,31.812032487624393,-1.362395369350595,6,0.22225018825298934,1.333501129517936,0.0,0.0,0.0,0.0,32.34394691751517,-12.063748659209843,False,True,False,True,False,0.0
2024-04-19 00:00:00+00:00,28.63626649,28.7944293611,27.9596808749,28.3550880526,13431258,33.67973472268359,,34.72136187114828,33.831155414710075,33.32488378563416,31.33039042590832,,32.68171811836926,"rgba(239, 83, 80, 1.0)",2.7275136615455517,30.67529777670366,-0.7475787620980187,6,0.21873108450703319,1.3123865070421992,0.0,0.0,0.0,0.0,31.933440874749195,-12.500206129464921,False,True,False,True,False,0.0
2024-04-26 00:00:00+00:00,28.6626269685,29.4534413239,28.6055125984,28.7417084041,10185343,33.58547690878593,,34.64526914620764,33.739357540309335,33.22891878658575,31.19878462226291,,32.61604058317588,"rgba(239, 83, 80, 1.0)",2.8043615799240076,30.625737544570217,-0.7000204931217942,6,0.21737848067689744,1.3042708840613846,0.0,0.0,0.0,0.0,31.696178982991235,-12.831336088747868,False,True,False,True,False,0.0
2024-05-03 00:00:00+00:00,29.5237359332,29.6028173688,28.4649233797,28.7680688826,11398952,33.49057820980034,,34.566623302412154,33.64652392691413,33.133228114591056,31.084092835627636,,32.55234643194683,"rgba(239, 83, 80, 1.0)",2.843495190972951,30.584297282429024,-0.372978070297398,6,0.21835694945447157,1.3101416967268293,0.0,0.0,0.0,0.0,33.30337621945108,-12.831336088747868,False,True,False,True,False,0.0
2024-05-10 00:00:00+00:00,29.822488023,30.0157981988,29.2864916266,29.46222815,8315542,33.43183628917142,,34.51599468322155,33.58866873719915,33.07493703091009,31.028890599356718,,32.52328915545345,"rgba(239, 83, 80, 0.75)",2.8796194995277005,30.584522426142353,-0.26463024134519847,5,0.1816803291002031,0.9084016455010155,0.0,0.0,0.0,0.0,35.032688197125026,-12.831336088747868,False,True,False,True,True,0.0
2024-05-17 00:00:00+00:00,30.1739610699,30.4507460942,29.7082592828,29.8839958062,7238840,33.38753818618425,,34.476393428142906,33.54475638149737,33.03166499484775,30.99791245345966,,32.50752205341397,"rgba(239, 83, 80, 0.75)",2.912721602272357,30.600263237609198,-0.14635870705137763,5,0.17936020921235346,0.8968010460617672,0.0,0.0,0.0,0.0,36.949005764433004,-12.831336088747868,False,True,False,True,True,0.0
2024-05-24 00:00:00+00:00,29.4973754547,30.1739610699,29.4754083893,30.1651742437,8732849,33.32938313183438,,34.42531404257197,33.48730194349556,32.97427097395629,30.947745841905387,,32.47024005998598,"rgba(239, 83, 80, 0.75)",2.9669397607080032,30.582521707593116,-0.3657459673647599,5,0.17713001352217816,0.8856500676108908,0.0,0.0,0.0,0.0,37.42345228651372,-17.857860658973216,False,True,False,True,True,0.0
2024-05-31 00:00:00+00:00,30.0597323296,30.1915347222,29.0668209724,29.6116041949,9191948,33.27106453082104,,34.37335793815025,33.4295485573676,32.916989278142466,30.901273179018972,,32.43247305073683,"rgba(239, 83, 80, 0.75)",3.0064001789036157,30.564745341176604,-0.16797930465822897,5,0.17613940666994676,0.8806970333497338,0.0,0.0,0.0,0.0,38.86042341166264,-16.365859772957663,False,True,False,True,True,0.0
2024-06-07 00:00:00+00:00,30.077305982,30.5605814214,29.9015694586,30.0948796343,9301301,33.220611830683374,,34.32650077049489,33.379213719513075,32.86831519662225,30.87351157915634,,32.407420726549184,"rgba(239, 83, 80, 0.75)",3.0441238172516973,30.294645515603264,-0.07139641704833297,5,0.17487551983216867,0.8743775991608433,0.0,0.0,0.0,0.0,39.921223662385216,-15.239279200523264,False,True,False,True,True,0.0
2024-06-14 00:00:00+00:00,29.5284823575,30.4199922026,29.1602743962,30.0509455035,10259298,33.15840552746298,,34.270211147229006,33.317461992188875,32.80742288364609,30.8258504910189,,32.36259401079972,"rgba(239, 83, 80, 0.75)",3.0776320003084106,30.217972972184494,-0.22403283258537748,5,0.17312326709313414,0.8656163354656707,0.0,0.0,0.0,0.0,39.883277173149615,-15.148304972345379,False,True,False,True,True,0.0
2024-06-21 00:00:00+00:00,29.277023262,29.6182891773,28.9986221206,29.4835789476,8045002,33.10560490703467,,34.223191099205344,33.265206234374816,32.75526997046448,30.778578537335402,,32.31821971508746,"rgba(239, 83, 80, 0.75)",3.1038475458802677,30.146032446524007,-0.2799780503644393,5,0.17146924722873141,0.857346236143657,0.0,0.0,0.0,0.0,39.50248532589106,-15.148304972345379,False,True,False,True,True,0.0
2024-06-28 00:00:00+00:00,29.0704675764,29.9146516827,29.0031124615,29.1961971242,9236597,33.0472231747582,,34.1706290700102,33.20732366803316,32.69779904629944,30.72886650049873,,32.27019424688774,"rgba(239, 83, 80, 0.75)",3.129703734062358,30.09372726980931,-0.3269509769479425,5,0.17065082094041925,0.8532541047020963,0.0,0.0,0.0,0.0,38.93693312679579,-15.148304972345379,False,True,False,True,True,0.0
2024-07-05 00:00:00+00:00,28.3969164278,29.3803011048,27.9523726696,29.0794482584,10729545,32.96834872361299,,34.10169370338318,33.12954092903249,32.61902245816566,30.64638582210597,,31.832384957886624,"rgba(239, 83, 80, 0.75)",3.164401882030183,29.45620389746947,-0.3347512449935292,4,0.15467164958412088,0.6186865983364835,-1.0,0.0,27.952374,149.0,37.61971223938311,-15.148304972345379,False,True,False,True,True,0.0
2024-07-12 00:00:00+00:00,29.1602743962,29.272532921,28.1993414241,28.4418198377,10339405,32.89996067967106,,34.040384113753575,33.06181137796455,32.55134942503529,30.583386447922106,,31.792515324031644,"rgba(239, 83, 80, 0.75)",3.186959122286262,29.445252673219837,-0.0894201230969668,4,0.1543382264443499,0.6173529057773997,0.0,0.0,0.0,0.0,38.43779914616315,-15.148304972345379,False,True,False,True,True,0.0
2024-07-19 00:00:00+00:00,29.8248448629,30.2199948701,29.0210738255,29.1872164422,10646834,32.84561676142822,,33.988423869608255,33.00737779030112,32.49900840085545,30.551735089763177,,31.79135729762358,"rgba(239, 83, 80, 0.5)",3.199726139724309,29.54151858419799,0.0885470400683795,4,0.15489981164824437,0.6195992465929775,0.0,0.0,0.0,0.0,40.38949219602975,-14.009318027053716,False,False,False,True,True,0.0
2024-07-26 00:00:00+00:00,29.9595550927,30.0852846404,29.4386755377,29.9056710008,8310461,32.80627444827999,,33.95000559544681,32.96782647736234,32.46142322701774,30.532284023258747,,31.78461189510428,"rgba(239, 83, 80, 0.5)",3.205138609256299,29.597412937045938,0.11298798579512659,3,0.1524318100475389,0.45729543014261664,0.0,0.0,0.0,0.0,42.05195514474673,-12.324275943171159,False,False,False,True,True,0.0
2024-08-02 00:00:00+00:00,30.8306812449,30.9025267008,29.7529994071,29.9954778206,12684157,32.761189849983694,,33.9019946730749,32.921759689067436,32.4200888395102,30.5308310509847,,31.79945787846686,"rgba(239, 83, 80, 0.5)",3.209829115107965,29.736588692196833,0.34085694704229325,3,0.15252312109430963,0.45756936328292885,0.0,0.0,0.0,0.0,44.872867614835485,-9.571966362680513,True,False,False,True,True,0.0
2024-08-09 00:00:00+00:00,31.4234062558,31.6838460332,29.9415937287,30.0852846404,10726664,32.73286804302589,,33.86847316236426,32.89220120373415,32.395565477799686,30.546482812937516,,31.822303504766772,#000000,3.206885270187423,29.86842034504623,0.4848897854904837,3,0.15322898015297567,0.459686940458927,0.0,0.0,0.0,0.0,47.875516973939995,-6.716597946851898,True,False,False,False,True,0.0
2024-08-16 00:00:00+00:00,30.812719881,31.5132130756,30.5926931724,31.4862710296,10075731,32.70643787920049,,33.837219025813674,32.8646363020959,32.372597312363396,30.55901658932053,,31.834672950292685,#000000,3.2171379911272897,29.96216063346284,0.26438382496584245,3,0.15314943767047737,0.4594483130114321,0.0,0.0,0.0,0.0,48.85657978035271,-5.830197189223114,True,False,False,False,True,0.0
2024-08-23 00:00:00+00:00,31.4054448918,31.6120005774,30.6780096512,30.8396619269,5581661,32.69427159735919,,33.821732942194075,32.85174814507081,32.36248530031091,30.569796900291596,,31.84410620734808,#000000,3.213367439168684,30.017108827793937,0.4320502059874086,3,0.15286484024098895,0.45859452072296686,0.0,0.0,0.0,0.0,50.54567874811434,-4.232715562211524,True,False,False,False,True,0.0
2024-08-30 00:00:00+00:00,31.4323869377,31.7197687612,31.1871245128,31.5042323936,9869202,32.67632974233182,,33.79702908152598,32.832404957381264,32.3483493842439,30.59394850729551,,31.863772277606113,#000000,3.2031977800652567,30.11605446879532,0.4109432383778259,3,0.1523901616765151,0.45717048502954527,0.0,0.0,0.0,0.0,51.796737675504716,-3.045556035325717,True,False,False,False,True,0.0
2024-09-06 00:00:00+00:00,32.1059380864,32.4561846837,31.2258312521,31.2527732981,6025024,32.669829711465894,,33.785245347304866,32.82487964369107,32.34443870809175,30.616036905494987,,31.882238251632934,#000000,3.1816062679212376,30.18779042026915,0.6028865625111152,3,0.15215237674508567,0.456457130235257,0.0,0.0,0.0,0.0,53.7792320727682,-1.1447414396921616,True,False,False,False,True,0.0
2024-09-13 00:00:00+00:00,31.791614217,32.4292426378,31.2168505702,32.1059380864,9904489,32.65774027813981,,33.76499552552502,32.81120004565937,32.33640212494547,30.647711347509027,,31.905573739572713,"rgba(38, 166, 154, 1.0)",3.1316872764305854,30.285378467954384,0.48096620642223986,3,0.15183470726926296,0.4555041218077889,0.0,0.0,0.0,0.0,54.51464439499413,-0.435145990828687,True,False,True,False,True,0.0
2024-09-20 00:00:00+00:00,32.140146178,33.1766292026,31.388008054,31.828284029,15834066,32.64841807084509,,33.74029152884249,32.79901392760683,32.334008717447844,30.71215498764704,32.23492781153333,31.978767926280582,"rgba(38, 166, 154, 1.0)",3.0601726792413295,30.85913677979464,0.4186068998312042,3,0.15158541014531954,0.4547562304359586,0.0,0.0,0.0,0.0,55.613222272073685,0.6609278397084353,True,False,True,False,True,0.0
2024-09-27 00:00:00+00:00,32.2777324202,32.3786289978,31.9022137032,32.2226979233,7683122,32.643525361554055,,33.72821084244204,32.79278972173173,32.33233613297868,30.74063398020487,32.219005608741824,31.994520355725328,"rgba(38, 166, 154, 1.0)",2.982895435276919,30.91533419425594,0.4567368369108062,3,0.1517206654686346,0.4551619964059038,0.0,0.0,0.0,0.0,56.6248357659734,1.6926811605321674,True,False,True,False,True,0.0
2024-10-04 00:00:00+00:00,30.9202148305,32.3556979575,30.8009734206,32.3052496687,9656623,32.626659909081305,,33.70528694837233,32.774716937820024,32.3186872198798,30.75529292948153,31.968654022012092,31.973800397087633,"rgba(38, 166, 154, 1.0)",2.8971743003449726,30.886647971787962,0.011586068089877064,3,0.15151248478244583,0.4545374543473375,0.0,0.0,0.0,0.0,54.511484628056486,1.6926811605321674,True,False,True,False,True,0.0
2024-10-11 00:00:00+00:00,30.2873181164,30.9660769112,29.9983870078,30.952318287,10936891,32.5942875105158,,33.66964607497059,32.74153632949548,32.288962109334896,30.74645392428314,31.583998618058605,31.918591111656625,#000000,2.809174856975072,30.78344647028873,-0.1766099937342317,3,0.20126987609798938,0.6038096282939681,0.0,0.0,0.0,0.0,51.914219570087994,1.6926811605321674,True,False,False,False,False,0.0
2024-10-18 00:00:00+00:00,30.764283756,31.0440424485,29.700283483,30.2781457002,9799507,32.567186386358856,,33.63918514815786,32.713656008352096,32.2642893871824,30.740877617702154,31.387476870547893,31.884979894439766,#000000,2.7286384930840604,30.732077755185557,0.011802956271441805,3,0.20181947119842572,0.6054584135952772,0.0,0.0,0.0,0.0,50.9755541686694,6.0487134133216856,True,False,False,False,False,0.0
2024-10-25 00:00:00+00:00,30.076352545,30.7551113399,30.0580077127,30.7184216753,6932901,32.54655858366876,,33.61659142534869,32.69254466924053,32.24524438838645,30.733795020558794,31.263162050450635,31.85999061325946,#000000,2.658429926937617,30.694396835668726,-0.23248470249531264,3,0.20248053951014108,0.6074416185304232,0.0,0.0,0.0,0.0,49.148223948792605,4.269322697671647,True,False,False,False,False,0.0
2024-11-01 00:00:00+00:00,29.4434558309,30.2873181164,29.2324902595,30.0396628804,8151839,32.5159925459681,,33.58535028511138,32.6616617649089,32.21609266479609,30.713939553503252,31.073087342854993,31.816939458847283,#000000,2.6245587488921047,30.621345746862758,-0.4487954085462849,3,0.20224262939282892,0.6067278881784868,0.0,0.0,0.0,0.0,46.87689748621996,2.0788959159933214,True,False,False,False,False,0.0
2024-11-08 00:00:00+00:00,26.0221446082,28.5537314647,25.0315236643,28.5537314647,32456696,32.274511329140154,,33.37077513399957,32.4233760560666,31.97252878391163,30.428809805769394,29.62150556914498,31.412623761244493,"rgba(239, 83, 80, 0.5)",2.6596321118412463,29.86678653570496,-1.4455540337281227,3,0.1976698648062487,0.5930095944187461,0.0,0.0,0.0,0.0,41.66174612181909,-2.8703942654473735,False,False,False,True,False,0.0
2024-11-15 00:00:00+00:00,24.6004201054,26.196420515,24.3160752049,26.0496618566,23533291,32.068654804030515,,33.190836528180796,32.22078336483937,31.76342420524822,30.17462680405494,28.75841375549063,31.103072939758906,"rgba(239, 83, 80, 1.0)",2.7282487766546586,29.329968856004857,-1.7335474649801417,2,0.23802355450264023,0.47604710900528047,0.0,0.0,0.0,0.0,36.958220530484596,-7.198581139250841,False,True,False,True,False,0.0
2024-11-22 00:00:00+00:00,24.5545580247,25.2241444034,24.261040708,24.6646270185,21332298,31.882924527002302,,33.02744525201278,32.03783029300311,31.57496540754135,29.94941665688892,28.163789583614115,30.84713600007962,"rgba(239, 83, 80, 1.0)",2.775110352621302,28.916421600881947,-1.5717802256266442,2,0.23057455006465055,0.4611491001293011,0.0,0.0,0.0,0.0,33.56891137599491,-10.20646871765507,False,True,False,True,False,0.0
2024-11-29 00:00:00+00:00,24.7930408445,25.0682133289,24.2747993322,24.7655235961,11666276,31.785683081686567,,32.941048870822335,31.94190253671846,31.476541692621442,29.834594407554057,27.90889385490166,30.721355563320415,"rgba(239, 83, 80, 1.0)",2.8274430845136678,28.724766792105548,-1.3905588300398355,2,0.22430117007874695,0.4486023401574939,0.0,0.0,0.0,0.0,31.627961434737202,-11.84650675084653,False,True,False,True,False,0.0
2024-12-06 00:00:00+00:00,24.5637304408,25.1736961146,24.3665234937,24.7471787638,22052439,31.608627065568694,,32.78233981516463,31.767011422956944,31.29771981774864,29.630329060796143,27.516000655997154,30.50338805444329,"rgba(239, 83, 80, 1.0)",2.853544524409578,28.40953194476984,-1.3477278770568917,2,0.21918115841351837,0.43836231682703675,0.0,0.0,0.0,0.0,30.068798315773744,-13.19197889172871,False,True,False,True,False,0.0
2024-12-13 00:00:00+00:00,23.4080060064,25.0177650401,23.1465921462,24.6004201054,22685363,31.414340987415,,32.60893574528281,31.575243464673836,31.10104889531376,29.403312373858462,27.106594022299028,30.266240454344757,"rgba(239, 83, 80, 1.0)",2.92625310659365,28.071833458545154,-1.5937881250382175,2,0.21345619943981653,0.42691239887963306,0.0,0.0,0.0,0.0,28.142340191494768,-14.954777038375468,False,True,False,True,False,0.0
2024-12-20 00:00:00+00:00,21.862096369,23.2591560679,21.6166669624,23.0514850316,32430604,31.097175555357417,,32.32887547582726,31.26271969787635,30.77861223993985,29.022357952885304,26.436249191888454,29.875599497906272,"rgba(239, 83, 80, 1.0)",3.0565586310242545,27.514364791645292,-1.8492262393642402,2,0.20621291527358776,0.4124258305471755,0.0,0.0,0.0,0.0,25.868019765788247,-17.08727593870978,False,True,False,True,False,0.0
2024-12-27 00:00:00+00:00,21.390116741,21.8432171839,21.2296436675,21.6638649252,12864805,30.967091426153015,,32.21388478893121,31.134525082468198,30.64632063002852,28.866560171705107,26.17956228365702,29.718169626887462,"rgba(239, 83, 80, 1.0)",3.184315524361711,27.29491325011964,-1.854337757657745,2,0.19937558228078564,0.3987511645615713,0.0,0.0,0.0,0.0,24.00000417687599,-18.85462582435752,False,True,False,True,False,0.0
2025-01-03 00:00:00+00:00,22.485109478,22.4945490705,20.9370162981,21.3334791856,14047420,30.836071196117526,,32.0966254781156,31.005173065430867,30.51352331653216,28.714335651545422,25.95403644712725,29.565881610552037,"rgba(239, 83, 80, 1.0)",3.2802526629850677,27.092655733164257,-1.4046315112114987,2,0.19450026154938607,0.38900052309877214,0.0,0.0,0.0,0.0,24.855213354277325,-18.85462582435752,False,True,False,True,False,0.0
2025-01-10 00:00:00+00:00,21.6733045178,22.8249348101,21.626106555,22.7494180696,13551450,30.714203138350094,,31.986779183420836,30.884732863539238,30.390219415084925,28.575166871773888,25.761662575917327,29.427584586542874,"rgba(239, 83, 80, 1.0)",3.408104035406348,26.9147306496676,-1.5379302032494049,2,0.18908058004541412,0.37816116009082823,0.0,0.0,0.0,0.0,24.92495022657969,-18.85462582435752,False,True,False,True,False,0.0
2025-01-17 00:00:00+00:00,21.8526567764,21.9375187136,20.6443889288,21.7016232955,18855746,30.539491709168338,,31.829436561693317,30.712098758958437,30.213324765658584,28.375025897618706,25.48738085195894,28.58354425237742,"rgba(239, 83, 80, 1.0)",3.5135204101169033,25.195651686639557,-0.9514659145322364,2,0.18460030008133024,0.3692006001626605,0.0,0.0,0.0,0.0,25.324380985568116,-18.85462582435752,False,True,False,True,False,0.0
2025-01-24 00:00:00+00:00,22.2113612937,22.2727186454,21.5977877773,21.711062888,11257165,30.444434118645574,,31.74259181861892,30.617972780181482,30.117455204709362,28.26992276548741,25.35997754494098,28.505921937812854,"rgba(239, 83, 80, 1.0)",3.6161104961158714,25.151031943322064,-0.812937174563558,2,0.1805177538070622,0.3610355076141244,0.0,0.0,0.0,0.0,26.32170564172153,-18.85462582435752,False,True,False,True,False,0.0
2025-01-31 00:00:00+00:00,22.4567907003,23.0703642167,22.2774384416,22.3812739598,15485103,30.32577909477414,,31.63252837764643,30.5002151611294,29.998294272338732,28.143693211637157,25.226998037371807,28.41866457085736,"rgba(239, 83, 80, 1.0)",3.6937160936778377,25.12291065631946,-0.7217988303385815,2,0.17708975944331484,0.3541795188866297,0.0,0.0,0.0,0.0,27.526190361257996,-18.85462582435752,False,True,False,True,False,0.0
2025-02-07 00:00:00+00:00,20.8992579279,23.6461793628,20.767103632,21.9848110723,27402670,30.102714609027387,,31.426787838720834,30.279046381342564,29.77376213873382,27.902076186715263,24.95533037913258,28.194838687247096,"rgba(239, 83, 80, 1.0)",3.8082750520819606,23.715233419921507,-0.7394359528947446,2,0.1723616440984634,0.3447232881969268,0.0,0.0,0.0,0.0,27.153905366284572,-18.85462582435752,False,True,False,True,False,0.0
2025-02-14 00:00:00+00:00,22.485109478,22.5511866259,20.9653350758,21.0125330386,15270051,29.98667719691454,,31.31846117431191,30.16379352341563,29.657320849134443,27.77997309524121,24.83133631929863,28.086827714645494,"rgba(239, 83, 80, 0.75)",3.878161633876715,23.67426418073226,-0.30662845311672815,2,0.1696438574843714,0.3392877149687428,0.0,0.0,0.0,0.0,29.702859842822708,-18.85462582435752,False,True,False,True,True,0.0
2025-02-21 00:00:00+00:00,22.6267033664,22.7588576622,21.829057795,22.3151968119,9213831,29.921719283929708,,31.257078201430282,30.099158491818372,29.592355363960664,27.713696542799802,24.77141400869641,28.03132656471251,"rgba(239, 83, 80, 0.75)",3.9254075301058586,23.67734491480593,-0.2676515853062508,2,0.16743659925171644,0.3348731985034329,0.0,0.0,0.0,0.0,31.75391921230267,-24.364007248540997,False,True,False,True,True,0.0
2025-02-28 00:00:00+00:00,21.8243379988,23.0184464576,21.7205024806,22.6078241812,11634711,29.83894349293321,,31.1788929180355,30.016803374970845,29.50953640803389,27.628976814694408,24.69328217477112,27.957436454153026,"rgba(239, 83, 80, 0.75)",3.9979460632655206,23.651673615788503,-0.45706860174495095,2,0.16508300722832203,0.33016601445664406,0.0,0.0,0.0,0.0,32.46937109041005,-23.530431009377622,False,True,False,True,True,0.0
2025-03-07 00:00:00+00:00,23.4101895488,23.7311356959,21.8762557578,21.9092943318,13064559,29.757797120475335,,31.10053390091442,29.935799456417826,29.42886751123604,27.550734824209922,24.63786373849855,27.896435097409974,"rgba(239, 83, 80, 0.75)",4.0445360055542485,23.689021493716456,-0.06894040367882648,2,0.1646457071594556,0.3292914143189112,0.0,0.0,0.0,0.0,35.439485872185614,-20.53855850798773,False,True,False,True,True,0.0
2025-03-14 00:00:00+00:00,22.8324864842,23.9482463248,22.6962892917,23.5801022149,16647356,29.659431215627073,,31.004685090623965,29.83747603226694,29.33131348799775,27.458025201452227,24.578461543812264,27.46501660111655,"rgba(239, 83, 80, 0.5)",4.105096658775515,23.07776241279968,-0.05974912383009279,2,0.16442052284614353,0.32884104569228706,0.0,1.0,23.948246,188.0,36.96561938689058,-18.985820222348263,False,False,False,True,True,0.0
2025-03-21 00:00:00+00:00,22.0834019255,23.3286333997,22.0055749583,22.7352027753,12257202,29.581407435043353,,30.9295323340384,29.75963057572916,29.253629220725106,27.38172162470192,24.517968212685552,27.380877937009586,"rgba(239, 83, 80, 0.5)",4.173859350768777,22.99852387611481,-0.2192507877502523,2,0.16395065659797106,0.3279013131959421,0.0,0.0,0.0,0.0,37.318566342975004,-18.538814531283624,False,False,False,True,True,0.0
2025-03-28 00:00:00+00:00,22.3460679396,22.6379190663,21.8401926532,22.0250317001,11451843,29.508039378889755,,30.858889435602872,29.686438064396906,29.180551329783125,27.30972362236635,24.459337813052034,27.30831479927642,"rgba(239, 83, 80, 0.5)",4.23811742710155,22.940171135828717,-0.14018091911035674,2,0.1640828069085802,0.3281656138171604,0.0,0.0,0.0,0.0,37.9806053419937,-17.74944549489424,False,False,False,True,True,0.0
2025-04-04 00:00:00+00:00,22.0931302964,22.7060176626,21.0327378691,22.1806856344,18831974,29.385168018875056,,30.740814167527525,29.56390519314681,29.058050621844014,27.1881460688328,24.355681888794567,27.18637973107652,"rgba(239, 83, 80, 0.5)",4.305057904910533,22.832077538519417,-0.17164629569245618,2,0.16430344473096614,0.3286068894619323,0.0,0.0,0.0,0.0,38.188572563567526,-17.365832376561933,False,False,False,True,True,0.0
2025-04-11 00:00:00+00:00,20.7798002259,21.9763898457,19.7291361695,21.4316010757,26962418,29.190685532718017,20.828442080366667,30.556345184937413,29.370356195083602,28.86331444419447,26.988317784028347,24.159168052927164,26.528929504189673,"rgba(239, 83, 80, 0.5)",4.366739434504702,21.716963747802406,-0.21461402402378596,2,0.1634988840757403,0.3269977681514806,0.0,0.0,0.0,0.0,37.06355430681674,-17.365832376561933,False,False,False,True,True,0.0
2025-04-18 00:00:00+00:00,21.4413294466,21.5191564137,20.6290104771,20.954910902,16039312,29.084040303472943,20.96572437633961,30.45386028577381,29.26402220115067,28.756890666893753,26.882045698185138,24.06412770949215,26.44389471397471,"rgba(239, 83, 80, 0.5)",4.422127859125362,21.687529376271705,-0.055674538935741896,2,0.16316155369253663,0.32632310738507325,0.0,0.0,0.0,0.0,37.359122602393626,-17.365832376561933,False,False,False,True,True,0.0
2025-04-25 00:00:00+00:00,21.0619229818,21.947204733,20.7798002259,21.4705145593,11952975,29.007051600464184,21.030378367113496,30.379471179778722,29.18719906404053,28.68016279706639,26.806247195518644,23.998725645523592,26.383025173741807,"rgba(239, 83, 80, 0.5)",4.468388774093721,21.668624861076534,-0.1357764308231185,2,0.1621223280647729,0.3242446561295458,0.0,0.0,0.0,0.0,37.19245340575342,-17.365832376561933,False,False,False,True,True,0.0
2025-05-02 00:00:00+00:00,20.8673555639,21.6553536062,20.5511835099,21.0716513527,17556128,28.893285116956722,21.028986804209215,30.269568382455407,29.073686762899296,28.56674268055272,26.693921871182642,23.900116159677456,26.2843137413761,"rgba(239, 83, 80, 0.5)",4.509957192031041,21.60844180974083,-0.16432223506473861,2,0.16128286904407743,0.32256573808815486,0.0,0.0,0.0,0.0,36.876781246563155,-17.365832376561933,False,False,False,True,True,0.0
2025-05-09 00:00:00+00:00,22.0931302964,22.4433516485,20.4684923574,20.8868123057,24686482,28.75133746685181,21.191367885631564,30.12978734072221,28.931655999263793,28.425962953336448,26.56028035735527,23.80069977994745,26.19044392821748,"rgba(239, 83, 80, 0.5)",4.511680687156197,21.59126452129449,0.11123698903032152,2,0.16142321122823824,0.3228464224564765,0.0,0.0,0.0,0.0,38.6991698925587,-15.910598423888608,False,False,False,True,True,0.0
2025-05-16 00:00:00+00:00,20.9743676438,22.0882661109,20.6437003171,22.0736735546,17554971,28.647778285633322,21.198110819127404,30.028173789544326,28.828101067568994,28.323105806092983,26.461455781992033,23.721935006152027,26.10814379868415,"rgba(239, 83, 80, 0.5)",4.524128785449734,21.526492400477903,-0.12204001761700871,2,0.1613359995487782,0.3226719990975564,0.0,0.0,0.0,0.0,38.77949094816476,-15.64863126424163,False,False,False,True,True,0.0
2025-05-23 00:00:00+00:00,20.9451825311,21.4121443339,20.6241462916,20.9257257893,11667174,28.578323766150728,21.17925735015529,29.96009447906973,28.758663923978258,28.25408310718831,26.39483657427085,23.667377335421477,26.04978555453098,"rgba(239, 83, 80, 0.5)",4.548800234275581,21.476182572671952,-0.11673408684136641,2,0.1609094812665236,0.3218189625330472,0.0,0.0,0.0,0.0,38.80618360532382,-15.415136153795771,False,False,False,True,True,0.0
2025-05-30 00:00:00+00:00,21.2078485452,21.314860625,20.5219983973,20.9451825311,10849037,28.515037530290577,21.166267540801137,29.89784999449825,28.695363626446333,28.1912398194304,26.33456537145501,23.61895244293758,25.997660360275255,"rgba(239, 83, 80, 0.5)",4.561144385906394,21.44231341237258,-0.05140483337845201,1,0.21581562334278345,0.21581562334278345,0.0,0.0,0.0,0.0,39.27716539190456,-14.745619934134709,False,False,False,True,True,0.0
2025-06-06 00:00:00+00:00,21.1883918034,21.85060201,20.998688571,21.3051322541,14413691,28.43621670325237,21.18333666512832,29.819513491746427,28.616404433687208,28.113190574488943,26.261403392748296,23.565124981894908,25.939196682458636,"rgba(239, 83, 80, 0.5)",4.55831795404224,21.439393163160112,-0.05506446945797845,1,0.21605507692937778,0.21605507692937778,0.0,0.0,0.0,0.0,39.58989285153666,-14.235135811404767,False,False,False,True,True,0.0
2025-06-13 00:00:00+00:00,22.1806856344,22.4044381649,21.1592066907,21.1981201743,15216289,28.361393021312495,21.250022743605207,29.743805771735687,28.54124861643217,28.039469582783607,26.195133832066045,23.524873777027732,25.89389063659043,"rgba(239, 83, 80, 0.5)",4.506457404116506,21.488725568687382,0.15354856457325747,1,0.2168409613502011,0.2168409613502011,0.0,0.0,0.0,0.0,41.52899817423581,-12.190901792997977,True,False,False,True,True,0.0
2025-06-20 00:00:00+00:00,21.4240330201,22.3516512163,21.364823348,22.3516512163,16031924,28.281989850762326,21.29064186782115,29.663582356312862,28.46151615732511,27.961179621331866,26.124281531284463,23.47949334236918,25.841320007618112,"rgba(239, 83, 80, 0.5)",4.457120507474364,21.511909750702564,-0.019716032011070413,1,0.21744986661664475,0.21744986661664475,0.0,0.0,0.0,0.0,41.906730590191444,-11.695214023900725,True,False,False,True,True,0.0
2025-06-27 00:00:00+00:00,21.5128475283,21.9469531075,21.2957453972,21.335218512,18806304,28.189456789926947,21.318099496182956,29.57000893352696,28.36859304722257,27.869939576588397,26.041634936829333,23.425411561002612,25.77727308060775,"rgba(239, 83, 80, 0.5)",4.379879538239645,21.521545525854158,-0.001985898807996443,1,0.2175176119310835,0.2175176119310835,0.0,0.0,0.0,0.0,42.33117280430218,-11.14739354152993,True,False,False,True,True,0.0
2025-07-04 00:00:00+00:00,22.5490167899,22.6328971587,21.4437695775,21.5128475283,13748195,28.129646945303648,21.374912019034653,29.508197248382892,28.308333945589172,27.811328170946734,25.991284634574647,23.40053397662217,25.74436380598963,"rgba(239, 83, 80, 0.5)",4.299750576268346,21.566029213741896,0.2286150228302819,1,0.21782585670933813,0.21782585670933813,0.0,0.0,0.0,0.0,44.346298832247385,-9.093655632447742,True,False,False,True,True,0.0
2025-07-11 00:00:00+00:00,23.4963715435,23.8417612974,22.1641539213,22.3713877737,19704286,28.05953097015093,21.525090121572518,29.432797654975328,28.237253902934718,27.743429535489636,25.93910365975473,23.39389814681432,25.724298069225068,#000000,4.227402303443619,21.697710360336846,0.4254767003599291,1,0.2188583000301706,0.2188583000301706,0.0,0.0,0.0,0.0,47.144306334641406,-6.365352655334533,True,False,False,False,True,0.0
2025-07-18 00:00:00+00:00,23.3680839206,24.2710314201,23.3286108059,23.5062398222,13421426,28.01755224324444,21.640123924225595,29.38638294503152,28.194510593340716,27.703123280743778,25.91072326235941,23.398881938429362,25.71865135750078,#000000,4.188294383081047,21.80017913525414,0.37435400712985645,1,0.21920564984482946,0.21920564984482946,0.0,0.0,0.0,0.0,48.93487353892601,-4.671236200483989,True,False,False,False,True,0.0
2025-07-25 00:00:00+00:00,23.8812344121,24.3845166249,23.4272935927,23.4470301501,14159656,27.976530803145195,21.761774823045428,29.340249116866673,28.152628982994237,27.663942157906284,25.88466628404466,23.408694722907015,25.716064002603424,#000000,4.138370357754983,21.909002766400317,0.47657205015589643,1,0.22022823628177798,0.22022823628177798,0.0,0.0,0.0,0.0,50.93918725118712,-2.794033034719334,True,False,False,False,True,0.0
2025-08-01 00:00:00+00:00,23.2595328551,23.9009709695,22.9585503553,23.7825516253,11376551,27.939995384568714,21.828638231948375,29.300221691884026,28.115489323315735,27.62873729284026,25.85881425056467,23.408139589332713,25.70524554794169,#000000,4.091377254727532,21.967080649459497,0.3158966101566638,1,0.22112601697500253,0.22112601697500253,0.0,0.0,0.0,0.0,51.314805705642996,-2.4779436596855646,True,False,False,False,True,0.0
2025-08-08 00:00:00+00:00,24.0292585923,24.3203728135,22.4700705605,23.2496645764,18711753,27.884157650659976,21.942236306811736,29.23808981417419,28.058590064777842,27.575182943498437,25.82131997344426,23.413091177888226,25.692180904020784,#000000,4.0447086173320494,22.0669776966664,0.48514765370860036,1,0.22200678732400897,0.22200678732400897,0.0,0.0,0.0,0.0,52.68224126872147,-1.171604971562246,True,False,False,False,True,0.0
2025-08-15 00:00:00+00:00,25.2726617064,25.3220030998,23.9799171989,24.19701933,17924626,27.84726263430284,22.110416090818894,29.192778518507815,28.02036442320541,27.540965027019354,25.806201896120285,23.44682900811152,25.70603242325894,"rgba(38, 166, 154, 1.0)",3.996630110316235,22.22061874009243,0.7636540990945186,1,0.22389924145664516,0.22389924145664516,0.0,0.0,0.0,0.0,55.193998364058466,1.216229460240406,True,False,True,False,True,0.0
2025-08-22 00:00:00+00:00,25.1542423622,25.672326993,25.0900985507,25.3121348211,15466840,27.82079984667784,22.261891068632615,29.158385210215542,27.99267023239526,27.516933570830414,25.7995114851158,23.483533864585358,25.72424243058192,"rgba(38, 166, 154, 1.0)",3.966542081961761,23.11846217745204,0.513238015047381,1,0.22536449191373537,0.22536449191373537,0.0,0.0,0.0,0.0,56.771475819551625,2.674712967239955,True,False,True,False,True,0.0
2025-08-29 00:00:00+00:00,24.631223592,25.1641106409,24.3203728135,25.0950326901,16230437,27.787128819933432,22.377683219466068,29.11741984799758,27.95785166492041,27.485568341819185,25.78437832644943,23.50833629259026,25.72993412693437,"rgba(38, 166, 154, 1.0)",3.945236091711184,23.126366529806294,0.38143650397890366,1,0.2259939118326989,0.2259939118326989,0.0,0.0,0.0,0.0,56.94158070885703,2.808422423163421,True,False,True,False,True,0.0
2025-09-05 00:00:00+00:00,24.3943849036,24.6444401776,23.9799171989,24.4831994118,8987947,27.76661866892769,22.42785396030733,29.093203728913572,27.93675346694889,27.466253439484728,25.77339770831429,23.517577586052578,25.72874437597779,"rgba(38, 166, 154, 1.0)",3.920456962066204,23.126090861386434,0.3235066867167276,1,0.22628408497634384,0.22628408497634384,0.0,0.0,0.0,0.0,56.63595955188103,2.808422423163421,True,False,True,False,True,0.0
2025-09-12 00:00:00+00:00,23.8417612974,24.4042531823,23.5555812156,24.4042531823,12824862,27.73435672799485,22.480872743730497,29.056158721947664,27.903723247789483,27.435576779081245,25.75366280214249,23.524078200397167,25.720752510569234,"rgba(38, 166, 154, 1.0)",3.9089803415607123,23.108213448575214,0.18765708310825355,1,0.22663287175627128,0.22663287175627128,0.0,0.0,0.0,0.0,55.44128251333395,2.808422423163421,True,False,True,False,True,0.0
2025-09-19 00:00:00+00:00,23.22,23.95,22.96,23.86,17676411,27.684380002789325,22.52232739775252,29.000503012516912,27.852815498151575,27.38756774222502,25.719027200292732,23.520972313787084,25.69856411449789,#000000,3.9081365049541423,23.057263354247116,0.04164047124418252,1,0.22645678977441283,0.22645678977441283,0.0,0.0,0.0,0.0,53.558814137003544,2.808422423163421,True,False,False,False,False,0.0
2025-09-26 00:00:00+00:00,23.1,23.515,22.87,23.22,13304370,27.645674029077405,22.543846659809752,28.957753092882704,27.81344353453107,27.350278471023742,25.691284457637312,23.5153633155936,25.678887793035635,#000000,3.902965253265364,23.181954892667065,-0.020998109731696173,1,0.2262016017379642,0.2262016017379642,0.0,0.0,0.0,0.0,52.01877289066954,6.18684561255877,True,False,False,False,False,0.0
2025-10-03 00:00:00+00:00,23.36,23.53,23.05,23.15,11260955,27.614517584566073,22.565161317532596,28.9229893809789,27.781701285062457,27.32035122462933,25.669648717226956,23.51272870017763,25.664190861941588,#000000,3.8940433613772503,23.18403159908415,0.045189122098941485,1,0.22760476638733287,0.22760476638733287,0.0,0.0,0.0,0.0,51.384908797937584,5.554041098896391,True,False,False,False,False,0.0
2025-10-10 00:00:00+00:00,23.9,23.95,22.905,23.28,15248482,27.57565595876456,22.60203092414065,28.878839554437274,27.74199625102493,27.283226875295945,25.644277857956915,23.513982755253668,25.64871456935713,#000000,3.8693986949944676,23.21895172947705,0.17600881279149772,1,0.22859167884680073,0.22859167884680073,0.0,0.0,0.0,0.0,51.87107039459066,5.554041098896391,True,False,False,False,False,0.0
2025-10-17 00:00:00+00:00,24.2,24.34,23.65,23.69,5258173,27.56401393029217,22.62002397100862,28.86514447264826,27.730033771578096,27.2722294423391,25.637670795947116,23.517250271159355,25.645956308941955,#000000,3.83719627360426,23.248934540426454,0.24785426435333577,1,0.23032653687373464,0.23032653687373464,0.0,0.0,0.0,0.0,52.72103601038775,5.554041098896391,True,False,False,False,False,0.0
