date,Close,High,Low,Open,Volume,aVWAP_BoS_CHoCH_bull_45,aVWAP_BoS_CHoCH_bull_83,aVWAP_BoS_CHoCH_bull_118,aVWAP_BoS_CHoCH_bull_165,aVWAP_BoS_CHoCH_bear_28,aVWAP_BoS_CHoCH_bear_51,aVWAP_BoS_CHoCH_bear_64,aVWAP_BoS_CHoCH_bear_113,Peaks_Valleys_avg,color,StDev,StDev_Mean,StdDev_ZScore,MA_Cross_Count,MA_Avg_Deviation_Z,MA_Oscillation_Score,BoS,CHoCH,BoS_CHoCH_Price,BoS_CHoCH_Break_Index,QQEMOD,QQE1_Value,QQE1_Above_Upper,QQE1_Below_Lower,QQE2_Above_Threshold,QQE2_Below_Threshold,QQE2_Above_TL,banker_RSI
2021-12-31 00:00:00+00:00,89.3439256125,89.9079236575,88.0539459661,88.3154585891,2442102,,,,,,,,,,#000000,,,,0,,,0.0,0.0,0.0,0.0,,,False,False,False,False,False,
2022-01-07 00:00:00+00:00,93.8724981509,94.0798503734,89.6093364572,89.6093364572,3203618,,,,,,,,,,"rgba(38, 166, 154, 0.5)",,,,0,,,0.0,0.0,0.0,0.0,100.0,,False,False,True,False,False,
2022-01-14 00:00:00+00:00,97.8951312666,98.4093647783,92.6781493496,93.9305567732,2824165,,,,,,,,,,"rgba(38, 166, 154, 0.5)",,,,0,,,0.0,0.0,0.0,0.0,100.0,50.0,False,False,True,False,True,
2022-01-21 00:00:00+00:00,94.5609075295,99.6368899352,93.8476158842,99.089480068,4610323,,,,,,,,,,"rgba(38, 166, 154, 0.5)",,,,0,,,0.0,0.0,0.0,0.0,91.36602883144893,41.83819912972906,False,False,True,False,False,
2022-01-28 00:00:00+00:00,93.7729690842,97.0906046435,90.9529788587,92.3380917047,5498724,,,,,,,,,,"rgba(38, 166, 154, 0.5)",,,,0,,,0.0,0.0,0.0,0.0,83.78184209394003,35.02290032813778,False,False,True,False,False,
2022-02-04 00:00:00+00:00,97.2980996198,98.2355899121,93.0626524065,93.4142112661,6889573,,,,,,,,,,"rgba(38, 166, 154, 0.5)",,,,0,,,0.0,0.0,0.0,0.0,80.9187178747527,32.88564150571486,False,False,True,False,False,
2022-02-11 00:00:00+00:00,98.9135962842,101.1694323,97.3818041102,98.0179582371,3993230,,,,,,,,,,"rgba(38, 166, 154, 0.5)",,99.15494423146666,,0,,,0.0,0.0,0.0,0.0,79.70528731811709,32.26357794530921,False,False,True,False,False,
2022-02-18 00:00:00+00:00,96.0927549583,99.2567846948,95.9253459776,98.7210759563,3540917,,,,,,,,,,"rgba(38, 166, 154, 0.5)",,98.18522203256985,,0,,,0.0,0.0,0.0,0.0,75.0735439505006,28.297925108547943,False,False,True,False,False,
2022-02-25 00:00:00+00:00,95.7411960987,96.9967634544,90.7189266758,95.3812667901,5482101,,,,,,,,,,"rgba(38, 166, 154, 0.5)",,95.55633973756682,,0,,,0.0,0.0,0.0,0.0,71.35815728593202,25.24531825928949,False,False,True,False,False,
2022-03-04 00:00:00+00:00,96.1848298977,98.5285556284,93.9164382084,93.9164382084,5136671,,,,,,,,,,"rgba(38, 166, 154, 0.5)",,95.91438079606978,,0,,,0.0,0.0,0.0,0.0,69.02335870446134,23.484907881131093,False,False,True,False,False,
2022-03-11 00:00:00+00:00,96.670315942,97.6915107246,91.9075304392,94.9041511949,4498089,,,,,,,,,,"rgba(38, 166, 154, 0.5)",,95.82194078625503,,0,,,0.0,0.0,0.0,0.0,67.70660475848396,22.610218178849863,False,False,True,False,False,
2022-03-18 00:00:00+00:00,101.500065037,101.7428080591,96.1161922156,96.896318066,4276368,,,,,,,,,,"rgba(38, 166, 154, 0.5)",,96.58837382146753,,0,,,0.0,0.0,0.0,0.0,69.43342092612998,22.610218178849863,False,False,True,False,False,
2022-03-25 00:00:00+00:00,100.2444976813,102.7640028417,98.5452965265,102.0274033264,4262915,,,,,,,,,100.51793234983334,"rgba(38, 166, 154, 0.5)",,98.31705843401204,,0,,,0.0,0.0,0.0,0.0,69.23195153263606,22.610218178849863,False,False,True,False,False,
2022-04-01 00:00:00+00:00,97.9258832977,100.8136882159,97.4906199477,99.8176047803,3824817,,,,,,,,,99.67872645317232,"rgba(38, 166, 154, 0.5)",,98.16507546872067,,0,,,0.0,0.0,0.0,0.0,66.75645246420889,22.422335495023106,False,False,True,False,False,
2022-04-08 00:00:00+00:00,96.5280183083,100.0687182515,94.9543738891,97.9426241958,3307312,,,,,,,,,98.95456782687505,"rgba(38, 166, 154, 0.5)",,97.90984866849185,,0,,,0.0,0.0,0.0,0.0,63.75551947963329,19.653476666229693,False,False,True,False,False,
2022-04-15 00:00:00+00:00,95.0297079305,96.9297998621,93.3556181228,96.243423041,2351355,,,,,,,,,98.29609706177068,"rgba(38, 166, 154, 0.5)",,97.59277443969813,,0,,,0.0,0.0,0.0,0.0,60.39659322406165,16.56376788473979,False,False,True,False,False,
2022-04-22 00:00:00+00:00,93.7741405747,99.5790469827,93.615102043,94.711630867,2902331,,,,,,,,,97.83587244564002,"rgba(38, 166, 154, 0.5)",,97.36207886733297,,0,,,0.0,0.0,0.0,0.0,57.05277100084244,13.512568463873613,False,False,True,False,False,
2022-04-29 00:00:00+00:00,89.6299312559,93.3305904802,89.4270721132,93.1212455498,6623557,,,,,,,,,95.83220631960793,#000000,,96.08906775918295,,0,,,0.0,0.0,0.0,0.0,52.110456940967346,8.963642201839619,False,False,False,False,False,
2022-05-06 00:00:00+00:00,88.4296813278,91.861297302,87.5132651502,89.4693344346,3949831,,,,,,,,,94.8797754819958,#000000,,95.40696722584629,,0,,,0.0,0.0,0.0,0.0,47.96809092771004,5.241918342953284,False,False,False,False,False,
2022-05-13 00:00:00+00:00,86.3503751142,87.5421725781,83.5695143651,87.3224085067,3721761,,,,,,,,,93.79019776951688,"rgba(239, 83, 80, 0.5)",,92.39802443618498,,0,,,0.0,0.0,0.0,0.0,44.03202838363001,1.7295098153297346,False,False,False,True,False,
2022-05-20 00:00:00+00:00,86.2573980071,89.4101671846,85.0486956146,86.2912078642,3573114,,,,,,,,,93.0775025797935,"rgba(239, 83, 80, 0.5)",,92.10161931273659,,0,,,0.0,0.0,0.0,0.0,41.178178754240555,-0.7641829534733091,False,False,False,True,False,
2022-05-27 00:00:00+00:00,90.7625614698,90.7794663984,86.4687096141,87.7365792566,3847848,,,,,,,,,92.70233558561632,"rgba(239, 83, 80, 0.5)",,92.1042831262785,,0,,,0.0,0.0,0.0,0.0,42.60348678539125,-0.7641829534733091,False,False,False,True,False,
2022-06-03 00:00:00+00:00,91.9459064695,93.2222285762,90.7118466842,91.5232832553,2531589,,,,,,,,,92.65638282102744,"rgba(239, 83, 80, 0.5)",,92.26118947189373,,0,,,0.0,0.0,0.0,0.0,44.378054131830716,-0.7641829534733091,False,False,False,True,False,
2022-06-10 00:00:00+00:00,86.9251426854,93.5434222189,86.6039490427,92.9855595763,2951363,,,,,,,,,92.41190131097524,"rgba(239, 83, 80, 0.5)",,90.85504573852067,,0,,,0.0,0.0,0.0,0.0,43.09707732400096,-0.7641829534733091,False,False,False,True,False,
2022-06-17 00:00:00+00:00,81.3127064016,85.7248927572,80.8900831874,84.8880987932,3485856,,,,,,,,,91.6924445393509,"rgba(239, 83, 80, 0.5)",,89.41974282595976,,0,,,0.0,0.0,0.0,0.0,40.135422177991266,-1.3244723057921277,False,False,False,True,False,
2022-06-24 00:00:00+00:00,80.7379388303,83.9498752578,78.9713737952,83.7639210436,2236394,,,,,,,,,91.21995922120335,"rgba(239, 83, 80, 0.5)",,88.77140504501384,,0,,,0.0,0.0,0.0,0.0,37.83926692530164,-3.578269732836226,False,False,False,True,False,
2022-07-01 00:00:00+00:00,81.9635461513,83.2483207223,79.6729283307,81.0929423302,2272279,,,,,,,,,90.79954971102518,"rgba(239, 83, 80, 0.5)",,88.31361146594061,,0,,,0.0,0.0,0.0,0.0,37.01932650455322,-4.455040441281703,False,False,False,True,False,
2022-07-08 00:00:00+00:00,82.3946218298,82.851054901,78.6924424739,80.459007509,2245148,,,,,,,,,90.40575485830709,"rgba(239, 83, 80, 0.5)",,87.918776370764,,0,,,0.0,0.0,0.0,0.0,36.7250251224868,-4.909970922005755,False,False,False,True,False,
2022-07-15 00:00:00+00:00,77.8049337242,82.132595437,76.4440869746,81.5747327943,3276889,,,,,,,,,84.26815411031893,"rgba(239, 83, 80, 0.5)",,84.03626155793887,,0,,,0.0,-1.0,76.444084,38.0,34.95446605901252,-6.837387377160837,False,False,False,True,False,
2022-07-22 00:00:00+00:00,82.0058084728,82.9609369367,78.6839900096,78.6839900096,2929082,,,,,,,,,84.63287801321377,"rgba(239, 83, 80, 0.5)",,84.08391848319383,,0,,,0.0,0.0,0.0,0.0,36.26093333838266,-6.837387377160837,False,False,False,True,False,
2022-07-29 00:00:00+00:00,85.1332202574,85.5558434716,82.2002151513,82.4284316869,3722064,,,,,,,,,85.30368610004095,"rgba(239, 83, 80, 0.5)",,84.48753270599737,,0,,,0.0,0.0,0.0,0.0,38.81214948112142,-6.837387377160837,False,False,False,True,False,
2022-08-05 00:00:00+00:00,84.572628742,85.290432199,83.2224746204,84.9229851912,3822694,,,,,,,,,85.55983251950866,"rgba(239, 83, 80, 0.5)",,84.66877018865642,,0,,,0.0,0.0,0.0,0.0,40.406332774844444,-6.837387377160837,False,False,False,True,True,
2022-08-12 00:00:00+00:00,88.7939966917,88.9990833937,83.7693724924,85.2306152443,2617378,,,,,,,,,85.91738144833315,"rgba(239, 83, 80, 0.5)",,84.98094359090106,,0,,,0.0,0.0,0.0,0.0,43.52721918388194,-14.203321552269642,False,False,False,True,True,
2022-08-19 00:00:00+00:00,88.0761932347,90.0672433,87.1447577964,87.6403839929,2219454,,,,,88.42939811036665,,,,86.22995080339285,"rgba(239, 83, 80, 0.5)",,85.20260460960183,,0,,,0.0,0.0,0.0,0.0,45.43049224272713,-12.245109606086537,False,False,False,True,True,
2022-08-26 00:00:00+00:00,84.1539100587,86.9994880491,83.9573686359,86.9738522114,3032658,,,,,86.4705253627717,,,,86.2463866948535,"rgba(239, 83, 80, 0.5)",,84.78918417216542,,0,,,0.0,0.0,0.0,0.0,45.139000218703856,-12.245109606086537,False,False,False,True,True,
2022-09-02 00:00:00+00:00,79.2147386519,84.0940931039,77.2578697036,83.7437366547,4252992,,,,,83.659856447847,,,,85.71593821700034,"rgba(239, 83, 80, 0.5)",,83.73867908491603,,0,,,0.0,0.0,0.0,0.0,43.2247621637697,-12.245109606086537,False,False,False,True,True,
2022-09-09 00:00:00+00:00,83.6070121867,83.7608272132,77.4202300093,79.6676384522,3066155,,,,,83.15648341042413,,,,85.50432443753527,"rgba(239, 83, 80, 0.5)",,83.49363876994705,,0,,,0.0,0.0,0.0,0.0,43.85480846473726,-12.245109606086537,False,False,False,True,True,
2022-09-16 00:00:00+00:00,81.6415979591,85.4015208293,80.9366124209,84.5469929042,4077059,,,,,83.03487608356576,,,,85.35291064462268,"rgba(239, 83, 80, 0.5)",,83.40546176199386,,0,,,0.0,0.0,0.0,0.0,43.63465107831753,-12.245109606086537,False,False,False,True,True,
2022-09-23 00:00:00+00:00,76.38625122,82.3423108576,75.531723295,80.7016172415,3267111,,,,,82.2231416923591,,,,84.95573751635999,"rgba(239, 83, 80, 0.5)",,82.92535897712621,,0,,,0.0,0.0,0.0,0.0,41.89114188498169,-12.245109606086537,False,False,False,True,True,
2022-09-30 00:00:00+00:00,74.8908273512,77.5569544773,74.5831972982,75.668447763,4232864,,,,,81.07569176868269,,,,84.3329775059056,"rgba(239, 83, 80, 0.5)",,82.18493113516044,,0,,,0.0,0.0,0.0,0.0,40.24040897072059,-12.245109606086537,False,False,False,True,False,
2022-10-07 00:00:00+00:00,73.3355865276,79.5223687049,73.1304998256,75.941896699,4432213,,,,,80.18458045473304,,,,83.7530630663418,"rgba(239, 83, 80, 0.5)",,81.54188502301884,,0,,,0.0,0.0,0.0,0.0,38.64425909950407,-12.245109606086537,False,False,False,True,False,
2022-10-14 00:00:00+00:00,73.4808562749,75.4462705025,69.7038428461,73.7286693731,3681005,,,,,79.35079193615462,,,,79.75656824955607,"rgba(239, 83, 80, 0.5)",,78.51669634090744,,0,,,0.0,0.0,0.0,0.0,37.57937148278637,-6.083837852488763,False,False,False,True,False,
2022-10-21 00:00:00+00:00,76.796424624,77.5740450358,74.3524747584,74.9848254229,3497894,,,,,79.04659819016979,,,,80.1003522471617,"rgba(239, 83, 80, 0.5)",,78.7103157557068,,0,,,0.0,0.0,0.0,0.0,38.48642582166518,-6.083837852488763,False,False,False,True,False,
2022-10-28 00:00:00+00:00,80.240172162,80.5990738905,76.0871664462,77.0527830016,4586210,,,,,79.03851292496354,,,,80.55393845469236,"rgba(239, 83, 80, 0.5)",,79.08314685349495,,0,,,0.0,0.0,0.0,0.0,40.67045091651761,-6.083837852488763,False,False,False,True,False,
2022-11-04 00:00:00+00:00,81.3640447276,81.3899650987,77.259985978,79.497778012,4881441,,,,,79.14279155985928,,,,80.8419653785116,"rgba(239, 83, 80, 0.5)",,79.36659322228442,,0,,,0.0,0.0,0.0,0.0,42.70383195517509,-6.083837852488763,False,False,False,True,True,
2022-11-11 00:00:00+00:00,86.5394788141,87.4380516772,80.836997183,81.6232484382,3467234,,,,,79.55544679310121,,,,82.25573479090704,#000000,,80.90190988582398,,0,,,1.0,0.0,87.43805,56.0,46.12170920137061,-9.92613513645881,False,False,False,False,True,
2022-11-18 00:00:00+00:00,85.3557818694,86.9714849982,83.947441709,86.2889152272,2258981,,,,,79.81566541052617,,,,82.51828856271979,#000000,,81.2274057584226,,0,,,0.0,0.0,0.0,0.0,48.074548628287616,-8.01976358823373,False,False,False,False,True,
2022-11-25 00:00:00+00:00,85.8223485483,86.2025139904,83.8437602248,84.8632948195,2502342,,,,,80.07190620217226,,,,82.72332760124107,#000000,,81.49493817195597,,0,,,0.0,0.0,0.0,0.0,49.64465296716133,-6.475877671632539,False,False,False,False,True,
2022-12-02 00:00:00+00:00,86.2629948562,86.5049183193,82.1675762302,84.6645719747,3945403,,,,,80.40915591142485,,,,82.93545749142689,#000000,,81.79143423991164,,0,,,0.0,0.0,0.0,0.0,50.93887130306605,-5.176877089293846,False,False,False,False,True,
2022-12-09 00:00:00+00:00,79.8606632067,86.513558443,79.2644946726,86.0642720115,3109605,,,,,80.48471972947242,,,,82.79167549974554,#000000,,81.68497816589375,,0,,,0.0,0.0,0.0,0.0,49.25483814899023,-5.176877089293846,False,False,False,False,True,0.0
2022-12-16 00:00:00+00:00,76.0676489097,79.9729848146,75.6270026018,79.2817749199,3962910,,,,,80.28420793951888,,,,82.21856723660727,#000000,,81.11819877040926,,0,,,0.0,0.0,0.0,0.0,46.808274759607,-5.176877089293846,False,False,False,False,False,0.0
2022-12-23 00:00:00+00:00,78.0203168621,78.7936079318,75.566521736,76.603336578,2835200,77.4601488433,,,,80.16525201462409,,,,81.92272114795101,"rgba(239, 83, 80, 0.5)",,80.00895381442768,,0,,,0.0,-1.0,75.56652,63.0,45.918229144231425,-5.176877089293846,False,False,False,True,False,0.0
2022-12-30 00:00:00+00:00,78.2795205726,78.8756891068,77.2772662253,78.0289569858,1621891,77.70905319030749,,,,80.11769705185684,,,,81.80120638288791,"rgba(239, 83, 80, 0.5)",,79.96872911736274,,0,,,0.0,0.0,0.0,0.0,45.397441210316174,-5.176877089293846,False,False,False,True,False,0.0
2023-01-06 00:00:00+00:00,82.1934966013,82.3317385802,78.1542387792,78.4091224279,2101539,78.72931510630615,,,,80.14063963694825,,,,81.77724840539231,#000000,,80.21762981595622,,0,,,0.0,0.0,0.0,0.0,46.68067319014267,-5.176877089293846,False,False,False,False,False,0.0
2023-01-13 00:00:00+00:00,84.63001148,84.7336929642,81.8651719013,82.5218213012,2776077,80.22033789832591,,,,80.2761301403901,,,,81.89820737090928,#000000,,80.72499586091664,,0,,,0.0,0.0,0.0,0.0,48.522888620385956,-5.176877089293846,False,False,False,False,False,0.0
2023-01-20 00:00:00+00:00,85.4076226115,85.9605905273,83.1093497117,84.984256551,1917521,81.00517574416546,,,,80.39133785443387,,,,82.00960727211466,#000000,,81.03900530833043,,0,,,0.0,0.0,0.0,0.0,50.12840309911243,-5.176877089293846,False,False,False,False,True,0.0
2023-01-27 00:00:00+00:00,87.5443251985,87.7801054259,85.0792979116,85.4335429826,5138022,82.82212913287378,,,,80.7986182518364,,,,82.42694602055305,#000000,,81.91376956887726,,0,,,0.0,0.0,0.0,0.0,52.05954487638812,-3.7534410781489598,False,False,False,False,True,0.9883387131779884
2023-02-03 00:00:00+00:00,87.8848966381,88.4350505022,85.6144203736,87.0989625466,2405052,83.39658460960607,,,,80.986728406595,,,,82.6125859728372,#000000,,82.2420487852213,,0,,,0.0,0.0,0.0,0.0,53.56358649836575,-2.222512382616962,False,False,False,False,True,1.2935882615369785
2023-02-10 00:00:00+00:00,88.5747721185,89.7624058569,86.7583911069,87.1862885568,1712421,83.81146946480887,,,,81.13540863266475,88.3651896941,,,83.88224857454448,"rgba(38, 166, 154, 0.5)",,84.2990586183346,,0,,,0.0,0.0,0.0,0.0,54.89995032077897,-0.8482377460365527,False,False,True,False,True,1.9166196297485953
2023-02-17 00:00:00+00:00,87.5967208046,89.0725303765,87.0311975627,88.5485743155,1396312,84.07210971263405,,,,81.24476213034752,88.15631325150086,,,83.92479866244555,"rgba(38, 166, 154, 0.5)",,84.38810132050939,,0,,,0.0,0.0,0.0,0.0,55.32844775235655,-0.32433286210761736,False,False,True,False,True,0.9874154115356149
2023-02-24 00:00:00+00:00,84.0774825946,87.0814973445,82.5929404217,87.0378343395,1848090,84.11193647596751,,,,81.31470961880133,86.82441064834101,,,83.69541420701047,#000000,,84.09794430078728,,0,,,0.0,0.0,0.0,0.0,53.883944945306844,-0.32433286210761736,False,False,False,False,True,0.0
2023-03-03 00:00:00+00:00,83.9464935793,85.0991969136,81.737145522,84.6712994638,2488032,84.06285334044233,,,,81.37723205477214,85.74491726367845,,,83.49955602393027,#000000,,83.8331323111048,,0,,,0.0,0.0,0.0,0.0,52.79019779043506,-0.32433286210761736,False,False,False,False,True,0.0
2023-03-10 00:00:00+00:00,77.0739365787,84.518478946,76.8119585482,84.1124129987,3188070,83.56508918477186,,,,81.31241571860379,83.86294648919399,,,83.01263192246901,#000000,,83.14057160284703,,0,,,0.0,0.0,0.0,0.0,49.21779107212917,4.738515208585191,False,False,False,False,False,0.0
2023-03-17 00:00:00+00:00,74.4454236725,78.1829769079,73.1529987219,75.7378486231,5549385,82.24751642070675,,,,80.97471626571578,80.91290574837653,,,82.03415674102108,"rgba(239, 83, 80, 1.0)",,81.73911609736464,,0,,,0.0,0.0,0.0,0.0,45.81369100572838,1.4654074185020534,False,True,False,True,False,0.0
2023-03-24 00:00:00+00:00,73.8341416013,76.5412479167,71.8257306933,75.0829035468,3059104,81.58960137028475,,,,80.76857785030748,79.82451302012596,,,80.33923972363934,"rgba(239, 83, 80, 1.0)",,79.38333667236125,,0,,,-1.0,0.0,71.82573,94.0,43.18909440537655,-1.0036736626619316,False,True,False,True,False,0.0
2023-03-31 00:00:00+00:00,77.8162076652,77.8336728672,74.3231672583,74.9693797335,2498246,81.28563793378434,,,,80.67077597419406,79.46059189911935,,,80.37883897743637,"rgba(239, 83, 80, 1.0)",,79.45115561424564,,0,,,0.0,0.0,0.0,0.0,43.346942310250625,-1.0036736626619316,False,True,False,True,False,0.0
2023-04-07 00:00:00+00:00,77.3970428164,79.7024494849,76.7682955431,78.5497461506,2208245,81.11361498560133,,,,80.61486076219627,79.32184641377863,,,80.42690804759872,"rgba(239, 83, 80, 1.0)",,79.53266294852695,,0,,,0.0,0.0,0.0,0.0,43.30344326052172,-1.0036736626619316,False,True,False,True,False,0.0
2023-04-14 00:00:00+00:00,79.4317388534,80.243870748,76.733365139,76.8468889523,2040602,81.00832999873376,,,,80.58102043735717,79.28110624308525,,,80.47817634955005,"rgba(239, 83, 80, 1.0)",,79.61865581213164,,0,,,0.0,0.0,0.0,0.0,44.26326577761216,-1.0036736626619316,False,True,False,True,False,0.0
2023-04-21 00:00:00+00:00,79.6849842829,80.7765594101,79.0824348127,79.3182150402,2016852,80.95832582616704,,,,80.56773426417698,79.32193151360389,,,80.55515072460331,"rgba(239, 83, 80, 0.5)",,79.31815035390223,,0,,,0.0,0.0,0.0,0.0,45.07192316819889,-1.0036736626619316,False,False,False,True,False,0.0
2023-04-28 00:00:00+00:00,79.681822274,79.8771015053,77.1437973869,79.6063908737,3340351,80.82126236106684,,,,80.51915589193965,79.27706510381493,,,80.55632897209335,"rgba(239, 83, 80, 0.5)",,79.22177300848519,,0,,,0.0,0.0,0.0,0.0,45.64808206975568,-1.0036736626619316,False,False,False,True,False,0.0
2023-05-05 00:00:00+00:00,77.7204779404,80.3179339497,74.4515707177,79.8143455398,5491177,80.49310746416106,,,,80.38096884180484,79.01166496879662,,,80.37937156562988,"rgba(239, 83, 80, 0.5)",,78.84826356340675,,0,,,0.0,0.0,0.0,0.0,45.158432235143394,-1.0036736626619316,False,False,False,True,False,0.0
2023-05-12 00:00:00+00:00,77.5349453683,78.8513431417,76.5100987795,78.3565896161,2930064,80.34996321525618,,,,80.31550596492761,78.91001954981228,,,80.30274036644688,"rgba(239, 83, 80, 0.5)",,78.75145828514137,,0,,,0.0,0.0,0.0,0.0,44.72403809106405,-1.0036736626619316,False,False,False,True,False,0.0
2023-05-19 00:00:00+00:00,77.1815499928,78.9980022225,76.7751453111,77.8618360905,2801980,80.22675047223137,,,,80.25618905791974,78.827185378575,,,80.23517793790285,"rgba(239, 83, 80, 0.5)",,78.67942423592564,,0,,,0.0,0.0,0.0,0.0,44.24450712479552,-1.0036736626619316,False,False,False,True,False,0.0
2023-05-26 00:00:00+00:00,74.4780753708,77.6586337497,72.4813914997,77.4200918713,4252403,79.87977170588385,,,,80.08021292790791,78.46803148073442,,,79.96812142845867,"rgba(239, 83, 80, 1.0)",,76.99280404972743,,0,,,0.0,0.0,0.0,0.0,42.67058583344041,-2.565173461948305,False,True,False,True,False,0.0
2023-06-02 00:00:00+00:00,76.7663104267,76.8458243862,72.923135719,74.7077823649,1932449,79.7548112278567,,,,80.01334326073697,78.35085390775414,,,79.87644442508953,"rgba(239, 83, 80, 1.0)",7.534880081214599,76.94752034916065,-0.024049476634994068,0,,,0.0,0.0,0.0,0.0,43.00340208921813,-2.565173461948305,False,True,False,True,False,0.0
2023-06-09 00:00:00+00:00,77.0136871895,78.4095989224,75.5647661503,76.863494155,2344046,79.66228797849172,,,,79.96070557173971,78.2887025578787,,,79.81874999169587,"rgba(239, 83, 80, 1.0)",7.576073753475556,77.05594352838145,-0.005577603948490944,0,,,0.0,0.0,0.0,0.0,43.39437175636084,-2.565173461948305,False,True,False,True,False,0.0
2023-06-16 00:00:00+00:00,79.6994920427,79.9291990368,76.4305848201,76.7839801955,1857562,79.63702375659727,,,,79.94332940661374,78.30265382210507,,,79.8157244276618,"rgba(239, 83, 80, 0.5)",7.527480908359241,77.24230104744103,0.3264293892170842,0,,,0.0,0.0,0.0,0.0,45.262716054130514,-2.565173461948305,False,False,False,True,False,0.0
2023-06-23 00:00:00+00:00,77.481936062,79.2047385172,77.3891697759,79.0722152514,1890690,79.59564342213986,,,,79.91707276290417,78.29309206021728,,,79.79601912930063,"rgba(239, 83, 80, 0.5)",7.414901151063177,77.33355277092028,0.02001149955430612,0,,,0.0,0.0,0.0,0.0,45.437937606149546,-2.565173461948305,False,False,False,True,True,0.0
2023-06-30 00:00:00+00:00,79.7878408866,80.1324013776,77.574702348,77.6674686341,2142767,79.58346662692901,,,,79.90558279495725,78.32587489519149,,,79.80348488245282,#000000,7.339957155796258,77.49921710412205,0.31180342526531624,0,,,0.0,0.0,0.0,0.0,46.84686889307056,-2.565173461948305,False,False,False,False,True,0.0
2023-07-07 00:00:00+00:00,79.2489129391,81.1925875039,78.3654245005,80.2119153371,2041109,79.58396078446309,,,,79.90123267875786,78.37001078605876,,,79.81952679561954,#000000,7.2781576151582925,77.65519422170176,0.21897282274829805,0,,,0.0,0.0,0.0,0.0,47.56017242582852,-6.43979130471719,True,False,False,False,True,0.0
2023-07-14 00:00:00+00:00,81.0777340069,82.1290852488,79.0192059451,79.0722152514,1666354,79.60823651876962,,,,79.91096440928452,78.43513150999247,,,79.85292737421143,#000000,7.120341803677449,77.82141387383598,0.45732637882386884,0,,,0.0,0.0,0.0,0.0,49.06745035907461,-4.87923278399942,True,False,False,False,True,0.0
2023-07-21 00:00:00+00:00,82.4736457398,83.2599504502,81.0688991225,81.0777340069,2163128,79.67868342540716,,,,79.94584804042324,78.56701146850062,,,79.92967203381511,#000000,6.901480350653708,78.10139724560271,0.6335232837087125,0,,,0.0,0.0,0.0,0.0,50.8632635050387,-3.079168295561715,True,False,False,False,True,0.0
2023-07-28 00:00:00+00:00,82.2568156908,83.4543179066,81.9435526767,82.5619945837,7491906,79.92012085058337,,,,80.07292616900442,78.99133709750961,,,80.17887637693563,#000000,6.748345523093878,78.86826749830554,0.5021302156059319,0,,,0.0,0.0,0.0,0.0,52.0067512888504,-1.933359568961471,True,False,False,False,True,0.0
2023-08-04 00:00:00+00:00,79.7888429622,83.5802213569,78.7962887126,82.5250735961,3157523,79.94754399862109,,,,80.08599425584268,79.06566727194196,80.72178434390001,,80.28543411509152,#000000,6.606993193568983,79.4019093427711,0.058564252768644506,0,,,0.0,1.0,83.58022,102.0,51.303666962912224,-1.933359568961471,True,False,False,False,True,0.0
2023-08-11 00:00:00+00:00,78.6263920393,80.2672362266,78.206121321,79.6725978699,1671884,79.93127821949177,,,,80.07488620208757,79.0649463673612,80.1372335319193,,80.19316060227273,#000000,6.452830910286826,79.25534096724351,-0.09746868261197861,0,,,0.0,0.0,0.0,0.0,50.14112893357108,-1.933359568961471,True,False,False,False,True,0.0
2023-08-18 00:00:00+00:00,74.7724201333,78.7068694108,74.4147429263,78.1435278097,2547245,79.82659982598955,,,,80.00985567576924,78.96334662594275,78.69640068326937,,79.91250046632487,#000000,6.3221221385956845,78.76977203265928,-0.6322800812334819,0,,,0.0,0.0,0.0,0.0,47.392391654154935,1.3676088073298516,True,False,False,False,False,0.0
2023-08-25 00:00:00+00:00,73.7977497441,75.4341229664,73.1181630507,75.11221348,2570545,79.67848154841917,,,,79.91724138212128,78.80819339421916,77.51291334148019,,79.63515774040296,"rgba(239, 83, 80, 0.5)",6.013823696378278,78.28963947307876,-0.7469274052187339,0,,,0.0,0.0,0.0,0.0,44.999628742718414,-0.8977244554946537,False,False,False,True,False,0.0
2023-09-01 00:00:00+00:00,76.9631930265,77.8395021837,72.9214405868,74.1822527417,3668094,79.54389558229866,,,,79.82930484385264,78.6815000258025,77.08054601567841,,79.4765992521639,"rgba(239, 83, 80, 0.5)",5.670549317660036,77.48325317844082,-0.09171248194970802,0,,,0.0,0.0,0.0,0.0,45.28207651857808,-0.8977244554946537,False,False,False,True,False,0.0
2023-09-08 00:00:00+00:00,74.8528975049,77.1688574205,74.7008846919,76.7396447721,1458621,79.48833781007697,,,,79.79251300354433,78.62844365854185,76.93478633036736,,79.4154956583927,"rgba(239, 83, 80, 0.5)",5.419251431064532,77.38048893808032,-0.46640969981416996,0,,,0.0,0.0,0.0,0.0,44.49202480004982,-1.3406410965139486,False,False,False,True,False,0.0
2023-09-15 00:00:00+00:00,79.1897336404,79.4043399646,75.0236883713,75.4520068267,2980676,79.44341268685832,,,,79.75917859730708,78.60295936404836,77.08961018559846,,79.40690951438049,#000000,5.143855751751636,77.59379482764034,0.3102611911728261,0,,,0.0,0.0,0.0,0.0,46.26835397108552,-1.3406410965139486,False,False,False,False,False,0.0
2023-09-22 00:00:00+00:00,76.6591674005,79.6636559397,76.6055158194,79.5831785681,2090953,79.40896339113895,,,,79.73371160296868,78.58077417518408,77.14702495034402,,79.39099299657808,#000000,4.925342565745709,77.485466730723,-0.16776484461602215,0,,,0.0,0.0,0.0,0.0,46.35187290897623,-1.3406410965139486,False,False,False,False,False,0.0
2023-09-29 00:00:00+00:00,75.4430648965,77.0973219791,74.5667557393,76.2210128219,2142204,79.3377084064156,,,,79.68461811888501,78.51421365900845,77.0081718575798,,79.3189365430037,"rgba(239, 83, 80, 0.5)",4.74916067436617,77.12961411675883,-0.35512574450514145,0,,,0.0,0.0,0.0,0.0,45.87381317192214,-1.3406410965139486,False,False,False,True,False,0.0
2023-10-06 00:00:00+00:00,72.474344078,75.111319287,70.1941518831,75.0675038291,3728905,79.11932838232987,,,,79.53741580392303,78.28510616443442,76.3753946519051,,79.0656619515788,"rgba(239, 83, 80, 1.0)",4.7432761715309075,76.16467210345634,-0.778012473236462,0,,,0.0,0.0,0.0,0.0,44.31180601725261,-1.5896162340609976,False,True,False,True,False,0.0
2023-10-13 00:00:00+00:00,72.018305639,74.1107173003,70.9184482274,72.0272475692,2571663,78.97144877966387,,,,79.43596181044491,78.1308175707427,76.01321426526555,,78.90328881800413,"rgba(239, 83, 80, 1.0)",4.765847245728176,75.74985181606809,-0.7829764540634029,0,,,0.0,0.0,0.0,0.0,43.01722428979331,-2.89669305596599,False,True,False,True,False,0.0
2023-10-20 00:00:00+00:00,69.3178427258,73.8156336045,69.2999588655,72.724718123,3344556,78.74603829198229,,,,79.28050123967893,77.89147414091272,75.46836463852918,,78.65608546431001,"rgba(239, 83, 80, 1.0)",4.892195238736767,75.14884490298114,-1.1918989109450953,0,,,0.0,0.0,0.0,0.0,41.07529431826321,-4.805835330335533,False,True,False,True,False,0.0
2023-10-27 00:00:00+00:00,67.6814695036,70.1852099529,67.4626126903,68.9333397283,8663953,78.05803298048909,68.44309738226666,,,78.7970484128788,77.15364949381241,73.96907030163017,,76.73715025367734,"rgba(239, 83, 80, 1.0)",5.057603502008154,71.67521467439629,-0.789651693575929,0,,,0.0,0.0,0.0,0.0,39.119901410330016,-6.693546957218224,False,True,False,True,False,0.0
2023-11-03 00:00:00+00:00,73.0343423948,73.5632463602,67.9185643846,68.2833257401,4277355,77.8489012693222,69.45524303250691,,,78.63992033933775,76.94397689170901,73.73423458986025,,76.69509232178245,"rgba(239, 83, 80, 1.0)",4.967128637829269,71.83074648576724,0.2423122082778926,0,,,0.0,0.0,0.0,0.0,40.756126558665805,-6.693546957218224,False,True,False,True,False,0.0
2023-11-10 00:00:00+00:00,70.9278455671,73.6361986313,70.0615373479,73.3626276147,2956632,77.71276500965732,69.84330337376998,,,78.53574437512036,76.80882898988773,73.59871433670247,,76.63562471794262,"rgba(239, 83, 80, 1.0)",4.869552088952236,71.87375166151192,-0.1942490966587959,0,,,0.0,0.0,0.0,0.0,41.10842858178547,-6.693546957218224,False,True,False,True,False,0.0
2023-11-17 00:00:00+00:00,74.4751497488,74.7487207654,70.4171796695,70.772821991,3558206,77.59885328810934,70.45968990850707,,,78.44337295978889,76.70375070173297,73.57205456498875,,76.63250937423126,"rgba(239, 83, 80, 0.75)",4.828748046574998,72.08118977691285,0.49577239251179767,0,,,0.0,0.0,0.0,0.0,43.06905730981272,-6.693546957218224,False,True,False,True,True,0.0
2023-11-24 00:00:00+00:00,74.4660307149,74.6484113927,72.9066759204,74.5025068505,2983597,77.52418369054557,70.9313468757776,,,78.37973502469006,76.63924104284862,73.59592355398867,,76.64358101920564,"rgba(239, 83, 80, 0.75)",4.857519785924752,72.27631873269266,0.4507880726605162,0,,,0.0,0.0,0.0,0.0,44.465615100089465,-9.902408408742367,False,True,False,True,True,0.0
2023-12-01 00:00:00+00:00,76.8005033898,76.9646459998,71.9127012268,73.9462457834,3929127,77.46294157400908,71.57126970512037,,,78.32126244544568,76.59607846162352,73.70577588149887,,76.69461019256448,#000000,4.863587952976693,72.59686310160119,0.8643084753152313,5,0.3844416984445441,1.9222084922227207,0.0,0.0,0.0,0.0,46.537435158946586,-7.9109565248251315,False,False,False,False,True,0.0
2023-12-08 00:00:00+00:00,79.5453325896,79.8006655384,75.8521238657,75.8521238657,3564499,77.48504506828063,72.38436798762605,,,78.32255453872831,76.64469412218783,73.97620327991791,,76.84267371843012,#000000,4.85367893671301,73.08808909267529,1.3303812594777138,5,0.3881398985224917,1.9406994926124586,0.0,0.0,0.0,0.0,49.16812874678767,-5.41615475644852,True,False,False,False,True,0.0
2023-12-15 00:00:00+00:00,84.3419444137,85.3176810396,79.2444044713,79.8827368434,3989780,77.62617698833503,73.62913459605184,,,78.4070026270759,76.82991640802491,74.52095729944233,,77.1577578254367,#000000,4.87580460243027,73.92237587642532,2.136994688442029,5,0.39592942427904815,1.9796471213952407,0.0,0.0,0.0,0.0,52.75535845688471,-2.057514415661842,True,False,False,False,True,2.7466568311072734
2023-12-22 00:00:00+00:00,89.5762698644,89.9045550843,84.478729922,84.5699202609,3517233,77.85605181653041,74.9778992460182,,,78.55809850808714,77.11075721509346,75.20366302243524,,77.56248346643994,"rgba(38, 166, 154, 1.0)",5.014798830068771,74.88471166816312,2.9296405886007215,5,0.39928222657602364,1.9964111328801182,0.0,0.0,0.0,0.0,56.809420970440996,1.6750289569396415,True,False,True,False,True,6.524852502422043
2023-12-29 00:00:00+00:00,90.2237212704,91.2997672689,89.5853888983,89.8680789488,1627422,77.98321514102265,75.61906234882099,,,78.64367533367248,77.26340996640107,75.5512853822372,,79.16974304082603,"rgba(38, 166, 154, 1.0)",5.159144647951424,79.06177270185707,2.1635269662336545,5,0.40171507975007953,2.0085753987503976,0.0,0.0,0.0,153.0,59.87288110950138,4.405017902562591,True,False,True,False,True,6.973828279817091
2024-01-05 00:00:00+00:00,89.0108897635,89.9775073554,88.0169150699,89.2571036784,2361910,78.1433588856593,76.38201120122305,,,78.75145836084518,77.45632760532474,75.98432405873513,,79.30620477735627,"rgba(38, 166, 154, 1.0)",5.234653741331983,79.32746499019233,1.8498692085111408,5,0.4083343161302945,2.0416715806514723,0.0,0.0,0.0,0.0,61.39709696166567,5.6759996804445265,True,False,True,False,True,5.959162167098377
2024-01-12 00:00:00+00:00,86.001608581,90.0322215587,85.4818236495,89.0108897635,2759583,78.29411307584292,77.05582937021276,,,78.8526015140307,77.6393701617915,76.38989583228674,,79.4055021447185,"rgba(38, 166, 154, 1.0)",5.255522586694763,79.50816018043622,1.2355476155697689,5,0.41870804384672977,2.093540219233649,0.0,0.0,0.0,0.0,60.924296431475184,5.6759996804445265,True,False,True,False,True,3.499084855895017
2024-01-19 00:00:00+00:00,87.3968207656,87.52448724,84.8708483791,85.60037109,1950699,78.39097488907173,77.45922567579217,,,78.91780736616184,77.75710291905028,76.64493629752836,,79.485578125073,"rgba(38, 166, 154, 1.0)",5.224981802722061,79.65666629626526,1.4813744356587708,5,0.425704938570293,2.128524692851465,0.0,0.0,0.0,0.0,61.04633513696358,5.6759996804445265,True,False,True,False,True,4.512405419721926
2024-01-26 00:00:00+00:00,88.2996051204,88.5731761369,86.9317500374,87.7798201888,3930441,78.61014885243344,78.28154322092905,,,79.06822076706077,78.01966799104078,77.18606466613296,,79.7580545050043,"rgba(38, 166, 154, 1.0)",5.229935238080575,80.17765226760189,1.5529738864948037,5,0.4322175927455575,2.1610879637277876,0.0,0.0,0.0,0.0,61.4312512280668,5.6759996804445265,True,False,True,False,True,5.1658679403675904
2024-02-02 00:00:00+00:00,86.2302023128,88.8963549253,85.5013924292,88.1029669506,5683902,78.8758343599247,79.15770740096588,,,79.2521295871398,78.33818791482382,77.81416708515391,,80.03885586080948,"rgba(38, 166, 154, 1.0)",5.259709140493984,80.67880197983244,1.0554576659435166,5,0.44072600385559396,2.20363001927797,0.0,0.0,0.0,0.0,60.59898629542478,5.6759996804445265,True,False,True,False,True,3.4644313853833957
2024-02-09 00:00:00+00:00,85.4644906629,85.9995662737,83.8410897106,85.9995662737,2258111,78.95433442395267,79.38907549838834,,,79.3063614655001,78.43346623047042,77.99712372516977,,80.0987576247391,"rgba(38, 166, 154, 1.0)",5.302211353250407,80.7721730070784,0.8849737106283185,5,0.4508931854632066,2.254465927316033,0.0,0.0,0.0,0.0,59.60272085735374,5.6759996804445265,True,False,True,False,True,2.840657910087856
2024-02-16 00:00:00+00:00,86.8944341056,87.5771167814,82.724534518,85.4460397798,2931417,79.063486595586,79.69417330529805,,,79.38277747080735,78.56454128378572,78.24125624138449,,80.19999214166931,"rgba(38, 166, 154, 1.0)",5.348137401315379,80.93725112969418,1.113879941536403,5,0.47069497859699894,2.3534748929849947,0.0,0.0,0.0,0.0,59.453268054745976,5.6759996804445265,True,False,True,False,True,3.917481127019432
2024-02-23 00:00:00+00:00,87.5678913398,88.6011407952,86.7283761574,86.7283761574,3938748,79.24498088059306,80.17607354911111,,,79.5125251970239,78.77819780922712,78.6233193230232,,80.40907727271916,"rgba(38, 166, 154, 1.0)",5.419504520643299,81.29239042068096,1.1579473538983474,5,0.4899194496793278,2.449597248396639,0.0,0.0,0.0,0.0,59.611051229256304,5.6759996804445265,True,False,True,False,True,4.423627656786408
2024-03-01 00:00:00+00:00,83.7301076486,87.9138453986,81.6912850626,87.2265500019,5181913,79.38595549533541,80.49180559486177,,,79.61251858203197,78.9485807600286,78.91909014617436,,80.90259677369912,"rgba(38, 166, 154, 0.75)",5.422483304248579,82.76729550137748,0.17755926449199894,5,0.5083008967246213,2.5415044836231067,0.0,-1.0,81.691284,127.0,57.64276398622842,5.6759996804445265,True,False,True,False,False,1.2658051974570625
2024-03-08 00:00:00+00:00,86.7468270405,87.1435210278,83.5363733757,83.5917260251,3201523,79.49176304094252,80.72414816940162,,,79.6891662508639,79.07369303324903,79.12876822649244,,81.04547905520057,"rgba(38, 166, 154, 0.75)",5.445932908957475,82.99267135620855,0.6893503366735586,5,0.5236878101395023,2.6184390506975115,0.0,0.0,0.0,0.0,57.48965146123371,5.6759996804445265,True,False,True,False,False,3.544580527490915
2024-03-15 00:00:00+00:00,86.5807690923,88.1952213663,85.7689302346,86.2763295207,2178664,79.57331755044832,80.90099931333798,,,79.74892677094941,79.16899699662605,79.28539571216618,,81.1613845765587,"rgba(38, 166, 154, 0.75)",5.438281867791581,83.18015537835575,0.6253103087731641,5,0.5370849407613125,2.6854247038065626,0.0,0.0,0.0,0.0,57.29152221855012,5.6759996804445265,True,False,True,False,False,3.4084692158554155
2024-03-22 00:00:00+00:00,88.0937415091,89.5143672558,85.8888609749,86.6545726249,1774642,79.64723011568329,81.0602938095039,,,79.80351825266506,79.25464600370293,79.42435519223726,,81.27087523421456,"rgba(38, 166, 154, 0.75)",5.453177193611546,83.36078742130476,0.8679259667813364,5,0.546898498871272,2.7344924943563598,0.0,0.0,0.0,0.0,57.772485955109346,5.6759996804445265,True,False,True,False,False,4.543594363890179
2024-03-29 00:00:00+00:00,90.1141132119,90.3908764589,88.1998340871,88.2044468079,3372045,79.81311525535818,81.41627836027978,,,79.92723752576522,79.44481908666157,79.72834074458115,,81.5295811483245,"rgba(38, 166, 154, 0.75)",5.547817128849372,83.79756568023735,1.1385644813012634,5,0.5461318748321008,2.730659374160504,0.0,0.0,0.0,0.0,58.90482654656195,5.6759996804445265,True,False,True,False,False,6.033619925736129
2024-04-05 00:00:00+00:00,89.625164809,91.322646057,88.5181118211,90.0679860041,2742819,79.94741390360079,81.69293904133465,,,80.0281700542244,79.59815869590052,79.9685221328698,89.82197422903333,82.45508580189238,"rgba(38, 166, 154, 0.75)",5.643430966542474,86.42820095613317,0.566492949381375,5,0.5444357865355556,2.722178932677778,0.0,1.0,91.32265,153.0,59.41113600321118,5.6759996804445265,True,False,True,False,False,5.612620066091246
2024-04-12 00:00:00+00:00,85.8150574424,91.175038992,85.4368143382,89.9572807053,3438789,80.07196360723432,81.92210566664731,,,80.12221271555643,79.74144327876954,80.18599563952033,88.51672179080845,82.44546911109025,"rgba(38, 166, 154, 0.75)",5.673017634769341,86.18211389932372,-0.0647021533432346,5,0.5449089306879886,2.724544653439943,0.0,0.0,0.0,0.0,57.60138248800364,5.6759996804445265,True,False,True,False,False,2.4145539841473322
2024-04-19 00:00:00+00:00,85.0032185846,87.1342955863,83.3426391028,86.4239365857,3145323,80.1478111984078,82.03536826701931,,,80.17973458557174,79.83011677475876,80.31439003168683,87.38475098982369,82.36770532008123,"rgba(38, 166, 154, 0.75)",5.654890382220487,85.83613930099989,-0.1472921064957625,5,0.5459215609511123,2.7296078047555614,0.0,0.0,0.0,0.0,55.88712620678968,5.6759996804445265,True,False,True,False,False,1.7525150106152196
2024-04-26 00:00:00+00:00,84.8888231092,86.8483068977,84.20983061,85.6213231695,8572670,80.34957875445042,82.32088473335345,,,80.33474060782146,80.06433739797653,80.64311958842742,86.39379651860176,82.37239031516766,"rgba(38, 166, 154, 0.75)",5.650078942276378,85.50008225307926,-0.10818594751049264,5,0.5531927788481589,2.7659638942407945,0.0,0.0,0.0,0.0,54.6010384953058,8.680084014458089,True,False,True,False,False,1.6582538461844685
2024-05-03 00:00:00+00:00,85.1876287785,85.495772125,83.1799348112,85.159615747,3567477,80.41787100651925,82.40128968872088,,,80.3879079171268,80.14389095543152,80.74903236713372,86.09920535031911,82.36821348866233,#000000,5.642939535295828,85.9269322193079,-0.1310138866779731,5,0.5630059373206853,2.8150296866034266,0.0,0.0,0.0,0.0,53.84299048258429,7.8796406120634686,True,False,False,False,False,1.8975446778966898
2024-05-10 00:00:00+00:00,87.5407234241,88.0278700419,85.3090185817,85.6358372824,5110016,80.56431835581431,82.61862049028886,,,80.50262249488327,80.31016409070871,80.97716870848409,86.26455852779957,82.50389743486178,"rgba(38, 166, 154, 0.75)",5.661551095287417,86.33755936578552,0.21251491650688534,5,0.5622490207418841,2.8112451037094206,0.0,0.0,0.0,0.0,54.52177265340198,7.8796406120634686,True,False,True,False,False,3.765178124797991
2024-05-17 00:00:00+00:00,88.9133619674,89.1561415737,87.6341001958,87.7274769675,2814010,80.66179031720588,82.77083780508629,,,80.57941759119801,80.41963608486301,81.12768307992924,86.48508565196198,82.6179667063474,"rgba(38, 166, 154, 0.75)",5.736867696814847,86.60226632251194,0.40284973735252666,5,0.5562678145034033,2.781339072517017,0.0,0.0,0.0,0.0,55.664917396138705,7.8796406120634686,True,False,True,False,False,4.832236143207943
2024-05-24 00:00:00+00:00,89.1468038966,89.5296486603,87.6341001958,88.5865432667,3565534,80.78501009048767,82.95922391664162,,,80.67705834972602,80.55758656655813,81.31499011531584,86.73230737245015,82.758255923955,"rgba(38, 166, 154, 1.0)",5.785385574889735,86.85560338883701,0.39603246457893393,5,0.5502584576385969,2.7512922881929844,0.0,0.0,0.0,0.0,56.5940099766528,7.8796406120634686,True,False,True,False,True,5.014165354052871
2024-05-31 00:00:00+00:00,83.2080412195,90.0058701958,80.976336377,89.3242197627,6509203,80.89150267960565,83.05523543872516,,,80.76338383828286,80.67973933126571,81.46124653908818,86.40207527345058,82.76549919834552,#000000,5.778919028351349,85.99552270327946,-0.48235344189875096,5,0.5499386399393135,2.7496931996965674,0.0,0.0,0.0,0.0,53.79581498803516,7.743156961029435,True,False,False,False,False,0.0
2024-06-07 00:00:00+00:00,79.3329051959,83.5815483061,79.2208530699,82.6851312982,3675587,80.88880417476503,82.9856208077366,,,80.76277044023526,80.68026020928193,81.44354983106793,85.91726943231755,82.65575153235581,#000000,5.773046292300513,85.21492364976407,-1.018876024207341,5,0.5497541365169247,2.748770682584624,0.0,0.0,0.0,0.0,50.1162539116276,4.247620983534915,False,False,False,False,False,0.0
2024-06-14 00:00:00+00:00,78.0536434243,80.0052179518,77.5854522912,78.7539692117,2470282,80.8654212619297,82.89876148748505,,,80.74522195205795,80.65720848985274,81.3983193509436,85.5181632521376,82.54784888248322,#000000,5.783164001095234,84.65165378785431,-1.140899750085724,6,0.5593378577832568,3.356027146699541,0.0,0.0,0.0,0.0,46.99033805650899,1.3689952575998419,False,True,False,False,False,0.0
2024-06-21 00:00:00+00:00,78.2217216132,78.9664947439,77.8388768495,77.9602666526,2047829,80.84469860707168,82.82600785297751,,,80.72954133115562,80.63664587824942,81.35925127554489,85.20983444133921,82.46099414224146,"rgba(239, 83, 80, 1.0)",5.778256025900101,84.26100617629223,-1.0451742768098375,6,0.5585957134623618,3.351574280774171,0.0,0.0,0.0,0.0,44.86106049122678,-0.5229224544418898,False,True,False,True,False,0.0
2024-06-28 00:00:00+00:00,78.2964230306,79.6690615739,77.5680842117,78.7259561802,5283198,80.79627861918605,82.65529466078053,,,80.69281158481974,80.58902784433921,81.26831548174854,84.54137132429364,82.26459688137902,"rgba(239, 83, 80, 1.0)",5.764204030646435,81.89407556990741,-0.6241369181555418,6,0.5593794652288102,3.3562767913728613,0.0,0.0,0.0,0.0,43.38901069039332,-1.8048661606289542,False,True,False,True,False,0.0
2024-07-05 00:00:00+00:00,78.1750332274,79.8278020857,77.586759566,78.5065207668,2067696,80.77802152945277,82.59238891550646,,,80.6788858550998,80.57112968310692,81.23451780845788,84.31541477412351,82.19501519595889,"rgba(239, 83, 80, 1.0)",5.720958449906659,81.71212030480226,-0.6182682689226613,6,0.5597838305577821,3.358702983346693,0.0,0.0,0.0,0.0,42.28194777775359,-2.7809322657228392,False,True,False,True,False,0.0
2024-07-12 00:00:00+00:00,80.9016349597,81.144414566,77.8949029125,78.3897998022,9172478,80.75049917674814,82.42689569170429,,,80.65948811869188,80.54919475130579,81.16941505034885,83.69587938776948,82.0091655781809,"rgba(239, 83, 80, 1.0)",5.661196953140126,81.54215729351247,-0.11314256315657557,5,0.5725868684710601,2.8629343423553006,0.0,0.0,0.0,0.0,43.314310997856055,-2.7809322657228392,False,True,False,True,False,0.0
2024-07-19 00:00:00+00:00,81.1911029518,81.9661301565,80.4160757471,81.0977261801,3005962,80.75542530646034,82.40175873742518,,,80.66428216081576,80.55691096749422,81.16977781183735,83.58381823167568,81.97905053030426,"rgba(239, 83, 80, 1.0)",5.5868687276268405,80.98069825174409,0.03766057702689075,5,0.5777305682368775,2.8886528411843875,0.0,0.0,0.0,0.0,44.23501240537297,-2.7809322657228392,False,True,False,True,False,0.0
2024-07-26 00:00:00+00:00,81.5459346841,81.9101040935,80.0052179518,81.4432202352,7821772,80.76668598623361,82.33902420120877,,,80.67550439800945,80.57501335247639,81.16910941180153,83.33042190229692,81.90839661112842,"rgba(239, 83, 80, 0.75)",5.528497751451545,81.06360239882727,0.08724472848814913,4,0.6258814207103097,2.503525682841239,0.0,0.0,0.0,0.0,45.12689236746844,-2.7809322657228392,False,True,False,True,True,0.0
2024-08-02 00:00:00+00:00,76.405536274,81.8354026762,75.8471408027,81.7046751959,7720451,80.69237782123007,82.13530118487458,,,80.61694647071288,80.50101826229701,81.044962851866,82.83572775125415,81.71641537571836,"rgba(239, 83, 80, 0.75)",5.533575385810432,80.39447700648935,-0.7208613697968342,4,0.624029498242558,2.496117992970232,0.0,0.0,0.0,0.0,43.162647838596214,-2.7809322657228392,False,True,False,True,True,0.0
2024-08-09 00:00:00+00:00,77.1910756659,78.052329698,72.8564125155,73.4053436568,4768903,80.61554153018416,81.9621811910786,76.03327262646665,,80.55513553017508,80.42221586894527,80.92547602883708,82.46498204813747,81.09807254966192,"rgba(239, 83, 80, 0.75)",5.53105786074903,78.54451008904472,-0.24469720932578234,4,0.6235074813387755,2.494029925355102,0.0,0.0,0.0,0.0,42.29801867303205,-2.7809322657228392,False,True,False,True,True,0.0
2024-08-16 00:00:00+00:00,80.9294860249,80.976807675,76.6326801946,77.3235762862,3431405,80.60261170668502,81.91318384407573,77.4893550136971,,80.5451207982956,80.41082128257457,80.90165360576019,82.35358515582286,81.17849789661517,"rgba(239, 83, 80, 0.75)",5.517899808521965,78.92356557251145,0.36352969825413717,4,0.6235925281365895,2.494370112546358,0.0,0.0,0.0,0.0,43.983555807784576,-2.7809322657228392,False,True,False,True,True,0.0
2024-08-23 00:00:00+00:00,83.5511054412,83.6905150225,81.0525223152,81.2512732457,5697711,80.64390917278038,81.94056088990367,79.65207132632572,,80.57998166836768,80.45880545035673,80.95240669842703,82.37782727805694,81.38072077778678,#000000,5.484683528940141,79.79204068197033,0.6853749609060963,4,0.624844752567771,2.499379010271084,0.0,0.0,0.0,0.0,46.54738054509193,-2.7809322657228392,False,True,False,False,True,0.9047516811784071
2024-08-30 00:00:00+00:00,79.1407276506,84.3934308132,76.7841094749,83.9959289523,9096531,80.62799391672105,81.85099674240368,79.83167861107061,,80.56838951142865,80.44768805864354,80.91713267661245,82.18236916920863,81.32360212739728,#000000,5.430919092984557,79.87372776569025,-0.13496796813583709,5,0.5840600199076957,2.920300099538479,0.0,0.0,0.0,0.0,46.22894755321965,-2.7809322657228392,False,True,False,False,True,0.0
2024-09-06 00:00:00+00:00,77.9198290777,79.1123346605,77.3141119562,78.3741169187,2951550,80.6040982596559,81.79274235572986,79.63644280828831,,80.54907353323713,80.42407727505915,80.87974874909212,82.07191556144862,81.26069920549723,"rgba(239, 83, 80, 0.75)",5.430210660254819,79.75756899371909,-0.3384288439249705,6,0.5596646119891591,3.3579876719349544,0.0,0.0,0.0,0.0,45.47659941389011,-2.7809322657228392,False,True,False,True,True,0.0
2024-09-13 00:00:00+00:00,80.976807675,82.0841342877,77.3367496872,78.1848303183,4037734,80.59804222883996,81.75806496573004,79.7032523074568,,80.54463453748278,80.42009523453285,80.86635439445269,82.00244307711297,81.23928275887953,#000000,5.417250439533942,79.79172317385103,0.2187612543257154,6,0.5653515491783457,3.3921092950700746,0.0,0.0,0.0,0.0,46.516323546447445,-2.7809322657228392,False,True,False,False,True,0.0
2024-09-20 00:00:00+00:00,85.0937912349,85.2452205153,81.1660942755,81.4689528362,4813381,80.64685463103889,81.80852561699405,80.27478787299304,,80.58591438417913,80.47481292079313,80.92846798754206,82.07749703401083,81.32925694319209,#000000,5.439255762171429,80.1523808505197,0.9084717837220452,6,0.5654631064638619,3.392778638783171,0.0,0.0,0.0,0.0,49.05793659028173,-5.957331255174765,False,False,False,False,True,2.1536985264138515
2024-09-27 00:00:00+00:00,85.5859363961,86.7027273388,84.6584320539,85.2452205153,4348616,80.71408594959506,81.8910120349024,80.87179968997212,,80.64265753115436,80.54864558301705,81.01604398997979,82.2049307835631,81.44711113997681,#000000,5.466409181598561,80.55508372542084,0.9203212755485609,7,0.5852478932825337,4.096735252977735,0.0,0.0,0.0,0.0,51.07212222373429,-3.986370995569345,False,False,False,False,True,2.523446849599736
2024-10-04 00:00:00+00:00,86.7311203289,87.2516584801,84.9045046345,85.6048650562,5168741,80.80185223421392,82.00066012103038,81.50443700777511,,80.7169712719567,80.6444936366525,81.12995431886374,82.37136261048575,81.59013039897354,#000000,5.507061270252381,81.00865040623795,1.039114991070329,7,0.5819280566564776,4.073496396595344,0.0,0.0,0.0,0.0,52.98033840968601,-2.1365658525869478,True,False,False,False,True,3.386523592518966
2024-10-11 00:00:00+00:00,87.7059463212,87.9425545718,84.4123594733,86.4850477483,4906564,80.88840385926869,82.10884307497395,82.02105142787885,,80.79055163838554,80.73866483531431,81.2414814864113,82.53183524787585,81.72220417574148,"rgba(38, 166, 154, 1.0)",5.549401513992257,81.40039509502071,1.1362578847972122,7,0.580471745648892,4.063302219542244,0.0,0.0,0.0,0.0,54.74192332482312,-0.43608693817178334,True,False,True,False,True,4.119691189561664
2024-10-18 00:00:00+00:00,89.0214881944,89.267560775,87.4220164205,87.9330902418,4181877,80.9835030222958,82.23352266863746,82.53391354893138,,80.87142639702968,80.84132993592944,81.36473672569136,82.71733135604781,81.86697203269783,"rgba(38, 166, 154, 1.0)",5.609396368514679,81.79697369650593,1.2879308259343185,7,0.5759341616459404,4.0315391315215825,0.0,0.0,0.0,0.0,56.53207731106431,1.2902901305034078,True,False,True,False,True,5.105075506731804
2024-10-25 00:00:00+00:00,87.8005896215,89.0498811845,87.1475508499,88.9647022143,4972474,81.08527770004665,82.36284445527251,82.99946330394226,,80.95845715944566,80.95119097702931,81.49480920901176,82.90346479387946,82.01186941088143,"rgba(38, 166, 154, 1.0)",5.640569991980912,82.17640900108958,0.9970943767041631,7,0.5736907217377286,4.015835052164101,0.0,0.0,0.0,0.0,57.05522555623852,1.8179024282044338,True,False,True,False,True,4.064176412315625
2024-11-01 00:00:00+00:00,86.9396202712,88.6429149935,86.6139319625,87.7627323014,8545511,81.2388471046034,82.54975529422148,83.56124171056122,,81.0908204823525,81.11688635720206,81.68724764542542,83.16016102126079,82.21276423050269,"rgba(38, 166, 154, 1.0)",5.619208944485095,82.66820426401809,0.7601454313910221,7,0.5729597314077849,4.010718119854494,0.0,0.0,0.0,0.0,56.90011063960771,1.8179024282044338,True,False,True,False,True,3.3317425512351555
2024-11-08 00:00:00+00:00,88.9991198699,90.0994673997,85.885922802,87.0258318823,3702170,81.31277391307415,82.64119820925993,83.8111310810532,,81.15469171132598,81.19628857467367,81.77971777883349,83.2849234334046,82.30883706691593,"rgba(38, 166, 154, 1.0)",5.6571804457613,82.88961861510955,1.0799551673074261,6,0.571734887450821,3.430409324704926,0.0,0.0,0.0,0.0,57.72324444041895,2.6570835614327777,True,False,True,False,True,4.916462847032793
2024-11-15 00:00:00+00:00,89.2577547032,90.5317707341,89.0374361415,89.0374361415,2807760,81.37787070284554,82.72383219486822,84.0328222528806,,81.21090120419217,81.26595882919882,81.86153330087242,83.39862875565026,82.39509199304813,"rgba(38, 166, 154, 1.0)",5.697542591705354,83.08349523857981,1.0836706115385353,6,0.5684683077671017,3.4108098466026098,0.0,0.0,0.0,0.0,58.426249886864895,3.4730726685420663,True,False,True,False,True,5.114484270413502
2024-11-22 00:00:00+00:00,90.924512518,91.1831473514,87.926264265,89.5834430119,4351807,81.48160520067438,82.855366828196,84.36730800114692,,81.30066313754034,81.37678946848139,81.99142816360131,83.57790990444595,82.53086715121968,"rgba(38, 166, 154, 1.0)",5.787479610465308,83.37956624536884,1.3036670157745158,6,0.5612571823522997,3.367543094113798,0.0,0.0,0.0,0.0,59.66400021825133,4.807030037912476,True,False,True,False,True,6.389300029869638
2024-11-29 00:00:00+00:00,91.2406217588,91.8345239687,89.8899731847,91.2406217588,2338922,81.54260422503206,82.9335057631518,84.56059100477721,,81.35348119218693,81.44181376536879,82.06784395107887,83.6843403747735,82.61098629845287,"rgba(38, 166, 154, 1.0)",5.860505871984393,83.55040973287161,1.3122095931497548,6,0.5539168552923521,3.3235011317541128,0.0,0.0,0.0,0.0,60.68610499565602,5.922787132827118,True,False,True,False,True,6.630657236150444
2024-12-06 00:00:00+00:00,99.0379830303,100.2257874501,86.661827302,90.9819869255,6764452,81.79340395688405,83.26806769529543,85.3973638309145,,81.57010942117286,81.70792061443473,82.38529462881222,84.14792123796856,83.90368340161947,"rgba(38, 166, 154, 1.0)",6.168418065768349,87.21548399533776,1.9166176658114698,6,0.5291634638749843,3.1749807832499055,0.0,0.0,0.0,0.0,64.09706674197805,9.293341305847427,True,False,True,False,True,12.19186013971056
2024-12-13 00:00:00+00:00,94.8519303575,99.5360945612,94.4879257773,99.2008271847,2774471,81.90094181100275,83.41090126809219,85.73448864662697,,81.66324978190967,81.82181530902272,82.52071598927542,84.34336773243541,84.05906049511677,"rgba(38, 166, 154, 1.0)",6.321174658512262,87.51719487804846,1.160343745536977,6,0.5171623500523733,3.10297410031424,0.0,0.0,0.0,0.0,63.87687956766521,9.293341305847427,True,False,True,False,True,8.472389473690157
2024-12-20 00:00:00+00:00,92.476321518,94.8519303575,91.0586194687,94.7178234069,3953844,82.0148941914031,83.55531698114766,86.03271861582286,,81.76272247785148,81.9426008709994,82.66135161054896,84.53287581784446,84.12823693995966,"rgba(38, 166, 154, 1.0)",6.419605701930194,87.52527447321413,0.7712384957377119,6,0.5101963664597187,3.061178198758312,0.0,0.0,0.0,0.0,62.412823084871505,9.293341305847427,True,False,True,False,True,6.460082606225889
2024-12-27 00:00:00+00:00,92.964853981,93.3192794933,91.7387332896,91.997368123,1107319,82.04602742981136,83.59444829774152,86.11036010294256,,81.78996021164619,81.97558023167788,82.69958744140473,84.5836788451001,84.15161920875934,"rgba(38, 166, 154, 1.0)",6.526207135077877,87.5414913026773,0.831012955315582,6,0.5041265867636583,3.0247595205819495,0.0,0.0,0.0,0.0,61.551671241548334,9.293341305847427,True,False,True,False,True,6.805064187199655
2025-01-03 00:00:00+00:00,92.0165262588,93.7120212773,91.8632611724,92.5337959254,1413667,82.08497681407802,83.64313730078443,86.2047694925545,,81.8240800281602,82.01682864132387,82.74728209487796,84.64648716256073,84.18166541057177,"rgba(38, 166, 154, 0.75)",6.609532274875593,87.56405400174688,0.6736440752363105,6,0.49983335490055847,2.999000129403351,0.0,0.0,0.0,0.0,60.401105206277634,9.293341305847427,True,False,True,False,False,5.997526074438557
2025-01-10 00:00:00+00:00,93.3384376291,94.8327722217,92.0835797341,93.1947516106,2627707,82.16269932467897,83.74114407898179,86.39669283875959,,81.89213964600148,82.09905177562912,82.84265096880756,84.77348656877753,84.25971563753093,"rgba(38, 166, 154, 0.75)",6.70363563635889,87.66654480968337,0.8460920502083464,6,0.4944343095769402,2.966605857461641,0.0,0.0,0.0,0.0,60.125399632690005,9.293341305847427,True,False,True,False,False,6.952980036009851
2025-01-17 00:00:00+00:00,94.899825697,95.6278348575,92.4667424501,92.8594842341,2508092,82.24183468775871,83.84153008654292,86.59320619599147,,81.9614481077878,82.18267638938948,82.93982610110739,84.90376915372457,84.35123989900248,"rgba(38, 166, 154, 0.75)",6.814959985874736,87.80855505218562,1.0405447221278397,6,0.4862823290769611,2.9176939744617667,0.0,0.0,0.0,0.0,60.55294023618747,9.293341305847427,True,False,True,False,False,8.06996821594143
2025-01-24 00:00:00+00:00,96.7198485983,96.9593252958,95.5033069748,95.5416232464,1363234,82.29168252790558,83.90587197669227,86.72338660582612,,82.00502447261123,82.23528750517654,83.00139720960942,84.98827295067773,84.41963687556557,"rgba(38, 166, 154, 0.75)",6.907891609517916,87.93209952488884,1.2721318703529045,6,0.47441643080112234,2.846498584806734,0.0,0.0,0.0,0.0,61.549686927547185,9.293341305847427,True,False,True,False,False,9.351716552459994
2025-01-31 00:00:00+00:00,95.9217191219,97.6941014522,95.4985174409,95.9631022341,3778683,82.42781584887906,84.08050019957027,87.0659849243329,,82.12425905118317,82.3788714121417,83.16886970761507,85.21568355858108,84.5995880706553,"rgba(38, 166, 154, 0.75)",6.949734611584333,88.24523712762236,1.1045719618533214,6,0.4646822094392977,2.7880932566357863,0.0,0.0,0.0,0.0,61.73519209070568,9.293341305847427,True,False,True,False,False,8.635011813999498
2025-02-07 00:00:00+00:00,96.454402336,96.6287350242,90.0622037676,92.39632476,3093564,82.52169636977807,84.19730467251217,87.27265614634166,,82.20698351955068,82.47785952311744,83.28268918081389,85.36318789539588,84.70164977337453,"rgba(38, 166, 154, 0.75)",7.045393640612179,90.63017881461076,0.8266711298878073,5,0.3728790639131817,1.8643953195659084,0.0,0.0,0.0,0.0,62.08542607053387,9.293341305847427,True,False,True,False,False,9.016823446560611
2025-02-14 00:00:00+00:00,97.8684341405,98.3817470558,95.0306853821,96.2800696477,3820125,82.66165750428932,84.3753840772031,87.60371034492853,,82.33002231269238,82.62520473379479,83.45366305276744,85.59175161461438,84.8834389565416,"rgba(38, 166, 154, 1.0)",7.129205847038169,91.23622681127385,0.9302869732652621,5,0.3666769063923162,1.8333845319615811,0.0,0.0,0.0,0.0,62.90946389648792,9.293341305847427,True,False,True,False,True,10.029315600764008
2025-02-21 00:00:00+00:00,97.297010329,98.8563193737,96.8757063325,97.7037866016,2275772,82.74708153714134,84.48390768032932,87.8020019341949,,82.4052136507854,82.71505816722637,83.55778643680576,85.73041580733822,84.99437324302659,"rgba(38, 166, 154, 1.0)",7.248960751272895,91.48811522330911,0.8013417791882609,5,0.36220519208322743,1.8110259604161372,0.0,0.0,0.0,0.0,63.072220677272696,9.299572571818409,True,False,True,False,True,9.494676307683857
2025-02-28 00:00:00+00:00,99.5827055747,102.6625830667,96.6190498748,97.3357509264,3865893,82.90860482020051,84.69084534328557,88.18446856257319,,82.54732310289253,82.88478680309028,83.75510351435447,85.99600111721934,86.24344976337012,"rgba(38, 166, 154, 1.0)",7.381188772115463,95.16769925136904,0.5981429901928396,5,0.35370664179143974,1.7685332089571988,1.0,0.0,102.66258,178.0,64.12253598215068,10.470907937914141,True,False,True,False,True,11.133746478155082
2025-03-07 00:00:00+00:00,95.4084062066,100.7061828988,93.5101169348,100.2606660289,3436120,83.02361522800636,84.83311177353104,88.41811318495283,,82.64924750056434,83.00557180958481,83.89319703095711,86.17221485986667,86.26279437352846,"rgba(38, 166, 154, 0.75)",7.38635187230644,94.84385276924647,0.07643197171126002,5,0.3501067911939166,1.750533955969583,0.0,0.0,0.0,0.0,62.03022352088384,10.470907937914141,True,False,True,False,False,7.296315873794487
2025-03-14 00:00:00+00:00,93.8394120126,95.0306853821,91.8539563966,93.9459486554,3439214,83.11196033832884,84.93690064504068,88.55848058428319,,82.72831607280767,83.09831167917335,83.99673183311292,86.29398306990618,86.23076391158176,"rgba(38, 166, 154, 0.75)",7.291814979576047,94.31854055934528,-0.06570772134061245,5,0.3472377919460092,1.736188959730046,0.0,0.0,0.0,0.0,59.61675878062327,13.281560153689476,True,False,True,False,False,5.913701915608165
2025-03-21 00:00:00+00:00,93.655394175,95.6747478136,92.9677485714,93.9168932073,2715598,83.18412472220894,85.02199956521139,88.67506742863205,,82.79292530930182,83.17400668191186,84.08132404765328,86.39406354423814,86.25682162628686,"rgba(38, 166, 154, 0.75)",7.170109828252036,94.12442226769977,-0.06541435262981389,5,0.3446186782330457,1.7230933911652286,0.0,0.0,0.0,0.0,57.784686895436295,11.529521405138155,True,False,True,False,False,5.751340512944619
2025-03-28 00:00:00+00:00,92.2704178185,95.7764418817,92.1832514744,94.3333546292,2237011,83.23915374407808,85.08568906647132,88.75574121169474,,82.84238799632504,83.23169862367011,84.14522948090917,86.46739434767767,86.27380879591269,"rgba(38, 166, 154, 0.5)",6.934824382999622,93.96066687361633,-0.24373350524346388,5,0.34296783782052237,1.7148391891026118,0.0,0.0,0.0,0.0,55.65665227928316,9.520626013078477,False,False,True,False,False,4.525807063287676
2025-04-04 00:00:00+00:00,86.4012173149,94.8902507166,85.7910529061,91.330958332,4267150,83.29796754280787,85.14196578840091,88.76429561365647,,82.8968692086944,83.29334721667172,84.2082047459494,86.51743855931895,86.17868702097824,#000000,6.58375907432075,93.22621288006013,-1.036641148030508,5,0.3440599071055918,1.7202995355279591,0.0,0.0,0.0,0.0,51.30878470062432,5.441373821483545,False,True,False,False,False,0.0
2025-04-11 00:00:00+00:00,88.2704511387,89.2002254759,82.7111754141,82.8177120569,5312220,83.34080373886887,85.16965022782743,88.68748288697691,86.72728400956666,82.93841683610178,83.33822449302572,84.24801629821899,86.5224238493639,86.07772876665786,#000000,6.393506919948579,91.82233457603576,-0.555545412213979,5,0.3449074148645644,1.7245370743228219,0.0,0.0,0.0,0.0,49.27315029253199,3.6581501207911344,False,True,False,False,False,1.1070585621541014
2025-04-18 00:00:00+00:00,90.4883503389,90.7443288361,88.4544689762,89.5198354043,2133243,83.3735198345435,85.20256178186138,88.70550590853087,87.63508994078725,82.96858978809315,83.37245891260156,84.283633158449,86.55430144202347,86.13786902245867,#000000,6.133028255360648,91.90271655464876,-0.2306146583480213,5,0.34526440261880553,1.7263220130940278,0.0,0.0,0.0,0.0,48.99949925431473,3.5242006992628987,False,True,False,False,False,2.8217706554541557
2025-04-25 00:00:00+00:00,92.0186039355,93.0258594675,88.8515600994,90.3721285467,6094095,83.48492945904948,85.32147100886311,88.8114930574681,89.28405310112461,83.0705305539208,83.48893338650248,84.4077779918639,86.67901408911516,86.30542151521476,#000000,5.981143356861362,92.12261800393988,-0.017390331953933077,5,0.34658520010860816,1.7329260005430407,0.0,0.0,0.0,0.0,49.57011040501688,3.5242006992628987,False,True,False,False,False,3.9820220200842478
2025-05-02 00:00:00+00:00,95.6978552946,95.9821160549,91.914246553,92.3769544613,4216569,83.5913400594721,85.4441151999529,88.9688010058866,90.53014834635572,83.16675920694551,83.6000778410765,84.53023934934704,86.8192811533713,86.50102385752923,#000000,5.869579554489914,92.53867860064796,0.538228788727371,5,0.3445610224742065,1.7228051123710326,0.0,0.0,0.0,0.0,51.62820823621824,3.5242006992628987,False,True,False,False,True,6.676567481500548
2025-05-09 00:00:00+00:00,97.6092638557,97.7268889979,95.0803232979,95.3106725347,2456600,83.66508718591767,85.5315813970868,89.0923860134917,91.2928365943888,83.23315133735271,83.67706343286126,84.61614437906522,86.92213802951568,86.64239928953683,#000000,5.847436397878896,92.86272187593688,0.8117304159964652,5,0.34125686243612235,1.7062843121806117,0.0,0.0,0.0,0.0,53.85878121746871,-0.9454110265419828,False,False,False,False,True,8.023687948890185
2025-05-16 00:00:00+00:00,100.8145489813,101.1380181224,98.7561089924,99.1972032757,3474993,83.79488355679342,85.68999022099915,89.3355536701643,92.60483341702208,83.34943246798221,83.8125039120899,84.76925764381129,87.1133352504567,86.90924102001789,"rgba(38, 166, 154, 1.0)",5.956194869921203,93.51967012120176,1.2247549013108026,5,0.3345080035981945,1.6725400179909724,0.0,0.0,0.0,0.0,56.606575485373156,1.6356316397066735,True,False,True,False,True,10.209608764976068
2025-05-23 00:00:00+00:00,101.8829773565,102.5005093532,100.6528144108,100.9909866946,2350750,83.88914399778878,85.80566513121671,89.51510467268186,93.42402707412279,83.43383907908218,83.91081443957039,84.88064675357779,87.25347051380982,87.09518890598594,"rgba(38, 166, 154, 1.0)",6.148379768982688,93.96719552076097,1.2874581813687782,5,0.3282708900731087,1.6413544503655437,0.0,0.0,0.0,0.0,58.92778846827146,3.77990509017355,True,False,True,False,True,10.920956391011273
2025-05-30 00:00:00+00:00,105.2254918147,106.2351076188,101.7359459287,101.8633731661,3208348,84.03562764013809,85.98746160614276,89.80484507863427,94.62795449708894,83.56478104417077,84.06353314544008,85.0545627175317,87.47568917982223,87.38631722613749,"rgba(38, 166, 154, 1.0)",6.449667067224847,94.67499658527097,1.6358201314054313,5,0.31873413239062254,1.5936706619531127,0.0,0.0,0.0,0.0,61.62635756736482,6.275862539925214,True,False,True,False,True,13.090799267031024
2025-06-06 00:00:00+00:00,106.1468887621,106.9408584722,104.7549912458,105.1666792436,2061937,84.13574648152435,86.1121047027491,90.00431075260096,95.37344417261102,83.65426647436263,84.16787005128064,85.17352651104027,87.62828273598049,87.58012093643225,"rgba(38, 166, 154, 1.0)",6.760715928681902,95.13788937459606,1.628377749285246,5,0.3095907107000203,1.5479535535001014,0.0,0.0,0.0,0.0,63.82134430620176,8.279287882258508,True,False,True,False,True,13.67491355999885
2025-06-13 00:00:00+00:00,104.8334080073,106.3723369514,104.764793341,105.2058876243,2734186,84.26334605372409,86.26987876591298,90.25126794009293,96.17259187987382,83.76853802689614,84.30077837914736,85.3245255964176,87.82001812658045,87.81027094630322,"rgba(38, 166, 154, 1.0)",7.011398348863185,95.65709976931012,1.3087700600376957,4,0.34114431889075864,1.3645772755630345,0.0,0.0,0.0,0.0,64.53276768174602,8.89173572937871,True,False,True,False,True,12.47437980020085
2025-06-20 00:00:00+00:00,103.020020398,106.2939201899,102.9613058479,105.5881693366,1913900,84.34658297673623,86.37174527064901,90.40570609542885,96.59411040126643,83.84328225280487,84.38743037591983,85.42245624062275,87.94250497182551,87.94812772925387,"rgba(38, 166, 154, 1.0)",7.187715986204035,95.94412310418817,0.9844430841999291,4,0.3347407060846741,1.3389628243386964,0.0,0.0,0.0,0.0,63.90175952130305,8.89173572937871,True,False,True,False,True,10.837223590614233
2025-06-27 00:00:00+00:00,106.9604626625,107.6564114207,102.0251077367,102.7651659232,3810926,84.52232499535671,86.58753117300468,90.7348178094493,97.45209287137271,84.00106825646213,84.57031048998073,85.62941022147635,88.20248343313892,88.23869662859242,"rgba(38, 166, 154, 1.0)",7.471472102673243,96.54838488769167,1.393577815954498,4,0.32576033207387123,1.303041328295485,0.0,0.0,0.0,0.0,64.77288248428987,9.133597890570677,True,False,True,False,True,13.393817753106369
2025-07-04 00:00:00+00:00,110.9695195933,111.0724415928,107.146702471,107.4113590411,2050094,84.63423283938027,86.72678205572677,90.95435034422538,98.05398761026038,84.10129650518681,84.68674433987618,85.76199927644704,88.37215045894158,88.43445184591882,"rgba(38, 166, 154, 1.0)",7.872434235388128,96.97833126187157,1.777237880061965,4,0.3148025699379515,1.259210279751806,0.0,0.0,0.0,0.0,66.50987434504303,10.88200462717979,True,False,True,False,True,15.841023456036393
2025-07-11 00:00:00+00:00,111.479228543,112.4888443471,109.3962833161,110.6460504522,2919514,84.80063979970684,86.93404550488138,91.28090512098741,98.90675658544085,84.25036911799835,84.85982165211682,85.95913955741774,88.62465545236363,88.72207131279579,"rgba(38, 166, 154, 1.0)",8.250897569890913,97.60266606694725,1.6818245964767466,4,0.3051174078514688,1.2204696314058752,0.0,0.0,0.0,0.0,67.88238954246108,12.276135378407865,True,False,True,False,True,16.144334632499707
2025-07-18 00:00:00+00:00,111.9595312071,112.4300317759,110.2539666448,111.3321971152,2196303,84.92645915196054,87.09036786037396,91.52481201098271,99.49830742181825,84.36319673109858,84.99062831005756,86.10791561857177,88.81447779454355,88.93331486976315,"rgba(38, 166, 154, 1.0)",8.609954966244308,98.04820849200894,1.6157253748284386,4,0.29759940399361606,1.1903976159744643,0.0,0.0,0.0,0.0,68.99166559548544,13.428895026981586,True,False,True,False,True,16.43306133171962
2025-07-25 00:00:00+00:00,112.1751773011,113.3710329137,110.5676336907,112.2045835867,6048673,85.2731961122439,87.51922064960027,92.1828864417594,100.9298819701885,84.67467576617112,85.35086048570079,86.51657054038165,89.33229230388723,89.4907495248825,"rgba(38, 166, 154, 1.0)",8.95735554189917,99.1709161201768,1.4517969193133087,4,0.29127830785204534,1.1651132314081813,0.0,0.0,0.0,0.0,69.84458315970714,14.355379079885267,True,False,True,False,True,16.5643952012942
2025-08-01 00:00:00+00:00,109.782028541,111.876213398,108.6130807547,111.743885113,5408964,85.55381416764054,87.86093530197718,92.68228771171503,101.77845223204798,84.92792788740947,85.6420412541216,86.84418322392845,89.73809557887951,89.89736999985644,"rgba(38, 166, 154, 1.0)",9.213603098674762,99.89231578119168,1.0733816785781456,4,0.2861521237291196,1.1446084949164783,0.0,0.0,0.0,0.0,68.76817271255615,14.355379079885267,True,False,True,False,True,14.296817277192751
2025-08-08 00:00:00+00:00,111.7831086498,112.1496431251,110.0792186562,110.3665024342,1965521,85.65932252322547,87.98938135634069,92.8694395492374,102.08973697481208,85.02320800329062,85.75147061268372,86.96725265837989,89.89044981079945,90.04943083090284,"rgba(38, 166, 154, 1.0)",9.47735483659439,100.16005281355427,1.22640294012906,4,0.2811029588451346,1.1244118353805383,0.0,0.0,0.0,0.0,68.66235792496663,14.355379079885267,True,False,True,False,True,15.552947370364858
2025-08-15 00:00:00+00:00,112.3973015544,113.5662493408,111.6345135922,111.7533896383,2865319,85.81868245409075,88.18358960201147,93.15286774310255,102.56302654322461,85.16713535413001,85.91671174255337,87.15315491330367,90.1209057914749,90.27994635488203,"rgba(38, 166, 154, 1.0)",9.76412843042761,100.56787072280063,1.2115193809552658,4,0.27495471302440366,1.0998188520976147,0.0,0.0,0.0,0.0,68.78543678763108,14.355379079885267,True,False,True,False,True,15.935738775993151
2025-08-22 00:00:00+00:00,113.6554063753,113.7247507355,111.1590094079,111.9911417304,2175281,85.93981417073968,88.33086093754375,93.3660381609732,102.90507669056294,85.27664090403032,86.04226610966587,87.29421421063154,90.2951591831593,90.45254972545862,"rgba(38, 166, 154, 1.0)",10.065031627480462,100.86693453883882,1.2705843667241878,4,0.269436251586904,1.077745006347616,0.0,0.0,0.0,0.0,69.28011650833662,14.394675893942292,True,False,True,False,True,16.720136514471047
2025-08-29 00:00:00+00:00,119.8666797822,120.0350875141,112.5359902749,113.3780289345,5297363,86.2803263835433,88.74865748393476,93.98534126289215,103.99716126971467,85.58393418601796,86.39519141460619,87.69245987343665,90.79346111522452,90.96009284319365,"rgba(38, 166, 154, 1.0)",10.549243651297953,101.79978846110085,1.7126243281788494,4,0.2611624694443967,1.0446498777775868,0.0,0.0,0.0,0.0,71.28386042905696,16.51339623844737,True,False,True,False,True,20.0
2025-09-05 00:00:00+00:00,124.91891174,126.0086088289,118.3906355436,118.3906355436,3200494,86.51897762881126,89.04363101465107,94.43030051379283,104.82479030758792,85.79901910767964,86.64251072082291,87.97251177178323,91.14739611238639,91.32711577823548,"rgba(38, 166, 154, 1.0)",11.186137694868977,102.49970002483018,2.004195936677357,4,0.25173351061276006,1.0069340424510402,0.0,0.0,0.0,0.0,73.70295634533925,18.962765174246442,True,False,True,False,True,20.0
2025-09-12 00:00:00+00:00,125.1269448206,126.1770165608,124.7009723222,125.5331046446,2362322,86.7037652224302,89.27216170931328,94.7749629150592,105.4601585573885,85.96559162318069,86.83396175762759,88.18933137150637,91.42158199032212,91.61096302658089,"rgba(38, 166, 154, 1.0)",11.775632673377277,103.03983398723625,1.875662348342352,4,0.24377211273392985,0.9750884509357194,0.0,0.0,0.0,0.0,75.46786955090178,20.728402956495643,True,False,True,False,True,20.0
2025-09-19 00:00:00+00:00,129.0993860266,130.0305817208,124.8890936651,125.4637602844,3295272,86.97623415153916,89.60944119905544,95.28401959960082,106.39407621525102,86.21122586133565,87.11619119566264,88.50906072550444,91.82634198165323,92.02977275081757,"rgba(38, 166, 154, 1.0)",12.435800969759438,103.8368050112141,2.0314397984350014,4,0.23558615545307693,0.9423446218123077,0.0,0.0,0.0,0.0,77.39344789338978,22.623285152942145,True,False,True,False,True,20.0
2025-09-26 00:00:00+00:00,129.4064824789,129.7730169543,126.5138320247,128.891352946,3037229,87.22757527791974,89.91959231119624,95.74736390533187,107.2093854397553,86.43808616079112,87.3764188509391,88.80333916322348,92.19718834500873,92.40901427351547,"rgba(38, 166, 154, 1.0)",13.03999755848611,104.54223726324072,1.9067676281486898,4,0.22910079500457547,0.9164031800183019,0.0,0.0,0.0,0.0,78.8171032656225,24.020116428012372,True,False,True,False,True,20.0
2025-10-03 00:00:00+00:00,127.8214685314,130.1344001343,124.978349763,129.3371381187,2710193,87.44436868582099,90.18571947002643,96.1387726010761,107.85866507439513,86.63410205520971,87.6007590721703,89.05631398111882,92.51362870767832,92.72736832364346,"rgba(38, 166, 154, 1.0)",13.537451476164199,111.34309589225299,1.2172433392031714,4,0.22279179569206006,0.8911671827682403,0.0,0.0,0.0,0.0,78.66045803829583,24.020116428012372,True,False,True,False,True,20.0
2025-10-10 00:00:00+00:00,124.4830329044,128.8220085858,124.4235948814,128.2474410298,2266907,87.61617428727938,90.39527284664736,96.44123006866906,108.32595944510966,86.7897537889125,87.77844639070027,89.25599278790456,92.76114381552155,92.9717603066516,"rgba(38, 166, 154, 1.0)",13.898462792172023,111.47458300247453,0.9359632138060745,4,0.21934572931636737,0.8773829172654695,0.0,0.0,0.0,0.0,76.28679017711742,24.020116428012372,True,False,True,False,True,20.0
2025-10-17 00:00:00+00:00,123.7499639537,128.0988459722,122.4225147726,125.5132919703,4042132,87.90963776123009,90.75096222899381,96.94506000021036,109.05096048224857,87.05617070938237,88.08177189837048,89.595695877996,93.1784727449561,93.37671996846149,"rgba(38, 166, 154, 0.75)",14.233557171069625,111.75861345774618,0.8424703924558513,4,0.21576455733949096,0.8630582293579638,0.0,0.0,0.0,0.0,74.12412344466388,24.020116428012372,True,False,True,False,False,19.811003852176622
2025-10-24 00:00:00+00:00,125.4043222614,125.4489007787,124.0422009002,124.2056554636,2527871,88.09184165455024,90.97102305820411,97.2534226765103,109.47830469996873,87.22179965287964,88.27001132372476,89.80609262954026,93.43565711296422,93.62415535184215,"rgba(38, 166, 154, 0.75)",14.598255090115671,112.01522541478852,0.9171710429746566,4,0.21204779670442303,0.8481911868176921,0.0,0.0,0.0,0.0,73.0549345334306,27.9143843585466,True,False,True,False,False,20.0
2025-10-31 00:00:00+00:00,124.18,126.6228017336,122.83,126.4940193503,5893379,88.5049753768122,91.46701600015257,97.93610208910684,110.36592737793097,87.59813300379844,88.69654277116501,90.2812590408231,94.01159263764431,94.1706145163662,"rgba(38, 166, 154, 0.75)",14.90916873689137,112.5674228347856,0.7788883049180433,4,0.20872392824734126,0.834895712989365,0.0,0.0,0.0,0.0,71.4771634949062,26.368754699531877,True,False,True,False,False,19.54232086846254
2025-11-07 00:00:00+00:00,122.93,124.92,121.92,123.28,2981069,88.70306657257528,91.70281514297525,98.2524901188314,110.73897428028555,87.77908526737883,88.90088589287406,90.50784970512764,94.28292741639771,94.42306140990242,"rgba(38, 166, 154, 0.75)",15.109321531341068,112.77218210919212,0.6722881546823702,4,0.20567654848032965,0.8227061939213186,0.0,0.0,0.0,0.0,69.53196264167421,24.47810914907585,True,False,True,False,False,18.33988356693746
