date,Close,High,Low,Open,Volume,aVWAP_BoS_CHoCH_bull_90,aVWAP_BoS_CHoCH_bull_161,aVWAP_BoS_CHoCH_bear_28,aVWAP_BoS_CHoCH_bear_41,aVWAP_BoS_CHoCH_bear_51,Peaks_Valleys_avg,color,StDev,StDev_Mean,StdDev_ZScore,MA_Cross_Count,MA_Avg_Deviation_Z,MA_Oscillation_Score,BoS,CHoCH,BoS_CHoCH_Price,BoS_CHoCH_Break_Index,QQEMOD,QQE1_Value,QQE1_Above_Upper,QQE1_Below_Lower,QQE2_Above_Threshold,QQE2_Below_Threshold,QQE2_Above_TL,banker_RSI
2021-12-31 00:00:00+00:00,34.4562466975,34.6763089469,33.7685521681,33.7709728529,121244,,,,,,,#000000,,,,0,,,0.0,0.0,0.0,0.0,,,False,False,False,False,False,
2022-01-07 00:00:00+00:00,33.1138669762,35.2594739077,32.5086957904,34.5497731535,254503,,,,,,,"rgba(239, 83, 80, 0.5)",,,,0,,,0.0,0.0,0.0,0.0,0.0,,False,False,False,True,False,
2022-01-14 00:00:00+00:00,32.4261724469,34.0634355823,31.9420354982,33.0093374078,124769,,,,,,,"rgba(239, 83, 80, 0.5)",,,,0,,,0.0,0.0,0.0,0.0,0.0,-50.0,False,False,False,True,True,
2022-01-21 00:00:00+00:00,30.1210203846,32.3931631095,30.0825094909,32.3931631095,120497,,,,,,,"rgba(239, 83, 80, 0.5)",,,,0,,,0.0,0.0,0.0,0.0,0.0,-50.0,False,False,False,True,True,
2022-01-28 00:00:00+00:00,29.9119612477,31.045281832,28.4870581829,29.3948149616,241922,,,,,,,"rgba(239, 83, 80, 0.5)",,29.81476708753333,,0,,,0.0,0.0,0.0,0.0,0.0,-50.0,False,False,False,True,True,
2022-02-04 00:00:00+00:00,30.9352507073,31.6064405679,29.8239363479,29.8239363479,123718,,,,,,,"rgba(239, 83, 80, 0.5)",,30.14425388207472,,0,,,0.0,0.0,0.0,0.0,6.085658185991787,-44.24715124605464,False,False,False,True,True,
2022-02-11 00:00:00+00:00,32.4096677782,34.8688634151,30.9187460386,31.4964094432,176619,,,,,,,"rgba(239, 83, 80, 0.5)",,31.85983611467313,,0,,,0.0,0.0,0.0,0.0,15.99674344996259,-35.12768553149206,False,False,False,True,True,
2022-02-18 00:00:00+00:00,29.5543600924,32.6572378088,29.5543600924,32.6572378088,129196,,,,,,,"rgba(239, 83, 80, 0.5)",,31.36865491996766,,0,,,0.0,0.0,0.0,0.0,19.12383806159652,-32.7601184211123,False,False,False,True,True,
2022-02-25 00:00:00+00:00,30.5006277648,30.5391386584,28.2504912648,29.4828398614,216298,,,,,,,"rgba(239, 83, 80, 0.5)",,30.45548198159538,,0,,,0.0,0.0,0.0,0.0,23.601638379706188,-29.079274231004657,False,False,False,True,True,
2022-03-04 00:00:00+00:00,29.9779799225,30.7757055765,29.4718367489,30.0329954848,104063,,,,,,,"rgba(239, 83, 80, 0.5)",,30.420117495467768,,0,,,0.0,0.0,0.0,0.0,26.20538390903006,-27.18620131127487,False,False,False,True,True,
2022-03-11 00:00:00+00:00,29.7359114482,30.3135748528,28.9876998003,29.7414130044,129553,,,,,,,"rgba(239, 83, 80, 0.5)",,30.302521218082603,,0,,,0.0,0.0,0.0,0.0,27.79574681282319,-26.17392657643614,False,False,False,True,True,
2022-03-18 00:00:00+00:00,31.0937764959,31.58470183,28.7786406633,29.6863974421,192110,,,,,,,"rgba(239, 83, 80, 0.5)",,30.361049743154194,,0,,,0.0,0.0,0.0,0.0,31.81041886993662,-22.75937950509464,False,False,False,True,True,
2022-03-25 00:00:00+00:00,31.6233139349,31.7115701747,30.8510718364,31.0772284509,150186,,,,,,,"rgba(239, 83, 80, 0.5)",,30.51632540697409,,0,,,0.0,0.0,0.0,0.0,35.643654939425346,-19.523841125777842,False,False,False,True,True,
2022-04-01 00:00:00+00:00,31.7943103996,32.5610364831,31.3144170955,31.4633495002,908081,,,,,,,"rgba(239, 83, 80, 0.5)",,31.151137090986612,,0,,,0.0,0.0,0.0,0.0,38.69014732670834,-17.020823958943467,False,False,False,True,True,
2022-04-08 00:00:00+00:00,31.2096128107,32.9581895624,31.0055202561,31.8880826544,216276,,,,,,,"rgba(239, 83, 80, 0.5)",,31.33634745096512,,0,,,0.0,0.0,0.0,0.0,39.97515363658911,-16.13295572095197,False,False,False,True,True,
2022-04-15 00:00:00+00:00,30.4649507871,31.038616346,29.8747371832,30.9834561961,155597,,,,,,,"rgba(239, 83, 80, 0.5)",,31.166997722110338,,0,,,0.0,0.0,0.0,0.0,39.85445145153767,-16.13295572095197,False,False,False,True,True,
2022-04-22 00:00:00+00:00,28.7935982453,31.4964455901,28.7549861403,30.2222461276,341001,,,,,,,"rgba(239, 83, 80, 0.5)",,30.84658600655437,,0,,,0.0,0.0,0.0,0.0,37.865965769708794,-16.13295572095197,False,False,False,True,True,
2022-04-29 00:00:00+00:00,27.6683311874,28.937014635,27.5745589326,28.435057271,244959,,,,,,,"rgba(239, 83, 80, 0.5)",,30.51161245100311,,0,,,0.0,0.0,0.0,0.0,35.42795947067165,-16.13295572095197,False,False,False,True,False,
2022-05-06 00:00:00+00:00,26.8161068715,28.7549861403,26.5761602195,27.6793632174,233714,,,,,,,"rgba(239, 83, 80, 0.5)",,30.20675126690711,,0,,,0.0,0.0,0.0,0.0,33.009635207872726,-10.171850116279295,False,False,False,True,False,
2022-05-13 00:00:00+00:00,26.4051637548,26.6864805193,24.5462667033,26.3389715749,369844,,,,,,,"rgba(239, 83, 80, 0.5)",,28.594668033188945,,0,,,0.0,0.0,0.0,0.0,30.973670915490786,-12.08441986146412,False,False,False,True,False,
2022-05-20 00:00:00+00:00,26.0300747355,27.2435980332,25.1089002323,26.3113915,363868,,,,,,,"rgba(239, 83, 80, 0.5)",,28.32576289383375,,0,,,0.0,0.0,0.0,0.0,29.24063457722373,-13.736674156394486,False,False,False,True,False,
2022-05-27 00:00:00+00:00,27.9330999069,27.9827440418,25.1585443672,26.2672633801,210988,,,,,,,"rgba(239, 83, 80, 0.5)",,28.28834089280479,,0,,,0.0,0.0,0.0,0.0,31.65146128924303,-13.736674156394486,False,False,False,True,False,
2022-06-03 00:00:00+00:00,27.8227796071,28.4957334358,27.5609343756,28.0213561467,146756,,,,,,,"rgba(239, 83, 80, 0.5)",,28.319335780740168,,0,,,0.0,0.0,0.0,0.0,33.26095497148408,-13.736674156394486,False,False,False,True,True,
2022-06-10 00:00:00+00:00,26.0907509004,28.4957334358,26.0024946606,28.0875483266,116452,,,,,,,"rgba(239, 83, 80, 0.5)",,27.6371442170972,,0,,,0.0,0.0,0.0,0.0,32.81762805056108,-13.736674156394486,False,False,False,True,True,
2022-06-17 00:00:00+00:00,24.0969645493,25.7679825272,23.5325809938,25.1309642922,198502,,,,,,,"rgba(239, 83, 80, 0.5)",,25.923497313689147,,0,,,0.0,0.0,0.0,0.0,31.090248339771115,-13.736674156394486,False,False,False,True,True,
2022-06-24 00:00:00+00:00,25.264463865,25.4166260981,23.8092395994,24.5064192856,116557,,,,,,,"rgba(239, 83, 80, 0.5)",,25.865052968140034,,0,,,0.0,0.0,0.0,0.0,31.71845885545615,-13.736674156394486,False,False,False,True,True,
2022-07-01 00:00:00+00:00,25.0154711199,25.7956483877,24.2131611636,25.4691912331,149943,,,,,,,"rgba(239, 83, 80, 0.5)",,25.827020827133943,,0,,,0.0,0.0,0.0,0.0,31.977613035529785,-13.736674156394486,False,False,False,True,True,
2022-07-08 00:00:00+00:00,25.2201984881,25.4581248889,24.1467630983,24.3238246059,134760,,,,,,,"rgba(239, 83, 80, 0.5)",,25.78098284557585,,0,,,0.0,0.0,0.0,0.0,32.49488693707173,-13.736674156394486,False,False,False,True,True,
2022-07-15 00:00:00+00:00,24.7498788585,25.1261345622,23.3997848631,25.0763360131,143576,,,,,,24.425266094599998,"rgba(239, 83, 80, 0.5)",,24.989447795591598,,0,,,-1.0,0.0,23.399784,39.0,32.471057349693154,-13.736674156394486,False,False,False,True,True,
2022-07-22 00:00:00+00:00,26.5702924835,26.7805530237,24.9380067103,25.070802841,72078,,,,,,24.983770151149272,"rgba(239, 83, 80, 0.5)",,25.18331164619714,,0,,,0.0,0.0,0.0,0.0,35.245207731931885,-13.736674156394486,False,False,False,True,True,
2022-07-29 00:00:00+00:00,27.5164649147,27.6769269059,26.1110391982,26.5370934508,91532,,,,,,25.614781798368238,"rgba(239, 83, 80, 0.5)",,25.457104199246167,,0,,,0.0,0.0,0.0,0.0,38.457380131946906,-17.594195795576432,False,False,False,True,True,
2022-08-05 00:00:00+00:00,27.5939293243,27.8373888972,27.0848774899,27.2730053417,105775,,,,,,26.099040575997872,"rgba(239, 83, 80, 0.5)",,25.7136873047977,,0,,,0.0,0.0,0.0,0.0,40.85104920429686,-15.20990402469382,False,False,False,True,True,
2022-08-12 00:00:00+00:00,29.746333276,29.9510606441,27.5839696145,27.9203864789,85366,,,29.093787844866668,,,27.852922081121854,"rgba(239, 83, 80, 0.5)",,26.761938002678082,,0,,,0.0,0.0,0.0,0.0,45.021128347864575,-11.180353186522908,False,False,False,True,True,
2022-08-19 00:00:00+00:00,28.5843671324,29.6301366616,28.3796397642,29.6301366616,86549,,,28.978463020122962,,,27.961932018724085,#000000,,26.927987237201172,,0,,,0.0,0.0,0.0,0.0,46.642754474453724,-9.658103573576234,False,False,False,False,True,
2022-08-26 00:00:00+00:00,27.2232067927,28.617566165,27.2010741043,28.1583128797,54260,,,28.66710590162107,,,27.837461800103803,#000000,,26.903237354988754,,0,,,0.0,0.0,0.0,0.0,46.39494921433942,-9.658103573576234,False,False,False,False,True,
2022-09-02 00:00:00+00:00,26.3738648735,27.3615360955,25.856513281,27.0627448015,71897,,,28.151775287771287,,,27.555671183384668,"rgba(239, 83, 80, 0.5)",,26.777161129693667,,0,,,0.0,0.0,0.0,0.0,45.420871297961924,-9.658103573576234,False,False,False,True,True,
2022-09-09 00:00:00+00:00,27.8539884135,27.8539884135,25.9173781742,26.498361246,43221,,,28.032313739452174,,,27.503071323201645,#000000,,26.769428642890375,,0,,,0.0,0.0,0.0,0.0,46.38937459684806,-9.658103573576234,False,False,False,False,True,
2022-09-16 00:00:00+00:00,26.6180165139,28.468170518,26.3905120993,27.9701850279,69397,,,27.88472720612014,,,27.43707465882649,"rgba(239, 83, 80, 0.5)",,26.76280462831275,,0,,,0.0,0.0,0.0,0.0,45.913165060125,-9.658103573576234,False,False,False,True,True,
2022-09-23 00:00:00+00:00,24.3929123609,26.8732653694,24.1654079462,26.484843198,53488,,,27.568892754869232,,,27.22288623501383,"rgba(239, 83, 80, 0.5)",,26.63924936273899,,0,,,0.0,0.0,0.0,0.0,43.795870182449605,-9.658103573576234,False,False,False,True,True,
2022-09-30 00:00:00+00:00,22.6949525833,24.4262056899,22.3897637343,24.2874834858,221968,,,26.14595185265227,,,26.137139003803853,"rgba(239, 83, 80, 0.5)",,25.91399404136475,,0,,,0.0,0.0,0.0,0.0,41.16032590635835,-9.658103573576234,False,False,False,True,False,
2022-10-07 00:00:00+00:00,22.3842148462,24.5926723347,22.2787859711,22.9668481032,171573,,,25.533702160178308,,,25.625567428198288,"rgba(239, 83, 80, 0.5)",,25.54225742716652,,0,,,0.0,0.0,0.0,0.0,39.08392808461609,-4.974424593868889,False,False,False,True,False,
2022-10-14 00:00:00+00:00,21.0469327991,22.5229370502,20.4920439829,22.5064568524,128502,,,24.98909422960415,,,23.88658479924703,"rgba(239, 83, 80, 0.5)",,24.203787695778033,,0,,,-1.0,0.0,20.492044,52.0,36.797148971137105,-7.219403777351431,False,False,False,True,False,
2022-10-21 00:00:00+00:00,21.1912038913,22.345372629,20.5808261935,21.5740771745,157246,,,24.49174706040999,,,23.59136692859022,"rgba(239, 83, 80, 0.5)",,23.913404208481325,,0,,,0.0,0.0,0.0,0.0,35.350833062566736,-8.648112576573197,False,False,False,True,False,
2022-10-28 00:00:00+00:00,22.2510415303,22.6117192608,20.702901733,21.4131594178,236701,,,24.039578634121472,,,23.38002996291054,"rgba(239, 83, 80, 0.5)",,23.68011185739131,,0,,,0.0,0.0,0.0,0.0,35.67488799183275,-8.648112576573197,False,False,False,True,False,
2022-11-04 00:00:00+00:00,22.445252616,22.7005014714,21.146812786,22.0179882275,144053,,,23.856036324721146,,,23.29576064050852,"rgba(239, 83, 80, 0.5)",,23.581664717665255,,0,,,0.0,0.0,0.0,0.0,36.150928097479124,-8.648112576573197,False,False,False,True,False,
2022-11-11 00:00:00+00:00,25.9798943753,26.2184965662,22.4618992804,22.4896437213,229402,,,23.990871950279065,,,23.63245684280477,"rgba(239, 83, 80, 0.5)",,23.843461861405423,,0,,,0.0,0.0,0.0,0.0,40.21669793327691,-8.648112576573197,False,False,False,True,True,
2022-11-18 00:00:00+00:00,24.8035300849,26.0853232503,24.6147569096,25.696901079,257075,,,24.141355411549394,,,23.907280922282705,"rgba(239, 83, 80, 0.5)",,24.064276840309617,,0,,,0.0,0.0,0.0,0.0,42.12640328006488,-13.78711014840406,False,False,False,True,True,
2022-11-25 00:00:00+00:00,25.8411721712,25.9466010463,24.2847090417,24.63706344,58607,,,24.17579897560446,,,23.962018221023154,"rgba(239, 83, 80, 0.5)",,24.10923863704909,,0,,,0.0,0.0,0.0,0.0,44.42028167571718,-11.561585521929274,False,False,False,True,True,
2022-12-02 00:00:00+00:00,25.1090648899,26.4839128233,24.7917922898,25.730194408,198995,,,24.28859974494652,25.461590001,,24.129180255491136,"rgba(239, 83, 80, 0.5)",,24.462282691868353,,0,,,0.0,0.0,0.0,0.0,45.42425727593525,-10.571381516911437,False,False,False,True,True,
2022-12-09 00:00:00+00:00,24.0347909985,25.0255721004,23.962430581,24.9532116828,171180,,,24.29227188123587,24.943363840410857,,24.155072382234852,"rgba(239, 83, 80, 0.5)",,24.352145246778854,,0,,,0.0,0.0,0.0,0.0,45.25003798201602,-10.571381516911437,False,False,False,True,True,0.0
2022-12-16 00:00:00+00:00,21.1753685371,23.8157539966,21.1622973219,23.5281872634,175826,,,24.141601457731596,24.011995294515938,,24.004126553949565,"rgba(239, 83, 80, 0.5)",,24.00609373909116,,0,,,0.0,0.0,0.0,0.0,43.12110328276038,-10.571381516911437,False,False,False,True,True,0.0
2022-12-23 00:00:00+00:00,20.6982691842,21.1100124613,19.9336030982,21.083870031,166026,,,23.929036349310344,23.211890600057078,,22.98319339361948,"rgba(239, 83, 80, 0.5)",,22.73377194400007,,0,,,-1.0,0.0,19.933603,62.0,41.30642035229401,-10.571381516911437,False,False,False,True,False,0.0
2022-12-30 00:00:00+00:00,20.4499160964,20.9858359174,20.2342410465,20.7701608675,236180,,,23.6650815355478,22.55052516515985,,22.778178944337796,"rgba(239, 83, 80, 0.5)",,22.426289737302994,,0,,,0.0,0.0,0.0,0.0,39.853087304215464,-10.571381516911437,False,False,False,True,False,0.0
2023-01-06 00:00:00+00:00,21.8027868641,21.8289292944,20.410702451,20.6590555388,123859,,,23.573702105443324,22.411532925645822,,22.75719346812764,"rgba(239, 83, 80, 0.5)",,22.393299394268844,,0,,,0.0,0.0,0.0,0.0,40.278045958478316,-10.571381516911437,False,False,False,True,False,0.0
2023-01-13 00:00:00+00:00,23.3321190362,23.3321190362,21.7439663959,22.0315331292,139591,,,23.540900721594284,22.45660200379335,,22.84603125686817,"rgba(239, 83, 80, 0.5)",,22.503459960378656,,0,,,0.0,0.0,0.0,0.0,42.066905840988916,-10.571381516911437,False,False,False,True,False,0.0
2023-01-20 00:00:00+00:00,23.7503979209,23.7896115663,23.0053386576,23.3647970741,96398,,,23.540164764829402,22.534609913903505,,22.924186290163316,"rgba(239, 83, 80, 0.5)",,22.603099264686303,,0,,,0.0,0.0,0.0,0.0,43.73130563975833,-10.571381516911437,False,False,False,True,True,0.0
2023-01-27 00:00:00+00:00,24.5738844751,24.7732205061,23.4093699177,23.7896115663,132896,,,23.567120375132838,22.693015932060923,,23.055070398562272,"rgba(239, 83, 80, 0.5)",,22.769916294869773,,0,,,0.0,0.0,0.0,0.0,45.67479932750858,-9.965229165756881,False,False,False,True,True,0.0
2023-02-03 00:00:00+00:00,24.6327049433,25.142482334,23.779808155,24.3582094252,134113,,,23.60212501359485,22.848437291726857,,23.17426484667423,#000000,,22.922307983901653,,0,,,0.0,0.0,0.0,0.0,47.11762268950558,-8.501405065675236,False,False,False,False,True,0.0
2023-02-10 00:00:00+00:00,23.7830759588,25.2013028021,23.5020448331,24.3059245646,118503,,,23.619761435429172,22.940360347623134,24.162141198,23.242470388354956,#000000,,23.14691916750936,,0,,,0.0,0.0,0.0,0.0,47.330408925660564,-8.19637957803922,False,False,False,False,True,0.0
2023-02-17 00:00:00+00:00,23.4366887574,24.1033207299,23.2994409984,23.9530017557,101043,,,23.619588547849812,22.97824083486213,23.909475691633897,23.269559271426754,#000000,,23.12184220747814,,0,,,0.0,0.0,0.0,0.0,47.153438557209284,-8.19637957803922,False,False,False,False,True,0.0
2023-02-24 00:00:00+00:00,22.0315331292,23.2732985681,21.7243595732,23.090301556,83349,,,23.592633911725542,22.950049924263645,23.478438968169687,23.247785066896306,"rgba(239, 83, 80, 0.5)",,22.999244302544618,,0,,,0.0,0.0,0.0,0.0,45.7637283976558,-8.19637957803922,False,False,False,True,True,0.0
2023-03-03 00:00:00+00:00,22.2472081791,22.9399825818,21.3149037588,22.3190998624,122657,,,23.54967995056932,22.90206380179297,23.1005476191661,23.209889135227943,"rgba(239, 83, 80, 0.5)",,22.876990537096095,,0,,,0.0,0.0,0.0,0.0,45.02381807792929,-8.19637957803922,True,False,False,True,True,0.0
2023-03-10 00:00:00+00:00,19.6721787952,22.4694188366,19.5414666438,22.2994930397,116405,,,23.466577297874423,22.773340922876177,22.555091897386287,23.111572202384178,"rgba(239, 83, 80, 0.5)",,22.65130082399397,,0,,,0.0,0.0,0.0,0.0,42.473098902038025,-8.19637957803922,True,False,False,True,False,0.0
2023-03-17 00:00:00+00:00,19.1239850622,19.829033377,18.5376210118,19.4565037453,228513,,,23.243851513208874,22.42165769991412,21.549196512588292,22.105262423789377,"rgba(239, 83, 80, 0.5)",,21.268382479883478,,0,,,0.0,0.0,0.0,0.0,40.27941728648361,-4.632073894876555,True,False,False,True,False,0.0
2023-03-24 00:00:00+00:00,19.7136248894,19.8789861032,19.0997443138,19.2419130277,78202,,,23.179805250077603,22.329459009314846,21.36627887681491,22.06713164554059,"rgba(239, 83, 80, 0.5)",,21.2004084798583,,0,,,0.0,0.0,0.0,0.0,39.45551344078578,-5.484765218114099,True,False,False,True,False,0.0
2023-03-31 00:00:00+00:00,21.6070238901,22.3735556655,19.631730469,19.8577590694,63632,,,23.152215413404118,22.300670091932187,21.354967347257833,22.1134792784911,"rgba(239, 83, 80, 0.5)",,21.268434594963395,,0,,,0.0,0.0,0.0,0.0,41.02523084867498,-5.484765218114099,True,False,False,True,False,0.0
2023-04-07 00:00:00+00:00,20.6701517202,21.5349568001,20.565326862,21.4563381565,43114,,,23.13132536676152,22.27720569266514,21.335496066779363,22.124918100385948,"rgba(239, 83, 80, 0.5)",,21.287369475120514,,0,,,0.0,0.0,0.0,0.0,41.3743283495353,-5.484765218114099,True,False,False,True,False,0.0
2023-04-14 00:00:00+00:00,21.2958250924,21.7184003019,20.4539504502,20.4867082184,68063,,,23.102523545594067,22.247839784605645,21.323563210877,22.143970869847788,"rgba(239, 83, 80, 0.5)",,21.321857440318894,,0,,,0.0,0.0,0.0,0.0,42.30426044387124,-5.484765218114099,True,False,False,True,False,0.0
2023-04-21 00:00:00+00:00,21.8559829282,21.8625344819,21.1811729038,21.2466884401,56170,,,23.08505321046027,22.23483551645481,21.33967396279803,22.168707147515242,"rgba(239, 83, 80, 0.5)",,21.3659529628924,,0,,,0.0,0.0,0.0,0.0,43.57058514139213,-5.484765218114099,True,False,False,True,True,0.0
2023-04-28 00:00:00+00:00,21.2925493156,21.9018438037,20.2705069484,21.7125039036,53373,,,23.06349029782205,22.2135526634178,21.33097301620558,22.171878787171366,"rgba(239, 83, 80, 0.5)",,21.378118132953126,,0,,,0.0,0.0,0.0,0.0,43.94899855427718,-5.484765218114099,True,False,False,True,True,0.0
2023-05-05 00:00:00+00:00,20.7291157029,21.1910002342,20.0280994639,21.1910002342,147070,,,22.991393197063584,22.132982979638303,21.252667681999654,22.132701848513456,"rgba(239, 83, 80, 0.5)",,21.342684665078345,,0,,,0.0,0.0,0.0,0.0,43.69975081925327,-5.484765218114099,True,False,False,True,True,0.0
2023-05-12 00:00:00+00:00,20.4670535575,21.1942760111,19.8970683912,20.8470436684,173292,,,22.907363028851172,22.040655357667465,21.165245628808556,22.07517269601272,"rgba(239, 83, 80, 0.5)",,21.28794537557028,,0,,,0.0,0.0,0.0,0.0,43.27820994578821,-5.484765218114099,True,False,False,True,True,0.0
2023-05-19 00:00:00+00:00,20.8470436684,21.4759928174,20.3556771457,20.3556771457,154604,,,22.848067131594778,21.984907994656343,21.139060751351913,22.048275527136248,"rgba(239, 83, 80, 0.5)",,21.27708457422648,,0,,,0.0,0.0,0.0,0.0,43.469372381964874,-5.484765218114099,True,False,False,True,True,0.0
2023-05-26 00:00:00+00:00,20.6898063811,21.213930672,19.9953416957,20.8929045438,50609,,,22.82692783677028,21.96375013645171,21.123620069126034,22.034283434381827,"rgba(239, 83, 80, 0.5)",,21.265969834108073,,0,,,0.0,0.0,0.0,0.0,43.442074426732034,-5.484765218114099,True,False,False,True,True,0.0
2023-06-02 00:00:00+00:00,20.4736051111,20.8798014365,19.7660373185,20.8798014365,51639,,,22.803263963904207,21.938748749660164,21.100960281726607,22.015376787094265,"rgba(239, 83, 80, 0.5)",3.931299071932499,20.856503523079468,-0.09739742639097865,0,,,0.0,0.0,0.0,0.0,43.188843415388305,-5.484765218114099,True,False,False,True,True,0.0
2023-06-09 00:00:00+00:00,20.9846262947,21.2401368865,20.224646073,20.3425740384,45140,,,22.786655057829083,21.923537653360796,21.093644534042095,22.00629205867945,"rgba(239, 83, 80, 0.5)",3.822403429776664,20.907122587157183,0.020276171515298615,0,,,0.0,0.0,0.0,0.0,43.75616467621988,-5.484765218114099,True,False,False,True,True,0.0
2023-06-16 00:00:00+00:00,22.2169782469,22.2169782469,21.0239356165,21.0435902774,85726,,,22.77153736330424,21.920921826936915,21.127432584594317,22.018125219785695,"rgba(239, 83, 80, 0.5)",3.7277545325882855,21.086127088308594,0.30335987756313526,0,,,0.0,0.0,0.0,0.0,45.812041576214526,-7.746253336447488,True,False,False,True,True,0.0
2023-06-23 00:00:00+00:00,20.8776568632,21.8296254938,20.6413060308,21.8296254938,46469,,,22.757632291305203,21.910122312449822,21.127155961204057,22.012857879215566,"rgba(239, 83, 80, 0.5)",3.6617536429572963,21.087153843404145,-0.05721219957193883,0,,,0.0,0.0,0.0,0.0,45.68949247316227,-7.746253336447488,True,False,False,True,True,0.0
2023-06-30 00:00:00+00:00,22.2301088487,22.2301088487,20.6872631371,20.8054385533,86405,,,22.741610285017252,21.905391996145056,21.152923277932253,22.019261046178535,#000000,3.6261748629197603,21.151148975340732,0.29754766776208336,0,,,0.0,0.0,0.0,0.0,47.252055315881,-6.135336610494278,True,False,False,False,True,0.0
2023-07-07 00:00:00+00:00,21.3963156344,22.4956752701,20.9498751731,22.013453919,29783,,,22.735664078634674,21.90296665895809,21.159775850906975,22.020181844364583,#000000,3.600576887260191,21.16475906250662,0.06431096436593016,0,,,0.0,0.0,0.0,0.0,47.4138864616138,-5.886411319453536,True,False,False,False,True,0.0
2023-07-14 00:00:00+00:00,22.7684635225,22.9752705009,21.2190525101,21.3109667227,34265,,,22.733163213630107,21.906930433535415,21.17929812752438,22.02855097439516,#000000,3.5352268441298116,21.203770695342744,0.44260040335329637,0,,,0.0,0.0,0.0,0.0,49.06856798601111,-4.203971583091132,True,False,False,False,True,0.0
2023-07-21 00:00:00+00:00,23.3856018072,23.6350832414,22.4401984775,22.6470054559,48894,,,22.736750224779108,21.923576061449435,21.2255542739321,22.05215677783348,#000000,3.4204594450003207,21.29065706546045,0.6124746617889963,0,,,0.0,0.0,0.0,0.0,50.88406704786418,-2.4153718143801512,True,False,False,False,True,0.0
2023-07-28 00:00:00+00:00,22.7815941243,23.7466933567,22.7750288234,23.3462100018,30153,,,22.738657108966738,21.933192726051708,21.252267332080617,22.065651841333306,#000000,3.3760544747166024,21.718759961921425,0.3148154659050023,0,,,0.0,0.0,0.0,0.0,51.431205819121416,-1.8671957337653922,True,False,False,False,True,0.0
2023-08-04 00:00:00+00:00,21.6326664668,23.1755121784,21.3044014218,22.7093758144,88541,,,22.728045319408672,21.93563615905854,21.2837903677165,22.075834780614013,#000000,3.3169076711168737,21.557649413233868,0.02261656368049341,0,,,0.0,0.0,0.0,0.0,50.49460761303779,-1.8671957337653922,True,False,False,False,True,0.0
2023-08-11 00:00:00+00:00,22.7881594252,22.7881594252,21.3240973245,21.8624519983,32057,,,22.725713237053224,21.93870085113793,21.29835063117273,22.081587094524576,#000000,3.255554076623005,21.574992060041865,0.3726454350334604,0,,,0.0,0.0,0.0,0.0,51.10852588887224,-1.8671957337653922,True,False,False,False,True,0.0
2023-08-18 00:00:00+00:00,21.8624519983,22.8669430361,21.0943117929,22.801290027,77905,,,22.715458993162432,21.938751606365614,21.319979787030896,22.086947795364882,#000000,3.2031118863601606,21.720326851369116,0.04437095923376772,0,,,0.0,0.0,0.0,0.0,50.50628589245852,-1.8671957337653922,True,False,False,False,True,0.0
2023-08-25 00:00:00+00:00,21.6457970686,22.0725416271,21.1008770938,21.8361907947,88693,,,22.69919660442723,21.93134413525994,21.330545965255922,22.084232447448702,#000000,3.1109956339764127,21.637240405776062,0.002750457998233014,0,,,0.0,0.0,0.0,0.0,49.83733680187537,-1.8671957337653922,True,False,False,False,True,0.0
2023-09-01 00:00:00+00:00,22.9457266469,23.0442061604,21.7574071839,21.9018438037,35905,,,22.698507660882807,21.937166414358924,21.348966575662736,22.092325258952496,#000000,2.983490686703904,21.70452831535298,0.41602219074404656,0,,,0.0,0.0,0.0,0.0,50.82286132508689,-1.8671957337653922,True,False,False,False,True,0.0
2023-09-08 00:00:00+00:00,22.5912003982,22.8669430361,21.9937580163,22.7422023189,21219,,,22.697762080708507,21.94004085717197,21.358751107101277,22.09643115500737,#000000,2.840819220646082,21.732357383291756,0.30232230501204527,0,,,0.0,0.0,0.0,0.0,51.099567043672764,-1.8671957337653922,True,False,False,False,True,0.0
2023-09-15 00:00:00+00:00,23.9779760744,24.081255697,22.5715044955,22.7881594252,33245,,,22.702342491735546,21.953140002375804,21.387867393783132,22.111862321591037,#000000,2.70508797730232,21.840516281851507,0.7901627638299957,0,,,0.0,0.0,0.0,0.0,52.746685677539105,-0.37859276075841564,True,False,False,False,True,0.0
2023-09-22 00:00:00+00:00,21.9321185822,24.1490123921,21.6558291459,24.1292774323,43592,,,22.70147274013435,21.95977262079218,21.408323882395322,22.19709722108877,#000000,2.593614895280449,22.25117283927229,-0.12301527788603665,0,,,1.0,0.0,24.149012,102.0,51.60615344761705,-0.37859276075841564,True,False,False,False,True,0.0
2023-09-29 00:00:00+00:00,20.7019727589,22.4846974547,20.6427678797,22.4846974547,87213,,,22.68165110157884,21.945585748881996,21.40394421925085,22.042674245163173,#000000,2.5416032929726367,21.925979960992052,-0.4815886119900583,0,,,0.0,0.0,0.0,0.0,49.619341171852525,2.827363866786385,True,False,False,False,False,0.0
2023-10-06 00:00:00+00:00,20.3138518842,20.5835630005,19.5376101347,20.5835630005,43563,,,22.664147980248117,21.92710383089482,21.383396111184954,21.962624995044717,#000000,2.519311026600932,21.7257850131544,-0.560444150819832,0,,,0.0,0.0,0.0,0.0,47.847330897279015,1.1554573365245275,True,False,False,False,False,0.0
2023-10-13 00:00:00+00:00,21.1558768327,22.0834199401,20.030984128,20.0836106873,64548,,,22.648217706400747,21.914564465786334,21.376470296541033,21.943140078017535,#000000,2.4995211309555123,21.654147037579627,-0.19934626625426843,0,,,0.0,0.0,0.0,0.0,47.55817504624514,0.9070671497194667,True,False,False,False,False,0.0
2023-10-20 00:00:00+00:00,20.2349120452,22.1492031392,20.175707166,21.2611299513,155312,,,22.60554722557646,21.87763935121649,21.3483420811555,21.888319121632154,#000000,2.4974463776453772,21.48438347694892,-0.5002996031998637,0,,,0.0,0.0,0.0,0.0,46.46699155836662,-0.14555746860729357,True,False,False,False,False,0.0
2023-10-27 00:00:00+00:00,19.14948926,20.5309364412,19.0771277409,20.0770323674,60776,19.585851147366668,,22.57771514448814,21.846855976589016,21.312026776114433,21.50895765810016,"rgba(239, 83, 80, 0.5)",2.5189873708391013,20.83957045305654,-0.6709367472904633,0,,,0.0,0.0,0.0,0.0,44.72471603012472,-1.8159595908514419,False,False,False,True,False,0.0
2023-11-03 00:00:00+00:00,21.8400221034,22.1623597791,19.0837060609,19.4060437365,85166,20.42783853353769,,22.55796364425596,21.83174071651824,21.304075646920968,21.62249972937257,#000000,2.4593732898564937,21.035510558683395,0.3271205506031774,0,,,0.0,0.0,0.0,0.0,46.37434400238563,-1.8159595908514419,True,False,False,False,False,0.0
2023-11-10 00:00:00+00:00,21.0835153137,22.1492031392,20.8269608372,22.0834199401,71487,20.73209051720493,,22.545205928980376,21.824433532685948,21.30520678289883,21.668904569634,#000000,2.4049164462210633,21.12282785111875,-0.01634673731826388,0,,,0.0,0.0,0.0,0.0,46.85025032615141,-1.8159595908514419,True,False,False,False,True,0.0
2023-11-17 00:00:00+00:00,22.2676128976,22.8728183294,20.6888161191,20.8203825173,62574,21.002718364482895,,22.539675918924207,21.825998549997674,21.31780258029905,21.722390643435084,#000000,2.377894664354641,21.230391121062993,0.436193323482858,0,,,0.0,0.0,0.0,0.0,48.31072977464892,-5.334819857325371,True,False,False,False,True,0.0
2023-11-24 00:00:00+00:00,22.609685533,22.8465050498,22.1294681795,22.1294681795,37665,21.183632270077506,,22.539614766733667,21.831532622576553,21.332024450883836,21.763769658747094,#000000,2.3740007720001843,21.315062232517533,0.5453339846185891,0,,,0.0,0.0,0.0,0.0,49.66726579386987,-4.037363093923133,True,False,False,False,True,0.0
2023-12-01 00:00:00+00:00,23.787204797,23.8003614368,22.1886730587,22.3794443361,81648,21.607930121897596,,22.548084327521668,21.85549381084804,21.37986638792349,21.87366937946632,#000000,2.360063211610615,21.541023505427965,0.9517462415928847,13,0.23348530525119965,3.0353089682655954,0.0,0.0,0.0,0.0,51.677782382027786,-2.1241443605445482,True,False,False,False,True,0.0
2023-12-08 00:00:00+00:00,23.6161684793,23.8990362355,23.3398790431,23.5569636001,51176,21.836315583895882,,22.55592720166602,21.873851311323335,21.414171548734757,21.939511564089976,#000000,2.34832200491526,21.676512458674132,0.8259753204909653,13,0.24037058222158442,3.1248175688805975,0.0,0.0,0.0,0.0,52.920397424740315,-0.9645733926930902,True,False,False,False,True,0.0
2023-12-15 00:00:00+00:00,25.3926519403,26.3614346643,23.5503852802,23.7411565576,60202,22.221223313419255,,22.57768324284818,21.912911618626687,21.479469405876852,22.05728793812045,"rgba(38, 166, 154, 1.0)",2.350762552920389,21.9161651083021,1.4788762172849,14,0.23639842100990133,3.3095778941386187,0.0,0.0,0.0,0.0,55.28174925353149,1.2647640571679517,True,False,True,False,True,1.5555734216278054
2023-12-22 00:00:00+00:00,26.3218925123,26.5064225549,25.241073691,25.4256037337,47669,22.545802610598383,,22.60084318250281,21.951923675527766,21.54230008441009,22.162577378866143,"rgba(38, 166, 154, 1.0)",2.374843180656813,22.128592564232278,1.765716566981057,14,0.23943362189851072,3.35207070657915,0.0,0.0,0.0,0.0,57.65252862408572,3.4675833157198,True,False,True,False,True,3.1380031425979134
2023-12-29 00:00:00+00:00,26.6052779349,27.0468319655,26.3623573145,26.3943864576,35332,22.791330624210232,,22.621023549162054,21.98489402911768,21.594337796110352,22.245563041403443,"rgba(38, 166, 154, 1.0)",2.3755835430497205,23.426223298756764,1.3382205165733874,14,0.24222421311226758,3.391138983571746,0.0,0.0,0.0,0.0,59.5515378284861,5.199535763945924,True,False,True,False,True,3.6166177788055798
2024-01-05 00:00:00+00:00,25.4058326577,26.3614346643,24.9445075511,26.3614346643,39906,22.96637641718127,,22.637447179284063,22.012964647665367,21.63938474339769,22.309921296286465,"rgba(38, 166, 154, 1.0)",2.331877535402013,23.384285606480088,0.8669181895400865,14,0.24706173295230177,3.458864261332225,0.0,0.0,0.0,0.0,59.39729677257573,5.199535763945924,True,False,True,False,True,1.4184453840883684
2024-01-12 00:00:00+00:00,25.7814831016,26.4207478923,25.3728808643,25.4058326577,67390,23.244399229581887,,22.667451499114463,22.063138098224474,21.718584961730567,22.417286322145376,"rgba(38, 166, 154, 1.0)",2.2909815799770437,23.527392031816277,0.9838975090346685,14,0.2548746934529385,3.568245708341139,0.0,0.0,0.0,0.0,59.60158951432911,5.199535763945924,True,False,True,False,True,2.0701192266666872
2024-01-19 00:00:00+00:00,26.2296274909,26.2296274909,24.984049703,25.7814831016,37647,23.375389149804633,,22.68374365436833,22.090283360046268,21.761092554399045,22.471226685407537,"rgba(38, 166, 154, 1.0)",2.1805518358549745,23.602330194318107,1.2048772486767114,14,0.25808487648194217,3.6131882707471905,0.0,0.0,0.0,0.0,60.12568750283525,5.755508955058929,True,False,True,False,True,2.8480082365515216
2024-01-26 00:00:00+00:00,26.7239043909,27.1127355522,26.3614346643,26.3614346643,42887,23.559624622026483,,22.707482946948122,22.128239830825937,21.81918363121221,22.546184763084852,"rgba(38, 166, 154, 1.0)",2.1233364660356906,24.780724877840075,0.9151538364938823,14,0.26265823376239184,3.677215272673486,0.0,0.0,0.0,0.0,60.91580747885513,6.604840198211342,True,False,True,False,True,3.703871440411337
2024-02-02 00:00:00+00:00,25.636495211,27.0995548349,25.5112783963,26.6382297282,34869,23.667376697051836,,22.723494840284033,22.15435169514006,21.859303780526144,22.593873685796456,"rgba(38, 166, 154, 1.0)",2.0856795951974347,24.758405093643784,0.42100911346984426,14,0.2672691685991501,3.7417683603881016,0.0,0.0,0.0,0.0,60.0124907093495,6.604840198211342,True,False,True,False,True,1.6624378271245774
2024-02-09 00:00:00+00:00,26.8557115642,26.8623019229,25.3926519403,25.3926519403,42873,23.80223475454767,,22.74464412442836,22.188306290357414,21.910901893143937,22.654465696743333,"rgba(38, 166, 154, 1.0)",2.0977835712578554,24.82591240894749,0.9675922640748955,14,0.2709169041465028,3.7928366580510398,0.0,0.0,0.0,0.0,60.445785853534524,6.604840198211342,True,False,True,False,True,3.7760576949971743
2024-02-16 00:00:00+00:00,26.5327839896,27.0534223242,25.7089891563,26.8029886949,32348,23.897633521035623,,22.76070773687646,22.213936983245212,21.9495847503208,22.698700359241922,"rgba(38, 166, 154, 1.0)",2.0593668980610773,24.87971735468959,0.8027062280484332,14,0.27782509959561136,3.889551394338559,0.0,0.0,0.0,0.0,60.32053433382395,6.604840198211342,True,False,True,False,True,3.167189642484331
2024-02-23 00:00:00+00:00,27.1852294975,27.3763498988,26.2823503603,26.5327839896,63411,24.100167592425162,,22.796165756430288,22.26933329670867,22.032041027620647,22.792926480525477,"rgba(38, 166, 154, 1.0)",2.074887855925048,25.046395931217468,1.0308188754273542,14,0.28607090509781813,4.004992671369454,0.0,0.0,0.0,0.0,60.811687727028215,6.917002674227042,True,False,True,False,True,4.293865729108575
2024-03-01 00:00:00+00:00,27.2774945188,27.7585907015,26.6909525976,27.1193259109,49950,24.256342275627944,,22.82562721620295,22.314754077665125,22.098878544484037,22.86767251619688,"rgba(38, 166, 154, 1.0)",2.132264599686655,25.179316876555653,0.984013730074909,14,0.2955746232219732,4.1380447251076244,0.0,0.0,0.0,0.0,61.24537594770345,7.490412677120041,True,False,True,False,True,4.453533862312284
2024-03-08 00:00:00+00:00,27.4752052788,28.0287954068,27.0468319655,27.4224824095,54926,24.425312446675488,,22.859562502447304,22.36648184483743,22.174241967994977,22.950502107399018,"rgba(38, 166, 154, 1.0)",2.20069693809737,25.32641194802348,0.976414922735466,14,0.3039499321915779,4.2552990506820905,0.0,0.0,0.0,0.0,61.74069488951885,8.12428965491825,True,False,True,False,True,4.80016247144993
2024-03-15 00:00:00+00:00,27.0721843501,28.0362182318,26.7421017901,27.2313620082,28575,24.50034641705754,,22.876148547109693,22.391786876587997,22.210949159179606,22.98928087273406,"rgba(38, 166, 154, 1.0)",2.2540280765253606,25.382677685178727,0.7495499645797169,15,0.2973343361503821,4.460015042255731,0.0,0.0,0.0,0.0,61.44159470998116,8.12428965491825,True,False,True,False,True,3.992838074877824
2024-03-22 00:00:00+00:00,27.7456874729,28.4389995111,27.0423389176,27.0423389176,19651,24.557838380581472,,22.88866274999447,22.41065670136111,22.238143946079564,23.018447275748255,"rgba(38, 166, 154, 1.0)",2.312204316280243,26.455790979190496,0.5578644087061573,15,0.29941051328439355,4.491157699265903,0.0,0.0,0.0,0.0,61.9130457372392,8.5832717336637,True,False,True,False,True,5.197052979606109
2024-03-29 00:00:00+00:00,27.5872161499,27.7654963883,27.0391694911,27.7060696422,12965,24.591446542942418,,22.896412448938165,22.422387375708702,22.255040057463503,23.03610664822164,"rgba(38, 166, 154, 1.0)",2.3629666169531007,26.446093221880066,0.4829196146204313,15,0.2995501338287857,4.493252007431786,0.0,0.0,0.0,0.0,61.976768145661154,8.80302960037119,True,False,True,False,True,4.871830560633843
2024-04-05 00:00:00+00:00,26.6429911835,27.5343923756,26.3128425939,27.5343923756,41088,24.670591514194808,,22.91741538662074,22.454577121858108,22.301442642155916,23.081697839268934,"rgba(38, 166, 154, 1.0)",2.39685171502582,26.355047091396823,0.12013429545852237,15,0.29977966497434744,4.496694974615211,0.0,0.0,0.0,0.0,60.45703776560808,8.80302960037119,True,False,True,False,True,2.949905803533035
2024-04-12 00:00:00+00:00,25.9232672581,27.0985962372,25.7251781044,26.6826090143,40204,24.72336902909624,,22.934730557904718,22.48149965173586,22.340234726412344,23.11682948420586,"rgba(38, 166, 154, 0.75)",2.4172280130853654,26.264892842373726,-0.14132948254131472,15,0.3003001964476587,4.50450294671488,0.0,0.0,0.0,0.0,58.28420216731216,11.376775894232253,True,False,True,False,False,1.5178178093249635
2024-04-19 00:00:00+00:00,25.6591483864,26.0817385812,25.2563671071,26.0817385812,46770,24.758653058326992,,22.95114323355209,22.507567433383233,22.3778213923259,23.462103901189003,"rgba(38, 166, 154, 0.75)",2.4124576089109055,26.37038757855847,-0.29481935331479636,15,0.3006502094322891,4.509753141484336,0.0,0.0,0.0,0.0,56.34363801950713,9.497673988629671,True,False,True,False,False,0.9950045753626284
2024-04-26 00:00:00+00:00,26.946727886,27.0193605757,25.705369189,25.8704434838,35381,24.80819056488433,,22.967463002400972,22.53249206040882,22.413252658160804,23.53842341567463,"rgba(38, 166, 154, 0.75)",2.444671213203439,26.46539368391479,0.1968911809021886,15,0.30230531012242184,4.534579651836328,0.0,0.0,0.0,0.0,56.59946138253703,9.497673988629671,True,False,True,False,False,3.427644613584068
2024-05-03 00:00:00+00:00,28.1352628087,28.1352628087,26.37226934,27.2174497295,211387,25.195292833482,,23.088046140034844,22.710370317928426,22.66077515610449,23.87976751888292,"rgba(38, 166, 154, 0.75)",2.4922036561781375,26.980943394350902,0.4631721855826489,15,0.30170111799776944,4.525516769966542,0.0,0.0,0.0,0.0,58.06356585978132,9.497673988629671,True,False,True,False,False,5.5771141542898555
2024-05-10 00:00:00+00:00,29.1983412673,29.5020779698,28.4323965394,28.4720143701,72726,25.373739926136953,,23.141511787836485,22.786728924804898,22.764924258474544,24.01763455856915,"rgba(38, 166, 154, 1.0)",2.5773932620655775,27.237792572707676,0.7606711491986664,15,0.2963516964723046,4.445275447084569,0.0,0.0,0.0,0.0,60.10815557163916,6.810687697396396,True,False,True,False,True,7.429246609295436
2024-05-17 00:00:00+00:00,29.3898274493,29.7860057569,28.6304856931,29.1389145212,79237,25.5610288120271,,23.20085644170586,22.870765768146796,22.878517741228844,24.15402077163065,"rgba(38, 166, 154, 1.0)",2.671238803034131,28.013006672588062,0.5154240703407249,14,0.3035365800136871,4.2495121201916195,0.0,0.0,0.0,0.0,61.740696947436035,8.334992197052557,True,False,True,False,True,7.758970019148542
2024-05-24 00:00:00+00:00,29.4822690544,29.7001671236,28.9870461699,29.3898274493,95423,25.77060465449937,,23.272211125551877,22.970982373758513,23.012650995320772,24.301411404219444,"rgba(38, 166, 154, 1.0)",2.75109713504962,28.211745056160634,0.4618244779701135,14,0.29744032436562645,4.164164541118771,0.0,0.0,0.0,0.0,62.9935067505141,9.489634242454294,True,False,True,False,True,7.9202151630804
2024-05-31 00:00:00+00:00,28.6965154111,29.5482987723,27.7651662397,29.5482987723,45464,25.84429640482568,,23.30169977501082,23.01242042713768,23.067637157884267,24.350838635746086,"rgba(38, 166, 154, 1.0)",2.7974045586732497,28.213600885384842,0.1726294912253207,14,0.29318441208654766,4.104581769211667,0.0,0.0,0.0,0.0,62.474868243610956,9.489634242454294,True,False,True,False,True,6.230687656377988
2024-06-07 00:00:00+00:00,27.3627151089,28.7427362136,27.3627151089,28.6370886649,31247,25.878262992591598,,23.318611552031584,23.036339697300644,23.099190722900474,24.372355100868404,"rgba(38, 166, 154, 0.75)",2.8073419483438036,28.16739467810058,-0.28663397049842904,14,0.29126192482759744,4.077666947586364,0.0,0.0,0.0,0.0,60.010843982108284,9.489634242454294,True,False,True,False,False,3.461577611577937
2024-06-14 00:00:00+00:00,27.0189881251,28.0824390343,26.7411238985,27.171228927,47890,25.91422292035707,,23.341197951404624,23.068442469209582,23.141290598881163,24.39430392545041,"rgba(38, 166, 154, 0.75)",2.8254079484189183,28.069132782898112,-0.37167894936579526,14,0.2896220153794128,4.054708215311779,0.0,0.0,0.0,0.0,57.75829073676786,11.58263699670907,True,False,True,False,False,2.7644728366761058
2024-06-21 00:00:00+00:00,26.8337453074,27.3166997964,26.5393415435,26.7940504179,18079,25.923639897208492,,23.348832625712937,23.079341691629793,23.155509283677876,24.39987956733644,"rgba(38, 166, 154, 0.75)",2.8476908662387177,27.85986262389568,-0.3603331136328689,14,0.28935601734839816,4.050984242877575,0.0,0.0,0.0,0.0,55.8790251305444,9.865147983007688,True,False,True,False,False,2.3863723940513992
2024-06-28 00:00:00+00:00,27.5151742439,27.7864226556,26.787434603,26.787434603,26154,25.943327388555744,,23.361263899735945,23.09691286342094,23.17843008779082,24.412915295141033,"rgba(38, 166, 154, 0.75)",2.8803255835718136,27.89428147624331,-0.13161957610125152,14,0.2893577012439179,4.051007817414851,0.0,0.0,0.0,0.0,55.46782264841863,9.538010170703153,True,False,True,False,False,3.6878673689153025
2024-07-05 00:00:00+00:00,28.4281567026,28.5340097413,27.2373100174,27.5350216887,20105,25.96541887350207,,23.372438526635236,23.112533659407603,23.198814274482203,24.428383051724932,"rgba(38, 166, 154, 0.75)",2.9279350778581614,27.959201542971833,0.16016583262878062,14,0.2881277506449705,4.033788509029587,0.0,0.0,0.0,0.0,56.31243695829306,9.538010170703153,True,False,True,False,False,5.393517054197009
2024-07-12 00:00:00+00:00,30.412901178,30.412901178,27.9650496584,28.2627613297,25484,26.012690898651236,,23.39112019946459,23.138266699099713,23.232456451518704,24.46246504047331,"rgba(38, 166, 154, 1.0)",3.0227635899838936,28.155159246513623,0.7469131687861853,14,0.2866676179277564,4.01334665098859,0.0,0.0,0.0,0.0,58.92583840809096,9.538010170703153,True,False,True,False,True,8.900553885346458
2024-07-19 00:00:00+00:00,30.4327486228,31.2266464129,30.3004323244,30.4062853631,19546,26.058564504801613,,23.40779911096007,23.16107117422709,23.26226389961836,24.495716723011554,"rgba(38, 166, 154, 1.0)",3.113972004945687,28.3271189632505,0.6761877294353601,14,0.2830998062072149,3.963397286901009,0.0,0.0,0.0,0.0,60.81041379363028,6.454093565257772,True,False,True,False,True,8.934519475114758
2024-07-26 00:00:00+00:00,31.3192678218,31.3655785262,30.2475058051,30.4724435123,28244,26.12783775246337,,23.432837560933617,23.19519552105366,23.30678585751992,24.545888088599312,"rgba(38, 166, 154, 1.0)",3.224471503377106,28.53824218830489,0.8624748677674599,13,0.2812995440488902,3.6568940726355725,0.0,0.0,0.0,0.0,62.94171950656697,8.441485465892455,True,False,True,False,True,10.446406125147867
2024-08-02 00:00:00+00:00,30.0357997277,32.6225833606,29.9497941338,31.1935673383,25861,26.18820123139888,,23.455292356335303,23.22575023114645,23.346535180772783,24.589527328989487,"rgba(38, 166, 154, 1.0)",3.2855280332331955,29.362544775182492,0.20491529693477473,13,0.27649562240604,3.59444309127852,0.0,0.0,0.0,0.0,62.31778833850781,8.441485465892455,True,False,True,False,True,7.652128630871378
2024-08-09 00:00:00+00:00,29.6520824624,30.1681160261,27.991512918,28.8449530425,49900,26.262102870410963,,23.48897762785179,23.271835290541855,23.406012142303357,24.642986688219953,"rgba(38, 166, 154, 1.0)",3.3354210097243215,29.11787468193186,0.1601620241974471,12,0.2871781660760369,3.446137992912443,0.0,0.0,0.0,0.0,61.28109533837217,8.441485465892455,True,False,True,False,True,6.835699078442396
2024-08-16 00:00:00+00:00,30.7701551836,30.9090872969,29.1625121585,30.2210425454,28370,26.31614224778847,,23.511270858741042,23.302083364665734,23.445030025112043,24.682223386627218,"rgba(38, 166, 154, 1.0)",3.3711455822847207,29.21004695596528,0.4627828106365528,11,0.2830245988836189,3.113270587719808,0.0,0.0,0.0,0.0,61.67461689780018,8.441485465892455,True,False,True,False,True,8.78053504007671
2024-08-23 00:00:00+00:00,32.4968828772,32.4968828772,30.8561607775,30.9620138162,26405,26.385785191615565,,23.536973530958168,23.33668154758883,23.489721862350812,24.73263195781785,"rgba(38, 166, 154, 1.0)",3.436180911332655,29.43245265421186,0.8918128300176317,11,0.27326720608108324,3.0059392668919154,0.0,0.0,0.0,0.0,63.419198773111574,8.812286506819596,True,False,True,False,True,11.629837412746799
2024-08-30 00:00:00+00:00,33.396633706,33.396633706,32.5167303219,32.6556624352,49931,26.53922322746474,,23.591755685147138,23.410014569028313,23.584309234136096,24.843300295656306,"rgba(38, 166, 154, 1.0)",3.531149260294802,29.895030038393664,0.991632867797269,11,0.2630479557363687,2.8935275131000555,0.0,0.0,0.0,0.0,65.32016039852235,10.674099545310796,True,False,True,False,True,13.047216502218436
2024-09-06 00:00:00+00:00,30.6113756256,33.4098653359,30.498906772,33.4098653359,49384,26.64896538624179,,23.636332018791176,23.46969950924973,23.66066010913207,24.92289319991165,"rgba(38, 166, 154, 1.0)",3.5719900574364862,30.02985851249492,0.16279919701748008,11,0.25893232288366286,2.8482555517202917,0.0,0.0,0.0,0.0,62.85614828474384,10.674099545310796,True,False,True,False,True,7.237084281046567
2024-09-13 00:00:00+00:00,32.6627987322,33.0204394803,30.6113756256,31.3324994516,54636,26.77897563265426,,23.688730305752387,23.53949981464664,23.749674360585704,25.017205661638485,"rgba(38, 166, 154, 1.0)",3.644275297843158,30.21531014669913,0.6715981602568285,11,0.2528039083538803,2.780842991892683,0.0,0.0,0.0,0.0,62.71595073457729,10.674099545310796,True,False,True,False,True,10.43896109781683
2024-09-20 00:00:00+00:00,34.6773028536,34.7369427783,32.9146117474,33.0802782047,46009,26.923356188157378,,23.742788372846732,23.611018099700583,23.840901400024645,25.121193705632855,"rgba(38, 166, 154, 1.0)",3.778759926053797,30.512178034968404,1.1022464777171703,11,0.243741472737892,2.681156200116812,0.0,0.0,0.0,0.0,63.91764084590625,10.674099545310796,True,False,True,False,True,13.35759068974036
2024-09-27 00:00:00+00:00,35.3399686831,35.8899813215,34.5248897129,34.8098360195,218718,27.636361260181513,,24.019768477328995,23.97376618996642,24.299371374874653,25.634960404040143,"rgba(38, 166, 154, 1.0)",3.9296953019115444,31.731718515898756,0.9182010028731895,11,0.2342039418721799,2.576243360593979,0.0,0.0,0.0,0.0,65.16275993655515,10.674099545310796,True,False,True,False,True,14.278989824086974
2024-10-04 00:00:00+00:00,35.1875555423,35.3664753162,34.505009738,35.1212889593,66871,27.824692280333114,,24.100116679594933,24.078013943621073,24.42946506580952,25.772269560782817,"rgba(38, 166, 154, 1.0)",4.054440537803944,31.959015572771666,0.7962972793472128,11,0.226125900739264,2.487384908131904,0.0,0.0,0.0,0.0,65.85736651868582,11.173553117795862,True,False,True,False,True,13.966886533388742
2024-10-11 00:00:00+00:00,35.5321417736,36.0258278165,34.5381430295,35.1212889593,46319,27.955609214214714,,24.156826404486562,24.15132152100642,24.520622017714956,25.86801449951392,"rgba(38, 166, 154, 1.0)",4.168840961099968,32.11467993657588,0.8197630633821079,10,0.18181782812725572,1.8181782812725573,0.0,0.0,0.0,0.0,66.57215481143237,11.95570737611979,True,False,True,False,True,14.455173966962867
2024-10-18 00:00:00+00:00,37.3942327543,37.5267659201,35.4128619243,35.4526218741,66325,28.169613702806583,,24.24715254652681,24.26766499280698,24.665197973140508,26.02386510249717,"rgba(38, 166, 154, 1.0)",4.327146661940868,32.40701770283288,1.1525412566511408,10,0.17378644847987335,1.7378644847987335,0.0,0.0,0.0,0.0,68.17005571775668,13.58993213520143,True,False,True,False,True,17.013262651833774
2024-10-25 00:00:00+00:00,35.3863552911,37.5728211953,35.3652162512,37.5728211953,86532,28.413140330410364,,24.356875895355866,24.408312839464188,24.838620170041146,26.203472381763646,"rgba(38, 166, 154, 1.0)",4.413293115567439,32.68049184499422,0.6131166399442459,10,0.16887221518322798,1.68872215183228,0.0,0.0,0.0,0.0,66.79586149307268,13.58993213520143,True,False,True,False,True,12.925698145793838
2024-11-01 00:00:00+00:00,35.3068353916,36.2677008442,34.8363426527,35.8435947134,142299,28.752052909421394,,24.52340657617507,24.620256580712393,25.09714543491731,26.45866342189393,"rgba(38, 166, 154, 1.0)",4.484482552287819,32.974035509274195,0.5201937693203198,9,0.17171897450279003,1.5454707705251103,0.0,0.0,0.0,0.0,65.7210579205398,13.58993213520143,True,False,True,False,True,12.768131755938555
2024-11-08 00:00:00+00:00,37.9906320007,38.288831624,35.2737021001,35.2737021001,113645,29.063517913208567,,24.673132173346932,24.809610211368614,25.327408335294038,26.69252135574102,"rgba(38, 166, 154, 1.0)",4.620863673755673,33.30971598370658,1.0129959132053208,9,0.16524566214759243,1.4872109593283318,0.0,0.0,0.0,0.0,66.61152837914318,13.58993213520143,True,False,True,False,True,16.38556122266141
2024-11-15 00:00:00+00:00,37.6858057192,39.6738032075,37.5267659201,38.4279914482,99882,29.353797474823565,,24.81326060140521,24.98590582048957,25.540957111738344,26.910912096051554,"rgba(38, 166, 154, 1.0)",4.741298195587913,33.63798438315518,0.8537369237420208,9,0.16045727938222035,1.444115514439983,0.0,0.0,0.0,0.0,66.87885180175701,13.58993213520143,True,False,True,False,True,15.77402028337568
2024-11-22 00:00:00+00:00,38.6466711719,38.9780040866,36.7713268746,37.4074860709,78716,29.56606047343092,,24.920365011703506,25.11996124493196,25.702266645892166,27.072589068050576,"rgba(38, 166, 154, 1.0)",4.896730997618021,33.85832090182667,0.9778667181028707,8,0.1627197530093869,1.3017580240750952,0.0,0.0,0.0,0.0,67.62192770097487,13.58993213520143,True,False,True,False,True,17.021965542785114
2024-11-29 00:00:00+00:00,40.6810552682,40.9129883085,38.96475077,39.0177640363,182443,30.12967673104657,,25.199690627374746,25.467828452240553,26.119945947711823,27.500138161209367,"rgba(38, 166, 154, 1.0)",5.08334320257045,34.50937905249311,1.2140978819974442,8,0.15666050044324697,1.2532840035459758,0.0,0.0,0.0,0.0,69.19043067549427,14.954311028583618,True,False,True,False,True,19.546362336978046
2024-12-06 00:00:00+00:00,39.5677766748,41.2575745398,39.4750034586,40.541895444,60197,30.30125954178807,,25.2891077499581,25.57845788749619,26.251711518233382,27.632247272227662,"rgba(38, 166, 154, 1.0)",5.2355424242923165,36.41140758450106,0.6028733671708488,8,0.15193192788237736,1.2154554230590189,0.0,0.0,0.0,0.0,68.9483264945271,14.954311028583618,True,False,True,False,True,17.30221641811775
2024-12-13 00:00:00+00:00,38.9117375036,40.1708025795,38.785830996,39.8394696648,65677,30.46690969581439,,25.3801756058334,25.690633435774494,26.38441650856236,27.761930204539663,"rgba(38, 166, 154, 1.0)",5.341807085094405,36.42063636324315,0.46634052871507414,8,0.1479045465355069,1.183236372284055,0.0,0.0,0.0,0.0,68.00307815008759,14.954311028583618,True,False,True,False,True,16.003352958090286
2024-12-20 00:00:00+00:00,37.1727647461,39.5217755851,36.681728582,38.8847556966,94428,30.655999049368457,,25.49517875981655,25.831327391233565,26.548952065079387,27.91504295114772,"rgba(38, 166, 154, 0.75)",5.41341000048041,36.31147872741968,0.15910230679070736,7,0.15181748077272741,1.0627223654090918,0.0,0.0,0.0,0.0,65.43397944023171,14.954311028583618,True,False,True,False,False,12.666611765075242
2024-12-27 00:00:00+00:00,37.7500640201,38.3771304729,37.0932036163,37.3253840944,24587,30.703295768597073,,25.524649185169864,25.86726904338837,26.590823265765593,27.953698434121993,"rgba(38, 166, 154, 0.75)",5.498216184122686,36.30526664684821,0.2627756575712609,7,0.14882951295244348,1.0418065906671043,0.0,0.0,0.0,0.0,64.00498168640465,18.093763082939944,True,False,True,False,False,13.43133976071325
2025-01-03 00:00:00+00:00,38.3539057895,38.5330676331,37.2397845469,37.4514609474,35431,30.77323133265454,,25.56791298717793,25.919990981227688,26.652233651662502,28.010742114991395,"rgba(38, 166, 154, 0.75)",5.581176695825324,36.31786167280076,0.36480552895273544,7,0.1457774176113185,1.0204419232792294,0.0,0.0,0.0,0.0,63.40713861000279,17.482478577384597,True,False,True,False,False,14.22711816668458
2025-01-10 00:00:00+00:00,36.5158379861,38.7719500913,36.5158379861,38.7520432198,115743,30.969304029395854,,25.698537094739407,26.078279244894915,26.835000511095778,28.175174993180235,"rgba(38, 166, 154, 0.75)",5.598712508870289,36.28845168178023,0.040614034737363976,7,0.14390738067086137,1.0073516646960297,0.0,0.0,0.0,0.0,61.056761642514104,15.18666956911946,True,False,True,False,False,10.783244467045375
2025-01-17 00:00:00+00:00,38.5596101285,38.6724157337,35.8390043545,35.9717168313,76381,31.10059095414349,,25.786242443158116,26.184193507234422,26.956949685031212,28.28557199547447,"rgba(38, 166, 154, 0.5)",5.669926964142365,37.00913574134662,0.2734557952789969,6,0.14842435585304045,0.8905461351182427,0.0,0.0,0.0,0.0,60.8464345988076,14.965093568042988,False,False,True,False,False,13.477443018068389
2025-01-24 00:00:00+00:00,40.5104835371,40.5104835371,38.7520432198,38.7520432198,60317,31.23463401894753,,25.86742928581666,26.282452829006992,27.070976342846134,28.39441878447607,"rgba(38, 166, 154, 0.75)",5.765381330308028,37.36214490204833,0.5460763919467345,5,0.13410289406995904,0.6705144703497952,0.0,0.0,0.0,0.0,61.886277571114704,14.965093568042988,True,False,True,False,False,15.892857901358905
2025-01-31 00:00:00+00:00,40.6365603901,41.6186327183,39.4288768514,40.1720667214,69021,31.39399328494086,,25.963353828009538,26.39835175754616,27.205367744777764,29.861118576802344,"rgba(38, 166, 154, 0.75)",5.8480079896841755,38.76822470441984,0.31948240990365995,5,0.13136463864947928,0.6568231932473965,1.0,0.0,41.618633,183.0,62.702243476946705,14.965093568042988,True,False,True,False,False,16.045493054749155
2025-02-07 00:00:00+00:00,39.5151399613,40.0327186207,38.6525088622,39.2696218793,83620,31.556361686779226,,26.068791130251384,26.52496121451401,27.350792752732136,29.91077345485435,"rgba(38, 166, 154, 0.75)",5.913563367087631,38.66747455579716,0.14334257585207955,4,0.13744926262404272,0.5497970504961709,0.0,0.0,0.0,0.0,62.094839145567136,14.965093568042988,True,False,True,False,False,13.960433216158464
2025-02-14 00:00:00+00:00,40.3313216935,40.6033822709,38.3074564226,39.5814961997,65097,31.683672376740788,,26.151842510741876,26.624443489138166,27.464819305915874,29.999439742785157,"rgba(38, 166, 154, 0.75)",5.98303843098945,38.718304215811635,0.26959838154033255,4,0.13593269772931188,0.5437307909172475,0.0,0.0,0.0,0.0,62.19915317930128,14.965093568042988,True,False,True,False,False,14.981230462261294
2025-02-21 00:00:00+00:00,39.030739421,40.683009757,38.8058581291,40.3246860697,59987,31.794134252681694,,26.22614653168788,26.713142037010215,27.5660290999887,30.07373620341477,"rgba(38, 166, 154, 0.5)",6.03544970994461,38.73324456589361,0.049291249103809276,4,0.13495559815339708,0.5398223926135883,0.0,0.0,0.0,0.0,60.927723410308005,14.777345677904208,False,False,True,False,False,12.599169242254447
2025-02-28 00:00:00+00:00,38.3870839087,39.1833587693,37.5045459381,39.1700875217,57648,31.88201658949484,,26.290671602824837,26.78969102553102,27.652502289352253,30.11481796214246,"rgba(38, 166, 154, 0.5)",6.0352105828680696,38.64018378694459,-0.04193720745437713,4,0.13387796810631156,0.5355118724252462,0.0,0.0,0.0,0.0,59.38507826203532,13.207283266268185,False,True,True,False,False,11.44352792338259
2025-03-07 00:00:00+00:00,34.5848714489,38.9112981919,33.3705522864,38.3207276703,231316,32.07270032279172,,26.485653797677962,27.016674300017304,27.900752645377526,30.11006225318894,"rgba(38, 166, 154, 0.5)",5.949902467192534,37.740403403322254,-0.530350198481689,4,0.13414965381624644,0.5365986152649858,0.0,0.0,0.0,0.0,55.177696243963666,9.149279156856124,False,True,True,False,False,5.075845185521612
2025-03-14 00:00:00+00:00,33.5165360108,34.0580029161,32.2424962337,33.5430785062,104117,32.09961141850677,,26.548887544791803,27.08820672349359,27.97502344993639,30.070092521397196,#000000,5.839924776735282,37.26380761937678,-0.6416643624426319,4,0.134532868315229,0.538131473260916,0.0,0.0,0.0,0.0,51.46236433823753,5.689440943027947,False,True,False,False,False,3.41962201114789
2025-03-21 00:00:00+00:00,35.6038411095,36.1755233976,33.7026651279,33.8023771549,168246,32.20669184053771,,26.67662470037372,27.234662662090006,28.13206257622148,30.130369165776244,#000000,5.760707892775543,36.960316943000066,-0.23547033780365925,4,0.13441858007194504,0.5376743202877802,0.0,0.0,0.0,0.0,50.532377259368424,4.93987681844402,False,True,False,False,False,6.254371190005113
2025-03-28 00:00:00+00:00,34.4072967854,37.1327588569,34.4072967854,36.5610765687,72505,32.25286569682754,,26.731496767077424,27.29735479881885,28.19908856379261,30.16296571068716,#000000,5.63965342021838,36.8662546456265,-0.4360122292995943,4,0.13475344213982088,0.5390137685592835,0.0,0.0,0.0,0.0,49.038605889619774,3.5970652142425337,False,True,False,False,False,4.414707764518333
2025-04-04 00:00:00+00:00,30.7777790024,36.1289911184,30.2858663358,33.7292550018,143212,32.25698881189457,,26.8016999813666,27.374327183571936,28.275062401670663,30.132432336190725,"rgba(239, 83, 80, 1.0)",5.4661141459859115,36.42427655449018,-1.033000299899835,4,0.1357673463377617,0.5430693853510468,0.0,0.0,0.0,0.0,45.852829109446155,0.6298632452844686,False,True,False,True,False,0.0
2025-04-11 00:00:00+00:00,32.3399340922,33.9486214612,29.0427897325,29.2621561919,462206,32.2165696138307,31.777115095299997,26.993008246037405,27.578819821469967,28.468304792743606,30.22955531366369,"rgba(239, 83, 80, 1.0)",5.357209047161808,34.347163722704806,-0.3746782350351287,4,0.13676992772789137,0.5470797109115655,0.0,0.0,0.0,0.0,44.82281590637233,-0.25111592928181636,False,True,False,True,False,1.3327169779066423
2025-04-18 00:00:00+00:00,32.9647961281,33.4101765154,32.0806828219,33.4101765154,83344,32.225575712209434,31.936216007285,27.033120669570714,27.62233849461206,28.51116285962266,30.255848444471603,"rgba(239, 83, 80, 1.0)",5.224638961437193,34.30554031139071,-0.25661948953538755,4,0.13765057570729894,0.5506023028291958,0.0,0.0,0.0,0.0,44.568936126694005,-0.453977295500799,False,True,False,True,False,2.1638776112318894
2025-04-25 00:00:00+00:00,35.3645322447,35.5872224383,31.5621802815,32.8119043533,105224,32.26164610011619,32.2976098312817,27.094640050501447,27.690297963634954,28.580700256954344,30.32928057654554,#000000,5.1308699534574025,34.35933780323069,0.19591111265487646,5,0.13065196902433335,0.6532598451216667,0.0,0.0,0.0,0.0,46.10589437035052,-0.453977295500799,False,True,False,False,False,5.247922784759972
2025-05-02 00:00:00+00:00,36.8535651813,37.0330468299,34.8460297042,35.4509493347,97916,32.329182975703056,32.81375895107127,27.16743386219643,27.77210807710996,28.66732074050112,30.447205444147652,#000000,5.054903973102535,34.5337143063889,0.4589307506641414,5,0.1309811427347839,0.6549057136739195,0.0,0.0,0.0,0.0,48.15565768446443,-0.453977295500799,False,True,False,False,True,7.069115579300568
2025-05-09 00:00:00+00:00,37.6977936766,38.6483816674,35.8497974428,36.7272632804,82540,32.40063050146001,33.26903310397649,27.235593778326795,27.849098400335553,28.74972806760609,30.561597330356808,#000000,5.010575874435237,34.71657325474118,0.5949855858025197,5,0.13102347687715496,0.6551173843857748,0.0,0.0,0.0,0.0,50.138567579619625,-5.033423959007159,False,True,False,False,True,8.07996063833832
2025-05-16 00:00:00+00:00,39.638854469,39.9645804239,38.7547411629,39.2200639556,92895,32.51074275119157,33.89063093043281,27.326512750674688,27.952611545973532,28.862222118516577,30.72746837945445,#000000,4.988865143675301,35.92965949966398,0.7434947352783038,5,0.1302244621923232,0.651122310961616,0.0,0.0,0.0,0.0,52.67595005807061,-2.6161757506235404,False,True,False,False,True,10.337437410036365
2025-05-23 00:00:00+00:00,37.9969297576,39.5524373789,37.5980816496,39.2732437033,72774,32.58169858669114,34.21853780697888,27.390595545574588,28.024995130494926,28.939971255763197,30.827278427881588,#000000,4.96748459447616,35.949060309861885,0.41225481605224207,4,0.1174221338741725,0.46968853549669,0.0,0.0,0.0,0.0,53.250994072039745,-2.0818677909278236,False,True,False,False,True,7.922923381026941
2025-05-30 00:00:00+00:00,38.4888424242,38.7215038205,37.8972177306,38.3359506494,87934,32.6649892875527,34.554979704809355,27.46695112589738,28.111017544689727,29.032109162294752,30.939357110992624,#000000,4.964854067696868,36.041289107121614,0.49297588281658716,4,0.11720649762684163,0.4688259905073665,0.0,0.0,0.0,0.0,53.95966001456776,-1.359819592076029,False,True,False,False,True,8.498141567684694
2025-06-06 00:00:00+00:00,39.0605247123,39.2732437033,37.7243835505,38.316008244,83290,32.74596137088519,34.84953507224234,27.540374875216095,28.193664208742387,29.120641575656933,31.044617641573126,"rgba(38, 166, 154, 0.5)",4.971085664165455,36.16921317208611,0.5816257726267295,3,0.12285411819748004,0.36856235459244013,0.0,0.0,0.0,0.0,54.81817991290342,-0.45488734182890056,False,True,True,False,True,9.167623209731897
2025-06-13 00:00:00+00:00,38.3791591945,39.8316310545,38.1431740639,39.0405823069,54843,32.7989649030888,35.02600258616925,27.588621958153915,28.247886685986927,29.178647040794274,31.111743159417,"rgba(38, 166, 154, 0.5)",4.938320556195029,36.252571052447905,0.4306298300915943,2,0.12483674185335655,0.2496734837067131,0.0,0.0,0.0,0.0,54.87233936428342,-0.2857636026588324,False,True,True,False,True,8.14958445236751
2025-06-20 00:00:00+00:00,39.1814297614,39.9470821696,38.4690401294,39.1947454554,72226,32.87210198992031,35.25871881839542,27.65386253670126,28.321230305880814,29.257234870808634,31.202905027462357,"rgba(38, 166, 154, 0.5)",4.919478910922382,36.38167292779998,0.5691165434989275,2,0.1243974695378914,0.2487949390757828,0.0,0.0,0.0,0.0,55.44494878848528,0.4241461353547322,False,True,True,False,True,9.1071579568877
2025-06-27 00:00:00+00:00,41.0589426234,41.4717291391,38.7886167867,39.1547983733,68413,32.95313724470543,35.518655358167514,27.7215542606339,28.397621895700965,29.339693303069904,31.30320887407067,"rgba(38, 166, 154, 0.5)",4.9382536069310845,36.563556936940984,0.9103189192530572,2,0.1236266431917799,0.2472532863835598,0.0,0.0,0.0,0.0,57.016087555517565,2.0929338452821966,False,False,True,False,True,11.286548819136762
2025-07-04 00:00:00+00:00,42.7300622274,42.7566936156,40.5596040962,41.205415258,52187,33.02656194280149,35.75813149228349,27.779049021236037,28.462791310170452,29.410595018752346,31.39370549296955,"rgba(38, 166, 154, 0.5)",4.996554498581419,36.75344232094772,1.1961482473870966,2,0.12271286444548467,0.24542572889096934,0.0,0.0,0.0,0.0,59.05922700687779,4.176025856522706,False,False,True,False,True,13.14466384323908
2025-07-11 00:00:00+00:00,41.9843833603,42.9198108678,41.2253887991,42.5503003577,87205,33.14700616727465,36.12279549749734,27.874283254341353,28.57052919275797,29.527575690954794,31.53901320474039,"rgba(38, 166, 154, 0.5)",5.0056836758258445,37.0344994874107,0.9888527109281757,1,0.13337007965281086,0.13337007965281086,0.0,0.0,0.0,0.0,59.82272807410868,5.004661655772047,False,False,True,False,True,11.989544787568867
2025-07-18 00:00:00+00:00,44.8139683473,45.8543235239,41.7846479494,42.1108824538,123571,33.35142580577821,36.7326997743362,28.026828743842593,28.74373243248207,29.716977163135702,31.782297383149217,"rgba(38, 166, 154, 1.0)",5.101836002071696,39.43058240411927,1.055186003821899,1,0.1317822575494067,0.1317822575494067,0.0,0.0,0.0,0.0,61.82983799150138,7.027158816545466,True,False,True,False,True,15.032472911970082
2025-07-25 00:00:00+00:00,45.0603086873,45.4264902739,43.5756088,44.9404674408,97970,33.51596197770834,37.18460559832879,28.14971018825812,28.883026216245526,29.869140712762597,31.973318815838212,"rgba(38, 166, 154, 1.0)",5.185597761055459,39.79399609978661,1.0155651923224955,1,0.13037534108124488,0.13037534108124488,0.0,0.0,0.0,0.0,63.38015293190216,8.579513628965131,True,False,True,False,True,15.288639663300046
2025-08-01 00:00:00+00:00,43.4957146357,45.556318291,43.01894621,45.3465961096,75809,33.63266568227496,37.47258444536271,28.23979171002215,28.98469490480974,29.979598144004466,32.10552550744981,"rgba(38, 166, 154, 1.0)",5.229299614759702,39.95336390662956,0.6774044308098445,0,,,0.0,0.0,0.0,0.0,63.001480679471854,8.579513628965131,True,False,True,False,True,12.856325227821273
2025-08-08 00:00:00+00:00,43.089585967,45.4264902739,42.8365877799,43.6222137292,48992,33.70501059514764,37.639789979207585,28.29659063355341,29.048641115924944,30.048867964439946,32.18631915228407,"rgba(38, 166, 154, 1.0)",5.256256601595491,40.03839705357652,0.5804870547030216,0,,,0.0,0.0,0.0,0.0,62.35769978525455,8.579513628965131,True,False,True,False,True,12.233870675273103
2025-08-15 00:00:00+00:00,43.5290038708,44.1548414915,42.6817928365,43.0463099613,65308,33.796764377233025,37.83815219908432,28.37006840881258,29.131145034914198,30.13794705693046,32.287456200674065,"rgba(38, 166, 154, 1.0)",5.287840719853125,40.12643646100106,0.6434701024605453,0,,,0.0,0.0,0.0,0.0,62.16506273758762,8.579513628965131,True,False,True,False,True,12.721022253432299
2025-08-22 00:00:00+00:00,43.8352648341,43.9551060807,42.2773286295,43.3758733892,61650,33.88093387029553,38.01027670393446,28.438327597013096,29.207631382833977,30.220338240675645,32.379222370570815,"rgba(38, 166, 154, 1.0)",5.309233558207486,40.203468495779816,0.6840528484014102,0,,,0.0,0.0,0.0,0.0,62.21884283929485,8.579513628965131,True,False,True,False,True,13.062905183804304
2025-08-29 00:00:00+00:00,43.8286069871,44.1548414915,41.9910412073,43.1228752021,68889,33.97294745144026,38.18928939754765,28.513712589663026,29.29194599893197,30.3109822410969,32.4785873054971,"rgba(38, 166, 154, 1.0)",5.334342710499242,41.74756122525077,0.3901222465053181,0,,,0.0,0.0,0.0,0.0,62.25000626598263,8.579513628965131,True,False,True,False,True,13.05218277997773
2025-09-05 00:00:00+00:00,44.3279455142,44.8938625116,43.0829281199,43.322610613,124208,34.14780650475529,38.52779574151795,28.65474900948991,29.449724067422938,30.480853075068357,32.6665269388579,"rgba(38, 166, 154, 1.0)",5.358311275331303,42.02467664807092,0.4298497694101711,0,,,0.0,0.0,0.0,0.0,62.61314613859432,8.62282491417028,True,False,True,False,True,13.624098748679124
2025-09-12 00:00:00+00:00,45.2933333333,46.2187740703,43.8152912931,44.5609701602,201262,34.446091009058364,39.086532681406744,28.892497396014818,29.71546392965437,30.767111546670584,32.98375230665657,"rgba(38, 166, 154, 1.0)",5.374330354188556,42.50370891222796,0.519064560089409,0,,,0.0,0.0,0.0,0.0,63.51418433044154,9.684250659228049,True,False,True,False,True,14.721956382768788
2025-09-19 00:00:00+00:00,47.8933333333,48.04,45.3266666667,45.3266666667,264417,34.882412316950344,39.88930794720791,29.231442105064648,30.094309795829464,31.17616177524768,33.44288066727584,"rgba(38, 166, 154, 1.0)",5.429861702772919,43.311381987514594,0.8438431025684314,0,,,0.0,0.0,0.0,0.0,65.63323154963827,11.870051917664497,True,False,True,False,True,17.54626324627084
2025-09-26 00:00:00+00:00,45.6266666667,49.4366666667,45.3066666667,47.7066666667,133842,35.08688906792946,40.22286908062453,29.395468001775523,30.276603685557383,31.371778351300502,33.653907371641246,"rgba(38, 166, 154, 1.0)",5.403232043389199,45.206607554919785,0.07774219363651985,0,,,0.0,0.0,0.0,0.0,64.64395643486263,11.870051917664497,True,False,True,False,True,13.843167008427923
2025-10-03 00:00:00+00:00,45.8466666667,46.2,45.05,45.8866666667,76844,35.190492499367274,40.370737985246144,29.482443472326256,30.372680810256877,31.47409808743163,33.759214844879715,"rgba(38, 166, 154, 1.0)",5.401346360517294,45.13868833827988,0.13107441759249105,0,,,0.0,0.0,0.0,0.0,64.07438433372076,11.870051917664497,True,False,True,False,True,14.084569847521308
2025-10-10 00:00:00+00:00,43.12,46.0,43.0,46.0,126681,35.330665190656696,40.52711650972133,29.609356227479147,30.511618042598155,31.6203200883592,33.89878655722694,"rgba(38, 166, 154, 0.5)",5.362409516534596,45.02531387254701,-0.35530928152206886,0,,,0.0,0.0,0.0,0.0,61.08783009610034,14.778965317345452,False,False,True,False,False,9.848855470966868
2025-10-17 00:00:00+00:00,44.47,46.19,43.77,44.03,134025,35.48690041883812,40.711896785624845,29.74827655202417,30.6637605759102,31.78072353267782,34.05490032824706,"rgba(38, 166, 154, 0.5)",5.361254081906593,45.04890106472371,-0.10797866616271948,0,,,0.0,0.0,0.0,0.0,59.89567736027091,13.635118908966497,False,False,True,False,False,11.377170222542755
2025-10-24 00:00:00+00:00,46.19,46.43,44.5401,44.75,99215,35.6102491001384,40.866897368209784,29.855606204411163,30.78143044020758,31.905094757838175,34.178585822508566,"rgba(38, 166, 154, 0.5)",5.391316618475821,45.17123781036832,0.1889635244460367,0,,,0.0,0.0,0.0,0.0,60.13210026783344,13.635118908966497,False,False,True,False,False,13.26006279256843
2025-10-31 00:00:00+00:00,46.07,48.78,45.335,46.58,101790,35.746063489078175,41.04728768675838,29.971136578947817,30.908278416575488,32.03955445012538,34.31518643794885,"rgba(38, 166, 154, 0.5)",5.41105260693514,45.376921691012036,0.12808567192632203,0,,,0.0,0.0,0.0,0.0,60.18710604380766,13.635118908966497,False,False,True,False,False,13.074500609566954
2025-11-07 00:00:00+00:00,45.33,46.1444,44.93,45.87,36748,35.78875014176354,41.09586622913222,30.009349901892698,30.949969911477247,32.08338609634241,34.3576406953175,"rgba(38, 166, 154, 0.5)",5.389875227110113,45.38102952772154,-0.009467664012864283,0,,,0.0,0.0,0.0,0.0,59.51005652281073,13.111551733426047,False,False,True,False,False,11.924516282344783
