date,Close,High,Low,Open,Volume,aVWAP_BoS_CHoCH_bull_84,aVWAP_BoS_CHoCH_bull_147,aVWAP_BoS_CHoCH_bear_25,aVWAP_BoS_CHoCH_bear_63,Peaks_Valleys_avg,color,StDev,StDev_Mean,StdDev_ZScore,MA_Cross_Count,MA_Avg_Deviation_Z,MA_Oscillation_Score,BoS,CHoCH,BoS_CHoCH_Price,BoS_CHoCH_Break_Index,QQEMOD,QQE1_Value,QQE1_Above_Upper,QQE1_Below_Lower,QQE2_Above_Threshold,QQE2_Below_Threshold,QQE2_Above_TL,banker_RSI
2021-12-31 00:00:00+00:00,10.8836969608,10.9818504872,10.7067838112,10.8060846343,79630,,,,,,#000000,,,,0,,,0.0,0.0,0.0,0.0,,,False,False,False,False,False,
2022-01-07 00:00:00+00:00,10.8766204348,11.0039979025,10.6077124475,10.8907734867,194341,,,,,,"rgba(239, 83, 80, 0.5)",,,,0,,,0.0,0.0,0.0,0.0,0.0,,False,False,False,True,False,
2022-01-14 00:00:00+00:00,10.7492429671,10.9049265387,10.5440237136,10.8907734867,97450,,,,,,"rgba(239, 83, 80, 0.5)",,,,0,,,0.0,0.0,0.0,0.0,0.0,-50.0,False,False,False,True,True,
2022-01-21 00:00:00+00:00,10.0415903689,10.7421664411,9.9668622545,10.6360185514,100214,,,,,,"rgba(239, 83, 80, 0.5)",,,,0,,,0.0,0.0,0.0,0.0,0.0,-50.0,False,False,False,True,True,
2022-01-28 00:00:00+00:00,9.6736110178,9.9071363752,9.1216419912,9.7939119595,245344,,,,,,"rgba(239, 83, 80, 0.5)",,9.567463128066667,,0,,,0.0,0.0,0.0,0.0,0.0,-50.0,False,False,False,True,True,
2022-02-04 00:00:00+00:00,9.8009884855,10.2441205425,9.5533100761,9.6594579658,135152,,,,,,"rgba(239, 83, 80, 0.5)",,9.673552906236848,,0,,,0.0,0.0,0.0,0.0,3.042427617525395,-47.12395514280803,False,False,False,True,True,
2022-02-11 00:00:00+00:00,10.1548147846,10.37418709,9.7443762776,9.8009884855,186978,,,,,,"rgba(239, 83, 80, 0.5)",,9.811139811384333,,0,,,0.0,0.0,0.0,0.0,11.359199632243602,-39.386793667894786,False,False,False,True,True,
2022-02-18 00:00:00+00:00,9.7450591003,10.254581386,9.6987388925,10.0265434399,136114,,,,,,"rgba(239, 83, 80, 0.5)",,9.828225927077836,,0,,,0.0,0.0,0.0,0.0,15.187521512796218,-36.199941314408406,False,False,False,True,True,
2022-02-25 00:00:00+00:00,9.7628745648,9.7928758071,8.9576155679,9.6702341492,112426,,,,,,"rgba(239, 83, 80, 0.5)",,9.644036937252391,,0,,,0.0,0.0,0.0,0.0,18.149867465489937,-33.869044655987636,False,False,False,True,True,
2022-03-04 00:00:00+00:00,9.6488555918,9.8198840513,9.4992056897,9.7414960074,125726,,,,,,"rgba(239, 83, 80, 0.5)",,9.675514109338552,,0,,,0.0,0.0,0.0,0.0,19.77115626297322,-32.788327953646366,False,False,False,True,True,
2022-03-11 00:00:00+00:00,9.4421962032,9.6524186847,9.1500225848,9.6274770344,118306,,,,,,"rgba(239, 83, 80, 0.5)",,9.627748822675887,,0,,,0.0,0.0,0.0,0.0,20.13778877175058,-32.788327953646366,False,False,False,True,True,
2022-03-18 00:00:00+00:00,9.8514777116,9.9089207304,9.1980633736,9.4709177126,97255,,,,,,"rgba(239, 83, 80, 0.5)",,9.637977811363541,,0,,,0.0,0.0,0.0,0.0,24.863253155716347,-28.604047076885504,False,False,False,True,True,
2022-03-25 00:00:00+00:00,10.4833509176,10.533613559,9.7653131835,9.8945599757,145908,,,,,,"rgba(239, 83, 80, 0.5)",,9.754070921727697,,0,,,0.0,0.0,0.0,0.0,32.70035945906905,-21.534797041625566,False,False,False,True,True,
2022-04-01 00:00:00+00:00,10.5479743137,10.7131229925,10.1458731826,10.4474490309,92749,,,,,,"rgba(239, 83, 80, 0.5)",,10.040750999603516,,0,,,0.0,0.0,0.0,0.0,38.65694129237937,-16.425681412259564,False,False,False,True,True,
2022-04-08 00:00:00+00:00,10.4330882762,10.6586239285,10.1879501938,10.3541041255,133469,,,,,,"rgba(239, 83, 80, 0.5)",,10.082188839379391,,0,,,0.0,0.0,0.0,0.0,42.181450276972,-13.663344345396737,False,False,False,True,True,
2022-04-15 00:00:00+00:00,10.3549667857,10.6731361562,10.1850354173,10.4330882762,79601,,,,,,"rgba(239, 83, 80, 0.5)",,10.101513913403439,,0,,,0.0,0.0,0.0,0.0,44.209379735382555,-12.238530237780374,False,False,False,True,True,
2022-04-22 00:00:00+00:00,9.7547836549,10.6972881039,9.6752413123,10.391122396,127344,,,,,,"rgba(239, 83, 80, 0.5)",,10.069690071034445,,0,,,0.0,0.0,0.0,0.0,42.60721846213714,-12.238530237780374,False,False,False,True,True,
2022-04-29 00:00:00+00:00,9.2919918433,9.639085702,9.2196806227,9.5016943829,103811,,,,,,"rgba(239, 83, 80, 0.5)",,9.981427362070782,,0,,,0.0,0.0,0.0,0.0,39.788297719942946,-12.238530237780374,False,False,False,True,False,
2022-05-06 00:00:00+00:00,9.0967515477,9.4944632609,8.9448979846,9.2992229653,135005,,,,,,"rgba(239, 83, 80, 0.5)",,9.874823057716254,,0,,,0.0,0.0,0.0,0.0,37.174031000586545,-5.211923869609976,False,False,False,True,False,
2022-05-13 00:00:00+00:00,8.518635163,9.1450554431,8.4632056876,8.9882847169,139326,,,,,,"rgba(239, 83, 80, 0.5)",,9.7419799633715,,0,,,0.0,0.0,0.0,0.0,33.82505143203121,-8.245890066451729,False,False,False,True,False,
2022-05-20 00:00:00+00:00,8.6426221474,9.1166900289,8.4172575699,8.5623952751,115005,,,,,,"rgba(239, 83, 80, 0.5)",,9.424291812211667,,0,,,0.0,0.0,0.0,0.0,32.23030192525103,-9.636136135947865,False,False,False,True,False,
2022-05-27 00:00:00+00:00,8.9635296364,8.9635296364,8.4748750508,8.6280354433,91438,,,,,,"rgba(239, 83, 80, 0.5)",,9.3934624009639,,0,,,0.0,0.0,0.0,0.0,33.019447518958124,-9.636136135947865,False,False,False,True,False,
2022-06-03 00:00:00+00:00,8.8760094121,8.9999963965,8.824955948,8.9051828202,91236,,,,,,"rgba(239, 83, 80, 0.5)",,9.37451187077158,,0,,,0.0,0.0,0.0,0.0,33.315704084329305,-9.636136135947865,False,False,False,True,False,
2022-06-10 00:00:00+00:00,8.5988620352,9.0510498607,8.5767948102,8.9197695243,118271,,,,,,"rgba(239, 83, 80, 0.5)",,9.328489323335145,,0,,,0.0,0.0,0.0,0.0,32.71774059090049,-9.636136135947865,False,False,False,True,False,
2022-06-17 00:00:00+00:00,7.7235287742,8.5915062935,7.6499713573,8.4591029431,184171,,,,,,"rgba(239, 83, 80, 0.5)",,9.158601229042542,,0,,,0.0,0.0,0.0,0.0,30.330775938503685,-11.757417817630142,False,False,False,True,False,
2022-06-24 00:00:00+00:00,7.9294895415,8.0471814085,7.5690581987,7.8338648995,104342,,,,,7.8485763829,"rgba(239, 83, 80, 0.5)",,8.67943148014822,,0,,,-1.0,0.0,7.5690584,39.0,29.759886268261965,-12.49740244077514,False,False,False,True,False,
2022-07-01 00:00:00+00:00,8.2899208843,8.2899208843,7.6646828406,7.9294895415,122005,,,,,7.974130716376628,"rgba(239, 83, 80, 0.5)",,8.66150212338434,,0,,,0.0,0.0,0.0,0.0,31.18643409811545,-12.49740244077514,False,False,False,True,False,
2022-07-08 00:00:00+00:00,8.4296799764,8.4738144265,7.9736239916,8.1501617922,49571,,,,,8.031305595276931,"rgba(239, 83, 80, 0.5)",,8.663793283440992,,0,,,0.0,0.0,0.0,0.0,32.87430756547306,-12.49740244077514,False,False,False,True,False,
2022-07-15 00:00:00+00:00,7.9403977123,8.4381522146,7.9038101218,8.4370357181,77041,,,,,8.045016212671309,"rgba(239, 83, 80, 0.5)",,8.64210070084911,,0,,,0.0,0.0,0.0,0.0,32.822706344928186,-12.49740244077514,False,False,False,True,False,
2022-07-22 00:00:00+00:00,8.1932454221,8.3490951991,7.9260743757,7.9409172116,92785,,,,,8.068147126087414,"rgba(239, 83, 80, 0.5)",,8.623380679707006,,0,,,0.0,0.0,0.0,0.0,33.97107304828172,-12.49740244077514,False,False,False,True,False,
2022-07-29 00:00:00+00:00,8.534630648,8.5717377378,8.0893455707,8.2823024375,131375,,,,,8.143364677964922,"rgba(239, 83, 80, 0.5)",,8.625380431438247,,0,,,0.0,0.0,0.0,0.0,36.26850792091655,-12.49740244077514,False,False,False,True,True,
2022-08-05 00:00:00+00:00,8.4826807223,8.5717377378,8.3490951991,8.5494734839,143445,,,,,8.207958606309898,"rgba(239, 83, 80, 0.5)",,8.62906778390344,,0,,,0.0,0.0,0.0,0.0,37.751436199898265,-18.894611126344095,False,False,False,True,True,
2022-08-12 00:00:00+00:00,8.8240030548,9.0035516836,8.4307307966,8.4901021403,149220,,,,,8.30142496034416,"rgba(239, 83, 80, 0.5)",,8.581674152397344,,0,,,0.0,0.0,0.0,0.0,40.22987693658948,-16.33615530963391,False,False,False,True,True,
2022-08-19 00:00:00+00:00,8.4946933564,8.9474941917,8.4946933564,8.8838775455,152513,,,,,8.352775283018524,"rgba(239, 83, 80, 0.5)",,8.583198932295085,,0,,,0.0,0.0,0.0,0.0,40.93056041910962,-15.509934655577325,False,False,False,True,True,
2022-08-26 00:00:00+00:00,8.5021776678,8.8090344322,8.3113277289,8.4572717998,122373,,,,,8.372881385608645,"rgba(239, 83, 80, 0.5)",,8.57511473050458,,0,,,0.0,0.0,0.0,0.0,41.463142384165785,-14.809731134235598,False,False,False,True,True,
2022-09-02 00:00:00+00:00,8.6743168283,8.7716128756,8.4348188658,8.5021776678,75976,,,,,8.388693134707761,"rgba(239, 83, 80, 0.5)",,8.578555893217832,,0,,,0.0,0.0,0.0,0.0,42.596526506562725,-13.511980053276083,False,False,False,True,True,
2022-09-09 00:00:00+00:00,9.2805460458,9.2805460458,8.8165187435,8.9587206587,134007,,,,,8.461617269146839,"rgba(239, 83, 80, 0.5)",,8.63724288941821,,0,,,0.0,0.0,0.0,0.0,45.715004398958314,-10.342755052973928,False,False,False,True,True,
2022-09-16 00:00:00+00:00,9.1208627895,9.5810552049,8.9398034785,9.37736348,140827,,,9.213907157633335,,8.873183191312187,#000000,,8.778839257886336,,0,,,0.0,0.0,0.0,0.0,47.32914588660873,-8.683381182001987,False,False,False,False,True,
2022-09-23 00:00:00+00:00,8.3060958902,9.3396427902,8.1929338208,9.3170103764,136122,,,8.918504234922237,,8.728836871543011,"rgba(239, 83, 80, 0.5)",,8.699590337312472,,0,,,0.0,0.0,0.0,0.0,45.84247008923846,-8.683381182001987,False,False,False,True,True,
2022-09-30 00:00:00+00:00,7.4045714044,8.1174924413,7.0641798998,8.1174924413,234848,,,8.280787538298467,,8.34640985268753,"rgba(239, 83, 80, 0.5)",,8.419123051271725,,0,,,0.0,0.0,0.0,0.0,42.665163763611076,-8.683381182001987,False,False,False,True,False,
2022-10-07 00:00:00+00:00,6.8349889887,7.5516820945,6.7897241609,7.4460641631,237460,,,7.893505821491427,,8.076401923725065,"rgba(239, 83, 80, 0.5)",,8.190143292800439,,0,,,0.0,0.0,0.0,0.0,39.34086181591385,-4.527668900277462,False,False,False,True,False,
2022-10-14 00:00:00+00:00,6.6966962288,7.0391409223,6.6814764647,6.8500772646,157405,,,7.704664922383647,,7.5561858178917065,"rgba(239, 83, 80, 0.5)",,7.700842836783828,,0,,,0.0,0.0,0.0,0.0,36.72774096674914,-7.000390725151242,False,False,False,True,False,
2022-10-21 00:00:00+00:00,6.9326025732,7.107629861,6.7727950496,6.7727950496,194025,,,7.569462944845326,,7.503246198953806,"rgba(239, 83, 80, 0.5)",,7.627664822113391,,0,,,0.0,0.0,0.0,0.0,35.796325834248236,-7.871374031934813,False,False,False,True,False,
2022-10-28 00:00:00+00:00,6.9554322195,7.0619705686,6.8336741062,6.9173828091,119192,,,7.508971501355,,7.471990622134444,"rgba(239, 83, 80, 0.5)",,7.587337929864212,,0,,,0.0,0.0,0.0,0.0,35.222993684280944,-8.466026152976823,False,False,False,True,False,
2022-11-04 00:00:00+00:00,6.9554322195,7.0771903327,6.8412839883,6.909772927,112770,,,7.462345143363955,,7.445672668392529,"rgba(239, 83, 80, 0.5)",,7.553617289609784,,0,,,0.0,0.0,0.0,0.0,34.813470720018586,-8.968085498028017,False,False,False,True,False,
2022-11-11 00:00:00+00:00,7.2444790301,7.3979637553,6.8565037525,6.9326025732,163221,,,7.43004403941944,,7.438421078209886,"rgba(239, 83, 80, 0.5)",,7.534554828815883,,0,,,0.0,0.0,0.0,0.0,35.76374238471823,-8.968085498028017,False,False,False,True,False,
2022-11-18 00:00:00+00:00,7.1370397224,7.3058729202,7.0142519423,7.2444790301,199861,,,7.397319170481986,,7.42393610253217,"rgba(239, 83, 80, 0.5)",,7.50931011824836,,0,,,0.0,0.0,0.0,0.0,36.16467282003237,-8.968085498028017,False,False,False,True,False,
2022-11-25 00:00:00+00:00,7.18308514,7.213782085,7.06160198,7.0909943049,179952,,,7.3738623483143515,,7.410697772558159,"rgba(239, 83, 80, 0.5)",,7.488400270469221,,0,,,0.0,0.0,0.0,0.0,36.65879745303443,-8.968085498028017,False,False,False,True,False,
2022-12-02 00:00:00+00:00,7.3749410465,7.4286607003,7.0833200686,7.1216912499,153091,,,7.3679597466025175,,7.41133616318882,"rgba(239, 83, 80, 0.5)",,7.35520901543807,,0,,,0.0,0.0,0.0,0.0,37.88341598542256,-8.968085498028017,False,False,False,True,False,
2022-12-09 00:00:00+00:00,7.1216912499,7.3986544366,7.1063427774,7.3672668103,148845,,,7.357087403760793,,7.404491943742567,"rgba(239, 83, 80, 0.5)",,7.339213762815449,,0,,,0.0,0.0,0.0,0.0,37.998188884801436,-8.968085498028017,False,False,False,True,False,0.0
2022-12-16 00:00:00+00:00,7.0133176874,7.3152154687,6.9668718749,7.1526551249,174634,,,7.337887223788452,,7.388205351362646,"rgba(239, 83, 80, 0.5)",,7.312515454058369,,0,,,0.0,0.0,0.0,0.0,37.76379008218789,-8.968085498028017,False,False,False,True,False,0.0
2022-12-23 00:00:00+00:00,7.0133176874,7.1278840249,6.8317919702,7.0055767187,205976,,,7.30995740337043,,7.362293731852091,"rgba(239, 83, 80, 0.5)",,7.277131012690596,,0,,,0.0,0.0,0.0,0.0,37.59636236603535,-8.968085498028017,False,False,False,True,False,0.0
2022-12-30 00:00:00+00:00,6.8972031562,7.0675044687,6.7966479721,7.0675044687,196205,,,7.282211981252795,,7.335678866892582,"rgba(239, 83, 80, 0.5)",,7.085761102934191,,0,,,0.0,0.0,0.0,0.0,37.111874167372825,-8.968085498028017,False,False,False,True,False,0.0
2023-01-06 00:00:00+00:00,7.0456140961,7.0846696066,6.8488524342,6.9284475646,86089,,,7.27344807980781,,7.327286332600482,"rgba(239, 83, 80, 0.5)",,7.086392935742368,,0,,,0.0,0.0,0.0,0.0,37.588656485910974,-8.968085498028017,False,False,False,True,False,0.0
2023-01-13 00:00:00+00:00,7.342435976,7.4127358949,6.8737698499,7.1081029129,131273,,,7.270629808429464,,7.324938882712378,"rgba(239, 83, 80, 0.5)",,7.1131531399580625,,0,,,0.0,0.0,0.0,0.0,39.465339051212624,-8.968085498028017,False,False,False,True,True,0.0
2023-01-20 00:00:00+00:00,7.4283580991,7.4908469159,7.2877582613,7.3971136907,199672,,,7.278920941114095,,7.3335439241603995,"rgba(239, 83, 80, 0.5)",,7.164667910511973,,0,,,0.0,0.0,0.0,0.0,41.22889129506059,-12.968943824691891,False,False,False,True,True,0.0
2023-01-27 00:00:00+00:00,7.7876687958,7.8579687147,7.4127358949,7.4361692012,189107,,,7.301835185684462,,7.356312314034997,"rgba(239, 83, 80, 0.5)",,7.2301735757110865,,0,,,0.0,0.0,0.0,0.0,44.137909256203415,-10.092283116251465,False,False,False,True,True,0.0
2023-02-03 00:00:00+00:00,8.0532462673,8.186035003,7.5081875626,7.7798576937,167969,,,7.3310627962305945,,7.385063314689506,#000000,,7.294924816108957,,0,,,0.0,0.0,0.0,0.0,47.29267232100665,-7.068722922335326,False,False,False,False,True,0.0
2023-02-10 00:00:00+00:00,8.1391683904,8.2797682282,7.8892131231,7.9985685526,145693,,,7.361660864564585,,7.586940666730966,#000000,,7.539314532692925,,0,,,0.0,0.0,0.0,0.0,49.88139428013609,-4.653877092691488,False,False,False,False,True,0.0
2023-02-17 00:00:00+00:00,8.0289668842,8.2139479839,7.9896092033,8.0998107096,143520,,,7.388571530773426,,7.6034146777849045,#000000,,7.576626968947969,,0,,,0.0,0.0,0.0,0.0,51.17124561329855,-3.4968248007483282,False,False,False,False,True,0.0
2023-02-24 00:00:00+00:00,7.5960323953,8.0447099565,7.580289323,8.021095348,113470,,,7.398725004430121,,7.585921401809063,#000000,,7.564843209005474,,0,,,0.0,0.0,0.0,0.0,50.11021745261587,-3.4968248007483282,False,False,False,False,True,0.0
2023-03-03 00:00:00+00:00,7.7928207993,7.8477641217,7.6196470038,7.6275185399,134950,,,7.41049646119063,,7.579220911644499,#000000,,7.564036082249492,,0,,,0.0,0.0,0.0,0.0,50.230334011761485,-3.4968248007483282,True,False,False,False,True,0.0
2023-03-10 00:00:00+00:00,7.5251885699,8.103589047,7.485830889,7.824306944,137229,,,7.420106886168054,,7.574288960687202,#000000,,7.5629639622295795,,0,,,0.0,0.0,0.0,0.0,49.18237417974694,-3.4968248007483282,True,False,False,False,True,0.0
2023-03-17 00:00:00+00:00,7.3517439258,7.5541947574,7.0262347455,7.5184681401,135236,,,7.4166974231171885,,7.547221191241925,#000000,,7.529952198630898,,0,,,-1.0,0.0,7.0262346,94.0,47.745925417929044,-3.4968248007483282,True,False,False,False,False,0.0
2023-03-24 00:00:00+00:00,7.5978606231,7.8042810789,7.3715920465,7.3914401673,118715,,,7.421346224203955,,7.543857551768853,#000000,,7.558357307200804,,0,,,0.0,0.0,0.0,0.0,47.882826821424,-3.4968248007483282,True,False,False,False,False,0.0
2023-03-31 00:00:00+00:00,7.462893402,7.6057998714,7.3993794156,7.5899213748,235289,,,7.424756308811655,,7.5315563131464796,#000000,,7.548612566523227,,0,,,0.0,0.0,0.0,0.0,47.41478816769241,-3.4968248007483282,True,False,False,False,False,0.0
2023-04-07 00:00:00+00:00,7.4063659541,7.5502251333,7.304108436,7.462893402,149105,,,7.4246170158272555,,7.522677207269546,#000000,,7.535023270272864,,0,,,0.0,0.0,0.0,0.0,46.841399150099605,-3.4968248007483282,True,False,False,False,False,0.0
2023-04-14 00:00:00+00:00,7.5262725391,7.5663059037,7.3120476843,7.383500919,145992,,,7.425892951350506,,7.5178598129173615,#000000,,7.529332531638829,,0,,,0.0,0.0,0.0,0.0,47.04793075833831,-3.4968248007483282,True,False,False,False,False,0.0
2023-04-21 00:00:00+00:00,7.5663059037,7.6383659599,7.5078571914,7.5182658662,136873,,,7.429764412259605,,7.518396330675503,#000000,,7.533257543140278,,0,,,0.0,0.0,0.0,0.0,47.404187950214805,-3.4968248007483282,True,False,False,False,False,0.0
2023-04-28 00:00:00+00:00,7.4061724454,7.5823192495,7.3180990434,7.5502925579,119764,,,7.429896084511436,,7.514336896729412,#000000,,7.52694636828942,,0,,,0.0,0.0,0.0,0.0,46.88115223332669,-3.4968248007483282,True,False,False,False,False,0.0
2023-05-05 00:00:00+00:00,7.4261891277,7.4430832075,7.2460389871,7.3661390808,113905,,,7.428660465008042,,7.508933583238336,#000000,,7.49638666620144,,0,,,0.0,0.0,0.0,0.0,46.62402706228731,-3.4968248007483282,True,False,False,False,False,0.0
2023-05-12 00:00:00+00:00,7.3738663497,7.5353968283,7.3434178545,7.4381991371,125484,,,7.4284064631411395,,7.505092181335911,#000000,,7.496872631946374,,0,,,0.0,0.0,0.0,0.0,46.170444886198894,-0.2027399548787443,True,False,False,False,False,0.0
2023-05-19 00:00:00+00:00,7.4869376847,7.5273203044,7.2534453779,7.4061724454,111959,,,7.428289643288894,,7.5021489085706365,#000000,,7.4948761761834435,,0,,,0.0,0.0,0.0,0.0,46.55959366698758,-0.2027399548787443,True,False,False,False,False,0.0
2023-05-26 00:00:00+00:00,7.3980959215,7.5353968283,7.2527184907,7.5273203044,99366,,,7.427715861717036,,7.499096019979351,#000000,,7.49009656292091,,0,,,0.0,0.0,0.0,0.0,46.33749611771366,-0.3625146512310522,True,False,False,False,False,0.0
2023-06-02 00:00:00+00:00,7.4869376847,7.5353968283,7.2688715386,7.4142489693,63030,,,7.427745265109546,,7.49780609621071,#000000,1.1716333374014,7.4892137382621335,-0.001942632980367124,0,,,0.0,0.0,0.0,0.0,46.76679508590872,-0.3625146512310522,True,False,False,False,False,0.0
2023-06-09 00:00:00+00:00,7.5273203044,7.5924919088,7.4384785411,7.4950142087,94966,,,7.429232847977949,,7.497955653880462,#000000,1.1369620109482264,7.494024122087534,0.0292852197275233,0,,,0.0,0.0,0.0,0.0,47.343904698923595,-0.3625146512310522,True,False,False,False,False,0.0
2023-06-16 00:00:00+00:00,7.6006383593,7.8311829098,7.5354667549,7.5680525571,136079,,,7.434379797794522,,7.502377834657286,#000000,1.098958782160566,7.5109044354059575,0.0816535846027136,0,,,0.0,0.0,0.0,0.0,48.25509363830982,-0.3625146512310522,True,False,False,False,True,0.0
2023-06-23 00:00:00+00:00,7.5761990077,7.641370612,7.4760791305,7.641370612,69834,,,7.435880090302708,,7.503132983938957,#000000,1.0621821463355328,7.513988543021082,0.058568546735171936,0,,,0.0,0.0,0.0,0.0,48.732222806241126,-0.3625146512310522,True,False,False,False,True,0.0
2023-06-30 00:00:00+00:00,7.9020570295,7.9998144361,7.5680525571,7.5680525571,140951,,,7.444687954420131,,7.5123724428321115,#000000,1.0409754173889718,7.539102855061262,0.3486673828947064,0,,,0.0,0.0,0.0,0.0,51.1715388960514,-1.6544259168443602,True,False,False,False,True,0.0
2023-07-07 00:00:00+00:00,7.7391280186,7.9672286339,7.7228351175,7.9590821833,110601,,,7.4510858196693475,,7.518889100814603,#000000,1.0275028220497906,7.554704582473404,0.1794870361121589,0,,,0.0,0.0,0.0,0.0,51.72184613942342,-1.1017275535406057,True,False,False,False,True,0.0
2023-07-14 00:00:00+00:00,7.8852255201,8.0412872752,7.5436132055,7.5436132055,114130,,,7.457699280442118,,7.525592209466868,#000000,1.0098291984819703,7.5693781844239405,0.31277302750886776,0,,,0.0,0.0,0.0,0.0,52.991509149544314,0.14444980086459225,True,False,False,False,True,0.0
2023-07-21 00:00:00+00:00,7.8770117435,7.9509357328,7.8469493212,7.8852255201,100463,,,7.464380233810741,,7.532569237899084,#000000,0.9821323395152075,7.583861891446483,0.2984830457759079,0,,,0.0,0.0,0.0,0.0,53.83542789370833,0.9687208358729293,True,False,False,False,True,0.0
2023-07-28 00:00:00+00:00,8.0330734986,8.0330734986,7.8688801047,7.9098668499,88090,,,7.471226339204055,,7.539915309984498,"rgba(38, 166, 154, 1.0)",0.9632009660476974,7.598622347314908,0.45104933092807786,0,,,0.0,0.0,0.0,0.0,55.36951067354927,2.4486579841476868,True,False,True,False,True,0.0
2023-08-04 00:00:00+00:00,7.8441566372,8.0905699347,7.7209499884,8.0166459454,119374,,,7.4785668391794395,,7.547353584186107,"rgba(38, 166, 154, 1.0)",0.9432191300451562,7.612176982819586,0.24594460289339962,0,,,0.0,0.0,0.0,0.0,54.984172784440986,2.4486579841476868,True,False,True,False,True,0.0
2023-08-11 00:00:00+00:00,7.8598312608,8.123425041,7.8150244251,7.9673632859,90389,,,7.4845838524430555,7.9327602423,7.629385806660866,"rgba(38, 166, 154, 1.0)",0.9248382856131899,7.7090202073277485,0.16306748522230588,0,,,0.0,1.0,8.1234255,110.0,54.810396093484385,2.4486579841476868,True,False,True,False,True,0.0
2023-08-18 00:00:00+00:00,7.7107512159,7.9697363829,7.6616376233,7.8349845867,84000,,,7.488185192968934,7.859519647225769,7.617331417883935,#000000,0.9106699527577322,7.69447068062678,0.01787753644876393,0,,,0.0,0.0,0.0,0.0,53.55271355673848,2.4486579841476868,True,False,False,False,False,0.0
2023-08-25 00:00:00+00:00,7.6421743952,7.7852912383,7.5782356203,7.7604445642,76941,,,7.49017243214188,7.801062315745288,7.606715162784839,#000000,0.8856611663320053,7.680424142455512,-0.04318778863696225,0,,,0.0,0.0,0.0,0.0,52.15442884477439,5.108871784487533,True,False,False,False,False,0.0
2023-09-01 00:00:00+00:00,7.728889288,7.8421072999,7.5782356203,7.6279289686,91965,,,7.493112833368245,7.778385077436706,7.604046309350951,#000000,0.8361669947804606,7.676689946381581,0.06242693378746052,0,,,0.0,0.0,0.0,0.0,51.8145272500112,4.768108597676374,True,False,False,False,False,0.0
2023-09-08 00:00:00+00:00,7.7023033466,7.8101379125,7.6196467439,7.7438801147,66644,,,7.495143006148761,7.767380828487356,7.603109144808978,#000000,0.778972879503378,7.675147653744421,0.03486089640616425,0,,,0.0,0.0,0.0,0.0,51.360018484501495,4.291646415311483,True,False,False,False,False,0.0
2023-09-15 00:00:00+00:00,7.6688386819,7.8263088444,7.4934077316,7.7690849392,103896,,,7.497547531832143,7.7462453416775245,7.600123519869506,#000000,0.7209804896923055,7.670268813076261,-0.001983592062070011,0,,,0.0,0.0,0.0,0.0,50.759395027710376,3.661254782614975,True,False,False,False,False,0.0
2023-09-22 00:00:00+00:00,7.3096229266,7.6604848271,7.3096229266,7.6604848271,125333,,,7.496340908327041,7.683562282413311,7.5851163287077785,#000000,0.6624134258935362,7.647316185761129,-0.5097922927899762,0,,,0.0,0.0,0.0,0.0,47.78129016804469,0.7778822141143067,True,False,False,False,False,0.0
2023-09-29 00:00:00+00:00,7.3104583121,7.4309208979,7.0924227025,7.2929152171,126989,,,7.4926422641115185,7.616330195962062,7.5668531304203,"rgba(239, 83, 80, 0.5)",0.625411759437528,7.6190874820858046,-0.49348155887470735,0,,,0.0,0.0,0.0,0.0,45.661762307737646,-1.2000263066288142,False,False,False,True,False,0.0
2023-10-06 00:00:00+00:00,7.2511459432,7.3086204641,6.6917718276,7.2929152171,85551,,,7.488031050121028,7.562844084818211,7.550925026325139,"rgba(239, 83, 80, 0.5)",0.6034101197600057,7.594560873708694,-0.5691235848767014,0,,,0.0,0.0,0.0,0.0,43.76520108992231,-2.933476578891778,False,False,False,True,False,0.0
2023-10-13 00:00:00+00:00,7.2089109492,7.3359732744,7.1759612503,7.2260843789,102399,,,7.484730646796708,7.528225270701271,7.539952832646525,"rgba(239, 83, 80, 1.0)",0.586358748920143,7.5771362260576085,-0.6279863266912007,0,,,0.0,0.0,0.0,0.0,42.135256292542635,-4.400985113900987,False,True,False,True,False,0.0
2023-10-20 00:00:00+00:00,7.0065555542,7.2510683232,6.9643981802,7.2342053736,122367,,,7.478294685232303,7.476592547577019,7.522486739731475,"rgba(239, 83, 80, 1.0)",0.58531093416814,7.549910902798905,-0.9283191494980972,0,,,0.0,0.0,0.0,0.0,39.74788964877281,-6.58754860898658,False,True,False,True,False,0.0
2023-10-27 00:00:00+00:00,6.6777280372,7.0739230378,6.6735122998,6.972829655,100625,,,7.4697723281990624,7.419470671192631,7.502193175454513,"rgba(239, 83, 80, 1.0)",0.5875386194602962,7.518822783701818,-1.4315565286149787,0,,,0.0,0.0,0.0,0.0,36.46212335556598,-9.597143424544818,False,True,False,True,False,0.0
2023-11-03 00:00:00+00:00,7.2004794744,7.2342896884,6.6608650876,6.6608650876,264782,7.031878083466666,,7.455588388729209,7.348294519649435,7.399321500142189,"rgba(239, 83, 80, 1.0)",0.5711930983496414,7.343722822287004,-0.25077919936511867,0,,,0.0,0.0,0.0,0.0,38.58631402050115,-9.597143424544818,False,True,False,True,False,0.0
2023-11-10 00:00:00+00:00,7.301657172,7.3185201216,7.1667535753,7.2426368484,81960,7.0863457384303565,,7.453669759385362,7.343669845886148,7.405727970791049,"rgba(239, 83, 80, 0.75)",0.5550777866741737,7.3533889751328525,-0.09319739390547621,0,,,0.0,0.0,0.0,0.0,40.79720185212244,-13.668429228502305,False,True,False,True,True,0.0
2023-11-17 00:00:00+00:00,7.6336329642,7.6591635093,7.2506747888,7.3017358788,114507,7.192634452639566,,7.45450172984906,7.355608793880007,7.425553098457921,"rgba(239, 83, 80, 0.5)",0.5438995281110206,7.383302450674387,0.46025138943403476,0,,,0.0,0.0,0.0,0.0,44.40125163411391,-10.389891156514906,False,False,False,True,True,0.0
2023-11-24 00:00:00+00:00,7.6251227826,7.7697958711,7.6166126009,7.7527755077,86628,7.2681941843760125,,7.456714228336153,7.371423099650982,7.442116969413864,#000000,0.543811318752923,7.40824672704537,0.3988075423879996,0,,,0.0,0.0,0.0,0.0,46.92043221767258,-8.18283655798789,False,False,False,False,True,0.0
2023-12-01 00:00:00+00:00,7.7272449627,7.7357551444,7.3442867872,7.5995922375,105845,7.322310582983446,,7.458515278951892,7.384778209622502,7.454295000854105,#000000,0.5428449168684728,7.426592186340184,0.5538465352023599,5,0.21778363624873337,1.0889181812436668,0.0,0.0,0.0,0.0,49.31323216362236,-6.080125741752404,True,False,False,False,True,0.0
2023-12-08 00:00:00+00:00,7.6746520399,7.7102245993,7.5910820559,7.6251227826,64958,7.35271093379697,,7.460021995497532,7.394162400517878,7.4618128986656584,#000000,0.5374343787759179,7.43788035373745,0.4405592487436897,6,0.20540868566867612,1.2324521140120568,0.0,0.0,0.0,0.0,50.644620806409094,-4.959375688034093,True,False,False,False,True,0.0
2023-12-15 00:00:00+00:00,7.847446551,7.8560323787,7.5383567525,7.6242150299,116326,7.407678770879577,,7.463843206316318,7.414577135560643,7.476836617378198,#000000,0.5298300132658315,7.4603214075293085,0.7306591430796491,6,0.2130787564514113,1.2784725387084679,0.0,0.0,0.0,0.0,52.61655688357486,-3.168987589618169,True,False,False,False,True,0.0
2023-12-22 00:00:00+00:00,7.8817898619,7.9676481393,7.8131032401,7.8989615174,121282,7.468534230308081,,7.469638786772319,7.441463348948423,7.495419078247685,"rgba(38, 166, 154, 1.0)",0.5293925196263993,7.581175142832694,0.5678484450053322,6,0.2177312070312396,1.3063872421874376,0.0,0.0,0.0,0.0,54.222351729235896,-1.6996081884159295,True,False,True,False,True,0.0
2023-12-29 00:00:00+00:00,7.8643920156,7.9590623116,7.7951022181,7.9161331729,137527,7.519369732573312,,7.475797788098398,7.467588341797555,7.512406500358597,"rgba(38, 166, 154, 1.0)",0.5259153526696405,7.601629024214274,0.49962981695037784,6,0.22107426239064176,1.3264455743438506,0.0,0.0,0.0,0.0,55.22375455451403,-0.7648820310956452,True,False,True,False,True,0.0
2024-01-05 00:00:00+00:00,7.7864409934,7.8804152813,7.7171511959,7.8037634428,143678,7.551333122009552,,7.480806400623263,7.487050974551867,7.5242242039632785,"rgba(38, 166, 154, 1.0)",0.5151986592112351,7.609240365996392,0.3439462122725647,6,0.22522082020119025,1.3513249212071414,0.0,0.0,0.0,0.0,55.27415987720886,-0.67471012674077,True,False,True,False,True,0.0
2024-01-12 00:00:00+00:00,7.9250205884,7.9510042625,7.7691185441,7.7691185441,140439,7.58500562938164,,7.48686855521437,7.508743919152165,7.537512782291714,"rgba(38, 166, 154, 1.0)",0.5062899985972774,7.628061219191462,0.5865400660319001,6,0.23181966915039234,1.3909180149023541,0.0,0.0,0.0,0.0,56.2188396145052,0.3417048203173607,True,False,True,False,True,0.0
2024-01-19 00:00:00+00:00,7.8557307909,7.9163593637,7.7084899713,7.8730532403,90871,7.599968529325346,,7.490162826182315,7.519669316312103,7.5439736326758835,"rgba(38, 166, 154, 1.0)",0.4865215849379687,7.699950409078699,0.3201921284564646,6,0.23659205011798076,1.4195523007078845,0.0,0.0,0.0,0.0,56.277752391954934,0.5441483063833701,True,False,True,False,True,0.0
2024-01-26 00:00:00+00:00,7.9769879366,7.9856491612,7.7951022181,7.8730532403,77471,7.615964904425748,,7.493678222678841,7.531035970546888,7.550899971152941,"rgba(38, 166, 154, 1.0)",0.47699747913423374,7.719215835188998,0.5404055842786977,6,0.24190560999746294,1.4514336599847777,0.0,0.0,0.0,0.0,57.12334342152327,1.5429743391435835,True,False,True,False,True,0.0
2024-02-02 00:00:00+00:00,8.0982450822,8.1252681032,7.9510042625,8.0029716106,105515,7.644212781493929,,7.499907643987118,7.550697692422339,7.563195616758651,"rgba(38, 166, 154, 1.0)",0.46861158167068806,7.75576312640044,0.730843985072984,6,0.24693289898486345,1.4815973939091807,0.0,0.0,0.0,0.0,58.48059233177663,3.0305125158484216,True,False,True,False,True,0.0
2024-02-09 00:00:00+00:00,8.4446940696,8.5832736646,8.0621277752,8.1415512056,143079,7.701540453816598,,7.512637989047505,7.5898218314170585,7.5883381164336186,"rgba(38, 166, 154, 1.0)",0.46201037978805065,7.83380405531831,1.3222430512533927,6,0.25064191812212316,1.503851508732739,0.0,0.0,0.0,0.0,61.25036071601138,5.833719408321123,True,False,True,False,True,3.20489699417638
2024-02-16 00:00:00+00:00,8.4970913441,8.5756872558,8.2263720927,8.479625586,128213,7.750310663207113,,7.524639546159702,7.624694917101965,7.610823354698739,"rgba(38, 166, 154, 1.0)",0.43055471412967794,7.889099278576647,1.4121133634603114,6,0.2572604972379429,1.5435629834276576,0.0,0.0,0.0,0.0,63.465930217708056,8.038361331196107,True,False,True,False,True,3.7136200545165288
2024-02-23 00:00:00+00:00,8.6368174094,8.6630160466,8.4359611906,8.5058242232,152178,7.8110486930809255,,7.540702621200281,7.6693281020553705,7.639858602070706,"rgba(38, 166, 154, 1.0)",0.40994011159987886,7.955177601885592,1.6627789968006883,6,0.27057935577554,1.6234761346532398,0.0,0.0,0.0,0.0,65.66264812353768,10.191385562867069,True,False,True,False,True,5.062091939198616
2024-03-01 00:00:00+00:00,8.6892146839,8.7328790793,8.479625586,8.6368174094,139485,7.862872431710159,,7.555763731751212,7.70899509455056,7.665839388372035,"rgba(38, 166, 154, 1.0)",0.4216925976657122,8.007659925580011,1.6162360024642317,6,0.2871125350073243,1.722675210043946,0.0,0.0,0.0,0.0,67.45515700107691,11.937902119398622,True,False,True,False,True,5.564690111770236
2024-03-08 00:00:00+00:00,8.8813380236,8.9258757069,8.6107061009,8.6979475629,178995,7.933394044896275,,7.577482792607109,7.76398319812496,7.702267026995989,"rgba(38, 166, 154, 1.0)",0.44815907897624013,8.079593485677531,1.7889731024839381,7,0.27502361194526687,1.925165283616868,0.0,0.0,0.0,0.0,69.50727260520071,13.928786888176617,True,False,True,False,True,7.382761988151877
2024-03-15 00:00:00+00:00,9.2386617554,9.6170069511,8.7765434747,8.8464065073,520665,8.161594381816705,,7.65604612151625,7.9480901811227564,8.024818724344062,"rgba(38, 166, 154, 1.0)",0.47931533741296156,8.628839430880735,1.2722779283690313,7,0.2890911326456704,2.0236379285196926,0.0,0.0,0.0,0.0,72.13925485182276,16.457116586703393,True,False,True,False,True,10.583733988340246
2024-03-22 00:00:00+00:00,9.2650579319,9.3354477357,9.138708234,9.1418757751,158838,8.217661912722216,,7.679046253209859,7.99660903432652,8.054924630949595,"rgba(38, 166, 154, 1.0)",0.5044156371837545,8.67211336241886,1.1755079061221372,7,0.294971343762359,2.064799406336513,0.0,0.0,0.0,0.0,74.095715462767,18.31600768624368,True,False,True,False,True,10.812781769854322
2024-03-29 00:00:00+00:00,9.1506745006,9.2650579319,8.9925614037,9.2386617554,141720,8.258147851452158,,7.697608000221856,8.033377277863513,8.075109636761159,"rgba(38, 166, 154, 1.0)",0.5267722858172836,8.695625134462988,0.8638445460945334,7,0.2964338108898592,2.0750366762290144,0.0,0.0,0.0,0.0,74.24805791752897,18.475625189850362,True,False,True,False,True,9.484459679763901
2024-04-05 00:00:00+00:00,9.0186936184,9.2121775917,8.8955114617,9.1154795987,160813,8.295494572851288,,7.716766787315921,8.069007554186042,8.093200531282617,"rgba(38, 166, 154, 1.0)",0.5424932527981404,8.71160342468079,0.5660719135865034,7,0.2971553727604396,2.080087609323077,0.0,0.0,0.0,0.0,72.99536090703295,18.475625189850362,True,False,True,False,True,7.972270179932124
2024-04-12 00:00:00+00:00,8.9296732451,9.3442464612,8.9043101871,9.0450897948,140627,8.326044871075636,,7.733291381644121,8.098682059368961,8.109544387274202,"rgba(38, 166, 154, 1.0)",0.5536897703661552,8.726216505632644,0.36745620084837377,7,0.29441842219555125,2.060928955368859,0.0,0.0,0.0,0.0,71.22010543123528,18.475625189850362,True,False,True,False,True,6.962558908098707
2024-04-19 00:00:00+00:00,8.5749692433,9.0630419498,8.4862932429,9.0360844457,184303,8.345072104791605,,7.748765454692972,8.121708369412339,8.115396950735182,"rgba(38, 166, 154, 0.75)",0.5593487350167803,8.805336284743259,-0.4118486858405926,7,0.29480540896646673,2.063637862765267,0.0,0.0,0.0,0.0,66.92839895870209,22.794790929640357,True,False,True,False,False,3.098383113395794
2024-04-26 00:00:00+00:00,8.9208056451,8.9296732451,8.5483664432,8.6193072436,201404,8.368532951131172,,7.766683550651573,8.148589160553316,8.127345609104294,"rgba(38, 166, 154, 0.75)",0.5710176223616211,8.810337406386548,0.1934585455639283,7,0.2951558703666932,2.0660910925668525,0.0,0.0,0.0,0.0,65.64034276962144,21.588695904924933,True,False,True,False,False,6.319832076957017
2024-05-03 00:00:00+00:00,9.1602308463,9.1602308463,8.8055268445,8.9740112454,108444,8.386743169593968,,7.778285642909951,8.167265168641762,8.139305934882582,"rgba(38, 166, 154, 0.75)",0.5890404540670502,8.831794895801373,0.557577918852481,7,0.29269453781931926,2.0488617647352347,0.0,0.0,0.0,0.0,65.74366710022866,21.588695904924933,True,False,True,False,False,8.426927863865604
2024-05-10 00:00:00+00:00,9.3251682071,9.4528616478,9.1489689942,9.1779660464,120663,8.413680088321273,,7.793625038305273,8.19321786807008,8.1584911655946,"rgba(38, 166, 154, 0.75)",0.6128740217721497,8.871802440185546,0.7397372882660781,7,0.2869752056314372,2.0088264394200603,0.0,0.0,0.0,0.0,66.45590513284814,21.588695904924933,True,False,True,False,False,9.832354135017582
2024-05-17 00:00:00+00:00,9.4626796509,9.5162925668,9.2482279874,9.4894861088,112265,8.440013912342904,,7.808547666211026,8.218399172109432,8.177641910949852,"rgba(38, 166, 154, 0.75)",0.6360257533919451,8.907725888447626,0.8725334776033654,7,0.2785635940382917,1.9499451582680418,0.0,0.0,0.0,0.0,67.46791218040931,21.588695904924933,True,False,True,False,False,10.982107181321389
2024-05-24 00:00:00+00:00,9.3733247911,9.5609699966,9.2839699313,9.4716151369,109116,8.464232595189088,,7.822763361756529,8.241835520200825,8.19537810880342,"rgba(38, 166, 154, 0.75)",0.6522061915441857,8.936203599341791,0.6702193223944496,6,0.3004734805038291,1.8028408830229745,0.0,0.0,0.0,0.0,67.4473361034747,21.588695904924933,True,False,True,False,False,9.987886426136015
2024-05-31 00:00:00+00:00,9.3911957631,9.6950022863,9.1141956977,9.400131249,134007,8.49218624808685,,7.839815069338202,8.269241571636371,8.216033886411575,"rgba(38, 166, 154, 0.75)",0.6670226688107228,8.96503444825215,0.6389007971913181,6,0.29392797286261213,1.763567837175673,0.0,0.0,0.0,0.0,67.50625613509943,21.588695904924933,True,False,True,False,False,10.140942052241705
2024-06-07 00:00:00+00:00,9.5520345107,9.5609699966,9.2839699313,9.4716151369,173052,8.528339401648461,,7.862199282969412,8.304713727151103,8.243189415288693,"rgba(38, 166, 154, 0.75)",0.6825974541920302,9.001207761932102,0.806956933966147,6,0.2868090150340606,1.7208540902043636,0.0,0.0,0.0,0.0,68.20274390735071,21.588695904924933,True,False,True,False,False,11.513568498443895
2024-06-14 00:00:00+00:00,9.82009909,9.8651041271,9.4805506228,9.5341635387,210377,8.579899929792374,,7.892813513841769,8.354017623954086,8.282679380653882,"rgba(38, 166, 154, 1.0)",0.7076775281285373,9.059788770992608,1.0743739751324908,5,0.3046004286297005,1.5230021431485024,0.0,0.0,0.0,0.0,69.66418003243955,21.588695904924933,True,False,True,False,True,13.719179753553771
2024-06-21 00:00:00+00:00,9.9011081567,10.0631262902,9.743590527,9.8291000974,160308,8.622052288322374,,7.917711882606313,8.394010193845133,8.315309084586575,"rgba(38, 166, 154, 1.0)",0.7372712475997227,9.108476910374767,1.0750876952081623,4,0.3277658562296658,1.3110634249186632,0.0,0.0,0.0,0.0,70.97542247649142,21.588695904924933,True,False,True,False,True,14.368730128373723
2024-06-28 00:00:00+00:00,9.9731162161,10.0271222606,9.8291000974,9.9011081567,160308,8.662851922011578,,7.942496543452943,8.433008839817099,8.347146568534859,"rgba(38, 166, 154, 1.0)",0.7675863254124741,9.153317622553201,1.0680213630776536,4,0.3177627449068898,1.2710509796275593,0.0,0.0,0.0,0.0,72.14978120080167,17.353368082765357,True,False,True,False,True,14.946095745823278
2024-07-05 00:00:00+00:00,10.3015629767,10.3510685174,9.9461131938,10.0181212531,73053,8.68417963213581,,7.955013180706037,8.453045701244722,8.36383996729233,"rgba(38, 166, 154, 1.0)",0.8095234334826821,9.178529128428178,1.3872777511089145,4,0.30533840598941814,1.2213536239576726,0.0,0.0,0.0,0.0,73.95961150256538,19.22336051371218,True,False,True,False,True,17.494798472102516
2024-07-12 00:00:00+00:00,10.6121877426,10.7843752465,10.2611484534,10.3511585275,175356,8.744416817630837,,7.98913597194777,8.50869194229516,8.41103387959461,"rgba(38, 166, 154, 1.0)",0.8603714844708638,9.645468745427568,1.1236065055863316,4,0.2922601353397533,1.1690405413590133,0.0,0.0,0.0,0.0,75.99885954621548,21.27115273183182,True,False,True,False,True,19.75734490198542
2024-07-19 00:00:00+00:00,10.2859377351,10.7753127463,10.2859377351,10.7028127446,132275,8.784888647124255,,8.013272590231177,8.546724858254317,8.442985015627688,"rgba(38, 166, 154, 1.0)",0.895924706364514,9.670906709556366,0.6864762420039825,4,0.2828874641821988,1.1315498567287952,0.0,0.0,0.0,0.0,74.66977470716341,21.27115273183182,True,False,True,False,True,15.92332760486736
2024-07-26 00:00:00+00:00,10.1590627322,10.7843752465,10.1228127314,10.412812738,225770,8.846053364123737,,8.051850914966348,8.605276130933975,8.491798677122237,"rgba(38, 166, 154, 0.75)",0.9252958244375498,9.983661245981523,0.18956260428938754,4,0.275392345858286,1.101569383433144,0.0,0.0,0.0,0.0,72.74798370315268,21.27115273183182,True,False,True,False,False,14.486521155754776
2024-08-02 00:00:00+00:00,10.2315627339,10.4671877392,10.0050002287,10.0684377301,120221,8.874263833848236,,8.070828975135587,8.632886123924715,8.514628638677726,"rgba(38, 166, 154, 0.75)",0.9524999549294116,9.97727422814079,0.2669695724847107,4,0.2683614931960706,1.0734459727842824,0.0,0.0,0.0,0.0,71.6351884914373,21.27115273183182,True,False,True,False,False,15.039015173807272
2024-08-09 00:00:00+00:00,9.9687502278,10.412722113,9.8418752249,9.9687502278,119426,8.898007294513759,,8.087986327643097,8.65675134629878,8.534146606460945,"rgba(38, 166, 154, 0.75)",0.9724216471802252,10.094133628478996,-0.12893933515628409,4,0.26509760725720755,1.0603904290288302,0.0,0.0,0.0,0.0,68.88735078889594,23.719702140559576,True,False,True,False,False,12.097552472989246
2024-08-16 00:00:00+00:00,10.5803860019,10.6793431928,9.9504924435,10.041781365,102105,8.923045979846743,,8.104814810313295,8.681128522158867,8.554548353402426,"rgba(38, 166, 154, 0.75)",1.0053707978100643,10.147171223305548,0.4309004991373283,4,0.2577036221283211,1.0308144885132844,0.0,0.0,0.0,0.0,69.07793323487618,23.719702140559576,True,False,True,False,False,16.626227395993645
2024-08-23 00:00:00+00:00,10.4434526196,10.6808038155,10.3202125756,10.5438704333,97203,8.947337832494144,,8.12114619013498,8.704735266852968,8.574391490261828,"rgba(38, 166, 154, 0.75)",1.0297203638177868,10.183850667848363,0.25210917533876714,3,0.19480177817608965,0.5844053345282689,0.0,0.0,0.0,0.0,68.31116528790344,23.10425483874323,True,False,True,False,False,15.143610541361205
2024-08-30 00:00:00+00:00,10.5347415411,10.6899327077,10.2426169923,10.5986437862,118774,8.97615384413801,,8.140862980153164,8.732873574285453,8.598067273206388,"rgba(38, 166, 154, 0.75)",1.0571644754093807,10.214159556295389,0.30324702755497757,3,0.18971240187299632,0.569137205618989,0.0,0.0,0.0,0.0,68.06528111335905,22.769354522717805,True,False,True,False,False,15.795310807298119
2024-09-06 00:00:00+00:00,10.6260304626,10.7264482763,10.4617104039,10.5073548647,71066,8.99416477004853,,8.153077121409842,8.750370007395174,8.612870132741772,"rgba(38, 166, 154, 0.75)",1.0834842177914357,10.236884187384852,0.3591619230120205,3,0.1857550464862124,0.5572651394586372,0.0,0.0,0.0,0.0,68.1926458188974,22.762030355247646,True,False,True,False,False,16.445843363718602
2024-09-13 00:00:00+00:00,10.708190492,10.8451238742,10.4251948353,10.7173193841,84004,9.015654352888811,,8.16767874803792,8.7712331259967,8.630566013268178,"rgba(38, 166, 154, 0.75)",1.1090749311371009,10.26362014048298,0.40084789497605544,2,0.22340123782597654,0.4468024756519531,0.0,0.0,0.0,0.0,68.55766651558652,22.762030355247646,True,False,True,False,False,17.030803999208914
2024-09-20 00:00:00+00:00,10.6898073324,10.8123310914,10.3956767781,10.80929787,131761,9.04773231936822,,8.189998369315765,8.802600780921873,8.657168752149275,"rgba(38, 166, 154, 0.75)",1.1333407362561452,10.294239975737389,0.3490277407386939,2,0.21910832085298432,0.43821664170596863,0.0,0.0,0.0,0.0,68.67450681331391,22.762030355247646,True,False,True,False,False,16.821370486021497
2024-09-27 00:00:00+00:00,10.9931294665,11.0022291305,10.6530410131,10.6714241727,111395,9.078002657607037,,8.210455939313112,8.831821359723978,8.682166097786725,"rgba(38, 166, 154, 0.75)",1.1641456005205442,10.336318572050699,0.5641999541600377,2,0.21390752888796585,0.4278150577759317,0.0,0.0,0.0,0.0,69.76520887398031,22.762030355247646,True,False,True,False,False,18.96823736524866
2024-10-04 00:00:00+00:00,11.1126200041,11.1677694831,10.8184894499,11.0023210463,85250,9.102374195600781,,8.226771245183649,8.85523215332179,8.702278038615768,"rgba(38, 166, 154, 1.0)",1.193727056281358,10.372738571555175,0.6198078770616701,2,0.20879900993886655,0.4175980198777331,0.0,0.0,0.0,0.0,70.90388072215453,22.762030355247646,True,False,True,False,True,19.787238372834995
2024-10-11 00:00:00+00:00,11.2688768611,11.4435168777,11.057102862,11.1034284243,115917,9.138280377745716,,8.250398697342375,8.88946367990242,8.731830184284771,"rgba(38, 166, 154, 1.0)",1.2252445213972056,10.432059236098667,0.6829800993903409,2,0.2031194561777053,0.4062389123554106,0.0,0.0,0.0,0.0,72.169035152287,22.762030355247646,True,False,True,False,True,20.0
2024-10-18 00:00:00+00:00,11.4174006369,11.5376811946,10.9640354576,11.3516010795,76926,9.162000910726537,,8.266132985988863,8.912114442548164,8.75140944202736,"rgba(38, 166, 154, 1.0)",1.2573622626244567,10.468808934603999,0.7544299129162925,2,0.19767955363718423,0.39535910727436846,0.0,0.0,0.0,0.0,73.48013354356404,19.632920719903623,True,False,True,False,True,20.0
2024-10-25 00:00:00+00:00,11.2971200791,11.6487094018,11.2971200791,11.3711388839,97021,9.192657004985671,,8.286444349939046,8.941344812966715,9.106427636595457,"rgba(38, 166, 154, 1.0)",1.2846521391759695,10.860753247278742,0.3396770366966133,2,0.19324714723193698,0.38649429446387396,1.0,0.0,11.648709,189.0,73.36917892401311,19.632920719903623,True,False,True,False,True,20.0
2024-11-01 00:00:00+00:00,10.8067454975,11.3156247803,10.6031937843,11.2693630273,119403,9.22092568118003,,8.307100017485325,8.969225628358856,9.09250667264005,"rgba(38, 166, 154, 0.75)",1.2966409695077643,10.869235890981084,-0.04819406061556683,2,0.19053167998695753,0.38106335997391505,0.0,0.0,0.0,0.0,69.68511079167044,19.632920719903623,True,False,True,False,False,14.850356588212406
2024-11-08 00:00:00+00:00,10.9270260552,11.1028207166,10.6309508361,10.7697360951,101000,9.243823548090752,,8.324176842783174,8.991943878865316,9.09972840199176,"rgba(38, 166, 154, 0.75)",1.31071981626397,10.852274928320732,0.057030591856264815,2,0.1880981652611978,0.3761963305223956,0.0,0.0,0.0,0.0,67.54369436258358,21.48353609044345,True,False,True,False,False,15.712697576492364
2024-11-15 00:00:00+00:00,10.8662878353,11.1028207166,10.7591619801,10.9640354576,99553,9.266086252635347,,8.340934998766436,9.014075568823703,9.112037992527299,"rgba(38, 166, 154, 0.5)",1.3223536477334523,10.849599062069773,0.0126205068204196,2,0.18625297467753685,0.3725059493550737,0.0,0.0,0.0,0.0,65.6064962734987,19.67692783776907,False,False,True,False,False,15.047488559145997
2024-11-22 00:00:00+00:00,11.1317736504,11.1782569563,10.6435592094,10.9082066482,112338,9.29161993360225,,8.360131687231103,9.039409503736136,9.130230851290944,"rgba(38, 166, 154, 0.5)",1.3389588976543096,10.860594838289202,0.20252960160753922,2,0.18392682026003854,0.3678536405200771,0.0,0.0,0.0,0.0,65.31031924776019,19.4333303434357,False,False,True,False,False,16.94626315310413
2024-11-29 00:00:00+00:00,10.9734136905,11.1690348174,10.6939549378,11.1690348174,172317,9.328474207855004,,8.388611632025645,9.076272646262858,9.156080120224832,"rgba(38, 166, 154, 0.5)",1.3500717624936986,10.866247241115547,0.07937833555344272,2,0.18246602115098454,0.3649320423019691,0.0,0.0,0.0,0.0,64.02173806895625,18.191052603209727,False,False,True,False,False,15.207318378825146
2024-12-06 00:00:00+00:00,11.2335897893,11.2715030268,10.9035490023,10.9640983988,106847,9.353112050087802,,8.407251971563861,9.100682667608174,9.176976265618638,"rgba(38, 166, 154, 0.5)",1.3690666196637717,10.887944802345016,0.25246761698117387,2,0.18030557142068893,0.36061114284137785,0.0,0.0,0.0,0.0,64.14503586652707,18.191052603209727,False,False,True,False,False,17.044869921948806
2024-12-13 00:00:00+00:00,11.1929751173,11.299448902,10.992044274,11.2528724433,107030,9.377468274097604,,8.425842986827956,9.124857807251445,9.19756422601145,"rgba(38, 166, 154, 0.5)",1.3835340854595102,11.006373856076879,0.1348729049643511,2,0.1780543678402116,0.3561087356804232,0.0,0.0,0.0,0.0,63.95048429025421,18.025127487256754,False,False,True,False,False,16.59647597539416
2024-12-20 00:00:00+00:00,10.929742285,11.103605367,10.8031429536,10.9438088774,121800,9.401138947658888,,8.44505005644761,9.148842710453525,9.214586801234569,"rgba(38, 166, 154, 0.5)",1.39315690413444,10.975167571878542,-0.03260600923250963,2,0.176494513953773,0.352989027907546,0.0,0.0,0.0,0.0,62.06518061987391,16.124349653743494,False,False,True,False,False,13.737577380880452
2024-12-27 00:00:00+00:00,10.8125206818,10.9961366011,10.6812324862,10.8500315948,65167,9.41258675485801,,8.454737419420272,9.160609095009955,9.222147748141406,"rgba(38, 166, 154, 0.5)",1.3994678304927863,10.957720218072769,-0.10375339333212112,2,0.17493157053309744,0.34986314106619487,0.0,0.0,0.0,0.0,59.99864291700311,14.095553809195565,False,True,True,False,False,12.496631493946595
2025-01-03 00:00:00+00:00,10.7659625331,10.8415131474,10.5298668636,10.6998557457,116214,9.430897655437096,,8.470974102282078,9.179739942358708,9.233203038053142,"rgba(38, 166, 154, 0.5)",1.4057633726676937,10.921919257376778,-0.11094095016917555,2,0.1733669306241899,0.3467338612483798,0.0,0.0,0.0,0.0,58.235028031597125,12.393268490423146,False,True,True,False,False,12.003521191458656
2025-01-10 00:00:00+00:00,10.7376310528,10.8698446278,10.3693218082,10.7659625331,174311,9.456307925947392,,8.494323460337418,9.206594727559539,9.248719402742024,"rgba(38, 166, 154, 0.5)",1.4083468783765871,10.836892649716361,-0.0704809294076624,2,0.17190178341368478,0.34380356682736957,0.0,0.0,0.0,0.0,56.79346309397033,11.012522077607493,False,True,True,False,False,11.700118157021208
2025-01-17 00:00:00+00:00,10.6290270448,10.7423529662,10.3882094618,10.6715242653,112718,9.471231001024647,,8.508662569294433,9.222607082986103,9.257702220908502,"rgba(38, 166, 154, 0.5)",1.4085794105438565,10.80647628951148,-0.12597745173839023,2,0.17077443416120675,0.3415488683224135,0.0,0.0,0.0,0.0,55.05994178638966,9.354444102974341,False,True,True,False,False,10.533391041338017
2025-01-24 00:00:00+00:00,10.7092995724,10.7564242681,10.6337489582,10.6620804385,99413,9.485373444281102,,8.521827686952385,9.23757181092986,9.26758035322413,"rgba(38, 166, 154, 0.5)",1.4067341247633585,10.801511924695372,-0.06555066140226286,2,0.16999216004559614,0.3399843200911923,0.0,0.0,0.0,0.0,54.31979345326376,8.645432334907575,False,True,True,False,False,11.181120702297395
2025-01-31 00:00:00+00:00,10.728187226,10.8131816671,10.5865298243,10.6337489582,92842,9.498390986084319,,8.534033424468813,9.25136497256608,9.276933347456318,#000000,1.4028894735078807,10.797492372619697,-0.04940171547969659,2,0.1690738206662521,0.3381476413325042,0.0,0.0,0.0,0.0,53.91116948929792,8.21540581906882,False,True,False,False,False,11.33470496242619
2025-02-07 00:00:00+00:00,10.9548390688,11.0681649902,10.595973651,10.6998557457,124196,9.517674147546101,,8.551362590817622,9.271443858703538,9.292356796592099,"rgba(38, 166, 154, 0.5)",1.4024261368118176,10.811255181719647,0.10238249510007544,2,0.16816670781941462,0.33633341563882924,0.0,0.0,0.0,0.0,54.99305041054964,8.21540581906882,False,True,True,False,False,13.157100116960489
2025-02-14 00:00:00+00:00,11.0876732498,11.1352190184,10.7754063599,10.9548390688,182449,9.547593611881044,,8.577720531053567,9.302313721836297,9.31763724161291,"rgba(38, 166, 154, 0.5)",1.4022349838146122,10.867029239620242,0.15735166553862603,2,0.1673646209925701,0.3347292419851402,0.0,0.0,0.0,0.0,56.49375729276345,8.21540581906882,False,True,True,False,True,14.197936881807887
2025-02-21 00:00:00+00:00,10.9545450976,11.097087312,10.8023986379,11.0591457886,96402,9.562412026854812,,8.591147569547243,9.317733802098802,9.329976443024144,"rgba(38, 166, 154, 0.5)",1.3979972273907166,10.87109540071824,0.05969231930274658,2,0.166597231481392,0.333194462962784,0.0,0.0,0.0,0.0,56.52010171147461,8.21540581906882,False,True,True,False,True,12.688655634201307
2025-02-28 00:00:00+00:00,10.479087411,10.9640542513,10.4410507961,10.9640542513,154845,9.580179939139454,,8.609488637006923,9.337123696396068,9.342840326002914,#000000,1.3796787367906083,10.823383776176996,-0.24954821437481461,2,0.16672481880552226,0.3334496376110445,0.0,0.0,0.0,0.0,53.48972820360819,7.745708230166571,False,True,False,False,False,7.595492278310317
2025-03-07 00:00:00+00:00,10.2651314521,10.5456514871,10.127248723,10.4885965648,162709,9.592792357763111,,8.62545252519463,9.352060550855551,9.34986923828891,#000000,1.358053405584308,10.748743421202125,-0.35610673859622516,2,0.1672249637230206,0.3344499274460412,0.0,0.0,0.0,0.0,50.231730785626475,4.636013063939828,False,True,False,False,False,5.449856965876158
2025-03-14 00:00:00+00:00,10.0423252991,10.2413585678,9.8586151301,10.1367578767,124782,9.598717567548807,,8.635600966339322,9.360130969056694,9.351461640733069,#000000,1.3322349255621893,10.681989584204002,-0.4801437590551612,2,0.16782962436682647,0.33565924873365294,0.0,0.0,0.0,0.0,46.88142771939109,1.5136566975404477,False,True,False,False,False,3.2887530229057695
2025-03-21 00:00:00+00:00,10.2148079855,10.2435550999,9.9848310703,10.0423252991,121346,9.605588610648336,,8.646023294609451,9.36892086818542,9.354786570276678,"rgba(239, 83, 80, 1.0)",1.304683263554998,10.638867903436228,-0.32502901645319693,2,0.16829751972345372,0.33659503944690744,0.0,0.0,0.0,0.0,45.64659483194723,0.44849684790703037,False,True,False,True,False,4.778836679026583
2025-03-28 00:00:00+00:00,9.91775447,10.3105358765,9.9081720985,10.2627198428,87818,9.609537132129338,,8.652969289390608,9.374341538580111,9.356279771976395,"rgba(239, 83, 80, 1.0)",1.2684971403972607,10.606564727673174,-0.5430128580798029,2,0.1692778269849925,0.338555653969985,0.0,0.0,0.0,0.0,43.445833456777244,-1.5770341889841077,False,True,False,True,False,1.968243016152936
2025-04-04 00:00:00+00:00,8.8445288655,9.9992046275,8.834946494,9.898589727,156537,9.603500813274225,,8.65799653821796,9.372256010466376,9.3447723214881,"rgba(239, 83, 80, 1.0)",1.2234151573757774,10.482855510268607,-1.339142019690858,2,0.17049869891448985,0.3409973978289797,0.0,0.0,0.0,0.0,38.66837080980707,-6.036836312738323,False,True,False,True,False,0.0
2025-04-11 00:00:00+00:00,9.4769653824,9.6398656974,8.3435624851,8.5762224644,336128,9.588780607169982,9.153464521633333,8.667154144220618,9.365835059970957,9.302474414964093,"rgba(239, 83, 80, 1.0)",1.1884580052671034,9.940788450704938,-0.390272997656905,3,0.23308810214472087,0.6992643064341626,0.0,0.0,0.0,0.0,38.549440713238425,-6.036836312738323,False,True,False,True,False,0.0
2025-04-18 00:00:00+00:00,9.4866258976,9.8513103453,9.3707963207,9.6122125948,140835,9.588520990969675,9.276332069627562,8.67408891846984,9.368309908931032,9.313879798702777,"rgba(239, 83, 80, 1.0)",1.1545674123843905,9.93974014170732,-0.3924536923933766,4,0.20731367377100154,0.8292546950840062,0.0,0.0,0.0,0.0,38.509796858863055,-6.036836312738323,False,True,False,True,False,0.0
2025-04-25 00:00:00+00:00,10.0662568078,10.1242198989,9.2740945638,9.5252679583,108108,9.590914225450087,9.377071266956504,8.680817800816774,9.372496753560576,9.326051482066408,"rgba(239, 83, 80, 1.0)",1.1280791813782227,9.952988442557448,0.10040816913593559,4,0.20870408537478097,0.8348163414991239,0.0,0.0,0.0,0.0,40.974905411403775,-6.036836312738323,False,True,False,True,False,2.9333258956396513
2025-05-02 00:00:00+00:00,10.3657327781,10.4430168995,9.9133308527,10.0662568078,107626,9.5974912745926,9.511254333348537,8.689871710687605,9.380408735318357,9.3460636478365,"rgba(239, 83, 80, 0.75)",1.1012110411904243,9.990853472913884,0.34042457908964174,4,0.2097018625113502,0.8388074500454008,0.0,0.0,0.0,0.0,43.83423585527928,-6.036836312738323,False,True,False,True,True,5.073636124591069
2025-05-09 00:00:00+00:00,10.414035354,10.5009799905,10.2111645354,10.4043748388,82681,9.603493532500519,9.603400194267659,8.697354039827893,9.387326122882316,9.361176360561334,#000000,1.07553674916826,10.02046469902805,0.3659295280020021,4,0.21066643477580319,0.8426657391032127,0.0,0.0,0.0,0.0,46.050461463717575,-9.804811575626978,False,True,False,False,True,5.413768365958461
2025-05-16 00:00:00+00:00,10.782458279,10.7825555945,10.5175960766,10.6169061726,99620,9.613540174113755,9.727589971909104,8.707977644425894,9.398182342365718,9.383546649574313,#000000,1.0498355972047315,10.068577977974792,0.6799924701791114,4,0.21105529220579483,0.8442211688231793,0.0,0.0,0.0,0.0,48.90733240380361,-7.114735158280034,False,True,False,False,True,7.952065939370367
2025-05-23 00:00:00+00:00,10.7533609493,10.8230388357,10.6609112398,10.6949716591,70649,9.620888326533072,9.80365791791675,8.715637323767446,9.406074748874563,9.398300770470904,#000000,1.0264370286601345,10.099911845500067,0.6366187944845637,4,0.21165793996132976,0.846631759845319,0.0,0.0,0.0,0.0,50.82411383169983,-5.336384965536439,False,True,False,False,True,7.70892839654946
2025-05-30 00:00:00+00:00,10.8020186912,10.9187972716,10.7533609493,10.8409448847,46684,9.626028938048691,9.851693830747047,8.720862850103554,9.411543805225325,9.408074528292518,#000000,1.0024778108044414,10.120747235346506,0.6795875664388081,4,0.21169076209951238,0.8467630483980495,0.0,0.0,0.0,0.0,52.36654529269735,-3.8880338457691295,False,True,False,False,True,8.043807697435039
2025-06-06 00:00:00+00:00,11.098733601,11.1036966907,10.758324039,10.7922871428,88040,9.636900660110427,9.94420385329113,8.731401700515406,9.422914489255696,9.42782507543557,"rgba(38, 166, 154, 0.5)",0.9796648648007044,10.163683560668943,0.9544590950715333,4,0.21159221058462432,0.8463688423384973,0.0,0.0,0.0,0.0,54.49354406701056,-1.8516577791420232,False,True,True,False,True,10.054929599412283
2025-06-13 00:00:00+00:00,11.1028807705,11.2253410453,11.0550389488,11.0939651423,109515,9.651569965127116,10.053135674674477,8.745185269370035,9.438084921599648,9.452774924366453,"rgba(38, 166, 154, 0.5)",0.9519216495553433,10.217913889833225,0.9296635716607102,4,0.21134324808391225,0.845372992335649,0.0,0.0,0.0,0.0,56.02690670475782,-0.37239014237260193,False,True,True,False,True,10.082739163058847
2025-06-20 00:00:00+00:00,11.014684895,11.2204752711,11.014684895,11.1616780208,78822,9.661637876357442,10.117136350153901,8.754824739097312,9.448554607691205,9.468673795360688,"rgba(38, 166, 154, 0.5)",0.9245367040964575,10.251075126226986,0.8259377538929444,4,0.21138627951109903,0.8455451180443961,0.0,0.0,0.0,0.0,56.65737136644206,0.28216851123853104,False,True,True,False,True,9.2994124369616
2025-06-27 00:00:00+00:00,11.3870674804,11.4164661056,11.014684895,11.0244844367,126617,9.679633751406543,10.222000093885402,8.771390431686797,9.4670137775324,9.496117095095125,"rgba(38, 166, 154, 0.5)",0.897934644932148,10.308952454024082,1.2006609082973805,4,0.2105527933677006,0.8422111734708024,0.0,0.0,0.0,0.0,58.4141666932332,2.0609486007773654,False,False,True,False,True,11.806052505750348
2025-07-04 00:00:00+00:00,11.5438601479,11.6222564817,11.3968670221,11.4066665638,129936,9.700501544597723,10.33266059312018,8.789830133529621,9.488123889387435,9.526797784105216,"rgba(38, 166, 154, 0.5)",0.875304329234725,10.64149838889748,1.030912025525398,4,0.20985583496928395,0.8394233398771358,0.0,0.0,0.0,0.0,60.169174062679765,3.836080121380654,False,False,True,False,True,12.825223989632512
2025-07-11 00:00:00+00:00,11.436065189,11.5806084294,11.1920566001,11.5438601479,126545,9.719086000122113,10.414652497986914,8.80678618146708,9.50709988236425,9.552193511664102,"rgba(38, 166, 154, 0.5)",0.8515047443040672,10.66950579716628,0.9002408935022755,4,0.20951453045453672,0.8380581218181469,0.0,0.0,0.0,0.0,60.80472265605263,4.551234297115599,False,False,True,False,True,11.842680850850257
2025-07-18 00:00:00+00:00,11.5249380622,11.5469420107,11.159850127,11.4558673718,97848,9.73324433416418,10.470348763978315,8.819785224095034,9.521575047745975,9.570769997519047,"rgba(38, 166, 154, 0.5)",0.8376709663521757,10.695771004150034,0.9898481520265154,4,0.20943479546728772,0.8377391818691509,0.0,0.0,0.0,0.0,61.567569565726,5.431021796020559,False,False,True,False,True,12.431568334987695
2025-07-25 00:00:00+00:00,11.5940087526,11.6137432356,11.3571949568,11.6137432356,95242,9.7476974285946,10.524621706915518,8.832851144995166,9.536270931379226,9.589459003290225,"rgba(38, 166, 154, 0.5)",0.8245211118920818,10.72944415435509,1.0485657501976378,4,0.20952100858506084,0.8380840343402434,0.0,0.0,0.0,0.0,62.356432854860245,6.362160321562371,False,False,True,False,True,12.890832799765374
2025-08-01 00:00:00+00:00,11.3275932324,11.5940087526,11.1499828855,11.5841415111,55962,9.755304065789991,10.549132987722343,8.840003639362632,9.544098650760933,9.598814515498683,"rgba(38, 166, 154, 0.5)",0.8083509700042115,10.954458550002578,0.46159984492315065,4,0.21011082358651195,0.8404432943460478,0.0,0.0,0.0,0.0,61.30061147980129,6.362160321562371,False,False,True,False,True,10.42296514848103
2025-08-08 00:00:00+00:00,11.6038759941,11.6244985288,11.3571949568,11.3867966813,133134,9.775019431422757,10.613238515759178,8.858004793152048,9.564187491605542,9.623170265920152,"rgba(38, 166, 154, 0.5)",0.7967638582243796,11.01602754867461,0.7377950685858572,4,0.21037269276632534,0.8414907710653013,0.0,0.0,0.0,0.0,61.59957654375328,6.362160321562371,False,False,True,False,True,12.286374978305247
2025-08-15 00:00:00+00:00,11.673013923,11.7326208026,11.4152141687,11.5644070282,87354,9.788286910673296,10.654158120952578,8.870028634174608,9.57766646340755,9.639313938642845,"rgba(38, 166, 154, 0.5)",0.7899396415934371,11.048138558181538,0.7910419124655974,4,0.2107403262567335,0.842961305026934,0.0,0.0,0.0,0.0,62.06430303331869,6.6062720576133955,False,False,True,False,True,12.745087306350964
2025-08-22 00:00:00+00:00,11.673013923,11.7225869779,11.4231617527,11.673013923,92602,9.802137925480881,10.693981099074213,8.882657303855899,9.591757505034717,9.655833330754703,"rgba(38, 166, 154, 0.5)",0.7899525778945892,11.074541390673911,0.7576056450390469,3,0.21568823395847359,0.6470647018754208,0.0,0.0,0.0,0.0,62.396250525865405,7.162640685156447,False,False,True,False,True,12.745087306350964
2025-08-29 00:00:00+00:00,11.6829484029,11.7028173628,11.4643898444,11.7028173628,251390,9.838909171428712,10.788072442510588,8.916489788450713,9.62923583979735,9.698350901770883,"rgba(38, 166, 154, 0.5)",0.7893785794647257,11.131324811272762,0.6988073986011767,3,0.21745689722274752,0.6523706916682426,0.0,0.0,0.0,0.0,62.673665679499486,7.6784822828188055,False,False,True,False,True,12.813141320159396
2025-09-05 00:00:00+00:00,11.8468673219,11.971048321,11.4792915643,11.5836036036,365064,9.893989935604468,10.91417102231553,8.96678673849331,9.685156073155369,9.760360048852798,"rgba(38, 166, 154, 0.5)",0.7883070899284393,11.222311395915488,0.7922749065230492,3,0.2193213576278655,0.6579640728835965,0.0,0.0,0.0,0.0,63.53661562820483,8.754834642986616,False,False,True,False,True,13.937011230861788
2025-09-12 00:00:00+00:00,12.0703931204,12.1231452088,11.7823925471,11.9511793612,154798,9.919115964127935,10.970060813066825,8.989262893932677,9.71047719046662,9.788462671616873,"rgba(38, 166, 154, 1.0)",0.787482966543545,11.269822345498387,1.0166197986675372,3,0.22108062110224605,0.6632418633067382,0.0,0.0,0.0,0.0,64.98536573005431,10.36245777281119,True,False,True,False,True,15.434907513895592
2025-09-19 00:00:00+00:00,12.33,12.34,11.81,12.05,120543,9.939821458394364,11.016245844928923,9.00750188560651,9.731237351421507,9.811631644586033,"rgba(38, 166, 154, 1.0)",0.7890297577118054,11.311816363782476,1.2904248873581992,3,0.22321030453147217,0.6696309135944165,0.0,0.0,0.0,0.0,66.87741172346632,12.344902599833837,True,False,True,False,True,17.117629845793395
2025-09-26 00:00:00+00:00,12.06,12.34,11.93,12.33,135319,9.962100523142485,11.061911654009423,9.027407404578629,9.753655758444241,9.836091291171476,"rgba(38, 166, 154, 1.0)",0.7689754560417172,11.350471526281908,0.9226932643213006,3,0.22800941600203084,0.6840282480060925,0.0,0.0,0.0,0.0,66.25970102861872,12.344902599833837,True,False,True,False,True,14.436265766174309
