date,Close,High,Low,Open,Volume,aVWAP_BoS_CHoCH_bull_57,aVWAP_BoS_CHoCH_bull_114,Peaks_Valleys_avg,color,StDev,StDev_Mean,StdDev_ZScore,MA_Cross_Count,MA_Avg_Deviation_Z,MA_Oscillation_Score,BoS,CHoCH,BoS_CHoCH_Price,BoS_CHoCH_Break_Index,QQEMOD,QQE1_Value,QQE1_Above_Upper,QQE1_Below_Lower,QQE2_Above_Threshold,QQE2_Below_Threshold,QQE2_Above_TL,banker_RSI
2021-12-31 00:00:00+00:00,541.4335862984,545.0481347372,525.9259059863,526.0212791739,7948167,,,,#000000,,,,0,,,0.0,0.0,0.0,0.0,,,False,False,False,False,False,
2022-01-07 00:00:00+00:00,511.3719575506,542.4063928125,509.5217177102,538.8872175613,12527089,,,,"rgba(239, 83, 80, 0.5)",,,,0,,,0.0,0.0,0.0,0.0,0.0,,False,False,False,True,False,
2022-01-14 00:00:00+00:00,479.717596569,505.8689246231,478.6398795486,504.8007449214,15397269,,,,"rgba(239, 83, 80, 0.5)",,,,0,,,0.0,0.0,0.0,0.0,0.0,-50.0,False,False,False,True,True,
2022-01-21 00:00:00+00:00,459.3268090491,476.7513950599,459.0502268049,471.5832173942,12635915,,,,"rgba(239, 83, 80, 0.5)",,,,0,,,0.0,0.0,0.0,0.0,0.0,-50.0,False,False,False,True,True,
2022-01-28 00:00:00+00:00,469.646187953,472.8506316849,447.309787405,453.5484337289,14868158,,,,"rgba(239, 83, 80, 0.5)",,463.2688690143,,0,,,0.0,0.0,0.0,0.0,3.6235985167727245,-46.57456702711328,False,False,False,True,True,
2022-02-04 00:00:00+00:00,496.4717775923,502.8428008459,467.9294705753,469.2360832461,12427919,,,,"rgba(239, 83, 80, 0.5)",,475.02130577627884,,0,,,0.0,0.0,0.0,0.0,12.724053401022488,-38.120417427260435,False,False,False,True,True,
2022-02-11 00:00:00+00:00,486.8245010013,510.2950832185,484.6371481901,497.9331967194,10490739,,,,"rgba(239, 83, 80, 0.5)",,480.26784049525503,,0,,,0.0,0.0,0.0,0.0,18.29808886340483,-33.332844655901596,False,False,False,True,True,
2022-02-18 00:00:00+00:00,489.6900287016,494.9817031881,478.9634033435,486.1749813893,9682668,,,,"rgba(239, 83, 80, 0.5)",,481.8202127927971,,0,,,0.0,0.0,0.0,0.0,22.82674947186706,-29.62849733604035,False,False,False,True,True,
2022-02-25 00:00:00+00:00,494.2939765401,495.0199102241,461.3308562278,487.1397090484,9290032,,,,"rgba(239, 83, 80, 0.5)",,482.1030464105219,,0,,,0.0,0.0,0.0,0.0,26.934395335891324,-26.33823998541649,False,False,False,True,True,
2022-03-04 00:00:00+00:00,501.9449354998,514.8016031151,488.3814377185,491.2469654188,15567194,,,,"rgba(239, 83, 80, 0.5)",,486.32299156411113,,0,,,0.0,0.0,0.0,0.0,31.237436685697364,-22.845199363104715,False,False,False,True,True,
2022-03-11 00:00:00+00:00,503.778873228,520.8478665627,492.5937634379,499.9868249046,13849061,,,,"rgba(239, 83, 80, 0.5)",,489.4434702581437,,0,,,0.0,0.0,0.0,0.0,34.629559832633305,-20.194948569492098,False,False,False,True,True,
2022-03-18 00:00:00+00:00,536.1879915182,537.3342025983,500.0727907356,504.113184793,13018370,,,,"rgba(239, 83, 80, 0.5)",,494.0484908081494,,0,,,0.0,0.0,0.0,0.0,41.38934208662785,-14.29745498424284,False,False,False,True,True,
2022-03-25 00:00:00+00:00,530.8007994417,541.3459413787,524.6017078501,535.0322286791,9960309,,,,"rgba(239, 83, 80, 0.5)",,497.5343192397291,,0,,,0.0,0.0,0.0,0.0,45.46228656797285,-11.018583211997147,False,False,False,True,True,
2022-04-01 00:00:00+00:00,549.7705928176,560.0387337436,528.6898607025,531.7846306188,11521264,,,,#000000,,502.1773660784297,,0,,,0.0,0.0,0.0,0.0,50.223492815905175,-7.024453758340755,False,False,False,False,True,
2022-04-08 00:00:00+00:00,573.1437470929,584.825548351,544.7998574335,548.2136561004,14705843,,,567.5897176258,"rgba(38, 166, 154, 0.5)",,538.4362553584177,,0,,,0.0,0.0,0.0,0.0,55.37431594869844,-2.6293602710170347,False,False,True,False,True,
2022-04-15 00:00:00+00:00,563.926299657,574.060715957,552.8176039389,571.9497772178,9352680,,,566.0393252550327,"rgba(38, 166, 154, 0.5)",,539.416089174839,,0,,,0.0,0.0,0.0,0.0,57.80622022221525,-0.7839988313377404,False,False,True,False,True,
2022-04-22 00:00:00+00:00,546.0740620842,581.8740548198,545.4531977491,559.1408683975,11148280,,,563.430470949785,"rgba(38, 166, 154, 0.5)",,539.7210700903298,,0,,,0.0,0.0,0.0,0.0,57.40449719674715,-0.7839988313377404,False,False,True,False,True,
2022-04-29 00:00:00+00:00,508.6994703754,544.7654711011,506.7669251821,544.7463675831,12547606,,,552.0392997726874,#000000,,534.1769235456773,,0,,,0.0,0.0,0.0,0.0,53.76368455581927,-0.7839988313377404,False,False,False,False,True,
2022-05-06 00:00:00+00:00,481.5673012265,522.4943032447,477.2238580693,509.1873902014,15692747,,,537.6251984915951,#000000,,526.0087912353671,,0,,,0.0,0.0,0.0,0.0,49.38519909700835,-0.7839988313377404,False,False,False,False,False,
2022-05-13 00:00:00+00:00,475.7409644805,488.5225505111,458.9901028299,474.6216189972,13973160,,,526.2172616167927,"rgba(239, 83, 80, 0.5)",,518.8949756563488,,0,,,0.0,0.0,0.0,0.0,45.916582171748615,5.798016611795333,False,False,False,True,False,
2022-05-20 00:00:00+00:00,398.4008885286,476.1284302247,388.9104652303,474.6598872189,24648787,,,460.9951090447973,"rgba(239, 83, 80, 0.5)",,474.5188062698623,,0,,,0.0,0.0,0.0,0.0,40.17843448197682,0.4480527530274614,False,False,False,True,False,
2022-05-27 00:00:00+00:00,450.3787005828,454.3203274126,398.6304978585,401.8163273107,22022911,,,458.2401044298627,"rgba(239, 83, 80, 0.5)",,470.6690110936129,,0,,,0.0,0.0,0.0,0.0,39.91000142526855,0.33104008923513106,False,False,False,True,False,
2022-06-03 00:00:00+00:00,455.6310140041,469.8667924574,436.9226371456,450.3787005828,14551948,,,459.5829500835914,"rgba(239, 83, 80, 0.5)",,470.79009180765684,,0,,,0.0,0.0,0.0,0.0,40.051475510401495,0.33104008923513106,False,False,False,True,False,
2022-06-10 00:00:00+00:00,443.2512443008,463.2750912784,437.941528547,459.6970125543,12068951,,,459.27626521850755,"rgba(239, 83, 80, 0.5)",,469.9178509465548,,0,,,0.0,0.0,0.0,0.0,39.618824504538445,-0.1678360555794356,False,False,False,True,False,
2022-06-17 00:00:00+00:00,427.3507982058,444.255785119,424.0118958669,430.5174935472,14118226,,,456.7672174071057,"rgba(239, 83, 80, 0.5)",,467.26723206199796,,0,,,0.0,0.0,0.0,0.0,38.65119481923785,-1.3711692847841164,False,False,False,True,False,
2022-06-24 00:00:00+00:00,463.3994629988,463.8395475477,429.6947267817,431.0436815949,9140830,,,456.88826122130797,"rgba(239, 83, 80, 0.5)",,466.9761078006142,,0,,,0.0,0.0,0.0,0.0,40.27137782491724,-1.3711692847841164,False,False,False,True,False,
2022-07-01 00:00:00+00:00,464.7292837011,469.9815971223,444.6001991139,464.7771189781,11584800,,,457.57604551928125,"rgba(239, 83, 80, 0.5)",,467.08934994504403,,0,,,0.0,0.0,0.0,0.0,41.50801896374497,-1.3711692847841164,False,False,False,True,False,
2022-07-08 00:00:00+00:00,479.8260971415,483.6337851955,457.7453332502,464.5379425928,9485644,,,458.9101697169392,"rgba(239, 83, 80, 0.5)",,467.854772894482,,0,,,0.0,0.0,0.0,0.0,43.29694122054467,-1.3711692847841164,False,False,False,True,False,
2022-07-15 00:00:00+00:00,500.3091627789,502.0790680301,462.8732749511,479.4242808141,13655863,,,461.73208795721393,"rgba(239, 83, 80, 0.5)",,469.7730413117002,,0,,,0.0,0.0,0.0,0.0,45.72059758424141,-1.3711692847841164,False,False,False,True,True,
2022-07-22 00:00:00+00:00,506.7860592929,513.8561132425,493.3395629111,499.266353739,10112648,,,464.4450787850884,#000000,,471.7684296068109,,0,,,0.0,0.0,0.0,0.0,47.80109373929191,-1.3711692847841164,False,False,False,False,True,
2022-07-29 00:00:00+00:00,518.733966498,519.5197818546,486.733511149,508.412458713,11062487,,,467.25544271908393,#000000,,473.87252279780296,,0,,,0.0,0.0,0.0,0.0,49.92794991323547,-8.705949581697766,False,False,False,False,True,
2022-08-05 00:00:00+00:00,518.1302303094,529.6682996917,511.1153907846,518.8489638672,9645699,,,469.9835301229683,#000000,,475.9816341363864,,0,,,0.0,0.0,0.0,0.0,51.40645772041006,-7.047319937468309,False,False,False,False,True,
2022-08-12 00:00:00+00:00,514.8144728291,526.9850277423,509.6395912124,521.1680774806,9817975,,,472.3549004376893,#000000,,477.8205349872222,,0,,,0.0,0.0,0.0,0.0,52.22737033500903,-6.001304924080742,False,False,False,False,True,
2022-08-19 00:00:00+00:00,531.4124264588,541.206369074,513.348256371,514.0382405866,9417289,,,492.83074793671517,#000000,,492.0586111899794,,0,,,0.0,0.0,0.0,0.0,53.78262525910513,-4.230185928650343,False,False,False,False,True,
2022-08-26 00:00:00+00:00,509.6491743265,529.9462100007,509.505427615,529.9462100007,7735740,,,491.9855096747486,#000000,,491.5576759185355,,0,,,0.0,0.0,0.0,0.0,53.33861226448057,-4.230185928650343,False,False,False,False,True,
2022-09-02 00:00:00+00:00,497.4690362992,513.6644991365,494.5366033831,505.0588626703,9799102,,,490.1717503824959,#000000,,490.26904106318136,,0,,,0.0,0.0,0.0,0.0,52.2222805307645,-4.230185928650343,False,False,False,False,True,
2022-09-09 00:00:00+00:00,514.2107366405,515.629037528,491.1622930756,498.4752632802,7283796,,,490.2005980656523,#000000,,490.36473022806695,,0,,,0.0,0.0,0.0,0.0,52.48112927953711,-4.230185928650343,False,False,False,False,True,
2022-09-16 00:00:00+00:00,483.1231144842,519.9797713316,476.5682644364,515.3127947625,11165565,,,489.00149178842565,#000000,,489.48130290689755,,0,,,0.0,0.0,0.0,0.0,50.73858449661831,-4.230185928650343,False,False,False,False,True,
2022-09-23 00:00:00+00:00,446.9564418523,485.5859748091,444.2060881042,481.2256578914,13588884,,,484.52569466317635,#000000,,485.8710150026867,,0,,,0.0,0.0,0.0,0.0,47.68307207903155,-4.230185928650343,False,False,False,False,False,
2022-09-30 00:00:00+00:00,452.5817298319,471.0579738261,445.8160512738,446.4485368048,13234494,,,481.38104516542484,"rgba(239, 83, 80, 0.5)",,483.2624815571426,,0,,,0.0,0.0,0.0,0.0,45.88196191206257,-4.230185928650343,False,False,False,True,False,
2022-10-07 00:00:00+00:00,448.6334868207,473.2908394126,446.6881146574,454.7187642773,11100537,,,479.3777544099924,"rgba(239, 83, 80, 0.5)",,481.55982249500033,,0,,,0.0,0.0,0.0,0.0,44.40076553581101,0.97961742905607,False,False,False,True,False,
2022-10-14 00:00:00+00:00,435.6962827791,459.7403160682,430.3105726521,450.1092863928,11697191,,,468.0236093251556,"rgba(239, 83, 80, 0.5)",,468.0236093251556,,0,,,0.0,0.0,0.0,0.0,42.70725994053855,-0.8060848635566913,False,False,False,True,False,
2022-10-21 00:00:00+00:00,458.2453502679,459.5774031285,441.2832383022,442.4044626525,9387108,,,468.3350243916609,"rgba(239, 83, 80, 0.5)",,468.3350243916609,,0,,,0.0,0.0,0.0,0.0,43.125624848178006,-0.8060848635566913,False,False,False,True,False,
2022-10-28 00:00:00+00:00,490.459921476,492.3320158383,460.9573715596,461.5323584059,10532924,,,471.40805784122597,"rgba(239, 83, 80, 0.5)",,471.40805784122597,,0,,,0.0,0.0,0.0,0.0,45.404905436624894,-0.8060848635566913,False,False,False,True,False,
2022-11-04 00:00:00+00:00,466.9771378338,489.2742617132,457.4534577957,489.2742617132,10244129,,,472.0198722194764,"rgba(239, 83, 80, 0.5)",,472.0198722194764,,0,,,0.0,0.0,0.0,0.0,45.742275884245664,-0.8060848635566913,False,False,False,True,False,
2022-11-11 00:00:00+00:00,494.8761440743,496.1914103698,455.5429614977,457.9910848946,10878277,,,473.3170775560764,#000000,,473.3170775560764,,0,,,0.0,0.0,0.0,0.0,47.52681754513421,-0.8060848635566913,False,False,False,False,True,
2022-11-18 00:00:00+00:00,502.7485408799,508.6336375163,489.0678513091,495.1641585915,9644418,,,475.3722416601959,#000000,,475.3722416601959,,0,,,0.0,0.0,0.0,0.0,49.20850983125182,-6.697287290465297,False,False,False,False,True,
2022-11-25 00:00:00+00:00,512.3394243053,515.3539762529,501.2220639383,504.7358410491,5110062,,,476.6077239866824,#000000,,476.6077239866824,,0,,,0.0,0.0,0.0,0.0,50.90602104323796,-4.9344284471329445,False,False,False,False,True,
2022-12-02 00:00:00+00:00,474.7727307681,520.9030559525,472.4494136621,509.6800902625,17574682,,,480.2469519121786,#000000,,479.8551686359343,,0,,,0.0,0.0,0.0,0.0,49.98649973924126,-4.9344284471329445,False,False,False,False,True,
2022-12-09 00:00:00+00:00,463.7225737885,473.0158422127,451.702767934,472.8238325345,14635988,,,476.9161748177964,#000000,,475.8524916991422,,0,,,0.0,0.0,0.0,0.0,48.77245054772322,-4.9344284471329445,False,False,False,False,True,0.0
2022-12-16 00:00:00+00:00,443.0143299961,478.0752972329,438.6269088495,463.4441597551,15396686,,,474.02237490863354,#000000,,472.4753578270475,,0,,,0.0,0.0,0.0,0.0,46.91358281677729,-4.9344284471329445,False,False,False,False,False,0.0
2022-12-23 00:00:00+00:00,444.1663880652,445.1648383918,434.4506983489,442.5055043489,8532514,,,472.15924207136504,"rgba(239, 83, 80, 0.5)",,470.3285271946897,,0,,,0.0,0.0,0.0,0.0,45.66009945595636,-4.9344284471329445,False,False,False,True,False,0.0
2022-12-30 00:00:00+00:00,438.2620904609,446.1344872666,432.7418122131,445.8464727493,5823190,,,470.99011804198926,"rgba(239, 83, 80, 0.5)",,468.99450601832086,,0,,,0.0,0.0,0.0,0.0,44.47156571936506,-0.06344122651178452,False,False,False,True,False,0.0
2023-01-06 00:00:00+00:00,463.5785665298,465.0666415358,430.0056742989,439.7021630473,11419186,,,467.1301234254851,"rgba(239, 83, 80, 0.5)",,463.8626665788231,,0,,,0.0,0.0,0.0,0.0,45.29056465913623,-0.06344122651178452,False,False,False,True,False,0.0
2023-01-13 00:00:00+00:00,465.8634817003,467.4187600936,456.4838089209,463.6361694333,8645135,,,467.73919476239536,#000000,,464.8745055018322,,0,,,0.0,0.0,0.0,0.0,46.019372659936735,-0.06344122651178452,False,False,False,False,False,0.0
2023-01-20 00:00:00+00:00,460.9288329709,470.8845347848,449.369850344,465.7482758934,7973473,,,467.66320689991943,#000000,,464.8733246477106,,0,,,0.0,0.0,0.0,0.0,46.244188382007366,-0.06344122651178452,False,False,False,False,False,0.0
2023-01-27 00:00:00+00:00,483.1827546727,488.760635824,458.5191115096,460.7752252283,9159907,,,468.80579933414356,#000000,,466.54756165789627,,0,,,0.0,0.0,0.0,0.0,47.84332814601193,-0.06344122651178452,False,False,False,False,True,0.0
2023-02-03 00:00:00+00:00,495.0827093722,509.7486210231,480.3794133712,480.3794133712,9991744,,,470.9959840896534,#000000,,474.8315874915691,,0,,,1.0,0.0,509.74863,78.0,49.693368211599264,-0.06344122651178452,False,False,False,False,True,0.0
2023-02-10 00:00:00+00:00,480.839945336,498.1505295798,476.4065123714,494.7364976873,8784496,,,471.9022592498706,#000000,,474.8309570071306,,0,,,0.0,0.0,0.0,0.0,50.05443044801493,-4.758107493872686,False,False,False,False,True,0.0
2023-02-17 00:00:00+00:00,488.0430717797,491.8321663308,479.5320345265,482.5229188042,6929969,,,472.5574538854847,#000000,,475.3803987922694,,0,,,0.0,0.0,0.0,0.0,50.76694797078283,-3.9282784296625266,False,False,False,False,True,0.0
2023-02-24 00:00:00+00:00,469.8958092975,486.1004395479,466.1355657201,481.6381556095,6277993,,,472.627504431629,#000000,,474.7371535738353,,0,,,0.0,0.0,0.0,0.0,50.06690691541695,-3.9282784296625266,False,False,False,False,True,0.0
2023-03-03 00:00:00+00:00,457.0571259833,474.1175722848,447.5074536755,473.6849038486,12940911,459.5607173145334,,471.7777518210957,#000000,,469.34421861513533,,0,,,0.0,0.0,0.0,0.0,48.77272961568128,-3.9282784296625266,True,False,False,False,True,0.0
2023-03-10 00:00:00+00:00,453.0949255897,476.2430235202,450.4406360057,458.2688668804,11064727,459.7291740429337,,471.192571088232,#000000,,467.9807212330669,,0,,,0.0,0.0,0.0,0.0,47.60545160665846,-3.9282784296625266,False,False,False,False,False,0.0
2023-03-17 00:00:00+00:00,468.395558663,471.1364011683,448.9211513887,448.9211513887,12388749,460.78051800968325,,470.7886134809842,#000000,,467.40088295111343,,0,,,0.0,0.0,0.0,0.0,47.90473575662836,-3.9282784296625266,False,False,False,False,False,0.0
2023-03-24 00:00:00+00:00,476.3007254677,477.5990192859,465.741269079,469.3091728314,7790414,462.97266121480953,,470.90554611400603,#000000,,468.1000663983991,,0,,,0.0,0.0,0.0,0.0,48.678529277607204,-3.9282784296625266,True,False,False,False,False,0.0
2023-03-31 00:00:00+00:00,477.8394440671,480.7127125418,466.8183720986,478.2337407082,8130475,464.8610612449249,,471.0784850922414,#000000,,468.81093985151824,,0,,,0.0,0.0,0.0,0.0,49.34268571628428,-3.9282784296625266,True,False,False,False,False,0.0
2023-04-07 00:00:00+00:00,467.3665405996,484.8213797121,459.2113320225,477.483615391,9774139,465.74345852055455,,471.09018219254455,#000000,,469.01389425407655,,0,,,0.0,0.0,0.0,0.0,49.02348146352079,-3.9282784296625266,True,False,False,False,False,0.0
2023-04-14 00:00:00+00:00,472.4827799428,481.2053910034,463.2120003811,465.3662064203,8540480,466.53627435460754,,471.1561251653446,#000000,,469.2883308236168,,0,,,0.0,0.0,0.0,0.0,49.20545867931189,-3.9282784296625266,True,False,False,False,False,0.0
2023-04-21 00:00:00+00:00,486.9563517688,491.1012749961,472.3385250741,473.896477656,8294137,468.3153567289316,,471.54454518168404,#000000,,470.27594904747434,,0,,,0.0,0.0,0.0,0.0,50.45002820169034,-3.210563852680046,True,False,False,False,True,0.0
2023-04-28 00:00:00+00:00,483.9462335087,493.476671834,474.4927311133,486.7159269877,7116732,469.61036233539886,,471.8674997667725,#000000,,474.78906087977646,,0,,,0.0,0.0,0.0,0.0,51.079234774887254,-2.47569544284147,True,False,False,False,True,0.0
2023-05-05 00:00:00+00:00,480.9439427584,481.2716006363,468.2905664742,480.0321180713,8766706,470.2784480638778,,472.03016096821216,#000000,,474.09010370851274,,0,,,0.0,0.0,0.0,0.0,51.26063938182382,-2.1677682720159694,True,False,False,False,True,0.0
2023-05-12 00:00:00+00:00,485.772077959,487.6609292551,477.1276921807,479.3152903654,6364171,471.111418486056,,472.2790834709752,#000000,,474.7677638762643,,0,,,0.0,0.0,0.0,0.0,51.80111989551891,-1.5064075788448719,True,False,False,False,True,0.0
2023-05-19 00:00:00+00:00,478.4961456707,486.6635001268,474.0390348318,485.7142559806,8369407,471.7701362453817,,472.4879732923094,#000000,,475.0057992027944,,0,,,0.0,0.0,0.0,0.0,51.490361383897806,-1.5064075788448719,True,False,False,False,True,0.0
2023-05-26 00:00:00+00:00,488.8462798133,492.2095915598,459.4438037712,478.9587214983,14069090,472.7258023470578,,472.8285060057472,#000000,,477.2335650028902,,0,,,0.0,0.0,0.0,0.0,52.18881515034133,-0.8825687009234429,True,False,False,False,True,0.0
2023-06-02 00:00:00+00:00,493.982798899,499.6782637764,483.3821028497,491.2796214064,10553380,474.2692738946388,,473.43270357612784,#000000,31.90912160985616,479.75691305053215,0.44582505348795676,0,,,0.0,0.0,0.0,0.0,53.12976944923805,0.138301157822859,True,False,False,False,True,0.0
2023-06-09 00:00:00+00:00,498.5025502145,503.1090344978,492.0361256245,493.982798899,8037087,475.60388225342774,,473.9894941489294,"rgba(38, 166, 154, 1.0)",31.25053680640501,481.58453394479835,0.541367221129916,0,,,0.0,0.0,0.0,0.0,54.19228212969003,1.2506347186258182,True,False,True,False,True,0.6337586928197645
2023-06-16 00:00:00+00:00,504.6413169267,511.9750711935,497.2690146743,498.5025502145,9470485,477.4162045630951,,474.7832448540494,"rgba(38, 166, 154, 1.0)",31.17996767152578,483.9436135494489,0.6638141384653407,0,,,0.0,0.0,0.0,0.0,55.47835986860544,2.550487433510881,True,False,True,False,True,1.503456977866506
2023-06-23 00:00:00+00:00,505.402639643,506.3277912982,497.7894124803,503.0030275373,5506843,478.31862244163244,,475.20202704896354,"rgba(38, 166, 154, 1.0)",31.276068566093322,484.9449125779056,0.6541016183623796,0,,,0.0,0.0,0.0,0.0,56.463658157043255,3.5381966945748786,True,False,True,False,True,1.6120692771862792
2023-06-30 00:00:00+00:00,518.8366126363,519.9737782125,502.3380747851,505.3640916573,7541043,479.9391662501975,,475.9611661781592,"rgba(38, 166, 154, 1.0)",31.394117901950867,486.9273565982971,1.0164087469398204,0,,,0.0,0.0,0.0,0.0,58.29986090145975,5.321538337674092,True,False,True,False,True,3.5142047949695048
2023-07-07 00:00:00+00:00,505.9904964239,526.2281888815,505.5857425747,517.7476320421,7077300,481.28471907527404,,476.6230742686859,"rgba(38, 166, 154, 1.0)",31.436288401542388,488.4241992026615,0.5587904334271426,0,,,0.0,0.0,0.0,0.0,57.994771964810454,5.321538337674092,True,False,True,False,True,1.5775179680031535
2023-07-14 00:00:00+00:00,526.8545936481,527.0087855906,506.0001334203,506.0001334203,8654398,483.1393184724149,,477.5556298647459,"rgba(38, 166, 154, 1.0)",31.77530936952584,490.5318786340026,1.1431112941085246,0,,,0.0,0.0,0.0,0.0,59.431000250927355,6.4020851695489895,True,False,True,False,True,4.461158749799647
2023-07-21 00:00:00+00:00,537.6094816399,541.647383135,526.2763738636,526.3534698349,11947631,486.37082268167853,,479.2109464458463,"rgba(38, 166, 154, 1.0)",32.33431788085266,494.3352754500671,1.3383367587741335,0,,,0.0,0.0,0.0,0.0,61.191832949603324,8.08334520142973,True,False,True,False,True,5.888869767083413
2023-07-28 00:00:00+00:00,542.8712816789,550.4266868631,535.6965378528,537.7443995896,7853245,488.5915716484324,,480.38751981167275,"rgba(38, 166, 154, 1.0)",32.98304929316723,510.5690076164723,0.9793598455773909,0,,,0.0,0.0,0.0,0.0,62.79541832386715,9.586881798588621,True,False,True,False,True,6.580216725154575
2023-08-04 00:00:00+00:00,532.0007497302,543.8068412902,531.0149813676,542.5628977938,7054148,490.19141907356806,,481.2825979775001,"rgba(38, 166, 154, 1.0)",33.37835631405557,511.04099610822874,0.6279444507321401,0,,,0.0,0.0,0.0,0.0,62.56183110468855,9.586881798588621,True,False,True,False,True,4.895371305690304
2023-08-11 00:00:00+00:00,542.5243498082,548.5474725634,531.808009802,534.8436636707,5658091,491.54025370712606,,482.04686779420314,"rgba(38, 166, 154, 1.0)",33.93729998073684,512.2844631187897,0.8910516365937984,0,,,0.0,0.0,0.0,0.0,63.15232259227756,9.892955612057413,True,False,True,False,True,6.297017052528318
2023-08-18 00:00:00+00:00,525.1584822802,547.1019231022,523.3949119375,544.2686461581,7532328,492.91846690656257,,482.8775468512583,"rgba(38, 166, 154, 1.0)",34.159005615358325,512.7757877546424,0.36250160982409424,0,,,0.0,0.0,0.0,0.0,61.54784723331934,9.892955612057413,True,False,True,False,True,3.649176540537841
2023-08-25 00:00:00+00:00,515.6124708553,525.3608592048,512.2813290706,524.1176866681,7757290,493.7624299969349,,483.4598317324532,"rgba(38, 166, 154, 0.75)",33.85194368413029,518.1111960162108,-0.07381334390208709,0,,,0.0,0.0,0.0,0.0,59.40385261329216,12.809500056765351,True,False,True,False,False,2.2381076183972084
2023-09-01 00:00:00+00:00,525.4996858917,534.4116971012,514.7531328297,517.5339120587,7231348,494.7182501380509,,484.095449247068,"rgba(38, 166, 154, 0.75)",33.76724044857635,518.9733534506656,0.19327408323381398,0,,,0.0,0.0,0.0,0.0,58.70114315812256,12.169020977939574,True,False,True,False,False,3.592130724841425
2023-09-08 00:00:00+00:00,532.2005913948,533.3494973686,521.5699041341,526.9286974399,5608585,495.51668131068783,,484.6236158467991,"rgba(38, 166, 154, 0.75)",33.39274829890695,519.7571476283979,0.3726391028081206,0,,,0.0,0.0,0.0,0.0,58.7382879692814,12.169020977939574,True,False,True,False,False,4.499425034413562
2023-09-15 00:00:00+00:00,537.1924763302,547.175570317,532.8475087849,533.7647797111,7809611,496.8832739415794,,485.5012308823215,"rgba(38, 166, 154, 0.75)",32.395761037190276,521.7767725194032,0.4758555847198527,0,,,0.0,0.0,0.0,0.0,59.16233688243574,12.169020977939574,True,False,True,False,False,5.1738370313803586
2023-09-22 00:00:00+00:00,539.3456491359,549.608365923,535.1841357759,538.9497743152,6677130,498.0457522833911,,486.2592186704396,"rgba(38, 166, 154, 0.75)",31.728824380320816,523.2375960703944,0.5076788497558172,0,,,0.0,0.0,0.0,0.0,59.64000095794002,12.169020977939574,True,False,True,False,False,5.466598789081644
2023-09-29 00:00:00+00:00,545.4961920834,552.4674511227,525.9631490965,540.214642645,12409795,500.04913832188686,,487.6081371954752,"rgba(38, 166, 154, 0.75)",31.714375917994403,525.228355361895,0.639074114966435,0,,,0.0,0.0,0.0,0.0,60.484186611793334,12.169020977939574,True,False,True,False,False,6.306102880733427
2023-10-06 00:00:00+00:00,538.3221678919,556.3439346117,523.9354975754,548.3445596964,11464266,501.6689512391139,,488.7519481849934,"rgba(38, 166, 154, 0.75)",32.168354666883076,526.403488223275,0.37050945850504335,0,,,0.0,0.0,0.0,0.0,60.13597565590338,12.169020977939574,True,False,True,False,False,5.154296562106019
2023-10-13 00:00:00+00:00,547.3114229689,549.5321841587,530.8391682306,535.8793305832,8110624,502.82228942227925,,489.57603657585224,"rgba(38, 166, 154, 0.75)",32.892549198919724,527.3173078023545,0.6078615265004196,0,,,0.0,0.0,0.0,0.0,60.662908212990175,12.169020977939574,True,False,True,False,False,6.396906443958532
2023-10-20 00:00:00+00:00,533.8806455123,557.4110586408,532.9923410364,550.0632357476,8460220,503.9256183560793,,490.3888490972881,"rgba(38, 166, 154, 0.75)",33.27400121362618,528.0658069486486,0.17475621661245036,0,,,0.0,0.0,0.0,0.0,59.332128221508775,12.169020977939574,True,False,True,False,False,4.247434926747449
2023-10-27 00:00:00+00:00,524.3217169127,537.7380111442,521.6181815512,535.0489590078,8641186,504.6053901226618,,490.973261416915,"rgba(38, 166, 154, 0.75)",31.776990983794786,530.5017923734952,-0.1944827143623124,0,,,0.0,0.0,0.0,0.0,57.28581600056621,10.470102918018192,True,False,True,False,False,2.7562177033463797
2023-11-03 00:00:00+00:00,542.569658246,544.5913565626,524.9107014022,526.9383529233,8753484,505.5201150843134,,491.69723488503064,"rgba(38, 166, 154, 0.75)",31.97415070421576,531.923672491923,0.3329560135173003,0,,,0.0,0.0,0.0,0.0,57.503063795143824,10.470102918018192,True,False,True,False,False,5.310685729262374
2023-11-10 00:00:00+00:00,558.2595848938,558.9995845169,541.8248220242,542.1730571409,7971387,506.69844199075374,,492.5608172390287,"rgba(38, 166, 154, 0.75)",32.58496898648943,534.4119093044028,0.7318612332970177,0,,,0.0,0.0,0.0,0.0,58.8769543446536,10.470102918018192,True,False,True,False,False,7.407591332386165
2023-11-17 00:00:00+00:00,558.2886044869,580.2854560264,553.5390644227,556.2088669843,10582610,508.5262951582576,,493.87352215067193,"rgba(38, 166, 154, 1.0)",32.89787842998348,537.8757824309089,0.6204905310059949,0,,,0.0,0.0,0.0,0.0,59.86047385462385,10.470102918018192,True,False,True,False,True,7.411429556058167
2023-11-24 00:00:00+00:00,572.0342183997,574.7765699439,558.472395243,558.472395243,4512868,509.32967729077325,,494.45242718257396,"rgba(38, 166, 154, 1.0)",33.121855726242075,539.2097523410429,0.9910213464474045,0,,,0.0,0.0,0.0,0.0,61.56151340117667,8.295774966622751,True,False,True,False,True,9.216912364823209
2023-12-01 00:00:00+00:00,576.7644120685,580.3338220149,563.7781441741,573.1563093313,7464626,510.72506140608175,,495.45615842366107,"rgba(38, 166, 154, 1.0)",34.144458474872934,541.4558779449309,1.0340926668833477,9,0.26601538189605667,2.39413843706451,0.0,0.0,0.0,0.0,63.09951120800453,9.757591170144373,True,False,True,False,True,9.828231943941184
2023-12-08 00:00:00+00:00,590.8195683072,593.5570832526,572.1309503766,572.7984010169,9285329,512.6906948607258,,496.854658975341,"rgba(38, 166, 154, 1.0)",35.54049493678377,544.7093166565683,1.2974003804012444,8,0.277511504892595,2.22009203914076,0.0,0.0,0.0,0.0,65.0975996924833,11.640300151188441,True,False,True,False,True,11.614212079617747
2023-12-15 00:00:00+00:00,637.289609994,640.2496084862,598.5388767932,601.6438765186,19597427,518.6129460891166,,500.94048382835564,"rgba(38, 166, 154, 1.0)",38.82753212560517,555.5290861651324,2.105735784710094,8,0.26036400728141934,2.0829120582513547,0.0,0.0,0.0,0.0,68.68048304567365,14.992927444016743,True,False,True,False,True,16.978559946968886
2023-12-22 00:00:00+00:00,649.6519566376,659.6250234526,637.8990214483,642.7839862801,16976645,524.2939896372774,,504.9042589452246,"rgba(38, 166, 154, 1.0)",42.39636784537035,564.9537999602144,1.9977691717908481,8,0.24484095264064823,1.9587276211251858,0.0,0.0,0.0,0.0,71.668292337098,17.698669174877494,True,False,True,False,True,18.28157954318473
2023-12-29 00:00:00+00:00,652.8719999295,661.2791808763,648.8587544273,651.0158775115,7081940,526.6144021195357,,506.55099339373265,"rgba(38, 166, 154, 1.0)",45.74245347254019,568.4836967792953,1.8448573861667508,8,0.23120784197186273,1.8496627357749018,0.0,0.0,0.0,0.0,73.91198138171944,19.665723860724412,True,False,True,False,True,18.618119564327877
2024-01-05 00:00:00+00:00,648.8464438761,652.4466954816,633.5158010575,648.4211394282,9641522,529.4205715501923,,508.5917582858429,"rgba(38, 166, 154, 1.0)",48.60554752239761,572.2957072778744,1.5749382632291258,8,0.21996932391787544,1.7597545913430035,0.0,0.0,0.0,0.0,74.96878234277085,20.519280612047126,True,False,True,False,True,17.914827516304356
2024-01-12 00:00:00+00:00,675.7790953094,676.2489083623,646.89182376,648.6486278538,9992525,532.704485149613,,510.9663273324224,"rgba(38, 166, 154, 1.0)",52.323148132746454,576.9462817868335,1.8888927186075009,8,0.20698074300064045,1.6558459440051236,0.0,0.0,0.0,0.0,76.66342198670196,22.035159266919777,True,False,True,False,True,20.0
2024-01-19 00:00:00+00:00,687.381005016,688.5283379453,670.7545683435,675.7790953094,7581979,535.3774646854906,,512.9000804384635,"rgba(38, 166, 154, 1.0)",56.191502695905555,580.7556751608417,1.8975347648591647,7,0.2092140536051728,1.4644983752362097,0.0,0.0,0.0,0.0,78.22040994830803,23.44245217212422,True,False,True,False,True,20.0
2024-01-26 00:00:00+00:00,679.3793469149,691.0307106271,668.5785920984,687.8359818673,11181453,539.0837771396343,,515.6270724608372,"rgba(38, 166, 154, 1.0)",59.38065294215279,585.7124110013269,1.5773982142773195,5,0.24028862315409807,1.2014431157704903,0.0,0.0,0.0,0.0,78.28101985661861,23.459792788769448,True,False,True,False,True,20.0
2024-02-02 00:00:00+00:00,702.748579475,707.5030379255,678.7661172458,682.3663688513,10171219,542.6743925549043,,518.2745830766806,"rgba(38, 166, 154, 1.0)",63.24069428708646,590.538013679549,1.7743411431579446,4,0.25932189435590614,1.0372875774236245,0.0,0.0,0.0,0.0,79.0822519875448,24.25941115903946,True,False,True,False,True,20.0
2024-02-09 00:00:00+00:00,716.5365089815,721.2612520667,697.6573468842,703.8975736005,9687143,546.2743659833974,,520.9367050236882,"rgba(38, 166, 154, 1.0)",67.26702265464051,595.3741348302374,1.8012150585782474,4,0.24519197974932186,0.9807679189972874,0.0,0.0,0.0,0.0,80.04444206954705,25.243102823375224,True,False,True,False,True,20.0
2024-02-16 00:00:00+00:00,717.1209111661,722.1428079044,702.312754117,716.6553704428,8025298,549.1780615751337,,523.1078796582711,"rgba(38, 166, 154, 1.0)",71.0186209162181,599.1445470102386,1.6612032539330792,3,0.2782444222608608,0.8347332667825824,0.0,0.0,0.0,0.0,80.74809521486604,25.99975801200513,True,False,True,False,True,20.0
2024-02-23 00:00:00+00:00,730.9286509161,735.4650976365,713.4362058669,721.1225803619,7040601,551.8347812185357,,525.0969349617338,"rgba(38, 166, 154, 1.0)",74.82802563732484,602.6082539200484,1.7148708108108137,3,0.26457122988512066,0.793713689655362,0.0,0.0,0.0,0.0,81.63232104036265,26.950400195874508,True,False,True,False,True,20.0
2024-03-01 00:00:00+00:00,742.3294460756,745.4198440685,731.9885979969,734.9600354773,9582625,555.59111992412,,527.9160973162849,"rgba(38, 166, 154, 1.0)",78.31799579565006,607.5050952861127,1.7214989916401273,3,0.25192032807097775,0.7557609842129333,0.0,0.0,0.0,0.0,82.55600355613696,27.947573861641672,True,False,True,False,True,20.0
2024-03-08 00:00:00+00:00,718.6760152843,779.6123244252,718.2203796827,747.915934755,19665391,562.8060535340966,,533.4375483091235,"rgba(38, 166, 154, 1.0)",80.76792414055149,654.0160302605632,0.8005651465204946,3,0.24359373205529689,0.7307811961658907,1.0,0.0,779.6123,123.0,80.22588536877547,27.947573861641672,True,False,True,False,True,20.0
2024-03-15 00:00:00+00:00,718.7453511367,733.6480030474,704.2640631061,712.9805702654,14733196,567.2781927293134,,536.9929846963489,"rgba(38, 166, 154, 0.75)",82.93874902100849,655.5713270950815,0.7616949229077045,3,0.2359539598870076,0.7078618796610228,0.0,0.0,0.0,0.0,78.56434672125322,27.947573861641672,True,False,True,False,False,20.0
2024-03-22 00:00:00+00:00,727.8283478015,745.1722160242,719.1266983249,719.2108918599,8217574,569.8489661111328,,539.041728340111,"rgba(38, 166, 154, 0.75)",84.96102688033541,657.742937025734,0.8249124728033094,3,0.2282341985892796,0.6847025957678388,0.0,0.0,0.0,0.0,77.75432552922358,32.366108290007986,True,False,True,False,False,20.0
2024-03-29 00:00:00+00:00,725.678936377,728.9080060747,719.8448196533,724.0644015282,5918156,571.584784667159,,540.4443149358626,"rgba(38, 166, 154, 0.75)",87.04004715369781,658.9542328877603,0.7665977405942266,3,0.2214663852335941,0.6643991557007823,0.0,0.0,0.0,0.0,76.89666492117216,31.4725526226743,True,False,True,False,False,20.0
2024-04-05 00:00:00+00:00,706.9483511063,726.3128641704,690.6544257915,724.8171907829,10813232,574.3202026776578,707.9718803560665,542.7187585401529,"rgba(38, 166, 154, 0.75)",88.8032349405842,681.0973359159616,0.2911044311351343,3,0.2167517441272162,0.6502552323816486,0.0,0.0,0.0,0.0,73.98846475212576,28.624414250273674,True,False,True,False,False,19.294124995353656
2024-04-12 00:00:00+00:00,724.3714603031,726.8279305026,700.2673464711,706.7403435491,8188557,576.457138891995,711.9294677480855,544.4937253450823,"rgba(38, 166, 154, 0.75)",90.61781275643831,682.8337981719587,0.4583829698338204,3,0.21164127813762246,0.6349238344128674,0.0,0.0,0.0,0.0,72.8312473361577,27.504030263889717,True,False,True,False,False,20.0
2024-04-19 00:00:00+00:00,702.7782948403,733.9695233001,695.3395483896,728.4523704732,8633732,578.5417611301314,711.544048814327,546.255441307198,"rgba(38, 166, 154, 0.75)",92.05892643114895,683.2470356457554,0.212160405858654,3,0.21015164136599465,0.630454924097984,0.0,0.0,0.0,0.0,69.72964403561441,24.527234255124412,True,False,True,False,False,17.39553470014194
2024-04-26 00:00:00+00:00,723.4223148322,725.1733781988,699.4699841685,708.0775349883,6957967,580.2410688490877,712.4447006335108,547.6930649368784,"rgba(38, 166, 154, 0.75)",93.92695895881488,684.0786028913066,0.4188756069292613,3,0.20638649415443136,0.6191594824632941,0.0,0.0,0.0,0.0,68.64887812031286,23.526165961403578,True,False,True,False,False,19.443508255740934
2024-05-03 00:00:00+00:00,738.0260840995,741.5877370662,709.6717549107,723.7695511939,9020940,582.599366698819,716.0264750824925,549.6712221804481,"rgba(38, 166, 154, 0.75)",96.08970796175507,686.2803174964116,0.5385151823302857,3,0.20219397886170065,0.606581936585102,0.0,0.0,0.0,0.0,68.59059226145673,23.455878479459358,True,False,True,False,False,20.0
2024-05-10 00:00:00+00:00,780.9742615167,781.2321093179,740.5857121369,743.6711552361,8551904,585.3247618674877,724.4807644406217,551.8969915059089,"rgba(38, 166, 154, 0.75)",98.91271206508746,690.8564863241841,0.9110838567768301,3,0.19655422735893735,0.589662682076812,0.0,0.0,0.0,0.0,70.24158556939655,23.455878479459358,True,False,True,False,False,20.0
2024-05-17 00:00:00+00:00,789.5261970523,798.2071060937,765.3388034138,781.777865668,7895253,587.995448707271,732.3517012568703,554.0688641571113,"rgba(38, 166, 154, 1.0)",101.59408563169225,695.4028815679864,0.9264645170934227,3,0.19154798266988096,0.5746439480096429,0.0,0.0,0.0,0.0,71.70288831666738,23.455878479459358,True,False,True,False,True,20.0
2024-05-24 00:00:00+00:00,803.3362832073,810.4167302526,785.7462812298,788.9706188737,7057706,590.5063004875364,739.4474833071446,556.1047045131417,"rgba(38, 166, 154, 1.0)",104.10484788660125,699.6998542696849,0.9955005078198046,3,0.18576177791510284,0.5572853337453085,0.0,0.0,0.0,0.0,73.18652905824932,23.455878479459358,True,False,True,False,True,20.0
2024-05-31 00:00:00+00:00,803.4950198298,813.0291382169,781.9762864461,803.3462042462,10918266,594.2694405039872,747.8494758108171,559.1820607487609,"rgba(38, 166, 154, 1.0)",106.36084183039517,705.3414132766296,0.922835931570453,3,0.180646445904919,0.541939337714757,0.0,0.0,0.0,0.0,74.25134705986741,19.37233629957936,True,False,True,False,True,20.0
2024-06-07 00:00:00+00:00,838.9032076796,843.6653063537,800.7591941415,804.5962551482,9171781,597.7487730673859,756.2553151461505,562.0060441840595,"rgba(38, 166, 154, 1.0)",109.30189004251392,710.9870460877036,1.1703014608635067,3,0.17440075577759728,0.5232022673327918,0.0,0.0,0.0,0.0,76.03571522972771,21.142917559797496,True,False,True,False,True,20.0
2024-06-14 00:00:00+00:00,848.9135359342,849.4195089183,830.9366134394,840.4905739043,7648967,600.7600660249716,763.2572826350752,564.449106475299,"rgba(38, 166, 154, 1.0)",112.6336114042412,715.8352940956943,1.181514471385357,3,0.16832952783769084,0.5049885835130725,0.0,0.0,0.0,0.0,77.56047883478205,22.65019001609828,True,False,True,False,True,20.0
2024-06-21 00:00:00+00:00,841.6116513005,867.05901688,840.9568627328,847.7428533435,9466188,604.4874914201172,771.1168711090968,567.4854603089096,"rgba(38, 166, 154, 1.0)",115.45717678268012,721.5437682688334,1.0399343408306692,3,0.1632250515477293,0.4896751546431879,0.0,0.0,0.0,0.0,77.86136892795395,22.997956784327357,True,False,True,False,True,20.0
2024-06-28 00:00:00+00:00,843.2783858365,852.9513987683,834.8653448455,843.2883068754,8290467,607.58162032711,776.4601627562835,570.0329014177646,"rgba(38, 166, 154, 1.0)",117.96860588607201,725.7732466102491,0.9960712711967732,3,0.15855911074180232,0.475677332225407,0.0,0.0,0.0,0.0,78.12653861931902,23.360505777280707,True,False,True,False,True,20.0
2024-07-05 00:00:00+00:00,878.6766526474,879.9366245883,833.8634191266,846.7606704919,6801997,610.2759359192496,781.4554879962966,572.2422863056813,"rgba(38, 166, 154, 1.0)",121.55521889203241,729.6448815426749,1.2260417320057475,3,0.15326899942156755,0.4598069982647026,0.0,0.0,0.0,0.0,79.27119552760243,24.591589551827738,True,False,True,False,True,20.0
2024-07-12 00:00:00+00:00,836.2443692532,889.5897954423,831.7600596684,879.7878090047,14035076,615.4136818583403,788.9305029383646,576.5155602137339,"rgba(38, 166, 154, 0.75)",123.81714799260601,780.0601372927907,0.4537677766876399,3,0.14982074361983372,0.44946223085950116,0.0,0.0,0.0,0.0,76.13792671637735,24.591589551827738,True,False,True,False,False,20.0
2024-07-19 00:00:00+00:00,831.5120336958,851.1258283995,818.5948410423,840.1731006594,9857569,618.618086022003,792.0130210924901,579.2365368883262,"rgba(38, 166, 154, 0.75)",125.56886795938074,780.5120262792212,0.40615168588663536,3,0.14672226597728322,0.44016679793184965,0.0,0.0,0.0,0.0,73.51500236135877,28.321037813630838,True,False,True,False,False,20.0
2024-07-26 00:00:00+00:00,812.294981338,847.8320434832,803.7607177743,839.071865341,9800867,621.5331095898638,793.8874699305197,581.752754920804,"rgba(38, 166, 154, 0.5)",126.8046046396639,780.5340887248648,0.2504711299987013,3,0.144424413447081,0.43327324034124304,0.0,0.0,0.0,0.0,70.1296924797231,25.118018454559518,False,False,True,False,False,20.0
2024-08-02 00:00:00+00:00,816.7459127426,824.8976743887,798.0678970269,817.2227982502,9932589,624.2872150786302,795.0662538349823,584.1634648502695,"rgba(38, 166, 154, 0.5)",127.69836398748558,780.4673635476205,0.28409564588106084,3,0.14230614753630186,0.42691844260890555,0.0,0.0,0.0,0.0,67.92226531908,23.0929335547456,False,False,True,False,False,20.0
2024-08-09 00:00:00+00:00,849.3827646713,852.2053307696,787.8545990717,792.8221564429,11054798,627.521790482021,797.2726674167883,586.9788788357317,"rgba(38, 166, 154, 0.5)",128.90644487821353,810.3607054635273,0.3027161228799649,3,0.13958898598608924,0.4187669579582677,0.0,0.0,0.0,0.0,67.75558737788202,22.99418491572196,False,False,True,False,False,20.0
2024-08-16 00:00:00+00:00,864.9411543579,874.6129885596,846.8691806415,851.6877112916,8013862,630.1683182518158,800.1272159077922,589.2482714537578,"rgba(38, 166, 154, 0.5)",130.1812541131764,816.1313097654141,0.3749375816432971,3,0.13700944462068446,0.4110283338620534,0.0,0.0,0.0,0.0,68.22288334756085,22.99418491572196,False,False,True,False,False,20.0
2024-08-23 00:00:00+00:00,873.5052232659,885.337944924,863.0634176716,864.9411543579,6635154,632.4242151807398,802.7230241876189,591.1794258186399,"rgba(38, 166, 154, 0.5)",131.69304537110438,820.288652017993,0.4040955321364573,3,0.13484786929526396,0.4045436078857919,0.0,0.0,0.0,0.0,68.86916660004036,22.99418491572196,False,False,True,False,False,20.0
2024-08-30 00:00:00+00:00,886.5897693816,912.9655119997,875.721846716,877.4395287038,9147679,635.6908465971976,806.8387156640409,593.964686545182,"rgba(38, 166, 154, 0.5)",133.4170765416747,826.4650490009799,0.4506523597962315,3,0.1325962922891463,0.3977888768674389,0.0,0.0,0.0,0.0,69.7968137647982,22.99418491572196,False,False,True,False,False,20.0
2024-09-06 00:00:00+00:00,870.991639236,891.0705061304,863.0634176716,890.8618687208,7280754,638.0666344960994,809.2589400412935,596.0203444114812,"rgba(38, 166, 154, 0.5)",134.560298716406,828.8634001221111,0.31308074904527883,3,0.13090858708737196,0.3927257612621159,0.0,0.0,0.0,0.0,69.10096678798628,22.99418491572196,False,False,True,False,False,20.0
2024-09-13 00:00:00+00:00,910.0565104031,917.8356058953,872.1739178904,878.9993417184,8307062,641.0000934431328,812.7907280369559,598.53733130637,"rgba(38, 166, 154, 0.5)",136.21970768367626,858.8670615004168,0.3757859253490196,3,0.12882539695986756,0.38647619087960267,0.0,0.0,0.0,0.0,70.00570804695604,22.99418491572196,False,False,True,False,False,20.0
2024-09-20 00:00:00+00:00,901.0950369055,916.6434914773,885.16874992,916.0175792486,10791813,644.7278596973944,817.0337685100897,601.7542367800581,"rgba(38, 166, 154, 0.5)",137.48197794529048,862.6677134727468,0.27950807812821127,2,0.1405901305042315,0.281180261008463,0.0,0.0,0.0,0.0,69.9162709346377,22.99418491572196,False,False,True,False,False,20.0
2024-09-27 00:00:00+00:00,879.8736318157,913.533800563,868.3290284851,901.0950369055,12055939,648.5514843043903,820.6154880058268,605.103295950505,"rgba(38, 166, 154, 0.5)",138.2896155007502,863.5227283125396,0.1182366690655218,1,0.14733114844321646,0.14733114844321646,0.0,0.0,0.0,0.0,68.2015471837808,22.87782991538097,False,False,True,False,False,20.0
2024-10-04 00:00:00+00:00,877.3799180154,904.0954415577,861.5334100013,885.5863227926,8269435,651.0384368925671,822.6570696927843,607.303978775821,"rgba(38, 166, 154, 0.5)",138.78770950678003,878.2909525881637,-0.00656423091065705,1,0.14583529989025745,0.14583529989025745,0.0,0.0,0.0,0.0,66.78809970013032,21.395739804827926,False,True,True,False,False,20.0
2024-10-11 00:00:00+00:00,883.2615059429,904.0954415577,866.6662876818,875.8797156893,8910600,653.7011724802858,824.8369102996194,609.6670356686361,"rgba(38, 166, 154, 0.5)",139.1442611386556,878.9578940892281,0.030929136555501904,0,,,0.0,0.0,0.0,0.0,66.04559051395071,20.569287701909346,False,True,True,False,False,20.0
2024-10-18 00:00:00+00:00,883.7880670242,894.8061092735,873.7934409445,886.6593151848,7496375,655.8895576924341,826.5398457893572,611.6194349709316,"rgba(38, 166, 154, 0.5)",139.39357268417436,879.2026097528422,0.03289575826962332,0,,,0.0,0.0,0.0,0.0,65.5401345716839,19.95652231729511,False,True,True,False,False,20.0
2024-10-25 00:00:00+00:00,885.4372960715,899.803471989,877.9660897852,883.2317005987,7643413,658.1130673521608,828.2809389277952,613.6073391045866,"rgba(38, 166, 154, 0.5)",139.32553228847732,879.8527592612205,0.0400826518912308,0,,,0.0,0.0,0.0,0.0,65.26180082791073,19.54224509981212,False,True,True,False,False,20.0
2024-11-01 00:00:00+00:00,872.7700247749,890.1763458036,862.8517178253,890.1763458036,7083434,660.0260837669543,829.4879592481249,615.3400769039158,"rgba(38, 166, 154, 0.5)",139.02151750722436,879.1216514228896,-0.045688083124682956,0,,,0.0,0.0,0.0,0.0,63.90975674630469,18.093177265111365,False,True,True,False,False,20.0
2024-11-08 00:00:00+00:00,938.9159469088,957.0217640668,872.1930262061,876.7791700028,11059372,663.5901085752988,833.0828198296869,618.4901166537496,"rgba(38, 166, 154, 0.5)",139.96806453273916,884.3828126253504,0.3896112621511178,0,,,0.0,0.0,0.0,0.0,65.8662306610044,18.093177265111365,False,True,True,False,False,20.0
2024-11-15 00:00:00+00:00,902.3760203036,946.3572387957,900.8751276472,938.9159469088,9761131,666.583300467263,835.8297024033257,621.1601634313935,"rgba(38, 166, 154, 0.5)",139.97942832018285,887.2798162489099,0.10784587589656117,0,,,0.0,0.0,0.0,0.0,64.57543924154429,18.093177265111365,False,True,True,False,False,20.0
2024-11-22 00:00:00+00:00,959.0213625552,971.2477632624,902.4127293505,905.9275459769,9339740,669.6917223971982,839.1393668609056,623.907326434682,"rgba(38, 166, 154, 0.5)",141.11366139776368,891.9005371331633,0.47565079636648394,0,,,0.0,0.0,0.0,0.0,65.65128154046269,18.093177265111365,False,True,True,False,False,20.0
2024-11-29 00:00:00+00:00,966.8506362383,969.9544906083,944.7754668572,969.9544906083,7274290,672.2058299216594,841.9589656618008,626.1223840291142,"rgba(38, 166, 154, 0.5)",142.1769094447839,895.9568862503517,0.4986305460204197,0,,,0.0,0.0,0.0,0.0,66.65575034797726,18.093177265111365,False,True,True,False,True,20.0
2024-12-06 00:00:00+00:00,987.4733609463,992.5437856107,959.7674813941,966.3333271767,9221118,675.541291312669,845.9052249000708,629.0497900668444,"rgba(38, 166, 154, 0.5)",143.72653660779628,901.7885443905093,0.5961655973775327,0,,,0.0,0.0,0.0,0.0,67.97742635918027,18.093177265111365,False,True,True,False,True,20.0
2024-12-13 00:00:00+00:00,984.2302310598,1002.5847544975,960.7324617591,991.8505914681,10612111,679.3233945700056,850.2587438184053,632.382800070445,"rgba(38, 166, 154, 0.5)",144.65084846786874,907.6820683969679,0.5291926281361266,0,,,0.0,0.0,0.0,0.0,68.68881531182568,14.646407660627773,False,True,True,False,True,20.0
2024-12-20 00:00:00+00:00,949.1328008766,1003.0324258008,938.1698280699,983.9268093986,15341451,684.2954128641146,855.2436114110701,636.8307177827323,"rgba(38, 166, 154, 0.5)",144.94650418088355,930.2717390890516,0.13012429581613785,0,,,0.0,0.0,0.0,0.0,66.84194613072967,14.646407660627773,False,True,True,False,True,20.0
2024-12-27 00:00:00+00:00,934.8371639227,954.4451670097,927.1771099922,948.943784104,5709236,685.9422486259448,856.5913131564782,638.3313668544187,"rgba(38, 166, 154, 0.5)",144.95644269283014,929.1278747505477,0.039386239521968805,0,,,0.0,0.0,0.0,0.0,64.65930415729925,14.646407660627773,False,True,True,False,False,20.0
2025-01-03 00:00:00+00:00,911.8368071813,929.335781017,897.3322569525,926.1821853911,7006049,687.7295669912522,857.6826774299502,639.9931038387351,"rgba(38, 166, 154, 0.5)",144.48413388414914,926.9915963597052,-0.10488895057886947,0,,,0.0,0.0,0.0,0.0,61.79352601329255,16.05679867887143,False,True,True,False,False,17.322951932991284
2025-01-10 00:00:00+00:00,932.0914465954,939.3934629657,908.5439360388,913.2295623473,8398947,689.9649508615879,859.2511249292662,642.0592365786796,"rgba(38, 166, 154, 0.5)",143.9538946800773,927.8245896512749,0.029640441153799987,0,,,0.0,0.0,0.0,0.0,60.62723695081812,14.996858577127483,False,True,True,False,False,18.809908041889912
2025-01-17 00:00:00+00:00,938.3091035865,938.9159469088,905.2092822413,929.1666607468,8944875,692.3080064705458,860.8639133170965,644.2327226427049,"rgba(38, 166, 154, 0.5)",143.5416747491276,927.8601220731357,0.07279406159658029,0,,,0.0,0.0,0.0,0.0,60.05825497460273,14.472140887884564,False,True,True,False,False,19.260038043939876
2025-01-24 00:00:00+00:00,934.8172674203,951.5999671706,928.723963569,940.3584433307,7112296,694.2231445799573,862.2940045854996,646.0033204650862,"rgba(38, 166, 154, 0.5)",142.5013267874611,929.0084255383568,0.040763423140663065,0,,,0.0,0.0,0.0,0.0,59.43437152233331,13.847298939229383,False,True,True,False,False,18.829295571136228
2025-01-31 00:00:00+00:00,974.8092371869,985.8716925054,922.3820529206,925.1873602725,10588699,697.2791145554226,864.9331948763062,648.8026979013915,"rgba(38, 166, 154, 0.5)",141.73954702160344,933.1976793898023,0.2935776123988559,0,,,0.0,0.0,0.0,0.0,60.64247709251114,13.847298939229383,False,True,True,False,False,20.0
2025-02-07 00:00:00+00:00,1039.5624041548,1057.4991010427,963.9258503897,967.3530229232,10653616,700.9596800381038,869.0032694395553,652.0992379089702,"rgba(38, 166, 154, 0.5)",142.39404149634998,942.9830640586636,0.6782540833958434,0,,,0.0,0.0,0.0,0.0,63.503788827331334,13.847298939229383,False,True,True,False,True,20.0
2025-02-14 00:00:00+00:00,1067.4883004506,1073.8473178489,1041.7434923462,1047.7190764323,8481723,704.1963116784851,872.9255661289516,712.9774342875643,"rgba(38, 166, 154, 0.5)",143.59308540300242,983.801179115085,0.5828074597090954,0,,,0.0,0.0,0.0,0.0,66.23233621539052,11.59428196116356,False,True,True,False,True,20.0
2025-02-21 00:00:00+00:00,1030.8181327755,1066.6417593717,1020.51034982,1064.8590434527,7257076,706.7541320842893,875.783733740856,713.5130769273288,"rgba(38, 166, 154, 0.5)",143.63972042462288,985.6655951170613,0.31434576400566877,0,,,0.0,0.0,0.0,0.0,66.02999831614055,11.59428196116356,False,True,True,False,True,20.0
2025-02-28 00:00:00+00:00,1044.3428714237,1054.5810388246,1014.681267137,1024.3545426556,10335426,710.3146224040297,879.6541030241975,715.5158249352996,"rgba(38, 166, 154, 0.5)",143.7435158569271,989.3696292302296,0.3824398051331034,0,,,0.0,0.0,0.0,0.0,66.27096309209803,11.606812268211428,False,True,True,False,True,20.0
2025-03-07 00:00:00+00:00,960.3859150138,1061.6621059666,938.9435274514,1047.4601344553,14963128,714.555920688319,883.2409966902628,715.8183206557234,"rgba(38, 166, 154, 0.5)",142.0623387032933,985.1017184725525,-0.17397857647812764,0,,,0.0,0.0,0.0,0.0,62.496930169157594,11.606812268211428,False,True,True,False,False,14.990443504156971
2025-03-14 00:00:00+00:00,900.241661187,955.754837347,877.9726511594,951.5818877935,16614801,717.8490769128405,884.2456677178103,713.9439796640033,"rgba(38, 166, 154, 0.5)",139.22164582715362,961.6123539705675,-0.4408128665549638,0,,,0.0,0.0,0.0,0.0,57.72676021957935,12.782143553708423,False,True,True,False,False,9.427825972369838
2025-03-21 00:00:00+00:00,905.5599310236,919.6323319534,880.3628847939,897.9609799275,11685958,719.9898498430782,884.6778163246169,713.614378507081,"rgba(38, 166, 154, 0.5)",136.4349999764784,953.7439711897605,-0.3531648050314616,0,,,0.0,0.0,0.0,0.0,54.5176719787914,9.88018132813238,False,True,True,False,False,9.791520722351539
2025-03-28 00:00:00+00:00,925.8769169164,939.0667240767,916.2562265378,916.2562265378,9125373,721.8542383751515,885.4750090068746,714.3560950923422,#000000,133.25718708841856,952.2559198733725,-0.19795557397943236,0,,,0.0,0.0,0.0,0.0,52.9863807453941,8.583986730874663,False,True,False,False,False,11.171569539283041
2025-04-04 00:00:00+00:00,912.7505505406,990.9510276142,910.420072747,918.606622945,15127272,725.0333754804993,887.0642523505259,716.254302724278,#000000,129.36209046570005,951.5790959738243,-0.3001539731883014,0,,,0.0,0.0,0.0,0.0,51.42478707149381,7.200325979537027,False,True,False,False,False,9.985811790858971
2025-04-11 00:00:00+00:00,959.4895774008,989.3679957968,868.157754298,884.1374620749,20187385,729.1516625982798,889.0786244555078,746.5377454039183,#000000,126.26255723331303,945.7590672542045,0.10874569981363304,0,,,0.0,0.0,0.0,0.0,51.999852157798,7.200325979537027,False,True,False,False,False,13.081528852207402
2025-04-18 00:00:00+00:00,990.4530622737,995.8493134827,955.336546461,966.0527605888,9250933,731.3495632088292,890.675802171971,749.9304031665807,#000000,123.80324949405654,951.2537921641209,0.3166255350305721,0,,,0.0,0.0,0.0,0.0,53.3963494975582,7.200325979537027,False,True,False,False,False,15.01242327051025
2025-04-25 00:00:00+00:00,973.1836242649,992.9329296695,939.1327542808,988.9591662522,11430958,733.8832528687558,892.3177517128913,752.4051869034173,#000000,120.73476762532903,953.8013725199763,0.16053579367520532,0,,,0.0,0.0,0.0,0.0,53.70469104098774,7.200325979537027,False,True,False,False,False,13.442772823714765
2025-05-02 00:00:00+00:00,1005.4916155571,1015.1645984699,964.8329446906,974.5181713774,8729247,735.9984574262389,893.9502078287777,755.0126145182595,"rgba(38, 166, 154, 0.5)",118.30662008158251,957.6496572392248,0.4043895285393504,0,,,0.0,0.0,0.0,0.0,54.9437953984704,7.200325979537027,False,True,True,False,True,15.425957870462401
2025-05-09 00:00:00+00:00,1005.2822004631,1014.9452112285,988.6386865648,1004.6988298442,7709723,737.8936594905399,895.4572311829178,757.2749700210263,"rgba(38, 166, 154, 0.5)",115.68175497560156,960.9481454759343,0.38324154916664427,0,,,0.0,0.0,0.0,0.0,55.819853521687655,7.200325979537027,False,True,True,False,True,15.4066934156072
2025-05-16 00:00:00+00:00,1022.9727898314,1025.3980160627,980.2620828054,1006.9774655097,11705505,740.7904720118083,897.8027503602096,760.593763088417,"rgba(38, 166, 154, 0.5)",113.49557532426212,965.6282001051783,0.5052583729575847,0,,,0.0,0.0,0.0,0.0,57.00830768820518,7.200325979537027,False,True,True,False,True,16.481341363500803
2025-05-23 00:00:00+00:00,1005.6910585038,1036.5746990717,1004.1952364039,1015.7629273098,8664730,742.9418316929092,899.5668631054212,762.9743527468274,"rgba(38, 166, 154, 0.5)",112.0102923706617,968.8642750310217,0.3287803530671271,0,,,0.0,0.0,0.0,0.0,57.055290967551926,7.200325979537027,False,True,True,False,True,14.865931675492249
2025-05-30 00:00:00+00:00,1037.2828212538,1049.5585346204,999.2091627375,1012.17295427,10970564,745.7474083458802,901.9717727048784,766.1478015691847,"rgba(38, 166, 154, 0.5)",111.22644337662508,973.3498901141443,0.5747997436470362,0,,,0.0,0.0,0.0,0.0,58.11618136444828,2.7897491269112606,False,True,True,False,True,16.7835253846191
2025-06-06 00:00:00+00:00,1012.1131213861,1064.1078975788,1003.2079938179,1031.3892821802,10715892,748.4142042313911,904.1964696738185,797.5659434617021,"rgba(38, 166, 154, 0.5)",109.79186143660492,990.322673549731,0.1984705200480737,0,,,0.0,0.0,0.0,0.0,57.7128455016844,2.7897491269112606,False,True,True,False,True,14.464191082901998
2025-06-13 00:00:00+00:00,987.4520010323,1010.5275499602,985.920079759,1009.6001402582,9917667,750.5600760656628,905.6677259539589,797.390198888473,"rgba(38, 166, 154, 0.5)",107.61764890566371,987.2286362986988,0.0020755399869125013,0,,,0.0,0.0,0.0,0.0,56.361961612591834,2.7897491269112606,False,True,True,False,True,12.259637244001969
2025-06-20 00:00:00+00:00,977.5596308782,999.0595805275,971.1874287326,989.5660962668,8542875,752.2890778572203,906.730927024125,797.5464264396996,"rgba(38, 166, 154, 0.5)",105.80615789187493,985.2091527932453,-0.07229751148191636,0,,,0.0,0.0,0.0,0.0,54.98194193045229,2.7897491269112606,False,True,True,False,False,11.388296821527696
2025-06-27 00:00:00+00:00,982.3961223346,1003.0334812396,973.7801870391,980.4116650154,10687701,754.45133242128,908.0849864017904,798.4820044310699,"rgba(38, 166, 154, 0.5)",104.16720519703114,984.3797806440069,-0.01904302131995226,0,,,0.0,0.0,0.0,0.0,54.19230574364981,2.7897491269112606,False,True,True,False,False,11.703621030752274
2025-07-04 00:00:00+00:00,984.2708860331,994.0625374991,971.7857575726,982.4160666292,7035640,755.8347488781294,908.9179840639068,799.1205724861213,#000000,102.16138928496623,983.8888653352863,0.003739384325992299,0,,,0.0,0.0,0.0,0.0,53.70809760507994,2.7897491269112606,False,True,False,False,False,11.827483149986922
2025-07-11 00:00:00+00:00,967.6273721348,993.0962364226,963.0102679198,982.2565122719,11317076,757.9406107239632,910.0661052704686,799.9044761895577,#000000,100.37074655833698,982.5544391080014,-0.1487192980528996,0,,,0.0,0.0,0.0,0.0,52.57204080201719,7.107357510520259,False,True,False,False,False,10.315113254507125
2025-07-18 00:00:00+00:00,948.301350604,978.7562885581,944.8709319216,968.3952274794,10903759,759.7728619330372,910.848840055896,800.1976433311776,#000000,98.58436944353093,980.2409336854175,-0.3239822221484356,0,,,0.0,0.0,0.0,0.0,50.88655582177182,5.354265899964034,False,True,False,False,False,8.589965419730397
2025-07-25 00:00:00+00:00,932.8744386803,955.0325500536,930.8899813611,948.8597908547,9828677,761.2503237336573,911.2718925082455,800.1097978636511,#000000,96.57820926690006,977.3953329083777,-0.46098280933167113,0,,,0.0,0.0,0.0,0.0,49.016166446615166,3.4645941474577597,False,True,False,False,False,7.235493168010702
2025-08-01 00:00:00+00:00,951.1633568885,955.3573749658,922.4236282757,932.894382975,11270598,762.9465046923434,911.7980663858655,800.3251790360448,#000000,94.8994972162419,966.7426221329714,-0.16416594082655572,0,,,0.0,0.0,0.0,0.0,48.62946799638635,3.014773515741865,False,True,False,False,False,8.53827154112713
2025-08-08 00:00:00+00:00,979.5828222405,986.7925390304,934.3473415503,951.2432429471,11688163,764.9017713223436,912.7303647757303,801.4037331397803,#000000,93.63627270161285,969.3109006169805,0.10970024037856266,0,,,0.0,0.0,0.0,0.0,49.70505250067544,3.014773515741865,False,True,False,False,False,10.504348451567392
2025-08-15 00:00:00+00:00,970.6555551904,990.3374828814,965.8374272802,981.7597173377,9679170,766.5613516040929,913.5991039489661,802.510435510513,#000000,91.55136505476713,970.8695150949776,-0.0023370476720862717,0,,,0.0,0.0,0.0,0.0,50.03131767064391,3.014773515741865,False,True,False,False,False,9.701201547365724
2025-08-22 00:00:00+00:00,957.1747827992,997.8767296631,951.7525165708,971.9137606135,11263064,768.399268834755,914.4746412857369,803.6130471823975,#000000,89.17418717025765,971.4692526987922,-0.16029829206404944,0,,,0.0,0.0,0.0,0.0,49.601983656160115,3.014773515741865,False,True,False,False,False,8.492759640569783
2025-08-29 00:00:00+00:00,941.9764601479,956.9398179293,931.9158096412,953.5998816763,12195963,770.1055266250943,914.9654167799509,804.1551143469859,#000000,86.78139504529372,965.9306590149433,-0.27602919790055214,0,,,0.0,0.0,0.0,0.0,48.571545163330995,2.5939647826063563,False,True,False,False,False,7.1445123067985
2025-09-05 00:00:00+00:00,962.1077469187,968.169101616,935.1661736511,937.3230972336,6850589,771.1122161307036,915.3420411985715,804.6506759140182,#000000,84.28782729298047,965.4281323034218,-0.03939341529329396,0,,,0.0,0.0,0.0,0.0,48.899747351566994,2.5939647826063563,False,True,False,False,False,8.593880272065974
2025-09-12 00:00:00+00:00,966.5214516571,979.6027937551,952.6013059436,962.3573908518,8505046,772.4213179243189,915.9275245587258,805.4630049559354,#000000,81.01042836766317,966.0808351718586,0.005439009447545586,0,,,0.0,0.0,0.0,0.0,49.363218375903124,2.5939647826063563,False,True,False,False,False,8.909698419277063
2025-09-19 00:00:00+00:00,949.8052938921,968.3588310052,942.4457907423,966.4415655985,12235763,774.1526811052252,916.5397591798699,806.3338450517141,#000000,77.94001325616586,965.0018832534588,-0.19497801868998965,0,,,0.0,0.0,0.0,0.0,48.81712704149858,2.4691902987769154,False,True,False,False,False,7.395305555283635
2025-09-26 00:00:00+00:00,914.6454423446,952.3016333662,903.761066716,946.0256847439,16007049,775.9981843160161,916.6863427091994,806.6478828254963,#000000,73.73459837973414,959.8098188245707,-0.6125262423940188,0,,,0.0,0.0,0.0,0.0,46.79408534310714,0.403394136689613,False,True,False,False,False,4.322689327040628
2025-10-03 00:00:00+00:00,914.0762541769,929.1797121337,902.0034735689,915.0348868803,14228813,777.5086866553314,916.6572276911979,806.8133368472502,"rgba(239, 83, 80, 1.0)",70.00496424294009,941.9590525425585,-0.3982974445768754,0,,,0.0,0.0,0.0,0.0,45.32419517296355,-1.075240750941127,False,True,False,True,False,4.2738557442629705
2025-10-10 00:00:00+00:00,928.685417146,944.1034264585,902.5926332512,914.1960832649,14368163,779.1099670390909,916.8100681572847,807.2990388066756,"rgba(239, 83, 80, 1.0)",66.53383400248724,941.2711469611455,-0.18916285231172852,0,,,0.0,0.0,0.0,0.0,45.17825272190143,-1.2761559622258787,False,True,False,True,False,5.396127303666166
2025-10-17 00:00:00+00:00,934.9964157765,962.6270062996,919.8480219118,927.676855656,11328933,780.4672293096916,917.1235637076871,807.9663914342547,"rgba(239, 83, 80, 1.0)",64.3182863829482,942.2013300987626,-0.11201968720629156,0,,,0.0,0.0,0.0,0.0,45.46003571996782,-1.2761559622258787,False,True,False,True,False,5.879598829424225
2025-10-24 00:00:00+00:00,930.8123834566,951.6425733826,928.8252177486,934.8516222953,8958437,781.5105568303042,917.3426609946448,808.4733463673298,"rgba(239, 83, 80, 1.0)",62.223203651729904,942.3447375771723,-0.18533848217009505,0,,,0.0,0.0,0.0,0.0,45.435851499691886,-1.2761559622258787,False,True,False,True,False,5.501320579641774
2025-10-31 00:00:00+00:00,911.45,931.8708737332,908.0049137223,928.8851322925,11641272,782.6742401772769,917.339370814895,808.797544152321,"rgba(239, 83, 80, 1.0)",60.46394058194174,940.3295608799908,-0.47763279405934045,0,,,0.0,0.0,0.0,0.0,44.40565990226121,-2.330969070497119,False,True,False,True,False,3.761815069147751
