date,Close,High,Low,Open,Volume,aVWAP_BoS_CHoCH_bull_33,aVWAP_BoS_CHoCH_bull_48,aVWAP_BoS_CHoCH_bull_82,aVWAP_BoS_CHoCH_bear_76,aVWAP_BoS_CHoCH_bear_155,Peaks_Valleys_avg,color,StDev,StDev_Mean,StdDev_ZScore,MA_Cross_Count,MA_Avg_Deviation_Z,MA_Oscillation_Score,BoS,CHoCH,BoS_CHoCH_Price,BoS_CHoCH_Break_Index,QQEMOD,QQE1_Value,QQE1_Above_Upper,QQE1_Below_Lower,QQE2_Above_Threshold,QQE2_Below_Threshold,QQE2_Above_TL,banker_RSI
2021-12-31 00:00:00+00:00,69.7478144818,70.3527733955,68.4225831607,69.3078583812,17866020,,,,,,,#000000,,,,0,,,0.0,0.0,0.0,0.0,,,False,False,False,False,False,
2022-01-07 00:00:00+00:00,73.4223240299,73.7131823054,68.6134672071,70.8336853773,23887705,,,,,,,"rgba(38, 166, 154, 0.5)",,,,0,,,0.0,0.0,0.0,0.0,100.0,,False,False,True,False,False,
2022-01-14 00:00:00+00:00,75.1383878557,75.3662268383,72.1619381691,73.4223240299,21959454,,,,,,,"rgba(38, 166, 154, 0.5)",,,,0,,,0.0,0.0,0.0,0.0,100.0,50.0,False,False,True,False,True,
2022-01-21 00:00:00+00:00,72.3558436861,75.3225980969,72.3364531344,74.8475295802,24600159,,,,,,,"rgba(38, 166, 154, 0.5)",,,,0,,,0.0,0.0,0.0,0.0,89.51877247503461,40.09196460530616,False,False,True,False,False,
2022-01-28 00:00:00+00:00,70.0774538608,73.0635988233,67.5082057599,71.3184491699,29115501,,,,,,,"rgba(38, 166, 154, 0.5)",,70.21641948133333,,0,,,0.0,0.0,0.0,0.0,77.6276827931234,29.28106298807812,False,False,True,False,False,
2022-02-04 00:00:00+00:00,68.4777333452,71.0954578253,67.9251026216,69.7865955852,14084462,,,,,,,"rgba(38, 166, 154, 0.5)",,69.87398367953239,,0,,,0.0,0.0,0.0,0.0,67.01541431386971,20.050337862760514,False,False,True,False,False,
2022-02-11 00:00:00+00:00,69.7090333784,71.638393273,68.0656841214,68.9721924136,11112026,,,,,,,"rgba(38, 166, 154, 0.5)",,69.85974103865871,,0,,,0.0,0.0,0.0,0.0,61.36031604661096,15.714826231898371,False,False,True,False,False,
2022-02-18 00:00:00+00:00,70.1550160676,72.6660925134,69.1612502928,69.7575097577,14197269,,,,,,,"rgba(38, 166, 154, 0.5)",,70.02574276257826,,0,,,0.0,0.0,0.0,0.0,57.95558298404118,13.438558805533901,False,False,True,False,False,
2022-02-25 00:00:00+00:00,68.6813341381,70.3731597743,64.9902456683,69.999891654,12294100,,,,,,,#000000,,68.86735574760905,,0,,,0.0,0.0,0.0,0.0,53.69170427048627,10.186170964635394,False,False,False,False,False,
2022-03-04 00:00:00+00:00,75.4680272347,75.5746752691,66.6384425632,67.6730254494,22138423,,,,,,,"rgba(38, 166, 154, 0.5)",,70.63405703632684,,0,,,0.0,0.0,0.0,0.0,56.997038085134704,10.186170964635394,False,False,True,False,False,
2022-03-11 00:00:00+00:00,75.2644264418,79.0068029208,73.6065342711,76.7671941989,24985572,,,,,,,"rgba(38, 166, 154, 0.5)",,72.23956698923251,,0,,,0.0,0.0,0.0,0.0,59.12703461621561,10.186170964635394,False,False,True,False,True,
2022-03-18 00:00:00+00:00,77.5331209913,78.1148375424,73.3156759955,75.4001603038,19440323,,,,,,,"rgba(38, 166, 154, 0.5)",,72.96550399586258,,0,,,0.0,0.0,0.0,0.0,61.956914577079274,3.422042118138222,False,False,True,False,True,
2022-03-25 00:00:00+00:00,80.5508734274,80.7257095207,76.563593406,76.8059753023,16942418,,,,,,,"rgba(38, 166, 154, 0.5)",,73.81660135441663,,0,,,0.0,0.0,0.0,0.0,65.35080200161798,6.356822774912587,False,False,True,False,True,
2022-04-01 00:00:00+00:00,75.9565694202,81.8038654293,75.3252168611,80.6188652414,14267382,,,,,,77.69521723686667,"rgba(38, 166, 154, 0.5)",,75.36380236817173,,0,,,0.0,0.0,0.0,0.0,63.51499891728773,6.356822774912587,False,False,True,False,True,
2022-04-08 00:00:00+00:00,72.9163640202,78.6859550989,71.7022244834,76.1022661647,12199705,,,,,,76.19238677814224,"rgba(38, 166, 154, 0.5)",,74.86395195367884,,0,,,0.0,0.0,0.0,0.0,60.09516548536287,6.356822774912587,False,False,True,False,False,
2022-04-15 00:00:00+00:00,74.1887822547,74.4704626272,72.217019647,72.4209950892,8901485,,,,,,75.54633856242256,"rgba(38, 166, 154, 0.5)",,74.61998742322497,,0,,,0.0,0.0,0.0,0.0,58.38858871248825,6.356822774912587,False,False,True,False,False,
2022-04-22 00:00:00+00:00,72.6152574151,77.5398073762,72.382142624,73.8973887659,10437372,,,,,,75.23479166793216,"rgba(38, 166, 154, 0.5)",,74.51020117650113,,0,,,0.0,0.0,0.0,0.0,56.15182741490191,15.986148126720224,False,False,True,False,False,
2022-04-29 00:00:00+00:00,71.1194375058,74.033372394,67.7489861517,72.1587409492,21480616,,,,,,73.87242310436383,#000000,,73.80767235642612,,0,,,0.0,0.0,0.0,0.0,53.646583929968656,13.533928866543043,False,False,False,False,False,
2022-05-06 00:00:00+00:00,70.303535737,73.1591919275,68.74943713,71.4302572272,10849566,,,,,,73.43710887591352,#000000,,73.55026315306519,,0,,,0.0,0.0,0.0,0.0,51.377660024003525,11.275193644130269,False,False,False,False,False,
2022-05-13 00:00:00+00:00,67.3216090347,69.6236175965,65.1070185197,69.3710765728,12734064,,,,,,72.58419876275356,#000000,,71.59971859758744,,0,,,0.0,0.0,0.0,0.0,48.166563754176956,8.092855949590131,False,False,False,False,False,
2022-05-20 00:00:00+00:00,66.8553794526,69.7984536898,65.6023874507,67.0690680111,12829736,,,,,,71.94512916777067,"rgba(239, 83, 80, 0.5)",,71.28340771539894,,0,,,0.0,0.0,0.0,0.0,45.64362123877059,5.574806821645403,False,False,False,True,False,
2022-05-27 00:00:00+00:00,69.1962404795,69.6333307128,65.4761169389,67.4575926629,7894007,,,,,,71.6732639474295,"rgba(239, 83, 80, 0.5)",,71.17673150342713,,0,,,0.0,0.0,0.0,0.0,45.52475432244866,5.311012164852713,False,False,False,True,False,
2022-06-03 00:00:00+00:00,73.0232082994,74.3539052317,68.0015271753,68.5260354552,11676399,,,,,,71.6845942284741,#000000,,71.2954207756255,,0,,,0.0,0.0,0.0,0.0,47.71491389995377,5.311012164852713,False,False,False,False,False,
2022-06-10 00:00:00+00:00,67.758699268,74.2810568595,67.6712812213,73.8099707192,9684998,,,,,,71.55486524882434,#000000,,71.0708574009493,,0,,,0.0,0.0,0.0,0.0,46.59758661078567,5.311012164852713,False,False,False,False,False,
2022-06-17 00:00:00+00:00,65.514969404,67.7004205702,64.786485682,66.1366088469,11129844,,,,,,68.56322689244877,"rgba(239, 83, 80, 0.5)",,68.6898758290134,,0,,,0.0,0.0,0.0,0.0,44.86620370435791,4.102603971887149,False,False,False,True,False,
2022-06-24 00:00:00+00:00,68.7019465666,69.0328995537,65.6065627457,66.6611171267,12436282,,,,,,68.89995399714313,"rgba(239, 83, 80, 0.5)",,68.73277389954161,,0,,,0.0,0.0,0.0,0.0,45.361029439308176,4.102603971887149,False,False,False,True,False,
2022-07-01 00:00:00+00:00,69.5974664142,70.5221879959,66.9011729601,69.3541186295,10845813,,,,,,69.16565557600006,#000000,,68.89548928661722,,0,,,0.0,0.0,0.0,0.0,46.16870942257308,4.102603971887149,False,False,False,False,False,
2022-07-08 00:00:00+00:00,70.2593723885,70.3956471479,67.2321259472,68.58513963,12536491,,,,,,69.34288852764023,#000000,,69.03178145135354,,0,,,0.0,0.0,0.0,0.0,47.08659449405485,4.102603971887149,False,False,False,False,False,
2022-07-15 00:00:00+00:00,69.1205047562,70.8434070717,66.7210955994,69.7045394394,9410575,,,,,,69.3703766949615,#000000,,69.05240085740658,,0,,,0.0,0.0,0.0,0.0,47.167543037821005,4.102603971887149,False,False,False,False,False,
2022-07-22 00:00:00+00:00,72.0309442608,72.9556658425,69.315182984,69.7240072622,10645396,,,,,,69.65167462253595,#000000,,69.33159583537297,,0,,,0.0,0.0,0.0,0.0,48.73415268988903,4.102603971887149,False,False,False,False,False,
2022-07-29 00:00:00+00:00,76.7713591061,77.1996512071,71.88493559,72.3326955138,12910354,,,,,,70.32539341657929,#000000,,70.01685058884885,,0,,,0.0,0.0,0.0,0.0,51.86899393296836,4.102603971887149,False,False,False,False,True,
2022-08-05 00:00:00+00:00,77.8907589155,77.9394284725,74.8927142085,76.2457278912,8158513,,,,,,70.76729599527904,"rgba(38, 166, 154, 0.5)",,70.47341140489263,,0,,,0.0,0.0,0.0,0.0,54.526420817145514,-2.801237099930539,False,False,True,False,True,
2022-08-12 00:00:00+00:00,79.0880300161,80.1976959142,76.995239068,78.3482527507,10124487,,,,,,71.36444034388856,"rgba(38, 166, 154, 0.5)",,71.0939701709032,,0,,,0.0,0.0,0.0,0.0,56.8680123522221,-0.3811619169451106,False,False,True,False,True,
2022-08-19 00:00:00+00:00,79.4968542943,80.6065201924,77.5792737512,78.0757032319,7737881,,,,,,74.26286493420693,"rgba(38, 166, 154, 0.5)",,73.41309423495044,,0,,,0.0,1.0,80.60652,72.0,58.694079189524324,1.5183992810780893,False,False,True,False,True,
2022-08-26 00:00:00+00:00,77.3164581437,79.8180733701,77.2677885868,78.6305361809,7341327,,,,,,74.2848011493561,"rgba(38, 166, 154, 0.5)",,73.54866750103659,,0,,,0.0,0.0,0.0,0.0,58.62318041798512,1.6120123514668094,False,False,True,False,True,
2022-09-02 00:00:00+00:00,72.0893477291,77.3845955234,71.0672870335,76.6740199922,9189071,,,,,,73.68136379699905,"rgba(38, 166, 154, 0.5)",,73.13508530451497,,0,,,0.0,0.0,0.0,0.0,55.84250057263753,1.6120123514668094,False,False,True,False,True,
2022-09-09 00:00:00+00:00,76.2067922457,76.4696078531,71.0186174766,72.1477511975,6938436,,,,,,73.58306195900816,"rgba(38, 166, 154, 0.5)",,73.10264051186311,,0,,,0.0,0.0,0.0,0.0,55.62685256706734,1.6120123514668094,False,False,True,False,True,
2022-09-16 00:00:00+00:00,71.2522313499,78.5331970671,70.4929862617,77.5403381056,12745165,,,,,,73.35994967420554,#000000,,72.9741876923844,,0,,,0.0,0.0,0.0,0.0,53.34503898551082,1.6120123514668094,False,False,False,False,False,
2022-09-23 00:00:00+00:00,68.156847529,72.3326955138,67.0958511878,70.5903253756,10991554,,,,,,72.8264027326789,#000000,,72.52097075313121,,0,,,0.0,0.0,0.0,0.0,50.58564169808409,7.216715042887287,False,False,False,False,False,
2022-09-30 00:00:00+00:00,65.2071806668,68.4293970478,65.1680876328,67.7674910735,11955516,,,,,,72.13238612659732,#000000,,71.89326174235146,,0,,,0.0,0.0,0.0,0.0,47.63970487286954,4.303300720332643,False,False,False,False,False,
2022-10-07 00:00:00+00:00,67.1716056239,70.7877112664,65.6762970745,66.0281343802,11346393,,,,,,71.76282456748841,#000000,,71.55559418482558,,0,,,0.0,0.0,0.0,0.0,46.43631355926742,3.0865012251755246,False,False,False,False,False,
2022-10-14 00:00:00+00:00,65.5199249386,68.1391582148,63.6874389711,67.7775476505,9501295,65.78217404149999,,,,,69.97968636519035,"rgba(239, 83, 80, 0.5)",,69.9462208079666,,0,,,0.0,0.0,0.0,0.0,45.01344897753441,1.6272747289731768,False,False,False,True,False,
2022-10-21 00:00:00+00:00,69.253309683,69.5367341793,66.3506519105,66.6829426993,9147140,67.05653294517047,,,,,70.17165114168995,"rgba(239, 83, 80, 0.5)",,70.12865867829237,,0,,,0.0,0.0,0.0,0.0,45.65399084598734,1.6272747289731768,False,False,False,True,False,
2022-10-28 00:00:00+00:00,72.2439267819,73.8223080286,68.1880245072,69.3412690094,10226870,68.60127993855554,,,,,70.56888877150432,#000000,,70.5281276061661,,0,,,0.0,0.0,0.0,0.0,47.29231143042933,1.6272747289731768,False,False,False,False,False,
2022-11-04 00:00:00+00:00,74.1692587051,74.9120263506,70.6117926135,71.6379847553,9600592,69.75650451826866,,,,,70.9366080102524,#000000,,70.90365836797906,,0,,,0.0,0.0,0.0,0.0,49.17471266709995,1.6272747289731768,False,False,False,False,True,
2022-11-11 00:00:00+00:00,75.019532194,77.6583119872,73.4655840936,74.5406425278,9491819,70.86950410562736,,,,,71.36125434632946,#000000,,71.34159775732942,,0,,,0.0,0.0,0.0,0.0,50.83141123767082,1.6272747289731768,False,False,False,False,True,
2022-11-18 00:00:00+00:00,76.7298524303,77.1305560285,73.0257874614,75.0977182619,12333352,71.8429069737399,,,,,71.78271826186659,#000000,,71.77888844648433,,0,,,0.0,0.0,0.0,0.0,52.63962024880452,-3.6278999898941464,False,False,False,False,True,
2022-11-25 00:00:00+00:00,79.6129636858,80.2775452633,75.4886486017,76.3096023151,5778294,72.42151253429846,,,,,72.05897196671339,"rgba(38, 166, 154, 0.5)",,72.06632511112872,,0,,,0.0,0.0,0.0,0.0,54.918346716468136,-1.3424463719575428,False,False,True,False,True,
2022-12-02 00:00:00+00:00,80.4827836917,81.0789524598,77.7462713136,78.7040506459,7398481,73.16136455993832,,,,,73.9005173680613,"rgba(38, 166, 154, 0.5)",,74.40116792773786,,0,,,1.0,0.0,81.07895,82.0,56.83191099841301,0.5694452297528727,False,False,True,False,True,
2022-12-09 00:00:00+00:00,77.1696490625,80.3948243653,76.505067485,80.1895859369,6929391,73.58034952666914,,,,,73.91668742675856,"rgba(38, 166, 154, 0.5)",,74.39415901517856,,0,,,0.0,0.0,0.0,0.0,56.544848760890766,0.5694452297528727,False,False,True,False,True,5.561116582893
2022-12-16 00:00:00+00:00,73.6415027464,79.6031904273,73.1528398218,77.1501025455,12351298,73.83141331254315,,,,,73.7355348647456,"rgba(38, 166, 154, 0.5)",,74.14115923353827,,0,,,0.0,0.0,0.0,0.0,54.795582188095004,0.5694452297528727,False,False,True,False,True,1.9291446128125003
2022-12-23 00:00:00+00:00,73.7685551068,74.6970146637,72.5175780197,73.8271946578,8109378,73.81771672190185,,,,,73.58140602015385,#000000,,74.24963131881171,,0,,,0.0,0.0,0.0,0.0,53.59882049166313,0.5694452297528727,False,False,False,False,True,2.0499962128404867
2022-12-30 00:00:00+00:00,73.0340728932,74.565075674,72.5445027572,73.5437701615,4212715,73.80021731636998,,,,,73.51808164479064,#000000,,74.13983995616965,,0,,,0.0,0.0,0.0,0.0,52.41821489017609,0.5694452297528727,False,False,False,False,False,1.305544083580223
2023-01-06 00:00:00+00:00,75.9127452931,75.9421195012,72.6962694993,73.5040602238,6949851,73.86536441935512,,,,,73.52581334464676,#000000,,74.23972990378988,,0,,,0.0,0.0,0.0,0.0,52.82288375597551,0.5694452297528727,False,False,False,False,False,4.047234215063664
2023-01-13 00:00:00+00:00,77.4597869229,77.5870751583,74.1894584142,76.2848185965,8085231,74.03679079827252,,,,,73.63818477400498,#000000,,74.50979315133678,,0,,,0.0,0.0,0.0,0.0,53.7372763210759,0.5694452297528727,False,False,False,False,False,5.465851904780273
2023-01-20 00:00:00+00:00,77.5577009501,79.1928652045,75.7952484604,77.6556149773,7179381,74.23297541879815,,,,,73.782854272589,"rgba(38, 166, 154, 0.5)",,75.81202529850157,,0,,,0.0,0.0,0.0,0.0,54.430679704132686,0.5694452297528727,False,False,True,False,False,5.5555226116160625
2023-01-27 00:00:00+00:00,75.8539968768,78.9872457474,73.5236430292,77.3422900903,10530983,74.37728319660253,,,,,73.87670637851645,"rgba(38, 166, 154, 0.5)",,75.68580688201322,,0,,,0.0,0.0,0.0,0.0,54.02130933282144,0.5694452297528727,False,False,True,False,False,3.7523425012714426
2023-02-03 00:00:00+00:00,77.4695783257,78.5760068331,75.0315190482,75.178390089,12933672,74.6044908828862,,,,,74.04624493103566,"rgba(38, 166, 154, 0.5)",,75.89574759037062,,0,,,0.0,0.0,0.0,0.0,54.45643232275262,0.5694452297528727,False,False,True,False,False,5.262828614833786
2023-02-10 00:00:00+00:00,78.0081054753,78.1158109052,75.423175157,76.8233457461,8176725,74.73711342425885,,,,,74.14838773190122,"rgba(38, 166, 154, 0.5)",,76.00816106134661,,0,,,0.0,0.0,0.0,0.0,55.008325524647645,0.5694452297528727,False,False,True,False,False,5.762106879972624
2023-02-17 00:00:00+00:00,75.9910765148,79.1830738018,75.8539968768,77.6849891855,5512653,74.8132842806163,,,,,74.20770279301281,"rgba(38, 166, 154, 0.5)",,76.05850580828785,,0,,,0.0,0.0,0.0,0.0,54.26221494995432,0.5694452297528727,False,False,True,False,False,3.611105487748425
2023-02-24 00:00:00+00:00,74.5419489122,76.4512724427,73.4844774184,75.2175556999,7322469,74.81382206000079,,,,,74.20440622845524,#000000,,75.92778035641878,,0,,,0.0,0.0,0.0,0.0,52.95577329188217,0.5694452297528727,False,False,False,False,False,2.105582833130754
2023-03-03 00:00:00+00:00,76.9897995923,77.0681308141,74.2384154278,75.4917149761,10237424,74.88609693734833,,,,,74.26255192038465,#000000,,75.92339194597349,,0,,,0.0,0.0,0.0,0.0,53.25182932456268,0.5694452297528727,False,False,False,False,False,4.434987969867457
2023-03-10 00:00:00+00:00,71.604528096,76.9506339815,71.4478656525,76.7156403162,8936914,74.81346959506462,,,,,74.20314291149062,#000000,,75.69114274650485,,0,,,0.0,0.0,0.0,0.0,50.87543719252368,0.5694452297528727,False,True,False,False,False,0.0
2023-03-17 00:00:00+00:00,75.6777516278,78.262681946,70.449142575,70.5862222131,20486980,74.81182777053345,74.79652538293334,,,,74.30709938563176,#000000,,75.52611135145483,,0,,,0.0,0.0,0.0,0.0,51.0609130188115,0.5694452297528727,False,True,False,False,False,2.8455166313787785
2023-03-24 00:00:00+00:00,73.5628086401,76.9408425787,72.1038896347,75.8050398631,9638324,74.78526272555506,74.60647658369646,,,,74.26146075851908,#000000,,75.38752460284869,,0,,,0.0,0.0,0.0,0.0,50.27444503522467,4.377372193906162,False,True,False,False,False,0.8708360986081374
2023-03-31 00:00:00+00:00,75.4739555663,75.8369054436,73.5726000428,74.199249817,11313048,74.79382553736959,74.70330666668032,,,,74.289338071577,#000000,,75.36917730389251,,0,,,0.0,0.0,0.0,0.0,50.55441117066311,4.377372193906162,False,True,False,False,False,2.5650976465503454
2023-04-07 00:00:00+00:00,74.5028194082,76.4352822684,73.8455858466,75.7388108822,7137345,74.79782060884482,74.73630609890381,,,,74.30157158515964,#000000,,75.35286576290723,,0,,,0.0,0.0,0.0,0.0,50.31366962600278,4.1369536533564855,False,True,False,False,False,1.656647401349808
2023-04-14 00:00:00+00:00,76.6608997597,77.1219441984,73.669015636,73.7769196535,5845874,74.82210935676231,74.85242320630307,,,,74.34110793596118,#000000,,75.38970165268506,,0,,,0.0,0.0,0.0,0.0,51.102418848049695,4.1369536533564855,False,True,False,False,False,3.5541110210706464
2023-04-21 00:00:00+00:00,79.7410689887,80.4767781994,76.4990437333,77.0140401808,7015502,74.93561917826716,75.31525909892916,,,,74.50106015338889,#000000,,75.61793673985602,,0,,,0.0,0.0,0.0,0.0,52.9095411716703,4.1369536533564855,False,False,False,False,True,6.148338275720288
2023-04-28 00:00:00+00:00,77.3377522336,80.4571592871,74.8657692855,79.7214500764,10293661,75.03820993717983,75.63646469899827,,,,74.63226053951661,#000000,,75.78328774440283,,0,,,0.0,0.0,0.0,0.0,53.019488900889904,4.1369536533564855,False,False,False,False,True,3.86829246916162
2023-05-05 00:00:00+00:00,79.4369758482,79.7165453483,75.8270959875,77.6320359179,9726850,75.15563987113974,75.95772627845552,,,,74.77384116721605,#000000,,75.96663560553782,,0,,,0.0,0.0,0.0,0.0,53.94009580022664,4.1369536533564855,False,False,False,False,True,5.606120203626357
2023-05-12 00:00:00+00:00,80.3688741818,80.7318240591,78.877836848,80.0059243045,8731070,75.30586677151861,76.3483619372918,,,,74.94954644338641,"rgba(38, 166, 154, 1.0)",,76.2062407550986,,0,,,0.0,0.0,0.0,0.0,54.961982585357454,1.5605702302663644,True,False,True,False,True,6.3656914374172295
2023-05-19 00:00:00+00:00,81.0261077434,81.8550067875,79.8784013747,80.447349831,11467476,75.52588602924865,76.86405439300324,,,,76.01478060641023,"rgba(38, 166, 154, 1.0)",,77.66478441169443,,0,,,0.0,0.0,0.0,109.0,55.95340918987556,2.5954379661302482,True,False,True,False,True,6.902112841585904
2023-05-26 00:00:00+00:00,75.5818595839,81.5852467436,74.2232499081,81.3596292523,10117837,75.57950445802771,76.8881386750529,,,,75.80305509221651,#000000,,77.24441911172858,,0,,,0.0,0.0,0.0,0.0,53.9817318012854,2.5954379661302482,False,False,False,False,False,1.8267247165493572
2023-06-02 00:00:00+00:00,77.1906103914,77.2887049528,74.0216655843,76.1998553209,6412774,75.59169157297028,76.8490095809285,,,,75.71150715525111,#000000,4.119483424162848,77.0592086839076,0.03189761772596625,0,,,0.0,0.0,0.0,0.0,53.27738035394361,2.5954379661302482,False,False,False,False,False,3.1689067448270762
2023-06-09 00:00:00+00:00,74.9834827592,77.8968912337,74.90500711,77.2592765844,9382567,75.60161183869795,76.78130430913585,,,,75.62296922088078,#000000,4.0947920101530935,76.87127794362104,-0.46102346095728985,0,,,0.0,0.0,0.0,0.0,51.7973373017701,5.210125970125034,False,False,False,False,False,1.2118912773332688
2023-06-16 00:00:00+00:00,77.023849637,77.4064184266,73.8799189431,74.4439626713,9881371,75.61671038747203,76.73256925138996,,,,75.57994260058697,#000000,4.110986254210965,76.70738897919288,0.0769792546698389,0,,,0.0,-1.0,73.87992,91.0,51.65491378470571,5.0452076644633905,False,False,False,False,False,2.9143009404031694
2023-06-23 00:00:00+00:00,78.534505883,79.2407867254,75.8123818033,76.5137579175,10256213,75.68472663162177,76.81103144461547,,,,75.64885661550521,#000000,4.143587680889114,76.98434222716523,0.3741114645611017,0,,,0.0,0.0,0.0,0.0,52.2023012419245,5.0452076644633905,False,False,False,False,False,4.149262339428919
2023-06-30 00:00:00+00:00,79.3737987712,79.9339456735,75.6407163208,78.6227909883,16109383,75.80421699538208,76.95904231275185,,,,75.7770079419774,#000000,4.186641333608258,77.23991768958237,0.5096880557901874,0,,,0.0,0.0,0.0,0.0,52.95171194352766,5.0452076644633905,False,False,False,False,False,4.830773192739539
2023-07-07 00:00:00+00:00,77.0054583596,80.3515990655,76.7401256164,79.6784400689,6204970,75.84251902021053,76.99821457721198,,,,75.81341985100049,#000000,4.174873926387143,77.28091929401691,-0.06598065936215977,0,,,0.0,0.0,0.0,0.0,52.30403900768531,5.0452076644633905,False,False,False,False,False,2.679289052056415
2023-07-14 00:00:00+00:00,79.1870831371,80.0124645112,76.2389415459,77.0742483301,9360871,75.9091745313552,77.07551374364431,,,,75.88215115081213,#000000,4.162650087582348,77.37355173347673,0.43566751119274727,0,,,0.0,0.0,0.0,0.0,52.818767047238055,5.0452076644633905,False,False,False,False,False,4.466087812362588
2023-07-21 00:00:00+00:00,80.0223899212,80.4940925758,78.106097887,79.1870831371,8939317,75.99477322011963,77.19253979051258,,,,75.97923510305569,#000000,4.180725336719694,77.52981857521895,0.5962054775731296,0,,,0.0,0.0,0.0,0.0,53.54923551346115,5.0452076644633905,True,False,False,False,False,5.140427552980384
2023-07-28 00:00:00+00:00,81.6143863804,83.9237639601,79.944755526,80.0223899212,17297334,76.24919063208434,77.58245942735367,,81.82763528883332,,76.97712355692549,"rgba(38, 166, 154, 1.0)",4.232808694296658,79.2121772993996,0.5675212972032436,0,,,0.0,1.0,83.92377,110.0,54.75283261079379,5.0452076644633905,True,False,True,False,True,6.415620807609219
2023-08-04 00:00:00+00:00,79.4229344643,81.869891985,77.9783450847,81.4178436077,14891573,76.37614859774294,77.72931504033484,,80.8697225181488,,76.96957098860904,"rgba(38, 166, 154, 1.0)",4.213364434493934,79.07864374005494,0.08171396744758648,0,,,0.0,0.0,0.0,0.0,54.406042414433,5.0452076644633905,True,False,True,False,True,4.380328697027327
2023-08-11 00:00:00+00:00,79.7668843166,81.1230294485,78.4402206006,79.5998229598,8611875,76.4458640064126,77.80626926321783,,80.63901922801469,,77.0011536107095,"rgba(38, 166, 154, 1.0)",4.253152042754454,79.07294328910936,0.1631592335554558,0,,,0.0,0.0,0.0,0.0,54.319546287624625,5.0452076644633905,True,False,True,False,True,4.6619376877346
2023-08-18 00:00:00+00:00,77.2216554096,79.6096500984,76.347040071,79.3443173552,9088236,76.472975860022,77.80321121474246,,80.10837820967342,,76.94622080030015,#000000,4.262365826854958,78.8956751838364,-0.3927442744799773,0,,,0.0,0.0,0.0,0.0,52.900070810041264,5.0452076644633905,False,False,False,False,False,2.3333463813182576
2023-08-25 00:00:00+00:00,77.2216554096,77.8702465597,76.4649657346,77.6835309256,5419122,76.48186250789875,77.78947401452707,,79.82200500315088,,76.9098354843035,#000000,4.259791080144183,78.78640503619687,-0.3673301336045573,0,,,0.0,0.0,0.0,0.0,51.88615975462458,4.826446132685177,False,False,False,False,False,2.3333463813182576
2023-09-01 00:00:00+00:00,78.9807132257,79.108466028,76.8285698642,77.6343952324,6457538,76.50857002435212,77.80280915258734,,79.66349949880048,,76.90796476945712,#000000,4.2347745553073635,78.7389778404492,0.057083413082248576,0,,,0.0,0.0,0.0,0.0,52.10462982615875,4.826446132685177,False,False,False,False,False,3.830402332495204
2023-09-08 00:00:00+00:00,75.0989934641,78.9119232552,74.8533149981,78.5188377097,7707976,76.50478264356937,77.75751923891518,,79.28900251657207,,76.84414946432722,#000000,4.232623783602246,78.5690314607841,-0.819831427051819,0,,,0.0,0.0,0.0,0.0,50.252968711844446,3.169441163412273,False,True,False,False,False,0.33561157652666296
2023-09-15 00:00:00+00:00,78.4991834325,78.7841704529,75.1972648504,75.5215604254,9472579,76.52522306328089,77.74816319437693,,79.07356900093475,,76.82529132244045,#000000,4.249242977709627,78.47847720287135,0.004872922009232522,0,,,0.0,0.0,0.0,0.0,50.65975161974718,3.169441163412273,False,True,False,False,False,3.181492586519475
2023-09-22 00:00:00+00:00,75.1481291572,78.862787562,74.7845250277,78.7448618984,6870255,76.52138120300663,77.7109968743112,,78.84873372704698,,76.78376643198308,#000000,4.248789244574628,78.36474770811935,-0.7570670997688861,0,,,0.0,0.0,0.0,0.0,49.397357396283155,2.3251607921739392,False,True,False,False,False,0.2953128566475094
2023-09-29 00:00:00+00:00,73.3098788758,76.0718801891,71.6988034956,74.8434878595,9664489,76.46381422898314,77.57418742011772,,78.32692823579134,,76.64579024935887,#000000,4.2446655490151946,78.0669789136955,-1.1207243498841017,0,,,0.0,0.0,0.0,0.0,47.72646288857552,0.7138813105442097,False,True,False,False,False,0.0
2023-10-06 00:00:00+00:00,71.7729428316,73.2704702593,70.5315714113,72.8468276317,9651547,76.37205106685684,77.38619580198804,,77.73308728906127,,76.46547118498847,"rgba(239, 83, 80, 1.0)",4.237604618140959,77.70433423750065,-1.399703828079824,0,,,0.0,0.0,0.0,0.0,45.91620778538825,-0.9984111251898611,False,True,False,True,False,0.0
2023-10-13 00:00:00+00:00,70.8271360352,72.7088974739,70.3345283288,71.2606308169,9522271,76.2740783730176,77.19460372377607,,77.19799375094235,,76.288966893633,"rgba(239, 83, 80, 1.0)",4.2304526269610525,77.36026549893762,-1.5443098031878209,0,,,0.0,0.0,0.0,0.0,44.24890310464938,-2.5477414934541898,False,True,False,True,False,0.0
2023-10-20 00:00:00+00:00,70.1177809379,72.2359940757,69.4872430736,71.5660475949,10282588,76.1586418957036,76.97858744917653,,76.65609140718637,,76.09576285352588,"rgba(239, 83, 80, 1.0)",4.175182852684752,76.99554800521648,-1.6472972106823776,0,,,0.0,0.0,0.0,0.0,42.77396310236164,-3.901749059533131,False,True,False,True,False,0.0
2023-10-27 00:00:00+00:00,68.521731969,71.0044748096,67.9010462588,69.4478344571,15346654,75.95139470927964,76.6126197550109,69.14241767913333,75.83411797785513,,75.03815635354195,"rgba(239, 83, 80, 1.0)",4.136122868519587,74.54867467208977,-1.4571478881735815,0,,,0.0,0.0,0.0,0.0,41.090419275193085,-5.452577184651439,False,True,False,True,False,0.0
2023-11-03 00:00:00+00:00,73.2212094886,73.3640657235,68.8468530552,68.9650789048,9465719,75.87730530435643,76.47817016169942,70.16034933170432,75.57979733103004,,75.0544716552368,"rgba(239, 83, 80, 1.0)",4.086829238291849,74.64000229726747,-0.34716224386719946,0,,,0.0,0.0,0.0,0.0,42.61253344572513,-5.452577184651439,False,True,False,True,False,0.0
2023-11-10 00:00:00+00:00,69.6350253856,73.7532258116,68.7384793598,73.3295831841,11917143,75.7634421082817,76.28172619528011,70.3383336574676,75.22074387601104,,74.93127268464868,"rgba(239, 83, 80, 1.0)",4.12707502543983,74.45321563397835,-1.1674588464417022,0,,,0.0,0.0,0.0,0.0,42.241613523589606,-5.452577184651439,False,True,False,True,False,0.0
2023-11-17 00:00:00+00:00,70.659649415,71.6547169821,68.0599615049,69.4675387654,18696345,75.57506347678961,75.96950148730963,70.26629601691289,74.6924989186872,,74.69776772319373,"rgba(239, 83, 80, 1.0)",4.072315516971232,74.08639961520493,-0.8414746317970846,0,,,0.0,0.0,0.0,0.0,42.52263796058081,-5.452577184651439,False,True,False,True,False,0.0
2023-11-24 00:00:00+00:00,71.1227006591,71.2409265087,69.6990643874,70.4429020242,7885501,75.50715283465378,75.85889600939184,70.31876539725484,74.52473727185445,,74.62590288429277,"rgba(239, 83, 80, 1.0)",3.9461727924589822,73.98364427795664,-0.7249919781322843,0,,,0.0,0.0,0.0,0.0,42.97515127946504,-5.452577184651439,False,True,False,True,False,0.0
2023-12-01 00:00:00+00:00,73.7236693492,73.861599507,68.2458716534,70.0882244755,16508735,75.40642445551357,75.69446411458969,70.6548441377981,74.3166401736414,,74.5542492581488,"rgba(239, 83, 80, 0.75)",3.8793895998425167,73.9108785209803,-0.04825737837414162,20,0.4068755822096669,8.137511644193339,0.0,0.0,0.0,0.0,44.66269225066489,-8.954452297247052,False,True,False,True,True,0.0
2023-12-08 00:00:00+00:00,71.8123514481,74.0487904355,71.7039777527,73.2901745675,11023424,75.35298430533818,75.60791511763594,70.88137890486226,74.22494385543709,,74.52465806055505,"rgba(239, 83, 80, 0.75)",3.8452394619495043,73.89202890601345,-0.5408447194232915,20,0.40623626555251774,8.124725311050355,0.0,0.0,0.0,0.0,44.987865970907684,-8.632868531689951,False,True,False,True,True,0.0
2023-12-15 00:00:00+00:00,74.7778498411,75.994590876,71.1522571215,71.575899749,13215156,75.32304397361918,75.55620255007531,71.27424719339967,74.21051400857631,,74.54327097236406,#000000,3.803119278616871,73.95984658466502,0.2150874575599614,20,0.4063006537404815,8.12601307480963,0.0,0.0,0.0,0.0,46.68869233490363,-6.94732747447015,False,True,False,False,True,0.5393334711371764
2023-12-22 00:00:00+00:00,78.2950688652,79.2211713534,74.4428766007,75.1817881604,11491863,75.36006723511292,75.60346349538861,71.87548696133827,74.35908863734602,,74.66054747622258,#000000,3.752577579902793,74.66473799958393,0.9674232679581537,20,0.4047554430819826,8.095108861639652,0.0,0.0,0.0,0.0,49.41110457551681,-4.328687156744529,False,True,False,False,True,3.310133386192007
2023-12-29 00:00:00+00:00,78.0322525295,79.029122945,77.8545924554,78.2261037863,7750384,75.39644437328967,75.65143046071213,72.27965015797503,74.48229616832552,,74.75165008482819,#000000,3.7457111318377687,74.91589771142651,0.8319794849061154,20,0.40527651694522937,8.105530338904588,0.0,0.0,0.0,0.0,51.21856237948594,-2.641090834074163,False,False,False,False,True,3.08857275279491
2024-01-05 00:00:00+00:00,77.6078423525,79.1574329985,77.1143421468,77.4005722661,11754437,75.44357957565119,75.7119559535527,72.77402383675633,74.63951960181772,,74.86615905543628,#000000,3.751124137757176,75.12727480830527,0.6612864445690876,20,0.40834271144024575,8.166854228804915,0.0,0.0,0.0,0.0,52.27780363876897,-1.6712386963156547,False,False,False,False,True,2.7262050721835713
2024-01-12 00:00:00+00:00,76.4135718547,78.6145827722,75.4660514597,77.0255121098,14461863,75.47428146295067,75.7469389137273,73.16646857311316,74.75501667333195,,74.95080419367821,#000000,3.7417366795437497,75.19317728348426,0.3261572568395017,20,0.41074190162633234,8.214838032526647,0.0,0.0,0.0,0.0,52.37466428003922,-1.5864098810464,False,False,False,False,True,1.704156099154961
2024-01-19 00:00:00+00:00,77.4894023032,77.647322369,74.3507409948,75.8707216284,7241909,75.48547406070479,75.75847749937091,73.32027698785159,74.79976963349492,,74.98336018806846,#000000,3.724846291744318,75.49402361978915,0.5356942346408682,20,0.4121162734907308,8.242325469814617,0.0,0.0,0.0,0.0,52.97174913783867,-0.9692981844228967,True,False,False,False,True,2.579504187909521
2024-01-26 00:00:00+00:00,77.5782323402,78.5356227393,76.7491519946,77.9434224924,9286294,75.51506173478882,75.79456304142994,73.56080032488254,74.88980518068922,,75.04635280186388,#000000,3.702567186709206,75.74447448421665,0.4952665984201007,20,0.4155921396654677,8.311842793309355,0.0,0.0,0.0,0.0,53.442964364428065,-0.4469406276526158,True,False,False,False,True,2.652301625583167
2024-02-02 00:00:00+00:00,82.1776542576,82.3355743234,77.1143421468,77.4795322991,14980297,75.62497055387027,75.93845962972125,74.1385540582279,75.16656861549811,,75.23569797842316,"rgba(38, 166, 154, 1.0)",3.779497598740308,76.5168950912204,1.4977544021370197,20,0.40856666003593567,8.171333200718713,0.0,0.0,0.0,0.0,55.85619867700606,1.9342555455022818,True,False,True,False,True,6.300875416993833
2024-02-09 00:00:00+00:00,84.2010051011,84.886970387,81.3683139202,81.8223341095,11366537,75.75323151429397,76.1081080683615,74.69076758507398,75.46454469580074,,75.4389470865239,"rgba(38, 166, 154, 1.0)",3.893237934306534,77.21930775480281,1.7932881226640893,20,0.3980197301822853,7.960394603645707,0.0,0.0,0.0,0.0,58.34426484881119,4.323006759470751,True,False,True,False,True,7.821666336216879
2024-02-16 00:00:00+00:00,84.2700951299,85.1386554919,81.2745488811,84.2010051011,11942168,75.88483027234794,76.2800671899908,75.20918730736207,75.75819394897525,,75.64020741434881,"rgba(38, 166, 154, 1.0)",4.0205929257921165,77.76019517384333,1.6191392852272215,20,0.3890006489751874,7.780012979503748,0.0,0.0,0.0,0.0,60.1473887181526,6.014316435259801,True,False,True,False,True,7.87344260924473
2024-02-23 00:00:00+00:00,85.3952755989,85.7802057594,83.3620547513,84.2503551216,6807214,75.97010301368638,76.39125909332768,75.51987350239321,75.94226252568974,,75.76677799981567,"rgba(38, 166, 154, 1.0)",4.140591447133563,78.08439708576306,1.7656604392104651,19,0.3957460500195687,7.519174950371805,0.0,0.0,0.0,0.0,61.86738203913362,7.619219133981353,True,False,True,False,True,8.722328926765144
2024-03-01 00:00:00+00:00,85.1583955002,85.7900757635,83.7272449036,85.1090454796,8852679,76.07916398357581,76.53238061252071,75.89700864441193,76.17195528598387,,75.92548563227942,"rgba(38, 166, 154, 1.0)",4.178608300383627,78.45125233520906,1.6051141152366861,19,0.3854606953997595,7.323753212595431,0.0,0.0,0.0,0.0,62.91525267241852,8.588045629734076,True,False,True,False,True,8.495499945180008
2024-03-08 00:00:00+00:00,88.5339369073,89.8565174587,84.4674952121,85.0300854467,8838315,76.2183049141231,76.71314315995832,76.3497650822305,76.45794725488601,,76.12355691109313,"rgba(38, 166, 154, 1.0)",4.2260439577643005,78.93523301655271,2.271321355546259,19,0.36958471573058643,7.022109598881142,0.0,0.0,0.0,0.0,64.9177478343654,10.48812377975586,True,False,True,False,True,11.016171461609627
2024-03-15 00:00:00+00:00,88.5141968991,90.3894976809,87.8232966111,88.3069268127,8172345,76.35822848891863,76.89427214942343,76.78282929810257,76.73908117146915,,77.57815609703444,"rgba(38, 166, 154, 1.0)",4.314314874035525,82.43737645001565,1.4085250211235076,18,0.3698079274988354,6.656542694979037,0.0,0.0,0.0,0.0,66.33217316944369,11.81599758042018,True,False,True,False,True,10.996721223269297
2024-03-22 00:00:00+00:00,88.1193967345,89.4617172941,86.096045891,88.7708170061,8948185,76.4958125621391,77.07025758268205,77.18701345874895,77.00816821262653,,77.69491138412496,"rgba(38, 166, 154, 1.0)",4.313658659247063,82.62710370199962,1.273233110535234,18,0.35827108363508775,6.448879505431579,0.0,0.0,0.0,0.0,67.00715611833036,12.458366624332406,True,False,True,False,True,10.601690312422537
2024-03-29 00:00:00+00:00,87.1617711449,87.7529329817,85.9578658334,87.3396664095,8505624,76.61310220899568,77.2183899705326,77.51360576409434,77.23122126214356,,77.78989760632211,"rgba(38, 166, 154, 1.0)",4.375409296712485,82.73941289184194,1.0107301861750064,18,0.35034765341278157,6.306257761430068,0.0,0.0,0.0,0.0,66.6683148697697,12.458366624332406,True,False,True,False,True,9.639382492429807
2024-04-05 00:00:00+00:00,86.4796613333,87.6362823182,85.3922398945,87.1024572483,6328658,76.69491749939239,77.32074652743339,77.7317492353835,77.38334056964734,,77.85976809977645,"rgba(38, 166, 154, 1.0)",4.464568539911746,82.81136938564929,0.8216453426254776,18,0.34473642541150123,6.205255657407022,0.0,0.0,0.0,0.0,65.8445222205955,12.458366624332406,True,False,True,False,True,8.953416591445997
2024-04-12 00:00:00+00:00,85.0660134629,88.2393069343,84.4086177749,86.9640581561,8389116,76.7948183895513,77.4443848420655,77.98646449819121,77.5647252188603,,77.94139557052861,"rgba(38, 166, 154, 0.75)",4.534498537819942,82.87052241565164,0.48417504800958594,18,0.3441057517051559,6.193903530692806,0.0,0.0,0.0,0.0,64.08472026686579,12.458366624332406,True,False,True,False,False,7.538766964960004
2024-04-19 00:00:00+00:00,83.7116794891,86.4055189625,82.0113477848,86.3116052928,7992568,76.86895751448357,77.53370763163332,78.16110899199376,77.69348921729997,,77.97297792124213,"rgba(38, 166, 154, 0.75)",4.579713450988867,82.80239051423696,0.19854713282699135,18,0.34584533878413715,6.225216098114469,0.0,0.0,0.0,0.0,61.772250944016534,16.28680235630054,True,False,True,False,False,6.201151878933921
2024-04-26 00:00:00+00:00,80.745984656,87.3001702372,78.71942652,84.0972198174,16553828,76.98070050642623,77.66247372144025,78.39184606331855,77.87385899486281,,77.98159850086458,"rgba(38, 166, 154, 0.75)",4.592042461051645,82.52289368115828,-0.3869539622574259,18,0.3477399775538346,6.259319595969023,0.0,0.0,0.0,0.0,58.091991200226545,12.7751455170444,True,False,True,False,False,3.3634842180456026
2024-05-03 00:00:00+00:00,78.8182830145,81.2847525507,71.4633598284,81.0623254382,13909330,76.98426588106037,77.65186235112608,78.33745129870259,77.85183079094779,,77.76941100455696,"rgba(38, 166, 154, 0.5)",4.58853789746313,81.61839509552465,-0.6102405915777118,17,0.35327531136826734,6.005680293260545,0.0,0.0,0.0,169.0,54.329758992134884,9.274572695416197,False,False,True,False,False,1.588277535013713
2024-05-10 00:00:00+00:00,81.9816908365,82.7626571425,79.1247381472,79.2927941878,9269616,77.03287062452334,77.70537459645709,78.42380662924738,77.92395584926452,,77.93809807463899,#000000,4.604005926269887,81.92020403355387,0.01335506598618489,16,0.3322127432305579,5.315403891688926,0.0,0.0,0.0,0.0,53.607165335389446,8.714566132921334,False,False,False,False,False,4.271275267579959
2024-05-17 00:00:00+00:00,81.1216393349,82.7231145447,79.5992493205,82.1102042792,10187962,77.08330375847406,77.76014686113197,78.50865789503018,77.99662060568393,,78.02498412609611,#000000,4.620066652289445,81.99106578753624,-0.18818482893648483,16,0.3388882225878147,5.422211561405035,0.0,0.0,0.0,0.0,52.57163905526429,7.780347802814688,False,False,False,False,False,3.475605665708674
2024-05-24 00:00:00+00:00,78.9171395089,82.1794038253,78.1065162545,81.3984375193,14776680,77.12960447749154,77.80467607161027,78.56163677610633,78.05162853654282,,78.02542684234668,#000000,4.5962282604079485,81.78570943239934,-0.6241138953452987,16,0.34296047852840006,5.487367656454401,0.0,0.0,0.0,0.0,50.57662370432721,5.890612678934431,False,True,False,False,False,1.4681001080725338
2024-05-31 00:00:00+00:00,78.4525139851,79.0555386011,75.61038977,78.8479399628,9756953,77.13617741164241,77.8032301930179,78.53789840515222,78.0445552688666,,77.95911211118988,#000000,4.571704277240935,81.49929477237265,-0.6664431036014894,16,0.3464576097969825,5.54332175675172,0.0,0.0,0.0,0.0,48.89808472768287,4.301442898687462,False,True,False,False,False,1.0497050624105277
2024-06-07 00:00:00+00:00,76.3468706536,78.8380543134,75.5461330486,78.6897695717,9154023,77.13378753044373,77.79110410890695,78.49660262023312,78.0231795266594,,77.88610261524735,#000000,4.539773567404528,81.2171035958983,-1.0727920390713868,16,0.34964515667864793,5.594322506858367,0.0,0.0,0.0,0.0,46.59628280234404,2.109516585710395,False,True,False,False,False,0.0
2024-06-14 00:00:00+00:00,76.0503011702,77.4392349171,74.4587116098,76.0601868197,11411602,77.11879975910134,77.76099791873368,78.41952596143894,77.97634119082572,,77.78004677331943,"rgba(239, 83, 80, 1.0)",4.538962204551706,79.54401470952082,-0.7697163760952448,18,0.33825390296566293,6.088570253381933,0.0,0.0,0.0,0.0,44.80203976120799,0.4113754487358463,False,True,False,True,False,0.0
2024-06-21 00:00:00+00:00,77.7704041734,78.3536574906,75.3879626575,75.6153325947,13378017,77.11957971724378,77.74969703193209,78.37619459184937,77.95522831434215,,77.7211076560402,"rgba(239, 83, 80, 1.0)",4.538637804995941,79.49021466240737,-0.37892657729027807,17,0.33076880428868494,5.6230696729076435,0.0,0.0,0.0,0.0,44.78261778297449,0.37894776019301446,False,True,False,True,False,0.46972588516421965
2024-06-28 00:00:00+00:00,77.9669485366,79.3323367855,77.281064526,78.3042292434,10913688,77.13259189927285,77.75652063394394,78.37116429063236,77.96021447808694,,77.70961902511844,"rgba(239, 83, 80, 1.0)",4.538383928842026,79.51704075158656,-0.34155158296227944,17,0.3307092795622169,5.622057752557687,0.0,0.0,0.0,0.0,44.91054480520523,0.37894776019301446,False,True,False,True,False,0.6473394635554328
2024-07-05 00:00:00+00:00,79.4425074508,80.7546655457,76.4616803824,77.8283054171,7739984,77.14753374256283,77.76870823278941,78.38102776551621,77.97376008099661,,77.71615076177757,#000000,4.534652542714409,79.56171500880693,-0.026288134952800052,17,0.330341522923967,5.615805889707439,0.0,0.0,0.0,0.0,46.05613212964434,0.37894776019301446,False,True,False,False,False,1.98040876828399
2024-07-12 00:00:00+00:00,82.5322683988,83.0769377967,77.5312130183,78.7393887736,10188467,77.1907810800446,77.81460662395449,78.44656731496113,78.03181111390595,,77.7766066932279,#000000,4.563916520048374,79.78718470046306,0.6014754402886943,17,0.3284796208263761,5.5841535540483935,0.0,0.0,0.0,0.0,48.790605281123014,0.37894776019301446,False,True,False,False,True,4.674493996950439
2024-07-19 00:00:00+00:00,82.7501361579,83.8988934335,81.8192466416,82.472849919,9080756,77.24590978821894,77.87633431732979,78.54040453170714,78.11113870529815,,77.86326149972344,#000000,4.5955221204820695,80.06446532473359,0.5844103809655226,16,0.3407859345171964,5.4525749522751426,0.0,0.0,0.0,0.0,50.86832506734186,-4.563658454967388,False,False,False,False,True,4.860692171970612
2024-07-26 00:00:00+00:00,81.4726388429,83.507721775,79.8881460491,82.9581008371,7899568,77.2828657859694,77.91607890065288,78.59684973364051,78.16100306306528,,77.9133407176313,#000000,4.604271889991941,80.18901652232732,0.2787894266980228,16,0.33941640067413215,5.430662410786114,0.0,0.0,0.0,0.0,51.42144499172095,-3.974739313348863,False,False,False,False,True,3.6152874304142806
2024-08-02 00:00:00+00:00,78.0461731763,85.047650709,76.4814865423,81.5518634826,12618999,77.31714196249295,77.94844608269916,78.63270481804602,78.19865147813309,,77.94191146637637,#000000,4.584127451026565,79.81127011961604,-0.385045346616784,16,0.32693889117488173,5.231022258798108,0.0,0.0,0.0,0.0,49.657300038397366,-3.974739313348863,False,True,False,False,True,0.39723456246452926
2024-08-09 00:00:00+00:00,77.0261559402,78.372974815,74.4513551502,75.4218569865,9713944,77.3100403750478,77.93158093070396,78.58954604546187,78.17209747354674,,77.79263969903518,#000000,4.583991975137649,78.24202256498462,-0.26524187463223337,15,0.3126169628994145,4.689254443491217,0.0,0.0,0.0,0.0,47.832833951400936,-3.974739313348863,False,True,False,False,False,0.0
2024-08-16 00:00:00+00:00,78.2739440154,79.1850273718,76.1398302837,77.0360590202,6725142,77.31391814946826,77.93101321678395,78.57898208159172,78.16858397115934,,77.82539309369774,#000000,4.5170979334364665,78.30688165258861,-0.007291769555138237,15,0.2963725790572069,4.4455886858581035,0.0,0.0,0.0,0.0,47.40684858804258,-3.974739313348863,False,True,False,False,False,0.6116614492047319
2024-08-23 00:00:00+00:00,81.2250618439,82.0569205606,78.0857854961,78.3333624951,8128431,77.34017233221054,77.95726370899341,78.61154153355415,78.19991008977802,,77.94331310682843,#000000,4.517981234970172,78.74696054113673,0.5484974757270378,15,0.3010224965453308,4.515337448179962,0.0,0.0,0.0,0.0,48.95154260583185,-3.974739313348863,False,True,False,False,False,3.227040261980001
2024-08-30 00:00:00+00:00,82.1361452003,83.0076162369,81.0963218044,82.0866298005,7344958,77.3756923012402,77.99563459099338,78.66507117655561,78.24734106218888,,78.06061075376964,#000000,4.501466596746675,79.18495447378477,0.6556064924813919,15,0.31029992289514124,4.654498843427119,0.0,0.0,0.0,0.0,50.572097495201795,-3.974739313348863,False,False,False,False,True,4.013275254015539
2024-09-06 00:00:00+00:00,82.0470174807,84.0969550327,81.2151587639,81.6508942822,6440720,77.4088393801143,78.03171827681521,78.71564995522603,78.29194470103396,,78.148187688274,#000000,4.504764594700886,79.49560996782202,0.5663797650779128,16,0.30376013280172726,4.860162124827636,0.0,0.0,0.0,0.0,51.667134553957844,-3.5474032184348516,False,False,False,False,True,3.9269683495144534
2024-09-13 00:00:00+00:00,85.4833862273,86.344954184,81.7994404816,82.5025591589,9431515,77.4763918311936,78.10799584459613,78.8273979292101,78.38753437937814,,78.31830928502897,"rgba(38, 166, 154, 1.0)",4.546823058354634,80.08049347220341,1.1882786476964293,16,0.3111777575810982,4.978844121297572,0.0,0.0,0.0,0.0,54.29855796128311,-0.9456238251717579,True,False,True,False,True,6.8554175875594225
2024-09-20 00:00:00+00:00,85.0278445491,86.8698174219,84.265307392,86.344954184,10154255,77.55623361772851,78.19867169223853,78.9601100724272,78.50092204983773,,79.02417934833096,"rgba(38, 166, 154, 1.0)",4.5964132491514995,82.04563360781937,0.648812624023992,16,0.3134940065918942,5.015904105470307,0.0,0.0,0.0,0.0,55.83438778544873,0.5654594476318096,True,False,True,False,True,6.401717660227639
2024-09-27 00:00:00+00:00,84.7515486182,85.9983463853,84.2157919922,84.5128843911,13893347,77.6574643034623,78.31245089500555,79.12247675601354,78.64158698419833,,79.17766419371857,"rgba(38, 166, 154, 1.0)",4.645030642916732,82.42326221122998,0.5012424214080174,15,0.30797845397551993,4.619676809632799,0.0,0.0,0.0,0.0,56.71521124423856,1.4614933004108863,True,False,True,False,True,6.123433874488125
2024-10-04 00:00:00+00:00,81.755882925,85.0788895714,81.0119262131,84.5035630475,10795364,77.70938745530265,78.36775982174657,79.19408058149098,78.70742843062487,,79.17361398783487,"rgba(38, 166, 154, 1.0)",4.652164972410308,82.29765730892424,-0.1164563997917626,15,0.3083572726954038,4.625359090431057,0.0,0.0,0.0,0.0,55.183084040303186,1.4614933004108863,True,False,True,False,True,3.1669843260651582
2024-10-11 00:00:00+00:00,81.3987837033,81.5872527369,79.2463681444,81.2896700522,11504537,77.74288245452358,78.3998705878865,79.22721811015847,78.74276568710812,,79.11441878284282,#000000,4.6600452392170295,81.99728079667211,-0.12843160584266675,15,0.30849040462437194,4.627356069365579,0.0,0.0,0.0,0.0,53.85199097297895,1.4614933004108863,False,False,False,False,True,2.8220026472636306
2024-10-18 00:00:00+00:00,79.4347379839,81.5971721598,78.9387668426,81.0119262131,8795583,77.76168743974078,78.4161321291762,79.23948845133194,78.75909634026677,,79.06726550054717,#000000,4.657712088804836,81.77242575563552,-0.5018961514075392,15,0.3086239777626574,4.629359666439861,0.0,0.0,0.0,0.0,51.647932427713215,1.4614933004108863,False,False,False,False,False,0.9410160911118979
2024-10-25 00:00:00+00:00,76.4886694048,79.712481823,76.4390722907,79.256188373,11817549,77.75929775324262,78.40435011105039,79.2036871404464,78.73814087998218,,78.93482073369248,#000000,4.660960707724857,81.2829403345342,-1.0286014472914131,15,0.3084545450475687,4.62681817571353,0.0,0.0,0.0,0.0,48.459496934786124,3.8247683865114865,False,True,False,False,False,0.0
2024-11-01 00:00:00+00:00,76.4390722907,77.9170662916,75.9827788407,76.4688305591,11008872,77.74925560988815,78.38409439554319,79.15685004776414,78.70710462179483,,78.81445500763493,#000000,4.6535753503246395,80.86042663720623,-0.9500983681714308,16,0.32446033560137144,5.191365369621943,0.0,0.0,0.0,0.0,46.156549762935626,1.6498505258714289,False,True,False,False,False,0.0
2024-11-08 00:00:00+00:00,76.9648017004,79.1867524132,74.6215364464,76.4093140222,16837258,77.73652288206985,78.35678137408613,79.09277069819191,78.6649192508245,,78.67472469232388,"rgba(239, 83, 80, 1.0)",4.654825135372882,80.37775897516464,-0.7332084827051697,16,0.32441567015233996,5.190650722437439,0.0,0.0,0.0,0.0,44.92738312846052,0.5000935586938056,False,True,False,True,False,0.0
2024-11-15 00:00:00+00:00,73.3938094833,77.8674691775,73.2846958323,77.4806116873,19091561,77.68684811412464,78.28389872010754,78.95899514688524,78.56519917561391,,78.45846916702375,"rgba(239, 83, 80, 1.0)",4.676847424477416,79.71941897914782,-1.3525370664737109,16,0.32420919384118946,5.187347101459031,0.0,0.0,0.0,0.0,42.24503958303957,-2.0618348980347037,False,True,False,True,False,0.0
2024-11-22 00:00:00+00:00,76.0720536461,76.5382665189,72.1042845161,73.5326814029,23763768,77.62853229135868,78.19872073669782,78.80594009320652,78.4498968340852,,78.24467229191859,"rgba(239, 83, 80, 1.0)",4.683462180089144,78.02905082299718,-0.4178526700219722,16,0.3255799397251611,5.209279035602577,0.0,0.0,0.0,0.0,42.32067782184702,-2.0618348980347037,False,True,False,True,False,0.0
2024-11-29 00:00:00+00:00,75.9728594179,77.8228317748,73.1061462214,77.3714980362,15120143,77.60227972332378,78.15823381642255,78.73153297830093,78.39456627334553,,78.15133947763952,"rgba(239, 83, 80, 1.0)",4.695846676126722,77.89142731723014,-0.4085669809203898,15,0.34192307875834976,5.128846181375247,0.0,0.0,0.0,0.0,42.32280906694784,-2.0618348980347037,False,True,False,True,False,0.0
2024-12-06 00:00:00+00:00,74.7031732963,76.3101197939,74.1675244637,75.9926982635,14233372,77.57116974143368,78.11287233209106,78.65221648172975,78.33401320548012,,78.05704233420674,"rgba(239, 83, 80, 1.0)",4.720576701159244,77.68505363152926,-0.6316771284527578,14,0.32604386561984,4.56461411867776,0.0,0.0,0.0,0.0,41.65488358409316,-2.842948667649061,False,True,False,True,False,0.0
2024-12-13 00:00:00+00:00,73.7707475507,76.0422953777,73.4731648659,74.7329315647,14206753,77.53324669820132,78.05980433106207,78.56306262255565,78.264483665034,,77.955118919358,"rgba(239, 83, 80, 1.0)",4.752346522877839,77.44437253299317,-0.773012861037871,14,0.32427557643574895,4.539858070100485,0.0,0.0,0.0,0.0,40.70097749143039,-3.9187246846628625,False,True,False,True,False,0.0
2024-12-20 00:00:00+00:00,71.6777493346,74.1179273496,70.3187884075,73.3243735236,18226584,77.44946485813217,77.9505420323968,78.39101472725838,78.12543988642112,,77.35258467586182,"rgba(239, 83, 80, 1.0)",4.822854445265851,75.4199683336335,-0.7759344681668551,14,0.32057015122958205,4.487982117214148,-1.0,0.0,70.31879,169.0,39.02096943001404,-5.684231119550319,False,True,False,True,False,0.0
2024-12-27 00:00:00+00:00,72.1062684006,72.9608906557,71.2766078755,71.3900860727,4553610,77.42922074839092,77.9242058441729,78.34993889423099,78.0920903533765,,77.31205814723312,"rgba(239, 83, 80, 1.0)",4.880002641192347,75.33986047585807,-0.6626209682681645,14,0.31790983577241,4.45073770081374,0.0,0.0,0.0,0.0,38.18630354238003,-6.621442150056211,False,True,False,True,False,0.0
2025-01-03 00:00:00+00:00,73.4478265917,73.6763883575,70.7547727415,71.3808332307,6120480,77.4048484017198,77.89226500393154,78.30003089824758,78.05163207130929,,77.2712065218824,"rgba(239, 83, 80, 1.0)",4.902964430173919,75.27998452357807,-0.37368370869724654,14,0.31610917653235854,4.42552847145302,0.0,0.0,0.0,0.0,38.717355565782135,-6.621442150056211,False,True,False,True,False,0.0
2025-01-10 00:00:00+00:00,74.222949102,77.5420634413,74.1136369531,75.0080090805,12173230,77.38374558770825,77.86146447604922,78.24876744066766,78.01160608127084,,77.29210765369702,"rgba(239, 83, 80, 1.0)",4.926367444714339,75.49134148324357,-0.2574701127104256,14,0.31486195865529293,4.408067421174101,0.0,0.0,0.0,0.0,39.72730672187697,-6.621442150056211,False,True,False,True,False,0.0
2025-01-17 00:00:00+00:00,74.3521361871,75.3756953995,73.0702028046,74.1235744212,12416090,77.35229215481608,77.8185302647861,78.18070154859895,77.95698629242911,,77.24939192548742,"rgba(239, 83, 80, 1.0)",4.946074834929032,75.48613551535321,-0.2292725779733338,14,0.31408798270169863,4.397231757823781,0.0,0.0,0.0,0.0,40.55645846583798,-6.621442150056211,False,True,False,True,False,0.0
2025-01-24 00:00:00+00:00,79.2910578237,79.7779937597,74.9583217401,75.0278840167,12457183,77.35887395440446,77.82078669667621,78.17780916042081,77.95773810893701,,77.31941639832803,"rgba(239, 83, 80, 0.75)",4.945451066982216,75.81299494717149,0.7032852674955037,14,0.31502448982994097,4.410342857619174,0.0,0.0,0.0,0.0,44.60830290459059,-10.252339250033003,False,True,False,True,True,1.6431448737270564
2025-01-31 00:00:00+00:00,79.1022459301,82.008955344,77.6811879945,79.2413704833,25921041,77.40459697084705,77.86350210077846,78.22591960946383,78.00550430587323,79.59746308953333,77.63657889815576,#000000,4.944263585710033,76.98324805837493,0.42857704387958256,15,0.32354395636917604,4.853159345537641,0.0,0.0,0.0,0.0,47.36843407702989,-7.605073433131487,False,True,False,False,True,1.4601220755847386
2025-02-07 00:00:00+00:00,76.6973786544,78.2575611432,71.6491448689,73.8254503788,21029782,77.3741163324223,77.81894648439017,78.15390677806496,77.94845811508674,77.77770522123669,77.4571180892086,#000000,4.947702761864984,76.11884426703112,0.11692989963503862,14,0.3082966905585916,4.3161536678202825,0.0,0.0,0.0,0.0,47.71630339846455,-7.284929698200131,False,True,False,False,True,0.0
2025-02-14 00:00:00+00:00,77.0352525692,78.476185441,76.0911931014,76.8365032075,8967547,77.37292046736084,77.81394479993526,78.14315505978956,77.94116975584508,77.68520013120504,77.45360927047705,#000000,4.9354136213539626,76.26834988799685,0.15538772229444062,14,0.2988067526328781,4.183294536860293,0.0,0.0,0.0,0.0,48.192741815294156,-6.777629642322097,False,True,False,False,True,0.0
2025-02-21 00:00:00+00:00,76.9259404203,78.9837913106,76.7490534884,77.0352525692,7864640,77.37400367404685,77.81210538115508,78.13737250724157,77.93787835390069,77.66889062343002,77.45878532210273,#000000,4.938332770364989,76.38958533625365,0.1086105592691169,13,0.3112529689463512,4.046288596302565,0.0,0.0,0.0,0.0,48.457561464379936,-6.426001821373994,False,False,False,False,True,0.0
2025-02-28 00:00:00+00:00,77.4327512924,77.5818133136,75.7135693143,77.1147523138,10982384,77.37013193103145,77.80330838663153,78.12079902888837,77.92584490371634,77.55732484240677,77.44737185637501,#000000,4.925156921806903,76.42947161431321,0.20370511925104484,12,0.3152688544990345,3.7832262539884143,0.0,0.0,0.0,0.0,49.02309585652927,-5.748626908373332,False,False,False,False,True,0.0
2025-03-07 00:00:00+00:00,77.1743771223,79.087339728,72.9112033153,77.8799373561,15200564,77.3589674366616,77.7845126231484,78.08907818031525,77.90138558982498,77.36025919318536,77.41593651814915,#000000,4.891172317018618,76.5622742668851,0.1251444062367459,12,0.3163827687373435,3.796593224848122,0.0,0.0,0.0,0.0,49.22609827830489,-5.39654011456016,False,False,False,False,True,0.0
2025-03-14 00:00:00+00:00,74.8191971869,76.2303176545,70.9982407095,76.2303176545,14924650,77.3219558040776,77.73590459344584,78.01703903485334,77.84152825695654,76.88440043876449,77.31448237507367,#000000,4.847327440074774,75.98964089420826,-0.2414616552683742,12,0.3155820274882562,3.7869843298590746,0.0,0.0,0.0,0.0,47.66785212495955,-5.39654011456016,False,True,False,False,True,0.0
2025-03-21 00:00:00+00:00,71.5100203157,75.1073837613,71.3559895605,74.5310106126,19765999,77.2545555193954,77.65061637450879,77.89437997031727,77.7378805911881,76.21421516758663,77.14684408601201,"rgba(239, 83, 80, 1.0)",4.833336441844205,75.31874588901195,-0.7880116807798075,12,0.3119909919695243,3.7438919036342915,0.0,0.0,0.0,0.0,44.643036784610004,-5.39654011456016,False,True,False,True,False,0.0
2025-03-28 00:00:00+00:00,69.1180717485,73.3186395066,68.9737023967,72.026768656,21775742,77.1482402246498,77.5201698532955,77.71178537359,77.5812386178895,75.36002177513551,76.90268841610971,"rgba(239, 83, 80, 1.0)",4.858113018220584,74.47261797424565,-1.1021864262241678,11,0.3243438230157383,3.5677820531731212,0.0,0.0,0.0,0.0,41.36096744033307,-3.978390783074012,False,True,False,True,False,0.0
2025-04-04 00:00:00+00:00,69.8847227892,73.389413261,67.7042477513,68.1124645392,23858425,77.0330866003612,77.37977168370276,77.5179888920781,77.41386575145206,74.65475292322067,76.66436867469187,"rgba(239, 83, 80, 1.0)",4.822708630276135,73.83643280462785,-0.8193963845586055,11,0.31916498518950753,3.510814837084583,0.0,0.0,0.0,0.0,39.68653021617425,-5.540800955991415,False,True,False,True,False,0.0
2025-04-11 00:00:00+00:00,73.2301091487,73.4391957961,66.200815191,67.2263354143,32858934,76.8950371109812,77.21165006525929,77.28914496558781,77.21502279803417,74.05660361952765,76.07042532632343,"rgba(239, 83, 80, 1.0)",4.822576687482041,72.56936455100026,0.13701069791483605,11,0.3178269899986839,3.496096889985523,0.0,0.0,0.0,0.0,41.086853313700914,-5.540800955991415,False,True,False,True,False,0.0
2025-04-18 00:00:00+00:00,74.2058468369,74.6439331458,71.8262416585,73.389413261,11202297,76.86939427797488,77.17934106900259,77.24530861434685,77.17703585501887,74.03058120456194,76.07858566702492,"rgba(239, 83, 80, 0.75)",4.736941853780059,72.76379883193957,0.304425945995026,11,0.3174723100176596,3.492195410194255,0.0,0.0,0.0,0.0,42.75473733574508,-5.540800955991415,False,True,False,True,True,0.0
2025-04-25 00:00:00+00:00,72.1647628973,74.3502161887,71.607198504,73.9569341613,13839212,76.83024758995543,77.13100646969922,77.18037461412119,77.12039559723083,73.95033320543207,76.0395864370561,"rgba(239, 83, 80, 0.75)",4.706031501308811,72.8120433388823,-0.13754273455294405,11,0.3154120834794975,3.4695329182744725,0.0,0.0,0.0,0.0,42.7883386516905,-5.540800955991415,False,True,False,True,True,0.0
2025-05-02 00:00:00+00:00,74.6240201318,74.8430632863,70.7907649282,72.4236320799,19059379,76.78662837539763,77.07656656336052,77.10768844805075,77.05691104616281,73.9093970400592,76.0087282202094,"rgba(239, 83, 80, 0.75)",4.647885001257901,72.9352333658907,0.36334521302748385,10,0.31433437449438734,3.1433437449438735,0.0,0.0,0.0,0.0,44.449403075058356,-5.540800955991415,False,True,False,True,True,0.0
2025-05-09 00:00:00+00:00,73.0210225012,74.7932807512,72.8816314029,74.4149334843,13136042,76.75848482590057,77.04142737294953,77.061125346738,77.01611558854016,73.89203854017411,75.98695543871312,"rgba(239, 83, 80, 0.75)",4.658633170141431,73.00486644100067,0.003467982905988519,9,0.3328118748410589,2.99530687356953,0.0,0.0,0.0,0.0,44.72687788327486,-10.149652318433098,False,True,False,True,True,0.0
2025-05-16 00:00:00+00:00,81.1754017524,81.9918353283,74.8231502722,74.9724978776,25325123,76.80108282918604,77.0847491495104,77.11720441680387,77.06709163724088,74.37406389424868,76.19330721621617,#000000,4.598397475154067,73.8581797209963,1.5912547949453941,8,0.3349541637610227,2.6796333100881817,0.0,0.0,0.0,0.0,49.025703186466956,-5.964892527991026,False,False,False,False,True,3.865304637893047
2025-05-23 00:00:00+00:00,79.8213167974,81.9420527931,79.1243613058,80.1697945432,12902899,76.83033041301262,77.11542147230091,77.15673353183647,77.10292870148035,74.62994210883805,76.3000694867298,#000000,4.5762033056292175,74.25922766964686,1.2154375049096218,9,0.415729669354659,3.741567024191931,0.0,0.0,0.0,0.0,51.333009862368975,-3.793120036088233,True,False,False,False,True,2.6272965603094747
2025-05-30 00:00:00+00:00,81.2948798367,81.7329661457,80.08018598,80.8269240067,9760297,76.85678710804919,77.14354598330011,77.19288509289451,77.13567531946474,74.83269894815052,76.38516614250298,#000000,4.584592947943867,74.56024459636836,1.4689712514939939,9,0.41484074843835805,3.7335667359452227,0.0,0.0,0.0,0.0,53.58817264353873,-1.6849590494747133,True,False,False,False,True,3.8672456381661426
2025-06-06 00:00:00+00:00,81.5437925123,82.6887908198,79.7217517272,79.7317082342,10278455,76.88614740196019,77.17484576127134,77.23297615165514,77.17202799064228,75.0418918219016,76.47299018009554,"rgba(38, 166, 154, 1.0)",4.593874110139383,74.85935363416742,1.4550766342027097,9,0.41369534502597083,3.7232581052337377,0.0,0.0,0.0,0.0,55.302506564077206,-0.09453333146947074,True,False,True,False,True,4.076690766487172
2025-06-13 00:00:00+00:00,80.070229473,82.0217048493,79.8063820369,81.5238794982,12325186,76.91548257210306,77.20565806408645,77.27214008679489,77.20772559763334,75.25008848473993,76.55820685330097,"rgba(38, 166, 154, 1.0)",4.593213274107546,75.1471484879322,1.0718163279767028,9,0.4134191640139646,3.7207724761256813,0.0,0.0,0.0,0.0,55.618773857595144,0.19389962523761994,True,False,True,False,True,2.6947546467767154
2025-06-20 00:00:00+00:00,79.8213167974,83.1866161709,79.5076868262,80.9264890769,9010517,76.93781060489742,77.22917041160918,77.3019237169499,77.23490044904108,75.39819568742114,76.61928108748596,"rgba(38, 166, 154, 1.0)",4.584663828268467,75.34589825890235,0.9761715811970281,9,0.4134929756987473,3.721436781288726,0.0,0.0,0.0,0.0,55.69055597938001,0.32520915799715766,True,False,True,False,True,2.461421112321421
2025-06-27 00:00:00+00:00,78.1356801585,80.5232505425,76.2099763824,79.5027085727,17411167,76.95251591834815,77.24226891514641,77.31760941232591,77.24993701964608,75.53905552264966,76.66731025418022,"rgba(38, 166, 154, 1.0)",4.582408056809367,76.21509126789105,0.41912218789747085,9,0.4147574570226916,3.7328171132042245,0.0,0.0,0.0,0.0,54.70611256239738,0.32520915799715766,True,False,True,False,True,0.8865637624769747
2025-07-04 00:00:00+00:00,80.8496253767,81.9471767516,78.2764660667,78.4948787903,9069850,76.97170347636155,77.26218656115405,77.34255318950827,77.27284674931431,75.65831460353442,76.71610515210885,"rgba(38, 166, 154, 1.0)",4.5842540730776475,76.51437265212431,0.9456833446548516,9,0.41416409397592585,3.7274768457833325,0.0,0.0,0.0,0.0,55.376365107780956,0.32520915799715766,True,False,True,False,True,3.2820552690403773
2025-07-11 00:00:00+00:00,81.5181339414,83.4637931971,79.4028531096,80.2908719494,11089514,77.00242468346045,77.29475754285257,77.38346428106057,77.31026331460305,75.82876592776601,77.0640255787281,"rgba(38, 166, 154, 1.0)",4.578791784937273,78.34550590807481,0.6928963321202092,9,0.4132775551221662,3.719497996099496,0.0,0.0,0.0,0.0,56.17266674626376,1.103749676274738,True,False,True,False,True,3.8600066805691604
2025-07-18 00:00:00+00:00,77.3474387165,81.5979558596,76.7487743302,80.9593805142,15013872,77.01676445045514,77.30795463714958,77.39913789718048,77.32525311967208,75.93340189256658,77.0012498349946,"rgba(38, 166, 154, 1.0)",4.542556018226948,77.91339256177275,-0.12458929356113083,9,0.41329377717479754,3.719643994573178,0.0,0.0,0.0,0.0,54.29074274091239,1.103749676274738,True,False,True,False,True,0.011714915961889005
2025-07-25 00:00:00+00:00,76.7587520699,78.3082950566,75.6711784347,77.7465483074,15147862,77.0158099829167,77.30385404658222,77.3927125361974,77.32033918643799,75.96978680469172,76.94295370712705,#000000,4.506203987657944,77.52551819860255,-0.17015788251101255,9,0.41320860797153736,3.718877471743836,0.0,0.0,0.0,0.0,52.63743888840612,1.103749676274738,True,False,False,False,False,0.0
2025-08-01 00:00:00+00:00,72.7177674621,77.1223409072,72.1689917746,76.4095311779,20694906,76.97851055144397,77.2577184108801,77.33262144066808,77.26721649510375,75.87478159935209,76.63231783472403,#000000,4.494897860868776,76.38631612472183,-0.8161584036333969,9,0.4107741303771906,3.696967173394716,0.0,0.0,0.0,0.0,49.54039403951526,4.567826812831484,True,False,False,False,False,0.0
2025-08-08 00:00:00+00:00,74.8530037734,76.8285962483,72.8574558189,72.8574558189,18813156,76.95478084092525,77.22746373097267,77.29318890012367,77.2324799598124,75.83151967231815,76.59065997565672,#000000,4.451329788355856,76.19563148528518,-0.30162395861958474,8,0.41595476446065316,3.3276381156852253,0.0,0.0,0.0,0.0,48.53540293690347,3.587139880722063,False,False,False,False,False,0.0
2025-08-15 00:00:00+00:00,74.0647623314,75.7210671336,73.1667657518,74.8330482938,12009323,76.93617683604896,77.20434283917288,77.2633645138188,77.20602275869186,75.79192813193475,76.5458690610551,#000000,4.323956837500326,76.02016685988342,-0.4522257279547291,7,0.4235880746424501,2.9651165224971505,0.0,0.0,0.0,0.0,47.4505315886169,2.5012719250886235,False,False,False,False,False,0.0
2025-08-22 00:00:00+00:00,74.6434712382,75.5314900779,72.8375003393,74.034829112,16858442,76.91069509638842,77.17271938682941,77.22276920974666,77.1699338540374,75.74042686828183,76.49219643214337,#000000,4.177259395398032,75.83199383108955,-0.28452209460559635,6,0.4365721822645599,2.6194330935873595,0.0,0.0,0.0,0.0,47.01483612591333,2.0097227127443418,False,False,False,False,False,0.0
2025-08-29 00:00:00+00:00,76.0203993268,77.0381287836,73.1068993132,74.6434712382,15850890,76.8967890896859,77.15440414112948,77.19914834351447,77.14910726539873,75.72908677452389,76.4820220353097,#000000,4.018020942041033,75.81674253393369,0.0506858465408745,6,0.4382709900745095,2.629625940447057,0.0,0.0,0.0,0.0,47.50585179038706,2.0097227127443418,False,False,False,False,False,0.0
2025-09-05 00:00:00+00:00,76.4594198768,77.806414746,75.3219575427,75.5314900779,10110009,76.894660034747,77.1503378385314,77.19369111402602,77.14451955563322,75.74520004789248,76.49694751626232,#000000,3.8757149541777878,75.9392470451309,0.13421338716057674,6,0.4418087559079518,2.650852535447711,0.0,0.0,0.0,0.0,48.1118713225402,2.0097227127443418,False,False,False,False,False,0.0
2025-09-12 00:00:00+00:00,74.912870212,76.7787075495,73.6456972609,76.5891304938,10167159,76.88433740710657,77.1370936796502,77.17677873843,77.12950593345327,75.73264009646712,76.48271429055454,#000000,3.7562021185863466,75.73465013280364,-0.21877947321772817,6,0.44605464290214947,2.676327857412897,0.0,0.0,0.0,0.0,47.66956374573765,2.0097227127443418,False,False,False,False,False,0.0
2025-09-19 00:00:00+00:00,75.44169042,76.7787075495,74.3740722643,75.2720688438,13043084,76.87435949336107,77.12381814548999,77.15980428143574,77.11450195536743,75.72764528458985,76.47457166269423,#000000,3.6644848588795904,75.70348831403564,-0.07144193634782332,6,0.4519332895964511,2.7115997375787066,0.0,0.0,0.0,0.0,47.69123654988261,2.0097227127443418,False,False,False,False,False,0.0
2025-09-26 00:00:00+00:00,73.51,75.2720688438,72.755,75.2720688438,16309577,76.84668253667267,77.09027259196426,77.11759413932424,77.07656970715763,75.67097033637515,76.41930143198016,#000000,3.622648931433608,74.84970855669678,-0.3698146251689391,6,0.45970273647101817,2.758216418826109,0.0,0.0,0.0,0.0,46.62015964318197,0.941666765408371,False,False,False,False,False,0.0
2025-10-03 00:00:00+00:00,77.59,77.79,73.02,73.79,17798151,76.8396389920386,77.0797043534295,77.10410149729015,77.06477448283395,75.68568173855168,76.42660067389511,#000000,3.6019652414335233,75.26699398720416,0.6449273818842642,6,0.4623936754223152,2.774362052533891,0.0,0.0,0.0,0.0,48.30116347882067,0.941666765408371,False,False,False,False,False,0.6134027364140344
2025-10-10 00:00:00+00:00,74.9,78.49,74.66,77.58,15792744,76.83249125462834,77.06938827862636,77.09103311136629,77.0532722562232,75.69476978374246,76.42852756564965,#000000,3.609451473130298,75.47060320840366,-0.15808585117472096,8,0.3978434860383917,3.1827478883071336,0.0,0.0,0.0,0.0,48.04110418970954,0.941666765408371,False,False,False,False,False,0.0
2025-10-17 00:00:00+00:00,76.51,77.39,74.69,74.74,9739619,76.82910370996089,77.06419628079037,77.08445332641993,77.04751372357342,75.70312713351326,76.43164585175292,#000000,3.5694982169773537,75.55694712970293,0.2669991165044243,9,0.3976134577467326,3.5785211197205937,0.0,0.0,0.0,0.0,48.7388031630631,0.941666765408371,False,False,False,False,False,0.0
2025-10-24 00:00:00+00:00,75.49,77.49,74.95,76.85,10462514,76.82425277306592,77.05729026917044,77.07576716905923,77.03983608806183,75.70793407139954,76.43132328018822,#000000,3.5465366278393757,75.59007227972896,-0.02821690291971656,9,0.40224923050553274,3.6202430745497947,0.0,0.0,0.0,0.0,48.683787160974255,0.941666765408371,False,False,False,False,False,0.0
2025-10-31 00:00:00+00:00,71.95,76.02,71.71,75.73,15333724,76.79449646616918,77.02196836504402,77.03203710716706,77.00018473003469,75.64563379611923,76.37473036242534,#000000,3.5917698378526666,75.16126783071564,-0.8940628090566884,10,0.38187000825609635,3.8187000825609636,0.0,0.0,0.0,0.0,46.912775256219454,0.6812807799659453,False,False,False,False,False,0.0
2025-11-07 00:00:00+00:00,68.9,72.06,68.421,71.95,21312720,76.71492739670502,76.93049989538994,76.91951224612906,76.89751162961574,75.44829534108001,76.20998167253396,"rgba(239, 83, 80, 1.0)",3.7106306501336093,74.16411711376853,-1.4186583387325211,10,0.37724136607691644,3.7724136607691645,0.0,0.0,0.0,0.0,44.3933391238495,-1.8187723881433797,False,True,False,True,False,0.0
