date,Close,High,Low,Open,Volume,aVWAP_BoS_CHoCH_bull_59,aVWAP_BoS_CHoCH_bull_134,aVWAP_BoS_CHoCH_bear_19,aVWAP_BoS_CHoCH_bear_136,Peaks_Valleys_avg,color,StDev,StDev_Mean,StdDev_ZScore,MA_Cross_Count,MA_Avg_Deviation_Z,MA_Oscillation_Score,BoS,CHoCH,BoS_CHoCH_Price,BoS_CHoCH_Break_Index,QQEMOD,QQE1_Value,QQE1_Above_Upper,QQE1_Below_Lower,QQE2_Above_Threshold,QQE2_Below_Threshold,QQE2_Above_TL,banker_RSI
2021-12-31 00:00:00+00:00,10.1613870671,10.5813359906,10.1613870671,10.2508843787,530640,,,,,,#000000,,,,0,,,0.0,0.0,0.0,0.0,,,False,False,False,False,False,
2022-01-07 00:00:00+00:00,10.2233467443,10.3885725503,9.982392444,10.1889247014,581048,,,,,,"rgba(38, 166, 154, 0.5)",,,,0,,,0.0,0.0,0.0,0.0,100.0,,False,False,True,False,False,
2022-01-14 00:00:00+00:00,10.0092639351,10.5007284852,9.9746537555,10.2302311529,750444,,,,,,"rgba(38, 166, 154, 0.5)",,,,0,,,0.0,0.0,0.0,0.0,77.50501904133763,-51.227414313980645,False,False,True,False,True,
2022-01-21 00:00:00+00:00,9.8578790096,10.019646989,9.7186434304,9.9954198633,1938862,,,,,,"rgba(38, 166, 154, 0.5)",,,,0,,,0.0,0.0,0.0,0.0,59.16680964264727,-51.227414313980645,False,False,True,False,True,
2022-01-28 00:00:00+00:00,9.8648407886,9.8648407886,9.2730895768,9.7673758831,1208409,,,,,,#000000,,9.667590384666667,,0,,,0.0,0.0,0.0,0.0,46.5157697816638,-51.227414313980645,False,False,False,False,True,
2022-02-04 00:00:00+00:00,10.0736941574,10.143311947,9.8021847779,9.8787643465,476488,,,,,,#000000,,9.763404709122545,,0,,,0.0,0.0,0.0,0.0,46.41621164023169,-51.227414313980645,False,False,False,False,True,
2022-02-11 00:00:00+00:00,10.0945794943,10.338241758,10.0469609262,10.1015412733,465992,,,,,,#000000,,9.849311698478,,0,,,0.0,0.0,0.0,0.0,46.92778338531254,-51.227414313980645,False,False,False,False,True,
2022-02-18 00:00:00+00:00,10.1442952081,10.2825475263,9.875283457,10.1154648312,387408,,,,,,#000000,,9.887681212119888,,0,,,0.0,0.0,0.0,0.0,48.59701875376965,-51.227414313980645,False,False,False,False,True,
2022-02-25 00:00:00+00:00,9.6542326377,10.0742862695,9.4232031402,10.0602844817,770569,,,,,,"rgba(239, 83, 80, 0.5)",,9.847989006846433,,0,,,0.0,0.0,0.0,0.0,42.52197322441672,-51.227414313980645,False,False,False,True,True,
2022-03-04 00:00:00+00:00,9.8992639229,9.9692728615,9.5508294353,9.5632210174,260062,,,,,,"rgba(239, 83, 80, 0.5)",,9.844962520698225,,0,,,0.0,0.0,0.0,0.0,42.443485538632146,-51.227414313980645,False,False,False,True,True,
2022-03-11 00:00:00+00:00,9.3671959893,9.8642594536,9.2831852629,9.8572585597,475130,,,,,,"rgba(239, 83, 80, 0.5)",,9.80500678903535,,0,,,0.0,0.0,0.0,0.0,38.486609292835496,-51.227414313980645,False,False,False,True,True,
2022-03-18 00:00:00+00:00,9.381197777,9.4092013524,8.9331405697,9.2621825813,630160,,,,,,"rgba(239, 83, 80, 0.5)",,9.485086863649023,,0,,,0.0,0.0,0.0,0.0,35.84448585485407,-51.227414313980645,False,False,False,True,True,
2022-03-25 00:00:00+00:00,9.1284129625,9.6073729019,9.0368470917,9.3531942015,605253,,,,,,"rgba(239, 83, 80, 0.5)",,9.462071357381227,,0,,,0.0,0.0,0.0,0.0,32.71508699156783,-51.227414313980645,False,False,False,True,True,
2022-04-01 00:00:00+00:00,9.5087635026,9.5439811452,9.0791082628,9.1284129625,481417,,,,,,"rgba(239, 83, 80, 0.5)",,9.467592594456436,,0,,,0.0,0.0,0.0,0.0,34.62916261296471,-51.227414313980645,False,False,False,True,True,
2022-04-08 00:00:00+00:00,9.6425905445,9.9102446283,9.5087635026,9.5510246737,653395,,,,,,"rgba(239, 83, 80, 0.5)",,9.579002973898312,,0,,,0.0,0.0,0.0,0.0,37.172418614957074,-51.227414313980645,False,False,False,True,True,
2022-04-15 00:00:00+00:00,9.5158070311,9.649634073,9.4312846889,9.6425905445,330692,,,,,,"rgba(239, 83, 80, 0.5)",,9.565220373057052,,0,,,0.0,0.0,0.0,0.0,38.186662198110625,-51.227414313980645,False,False,False,True,True,
2022-04-22 00:00:00+00:00,9.3401178102,9.6164945891,9.2975983057,9.5510246737,379962,,,,,,"rgba(239, 83, 80, 0.5)",,9.541204063730168,,0,,,0.0,0.0,0.0,0.0,37.8940963148396,-51.227414313980645,False,False,False,True,True,
2022-04-29 00:00:00+00:00,9.1558666242,9.3472043942,9.134606872,9.2763385535,370944,,,,,,"rgba(239, 83, 80, 0.5)",,9.501227796271047,,0,,,0.0,0.0,0.0,0.0,36.73550844413149,-51.227414313980645,False,False,False,True,True,
2022-05-06 00:00:00+00:00,8.7164984116,9.1700397924,8.6739789072,9.1487800401,830196,,,,,,"rgba(239, 83, 80, 0.5)",,9.37169747517591,,0,,,0.0,0.0,0.0,0.0,34.1096413675344,-51.227414313980645,False,False,False,True,True,
2022-05-13 00:00:00+00:00,8.3054765353,8.7873642524,8.185004606,8.7023252435,1138069,,,,,8.425948464566666,"rgba(239, 83, 80, 0.5)",,8.990285302408964,,0,,,-1.0,0.0,8.185004,38.0,30.997375967864826,-51.227414313980645,False,False,False,True,False,
2022-05-20 00:00:00+00:00,8.5889398983,8.5960264823,8.2416972786,8.3338228716,988435,,,,,8.449006212911602,"rgba(239, 83, 80, 0.5)",,8.920877281400818,,0,,,0.0,0.0,0.0,0.0,31.05655355046025,-49.8847647058789,False,False,False,True,False,
2022-05-27 00:00:00+00:00,8.640434731,8.7189192744,8.3693063084,8.654704648,573993,,,,,8.476045636888706,"rgba(239, 83, 80, 0.5)",,8.9000499548608,,0,,,0.0,0.0,0.0,0.0,31.48892303477089,-47.156289535992116,False,False,False,True,False,
2022-06-03 00:00:00+00:00,8.5191404367,8.7117843159,8.4834656442,8.6618396065,500302,,,,,8.490959953763936,"rgba(239, 83, 80, 0.5)",,8.882864762167554,,0,,,0.0,0.0,0.0,0.0,31.353898284098968,-45.093161090779,False,False,False,True,False,
2022-06-10 00:00:00+00:00,8.8045387763,8.946738499,8.4906006027,8.5262753952,958218,,,,,8.550017798568296,"rgba(239, 83, 80, 0.5)",,8.76331955702691,,0,,,0.0,0.0,0.0,0.0,33.37307031410256,-41.08821618783428,False,False,False,True,False,
2022-06-17 00:00:00+00:00,8.5548152291,8.8402135687,8.3917814277,8.7189192744,574244,,,,,8.555548290757429,"rgba(239, 83, 80, 0.5)",,8.740613464764074,,0,,,0.0,0.0,0.0,0.0,33.81166964116563,-38.77103780403165,False,False,False,True,False,
2022-06-24 00:00:00+00:00,8.6567109404,8.6567109404,8.4555591509,8.5334103537,275876,,,,,8.557426996964256,"rgba(239, 83, 80, 0.5)",,8.732875545816064,,0,,,0.0,0.0,0.0,0.0,34.83975643210387,-36.00803261532542,False,False,False,True,False,
2022-07-01 00:00:00+00:00,8.8219427675,8.8363107525,8.5848710156,8.7285508652,441158,,,,,8.572828744117144,"rgba(239, 83, 80, 0.5)",,8.737840560409325,,0,,,0.0,0.0,0.0,0.0,36.69351995444044,-32.601603183459424,False,False,False,True,False,
2022-07-08 00:00:00+00:00,8.7357348577,8.8059224643,8.6769697992,8.7141828803,241121,,,,,8.579891688925024,"rgba(239, 83, 80, 0.5)",,8.739473310933423,,0,,,0.0,0.0,0.0,0.0,37.618419313772804,-30.2370381218274,False,False,False,True,False,
2022-07-15 00:00:00+00:00,8.5992390006,8.7716548201,8.5633190382,8.7213668728,275729,,,,,8.582888080604508,"rgba(239, 83, 80, 0.5)",,8.73612778390768,,0,,,0.0,0.0,0.0,0.0,37.660209010296384,-28.816298223578023,False,False,False,True,False,
2022-07-22 00:00:00+00:00,8.8014208504,8.9026697345,8.4986631058,8.6423429555,537644,,,,,8.595398784521121,"rgba(239, 83, 80, 0.5)",,8.738402075413267,,0,,,0.0,0.0,0.0,0.0,39.09947466173411,-26.1425382387277,False,False,False,True,False,
2022-07-29 00:00:00+00:00,9.0834713132,9.0870873447,8.6784757769,8.8665094187,323040,,,,,8.612160540649981,"rgba(239, 83, 80, 0.5)",,8.75016630217738,,0,,,0.0,0.0,0.0,0.0,41.861713916605844,-22.34804276751802,False,False,False,True,False,
2022-08-05 00:00:00+00:00,9.2642728919,9.322129397,9.0400789343,9.0834713132,233942,,,,,8.631926880034046,"rgba(239, 83, 80, 0.5)",,8.766762473673458,,0,,,0.0,0.0,0.0,0.0,44.8274284234395,-18.53216715895366,False,False,False,True,False,
2022-08-12 00:00:00+00:00,9.4595385968,9.568019544,9.2643452125,9.3076652707,208747,,,9.4306344511,,9.042746685549183,#000000,,8.922369590908405,,0,,,0.0,0.0,0.0,0.0,47.938663684577826,-14.731429301671369,False,False,False,False,True,
2022-08-19 00:00:00+00:00,9.1485598815,9.4740027231,9.1123995658,9.4595385968,227034,,,9.333915698241325,,9.003322173932295,#000000,,8.911145801587143,,0,,,0.0,0.0,0.0,0.0,48.402773286410195,-13.566830065606347,False,False,False,False,True,
2022-08-26 00:00:00+00:00,8.903038599,9.1214287527,8.8811995836,9.1196316289,314272,,,9.18082993680736,,8.932729897166608,#000000,,8.879633640560701,,0,,,0.0,0.0,0.0,0.0,47.52431543826556,-13.566830065606347,False,False,False,False,True,
2022-09-02 00:00:00+00:00,8.6409704145,8.9175979426,8.6045720556,8.903038599,496635,,,8.997669117062642,,8.842237891914653,"rgba(239, 83, 80, 0.5)",,8.830715090306397,,0,,,0.0,0.0,0.0,0.0,45.74397433011067,-13.566830065606347,False,False,False,True,True,
2022-09-09 00:00:00+00:00,8.5754533684,8.6919281171,8.3789022301,8.6118517274,838625,,,8.817137288204508,,8.74564382158081,"rgba(239, 83, 80, 0.5)",,8.768209823452246,,0,,,0.0,0.0,0.0,0.0,44.19753822486045,-13.566830065606347,False,False,False,True,True,
2022-09-16 00:00:00+00:00,8.3279445276,8.6700891017,8.2478681379,8.590012712,692835,,,8.716924293991397,,8.686424435559685,"rgba(239, 83, 80, 0.5)",,8.723780146579234,,0,,,0.0,0.0,0.0,0.0,42.10027546908125,-13.566830065606347,False,False,False,True,True,
2022-09-23 00:00:00+00:00,8.1387784417,8.4080209173,8.0874528119,8.3061055122,575501,,,8.630177073700514,,8.63077026781183,"rgba(239, 83, 80, 0.5)",,8.679124957649213,,0,,,0.0,0.0,0.0,0.0,39.908337011376396,-13.566830065606347,False,False,False,True,False,
2022-09-30 00:00:00+00:00,8.1461106746,8.1901040715,7.955472621,8.1021172776,769963,,,8.530664752111369,,8.562630128637261,"rgba(239, 83, 80, 0.5)",,8.621380162657157,,0,,,0.0,0.0,0.0,0.0,38.39379436294085,-13.566830065606347,False,False,False,True,False,
2022-10-07 00:00:00+00:00,8.1901040715,8.2406964781,8.0654561134,8.1534429074,529872,,,8.489075792810112,,8.532129984335455,"rgba(239, 83, 80, 0.5)",,8.593623988489275,,0,,,0.0,0.0,0.0,0.0,37.634107768126256,-13.566830065606347,False,False,False,True,False,
2022-10-14 00:00:00+00:00,7.9041469912,8.2267652357,7.8894825255,8.1901040715,432728,,,8.448044275406012,,8.336593335746187,"rgba(239, 83, 80, 0.5)",,8.396901261918929,,0,,,0.0,0.0,0.0,0.0,35.99695169322873,-5.735273975919803,False,False,False,True,False,
2022-10-21 00:00:00+00:00,8.0808538024,8.1461106746,7.9371420389,7.9481403881,313288,,,8.425221910205103,,8.331499473126774,"rgba(239, 83, 80, 0.5)",,8.38865646527967,,0,,,0.0,0.0,0.0,0.0,36.11695897678584,-5.989186888869604,False,False,False,True,False,
2022-10-28 00:00:00+00:00,8.2359707401,8.2433572609,8.0291481565,8.0291481565,569353,,,8.400828519770798,,8.338508968679653,"rgba(239, 83, 80, 0.5)",,8.388257091768448,,0,,,0.0,0.0,0.0,0.0,37.268583158005015,-5.989186888869604,False,False,False,True,False,
2022-11-04 00:00:00+00:00,8.4944989696,8.5388180946,8.14733249,8.2359707401,404710,,,8.400366337177427,,8.360938777981803,"rgba(239, 83, 80, 0.5)",,8.403656358787009,,0,,,0.0,0.0,0.0,0.0,39.71296938709383,-5.989186888869604,False,False,False,True,False,
2022-11-11 00:00:00+00:00,8.4575663654,8.568364178,8.3024494277,8.4723394071,319513,,,8.402391709927533,,8.37574757096162,"rgba(239, 83, 80, 0.5)",,8.414089238135196,,0,,,0.0,0.0,0.0,0.0,41.271626666505476,-5.989186888869604,False,False,False,True,True,
2022-11-18 00:00:00+00:00,8.3763146361,8.5018854904,8.3467685527,8.4575663654,556527,,,8.402847026385396,,8.38900487125977,"rgba(239, 83, 80, 0.5)",,8.422519608346395,,0,,,0.0,0.0,0.0,0.0,41.963901803843065,-5.989186888869604,False,False,False,True,True,
2022-11-25 00:00:00+00:00,8.554538622,8.6734095152,8.3541550736,8.3541550736,331485,,,8.408291726108706,,8.401439741572325,"rgba(239, 83, 80, 0.5)",,8.431876933003418,,0,,,0.0,0.0,0.0,0.0,43.60406344819492,-5.989186888869604,False,False,False,True,True,
2022-12-02 00:00:00+00:00,8.5024675173,8.7033132067,8.4653482584,8.5768548097,392657,,,8.415616794398293,,8.415163158465942,"rgba(239, 83, 80, 0.5)",,8.452408120985572,,0,,,0.0,0.0,0.0,0.0,44.47837903637187,-11.946133909897299,False,False,False,True,True,
2022-12-09 00:00:00+00:00,8.2495507233,8.5322224343,8.2346732648,8.4578351419,592064,,,8.410308329444037,,8.412460120572552,"rgba(239, 83, 80, 0.5)",,8.417058708642639,,0,,,0.0,0.0,0.0,0.0,43.7440322160182,-11.946133909897299,False,False,False,True,True,0.0
2022-12-16 00:00:00+00:00,8.2644281818,8.4132027665,8.2197958063,8.3164992864,844053,,,8.400336869548157,,8.404493122807782,"rgba(239, 83, 80, 0.5)",,8.395732422194106,,0,,,0.0,0.0,0.0,0.0,43.32543369571686,-11.946133909897299,False,False,False,True,True,0.0
2022-12-23 00:00:00+00:00,8.3397766733,8.3772419773,8.145408514,8.271866911,663357,,,8.392904564883317,,8.398215522884799,"rgba(239, 83, 80, 0.5)",,8.385211757342208,,0,,,0.0,0.0,0.0,0.0,43.57848768430321,-11.946133909897299,False,False,False,True,True,0.0
2022-12-30 00:00:00+00:00,8.2588322082,8.3247905517,8.1380448998,8.3098044301,688875,,,8.383152819937084,,8.38911031953033,"rgba(239, 83, 80, 0.5)",,8.312352808743157,,0,,,0.0,0.0,0.0,0.0,43.290605185807216,-11.946133909897299,False,False,False,True,True,0.0
2023-01-06 00:00:00+00:00,8.5079560316,8.5155052384,8.2449416677,8.296578242,311137,,,8.38426685876992,,8.39108884024211,"rgba(239, 83, 80, 0.5)",,8.330482635209307,,0,,,0.0,0.0,0.0,0.0,44.873532771744394,-10.334198491837128,False,False,False,True,True,0.0
2023-01-13 00:00:00+00:00,8.6966862009,8.7344322348,8.4777592045,8.5532512723,348945,,,8.391966188887613,,8.40027076855469,#000000,,8.36546827925023,,0,,,0.0,0.0,0.0,0.0,47.19255905848461,-7.899943079004821,False,False,False,False,True,0.0
2023-01-20 00:00:00+00:00,8.7419814415,8.825022716,8.6815877874,8.7042354077,307728,,,8.401346708622988,,8.410999803490292,#000000,,8.396584104126566,,0,,,0.0,0.0,0.0,0.0,49.123998869813626,-5.906336236795333,False,False,False,False,True,0.0
2023-01-27 00:00:00+00:00,8.8325719228,8.8703179567,8.726883028,8.7570798551,314621,,,8.412019366213318,,8.42294042482991,#000000,,8.425892084688652,,0,,,0.0,0.0,0.0,0.0,51.0565445313094,-3.953281047103978,False,False,False,False,True,0.0
2023-02-03 00:00:00+00:00,8.9684576447,9.0514989192,8.825022716,8.8325719228,421660,,,8.430159577921767,,8.442783420929551,#000000,,8.46907693273251,,0,,,0.0,0.0,0.0,0.0,53.23438333799175,-1.8005616679746197,False,False,False,False,True,0.0
2023-02-10 00:00:00+00:00,8.9684576447,9.059048126,8.8665433533,8.991105265,299779,,,8.442711619376533,,8.456309871043516,"rgba(38, 166, 154, 0.5)",,8.495225033274716,,0,,,0.0,0.0,0.0,0.0,54.789982485622005,-0.27059539473243177,False,False,True,False,True,0.0
2023-02-17 00:00:00+00:00,9.1420894004,9.2326798817,8.9986544718,9.0213020921,420942,,,8.464474318384255,,8.64072030136259,"rgba(38, 166, 154, 0.5)",,8.702999796379311,,0,,,1.0,0.0,9.23268,78.0,56.90378409722199,1.7870540511603537,False,False,True,False,True,0.0
2023-02-24 00:00:00+00:00,9.0587990405,9.1349234021,8.9065503171,9.1349234021,294097,,,8.476886337652354,,8.641138824695595,"rgba(38, 166, 154, 0.5)",,8.711911160284323,,0,,,0.0,0.0,0.0,0.0,57.67051182699856,2.5488087633149092,False,False,True,False,True,0.0
2023-03-03 00:00:00+00:00,9.1120860936,9.172985583,9.0017057692,9.0511866043,325596,,,8.491477059505963,,8.653221380470029,"rgba(38, 166, 154, 1.0)",,8.733154953153694,,0,,,0.0,0.0,0.0,0.0,58.539976335046816,3.446943574832474,True,False,True,False,True,0.0
2023-03-10 00:00:00+00:00,8.8304259554,9.2034353277,8.8304259554,9.1120860936,385041,,,8.504046703023592,,8.653798788663863,"rgba(38, 166, 154, 1.0)",,8.738590048803502,,0,,,0.0,0.0,0.0,0.0,56.79631656376471,3.446943574832474,True,False,True,False,True,0.0
2023-03-17 00:00:00+00:00,8.449804147,8.8761005724,8.449804147,8.7619140299,334201,,,8.50606804192044,,8.633258429918552,#000000,,8.713652259075573,,0,,,0.0,0.0,0.0,0.0,53.08121642353092,8.287037433383361,True,False,False,False,False,0.0
2023-03-24 00:00:00+00:00,8.5421901417,8.6722434503,8.4269668385,8.4269668385,329548,8.547133476833334,,8.506979026610553,,8.603227069760667,#000000,,8.700967135920871,,0,,,0.0,0.0,0.0,0.0,51.08769744303079,6.412277732905686,True,False,False,False,False,0.0
2023-03-31 00:00:00+00:00,8.7035084808,8.8187358658,8.5421901417,8.5652356187,325228,8.61717397951424,,8.510860304408448,,8.613795207317382,#000000,,8.711252443979644,,0,,,0.0,0.0,0.0,0.0,50.76341923367431,6.113461994861289,True,False,False,False,False,0.0
2023-04-07 00:00:00+00:00,8.6113265727,8.8340995171,8.5268264904,8.7342357834,387823,8.632143659336636,,8.514511168697593,,8.612947323525223,#000000,,8.706618486272504,,0,,,0.0,0.0,0.0,0.0,49.93392805517605,5.265233901641913,True,False,False,False,False,0.0
2023-04-14 00:00:00+00:00,8.7956903888,8.8571449941,8.6305311369,8.6497357011,331319,8.663246703518883,,8.519650046049309,,8.62048962832883,#000000,,8.714056310052314,,0,,,0.0,0.0,0.0,0.0,50.568514947063406,5.265233901641913,True,False,False,False,False,0.0
2023-04-21 00:00:00+00:00,8.8517677161,8.8955541224,8.7956903888,8.8340995171,264483,8.693017817601584,,8.525017195207415,,8.629862222640064,#000000,,8.724710434679146,,0,,,0.0,0.0,0.0,0.0,51.37915532657998,5.265233901641913,True,False,False,False,False,0.0
2023-04-28 00:00:00+00:00,8.9402078822,8.9757854775,8.5882299733,8.844016606,353619,8.71817622428839,,8.531647851645234,,8.63882125372093,#000000,,8.783920689163278,,0,,,0.0,0.0,0.0,0.0,52.52137935581513,5.265233901641913,True,False,False,False,False,0.0
2023-05-05 00:00:00+00:00,8.8130121657,8.9680343674,8.6889944044,8.9680343674,264397,8.730499669856098,,8.536243441477026,,8.64384068645246,#000000,,8.786340680930817,,0,,,0.0,0.0,0.0,0.0,52.36894302487279,5.265233901641913,True,False,False,False,False,0.0
2023-05-12 00:00:00+00:00,8.7044966245,8.8595188262,8.6967455144,8.8595188262,231629,8.732649024208584,,8.5392023813373,,8.645100873947957,#000000,,8.780607087426628,,0,,,0.0,0.0,0.0,0.0,51.473140403144896,5.265233901641913,True,False,False,False,False,0.0
2023-05-19 00:00:00+00:00,8.7223241777,8.8127021213,8.6812432943,8.7122477346,268172,8.733243266876647,,8.542298935714886,,8.645912259549313,#000000,,8.775077260883151,,0,,,0.0,0.0,0.0,0.0,50.96729114467345,5.265233901641913,True,False,False,False,False,0.0
2023-05-26 00:00:00+00:00,8.7145014655,8.7770831636,8.5658699324,8.6988560409,242459,8.729408696697398,,8.544284584289516,,8.64483488960644,#000000,,8.751311369095115,,0,,,0.0,0.0,0.0,0.0,50.544553538270335,5.059877769992163,True,False,False,False,False,0.0
2023-06-02 00:00:00+00:00,8.9100692721,8.9882963948,8.6284516305,8.6910333287,252917,8.738187516396154,,8.54852401436463,,8.649323028396164,#000000,0.5650262727267862,8.776503104901039,0.23638930372985567,0,,,0.0,0.0,0.0,0.0,51.74091325187695,5.059877769992163,True,False,False,False,False,0.0
2023-06-09 00:00:00+00:00,9.0195872439,9.1134597911,8.8318421495,8.9100692721,412787,8.766361904813584,,8.558503679352585,,8.663458523745465,#000000,0.5458118335491782,8.822482865262439,0.36112148275693695,0,,,0.0,0.0,0.0,0.0,53.35387097876597,5.059877769992163,True,False,False,False,True,0.0
2023-06-16 00:00:00+00:00,8.9491828335,9.1682187769,8.9257146967,9.0665235175,368914,8.789046690830995,,8.567565321198833,,8.675688871148848,#000000,0.5231470545552624,8.848991903360268,0.19151580663090262,0,,,0.0,0.0,0.0,0.0,53.86947560077292,5.059877769992163,True,False,False,False,True,0.0
2023-06-23 00:00:00+00:00,9.1265664462,9.1660412146,8.9335374089,8.9491828335,267892,8.806880571471526,,8.57479110015046,,8.685592276544122,"rgba(38, 166, 154, 1.0)",0.5069451889825246,8.868762453058272,0.5085441162961998,0,,,0.0,0.0,0.0,0.0,55.453030528252356,1.3061556853672727,True,False,True,False,True,0.47378687787293217
2023-06-30 00:00:00+00:00,9.276570566,9.4344696394,9.0555118631,9.0949866315,460450,8.850263720483698,,8.59104207939112,,8.709634598055464,"rgba(38, 166, 154, 1.0)",0.49584268148409866,8.918878080099184,0.7213830096880991,0,,,0.0,0.0,0.0,0.0,57.50191435669012,3.3508100811127335,True,False,True,False,True,2.3657333397305855
2023-07-07 00:00:00+00:00,9.2940973631,9.5449989909,9.2607806586,9.3160453343,293820,8.880274354193276,,8.602679815094204,,8.726759972854538,"rgba(38, 166, 154, 1.0)",0.48437743870793387,8.95229555668173,0.7056517895012201,0,,,0.0,0.0,0.0,0.0,59.07016610573834,4.894920907535727,True,False,True,False,True,2.58491395210941
2023-07-14 00:00:00+00:00,9.323940288,9.4186797321,9.2686756123,9.3397301954,304274,8.906208439984114,,8.613917335662364,,8.74234422489574,"rgba(38, 166, 154, 1.0)",0.46611302204985244,8.979124734273427,0.7397681193504468,0,,,0.0,0.0,0.0,0.0,60.376265717095684,6.176348508733952,True,False,True,False,True,2.962600362509569
2023-07-21 00:00:00+00:00,9.3673625332,9.4265746858,9.300255427,9.3634150564,377300,8.936363500567298,,8.627897681145138,,8.761144342627858,"rgba(38, 166, 154, 1.0)",0.4467633948737343,9.009355073681919,0.8013357039227942,0,,,0.0,0.0,0.0,0.0,61.58634200340633,7.3669829467395544,True,False,True,False,True,3.516148084426227
2023-07-28 00:00:00+00:00,9.5187059755,9.5744640858,9.3832934219,9.4071897549,299579,8.963945754537887,,8.640489234158837,,8.778368859306237,"rgba(38, 166, 154, 1.0)",0.42725869032034175,9.037732711895117,1.1257190889300992,0,,,0.0,0.0,0.0,0.0,63.36676732466407,9.101083578392881,True,False,True,False,True,5.417754938160925
2023-08-04 00:00:00+00:00,9.6700494178,9.7258075281,9.5226886977,9.5824295302,396400,9.005574126628433,,8.659384062821937,,8.80448195753448,"rgba(38, 166, 154, 1.0)",0.42768018604048186,9.081168122188918,1.3769197517963596,0,,,0.0,0.0,0.0,0.0,65.45211007061424,11.103568110981008,True,False,True,False,True,7.256635302250423
2023-08-11 00:00:00+00:00,9.6939457508,9.7258075281,9.6142913075,9.6780148621,317115,9.037164807369846,,8.67456659817303,,8.824908479693953,"rgba(38, 166, 154, 1.0)",0.4212830601562571,9.113478265429476,1.3778562213140568,0,,,0.0,0.0,0.0,0.0,67.06525194860433,12.632998941032469,True,False,True,False,True,7.543857577537942
2023-08-18 00:00:00+00:00,9.6302221961,9.7417384168,9.5266714198,9.7019111951,273472,9.060359574791885,,8.686727989869027,,8.840567625543306,"rgba(38, 166, 154, 1.0)",0.42698521147474605,9.136375163112154,1.156590485375755,0,,,0.0,0.0,0.0,0.0,67.39611694782984,12.95093244277814,True,False,True,False,True,6.602408168997865
2023-08-25 00:00:00+00:00,9.7497018731,9.8059656102,9.6131417454,9.6693251058,232326,9.081574494756705,,8.69778026999265,,8.85488800691025,"rgba(38, 166, 154, 1.0)",0.43556377396519386,9.157589961919129,1.3594149618792364,0,,,0.0,0.0,0.0,0.0,68.31452754742575,13.878672792842082,True,False,True,False,True,8.063057838163576
2023-09-01 00:00:00+00:00,9.7255888429,9.8140032869,9.661287429,9.8140032869,321399,9.109231874069952,,8.712842365348756,,8.874002033812664,"rgba(38, 166, 154, 1.0)",0.44650691205930143,9.18491005424785,1.2109079927979767,0,,,0.0,0.0,0.0,0.0,68.64804418006659,14.270403555377825,True,False,True,False,True,7.699361369875046
2023-09-08 00:00:00+00:00,9.7095134894,9.8541916705,9.661287429,9.7738149032,311764,9.13422458304888,,8.727152008619273,,8.89174424031728,"rgba(38, 166, 154, 1.0)",0.45119026947404656,9.209278879489926,1.1086999072324846,0,,,0.0,0.0,0.0,0.0,68.66216072989907,14.39671893435289,True,False,True,False,True,7.453763656444529
2023-09-15 00:00:00+00:00,9.7095134894,9.7979279334,9.6693251058,9.7014758127,372417,9.16088245674917,,8.743469612395296,,8.91135629613662,"rgba(38, 166, 154, 1.0)",0.45287084672995814,9.234770140494554,1.0482974391781308,0,,,0.0,0.0,0.0,0.0,68.67224397977941,14.558800513123089,True,False,True,False,True,7.453763656444529
2023-09-22 00:00:00+00:00,9.8941545748,10.0076940535,9.7095134894,9.7175511661,215954,9.178958021334608,,8.754049695082282,,8.924381608666993,"rgba(38, 166, 154, 1.0)",0.4625441040503229,9.252575248181788,1.387066273248638,0,,,0.0,0.0,0.0,0.0,69.83822227245693,15.841660642642623,True,False,True,False,True,9.770527109217515
2023-09-29 00:00:00+00:00,9.8211649099,9.93875937,9.748175245,9.8130549472,376320,9.206886274080846,,8.771465378398839,,8.945194575044066,"rgba(38, 166, 154, 1.0)",0.4727733787399146,9.279581371699088,1.1455457573444552,0,,,0.0,0.0,0.0,0.0,69.58971348974764,15.841660642642623,True,False,True,False,True,8.613709268208385
2023-10-06 00:00:00+00:00,9.8454947982,9.8698246865,9.4318866971,9.8211649099,484129,9.233267843518904,,8.79062198856365,,8.96655431975391,"rgba(38, 166, 154, 1.0)",0.4853812610313786,9.303747416751124,1.1161275165376736,0,,,0.0,0.0,0.0,0.0,69.57392781545832,15.881050495598458,True,False,True,False,True,8.92042777883891
2023-10-13 00:00:00+00:00,9.8617147237,10.0239139791,9.7643951706,9.7725051333,473947,9.264668676804575,,8.811901368413482,,8.99108141047525,"rgba(38, 166, 154, 1.0)",0.49872703162950416,9.333846151065087,1.0584318457938693,0,,,0.0,0.0,0.0,0.0,69.67460148062688,16.160508752956105,True,False,True,False,True,9.127465092399095
2023-10-20 00:00:00+00:00,9.4302647046,9.9265944259,9.4261681517,9.9265944259,440991,9.278848465061262,,8.825826621712578,,9.00483084568222,"rgba(38, 166, 154, 0.75)",0.49835988202810544,9.345382024766012,0.17032406278080292,0,,,0.0,0.0,0.0,0.0,64.3876316889358,17.999065924825047,True,False,True,False,False,2.5337839393817028
2023-10-27 00:00:00+00:00,9.3483336472,9.5777406079,9.290981907,9.3974922816,437388,9.284037964014447,,8.835884621853674,,9.07837886408126,"rgba(38, 166, 154, 0.75)",0.4999257417129329,9.389029306015443,-0.08140340738607296,0,,,0.0,0.0,0.0,0.0,59.85464428255929,13.73207469952876,True,False,True,False,False,1.3738669457055437
2023-11-03 00:00:00+00:00,10.0037821063,10.0611338464,9.3483336472,9.3974922816,532097,9.3087112627193,,8.855899750093268,,9.132643001661647,"rgba(38, 166, 154, 0.75)",0.515009838701618,9.460816035423639,1.0542829089347547,0,,,0.0,0.0,0.0,0.0,61.13612954745058,13.73207469952876,True,False,True,False,False,9.386792560306294
2023-11-10 00:00:00+00:00,9.9955890005,10.0365545292,9.8399199915,9.9955890005,413497,9.331761799536187,,8.873308741563278,,9.16520261710537,"rgba(38, 166, 154, 0.75)",0.527707843787163,9.502445612382537,0.93450077334147,0,,,0.0,0.0,0.0,0.0,61.976136467350926,13.73207469952876,True,False,True,False,False,9.269811626592716
2023-11-17 00:00:00+00:00,10.0365545292,10.2168028554,9.9628165776,10.0201683177,675851,9.372400448427312,,8.90349692351617,,9.212177179378022,"rgba(38, 166, 154, 1.0)",0.5425461614015642,9.561033498794329,0.8764618833119265,0,,,0.0,0.0,0.0,0.0,62.79665121677789,13.73207469952876,True,False,True,False,True,9.731435847270028
2023-11-24 00:00:00+00:00,10.1014203435,10.1014203435,9.979202789,10.0529407407,226095,9.384812288998473,,8.913164279077542,,9.224612773470952,"rgba(38, 166, 154, 1.0)",0.5564659323967905,9.575578586900276,0.9449666654970879,0,,,0.0,0.0,0.0,0.0,63.7359235894597,9.35767690044139,True,False,True,False,True,10.463752074063567
2023-12-01 00:00:00+00:00,10.3578855611,10.3578855611,9.9938704136,10.1096934151,527952,9.419228685551387,,8.93848660670081,,9.259947536065186,"rgba(38, 166, 154, 1.0)",0.5776885247182637,9.619028203284044,1.2789891545384142,9,0.23193896537742306,2.0874506883968076,0.0,0.0,0.0,0.0,65.66323295556022,11.207737625690143,True,False,True,False,True,13.258596386504983
2023-12-08 00:00:00+00:00,10.4075239903,10.4902547056,10.2586087027,10.341339418,534365,9.457193254327098,,8.96597772451136,,9.297830583475593,"rgba(38, 166, 154, 1.0)",0.5998526446834509,9.665933403811497,1.2362879334804775,9,0.23048020158927526,2.0743218143034774,0.0,0.0,0.0,0.0,67.26070791549225,12.728324297627978,True,False,True,False,True,13.78219100091026
2023-12-15 00:00:00+00:00,10.5564392779,10.6143507787,10.2586087027,10.4323432049,659839,9.504357312675591,,9.000601751412132,,9.34311888726264,"rgba(38, 166, 154, 1.0)",0.6246742923385956,9.721127080688166,1.337196371703838,9,0.2264231456823412,2.0378083111410707,0.0,0.0,0.0,0.0,69.03931590354394,14.421615559866666,True,False,True,False,True,15.331225081070293
2023-12-22 00:00:00+00:00,10.5497924295,10.6308969217,10.3827047757,10.5564392779,462124,9.536273766786085,,9.024626498496088,,9.372881485941795,"rgba(38, 166, 154, 1.0)",0.646283185341572,9.756555938156229,1.2273822208828347,9,0.2219215642315958,1.9972940780843622,0.0,0.0,0.0,0.0,70.23209330840743,15.555993900071059,True,False,True,False,True,15.227239942118846
2023-12-29 00:00:00+00:00,10.676242524,10.7774391356,10.5497924295,10.5497924295,411290,9.56702676118925,,9.047413066379708,,9.401678638120783,"rgba(38, 166, 154, 1.0)",0.6716497797716374,9.791322545619899,1.3175318522116921,9,0.21671501384799305,1.9504351246319374,0.0,0.0,0.0,0.0,71.6205952186437,16.896914381466914,True,False,True,False,True,16.53375931954162
2024-01-05 00:00:00+00:00,10.7943052376,10.8449035434,10.5834789634,10.6003450653,358529,9.594193662706497,,9.067639881540078,,9.426947036062737,"rgba(38, 166, 154, 1.0)",0.6998326641760362,9.821703227918652,1.38976366704241,9,0.2118283669067771,1.9064553021609938,0.0,0.0,0.0,0.0,73.07876126153965,18.31271495051695,True,False,True,False,True,17.726467081338924
2024-01-12 00:00:00+00:00,10.7015416769,10.8870687982,10.6509433711,10.7521399827,463418,9.627662678277572,,9.093164601789708,,9.457659547616705,"rgba(38, 166, 154, 1.0)",0.7232787742109448,9.857885106252963,1.1664334703689,9,0.20808024910733883,1.8727222419660494,0.0,0.0,0.0,0.0,72.97417375167733,18.31271495051695,True,False,True,False,True,16.234272486153667
2024-01-19 00:00:00+00:00,10.8280374414,10.8617696453,10.693108626,10.7268408298,410944,9.656956209653087,,9.115794145452874,,9.484396962762096,"rgba(38, 166, 154, 1.0)",0.7484388281024307,9.889063137551393,1.254577219395811,9,0.20384087681623508,1.8345678913461159,0.0,0.0,0.0,0.0,73.45276279368446,18.7985622299757,True,False,True,False,True,17.52133870554193
2024-01-26 00:00:00+00:00,11.0135645627,11.0641628685,10.8364704924,10.8786357472,414066,9.689391042662015,,9.140337030879822,,9.514244734280284,"rgba(38, 166, 154, 1.0)",0.77870096881455,9.924535253174628,1.3985205529964178,9,0.19700203492270982,1.7730183143043883,0.0,0.0,0.0,0.0,74.52132630757049,19.93923972431797,True,False,True,False,True,19.345577965194042
2024-02-02 00:00:00+00:00,11.1147611743,11.2033082095,10.9646528671,11.0135645627,421606,9.723822872499374,,9.166300978382738,,9.545941301991974,"rgba(38, 166, 154, 1.0)",0.8094708922417154,9.962333919115743,1.423679673017979,9,0.19072920849798103,1.7165628764818293,0.0,0.0,0.0,0.0,75.64551433521181,21.1287560883478,True,False,True,False,True,20.0
2024-02-09 00:00:00+00:00,10.9713993079,11.1653594801,10.929234053,11.0894620214,478902,9.758985208692202,,9.193894561857515,,9.577922288515644,"rgba(38, 166, 154, 1.0)",0.8319006609509961,9.999243032825754,1.1685965893607,9,0.18513504861759605,1.6662154375583644,0.0,0.0,0.0,0.0,74.71011654692705,21.1287560883478,True,False,True,False,True,17.97856681715374
2024-02-16 00:00:00+00:00,11.1653594801,11.1653594801,10.9798323588,11.0051315117,363278,9.7860544038723,,9.215194083959963,,9.602567488062862,"rgba(38, 166, 154, 1.0)",0.8574221418166664,10.027660273860997,1.3268833993818936,9,0.17899160764564914,1.6109244688108424,0.0,0.0,0.0,0.0,74.83969612127673,21.1287560883478,True,False,True,False,True,19.842535332970467
2024-02-23 00:00:00+00:00,11.0731264585,11.2263288231,11.0475927311,11.1653594801,303411,9.808042354823598,,9.23273502124455,,9.622546403424556,"rgba(38, 166, 154, 1.0)",0.8750024651826668,10.377358140826104,0.7951615513776267,9,0.17395492807405322,1.565594352666479,0.0,0.0,0.0,0.0,73.88068722060035,21.1287560883478,True,False,True,False,True,18.361665674401834
2024-03-01 00:00:00+00:00,11.1241939134,11.1241939134,10.919924094,11.0731264585,355462,9.831762585555737,,9.252240341751083,,9.643991630004486,"rgba(38, 166, 154, 1.0)",0.8888741460912911,10.387224855877157,0.8291039409387344,9,0.1692669683959391,1.523402715563452,0.0,0.0,0.0,0.0,73.4256741958018,21.1287560883478,True,False,True,False,True,18.85693507808484
2024-03-08 00:00:00+00:00,10.9284353365,11.1752613682,10.9284353365,11.0646152161,503026,9.862640542361133,,9.278463539000837,,9.671827382020629,"rgba(38, 166, 154, 0.75)",0.896060580653969,10.401696945072203,0.5878379239084136,9,0.16593359925048173,1.4934023932543357,0.0,0.0,0.0,0.0,70.95490489774633,25.04097028500955,True,False,True,False,False,15.752793380792788
2024-03-15 00:00:00+00:00,11.0390814886,11.1922838532,10.8773678816,10.9284353365,527104,9.89398947730169,,9.305508556288666,,9.700161014673418,"rgba(38, 166, 154, 0.75)",0.9050536075114646,10.681258538173115,0.3953610564690816,9,0.1623033863790331,1.460730477411298,0.0,0.0,0.0,0.0,69.78574298174406,23.855529812542486,True,False,True,False,False,16.861780087148034
2024-03-22 00:00:00+00:00,11.1162559908,11.2107527574,11.0475927311,11.098660186,374450,9.916911336168699,,9.325179141393063,,9.720987089447302,"rgba(38, 166, 154, 0.75)",0.9081924524895305,10.70498604738249,0.45284448498788804,9,0.15859903415317592,1.4273913073785833,0.0,0.0,0.0,0.0,69.35168962979486,23.369160064253407,True,False,True,False,False,17.626115813002965
2024-03-29 00:00:00+00:00,11.1935715271,11.3653838299,11.0733029151,11.0733029151,581506,9.953277276976555,,9.356315757944001,,9.754164301631375,"rgba(38, 166, 154, 0.75)",0.9151321067364414,11.011934305482146,0.1984819681014261,8,0.16182866935945045,1.2946293548756036,0.0,0.0,0.0,0.0,69.435980329716,23.355232695340362,True,False,True,False,False,18.38697735376835
2024-04-05 00:00:00+00:00,11.1334372211,11.2537058331,11.0303498394,11.2537058331,475756,9.979934408889477,,9.380081116766204,,9.778488751539621,"rgba(38, 166, 154, 0.75)",0.9218602620917287,11.01203886696485,0.13168845553630043,8,0.15885424024540015,1.2708339219632012,0.0,0.0,0.0,0.0,68.80020455087704,22.6177893772426,True,False,True,False,False,17.414319484936637
2024-04-12 00:00:00+00:00,11.2365246028,11.3396119845,11.1334372211,11.1677996817,511326,10.009576570846438,,9.406302007524426,,9.805666067107829,"rgba(38, 166, 154, 0.75)",0.9338822552731517,11.033739367179066,0.2171421873324065,8,0.15641579472700992,1.2513263578160794,0.0,0.0,0.0,0.0,68.9115834147281,22.59777030005354,True,False,True,False,False,18.444715353228897
2024-04-19 00:00:00+00:00,11.2451152179,11.3052495239,11.1162559908,11.2880682936,526151,10.038313563274375,,9.432315869187537,,9.832086109773822,"rgba(38, 166, 154, 0.75)",0.9439127379271469,11.047735532082168,0.20910797988729618,7,0.15459963872659657,1.082197471086176,0.0,0.0,0.0,0.0,69.0383290514281,22.57324912006851,True,False,True,False,False,18.530635533840165
2024-04-26 00:00:00+00:00,11.3928118721,11.4708448301,11.2194052987,11.3061085854,377653,10.060436054612067,,9.451945730887369,,9.852503397945933,"rgba(38, 166, 154, 0.75)",0.9544146792066943,11.069134318674898,0.33913723298361337,7,0.15163582536214718,1.0614507775350301,0.0,0.0,0.0,0.0,69.91576351926084,22.57324912006851,True,False,True,False,False,19.996627624175723
2024-05-03 00:00:00+00:00,11.4101525295,11.4448338441,11.2540866134,11.3754712148,478703,10.08761651531187,,9.476371519352194,,9.877647731647542,"rgba(38, 166, 154, 0.75)",0.9665948425791814,11.091943703741235,0.3292060041513182,7,0.14906009875121845,1.043420691258529,0.0,0.0,0.0,0.0,70.63158609138523,22.57324912006851,True,False,True,False,False,20.0
2024-05-10 00:00:00+00:00,11.4361635155,11.6182404175,11.3494602288,11.4448338441,722500,10.12955288366407,,9.513934362684624,,9.916570731430083,"rgba(38, 166, 154, 1.0)",0.9768573335475725,11.305337410997652,0.13392549762332076,6,0.15416723259021792,0.9250033955413075,0.0,0.0,0.0,0.0,71.28195897898355,22.57324912006851,True,False,True,False,True,20.0
2024-05-17 00:00:00+00:00,11.4795151588,11.5228668022,11.3321195714,11.4795151588,464270,10.154738915486972,,9.537056104722414,,9.940031839896813,"rgba(38, 166, 154, 1.0)",0.9815675470865796,11.316206084649114,0.16637578802967648,6,0.1517091493816789,0.9102548962900734,0.0,0.0,0.0,0.0,71.98301531491748,22.57324912006851,True,False,True,False,True,20.0
2024-05-24 00:00:00+00:00,11.5238933955,11.5947692774,11.4274931868,11.5315371308,465919,10.18039318831653,,9.56054763885998,,9.96398421036185,"rgba(38, 166, 154, 1.0)",0.9856888672481968,11.335635856372896,0.19099083431131078,6,0.14923088173464596,0.8953852904078758,0.0,0.0,0.0,0.0,72.72708837235879,19.685235322243017,True,False,True,False,True,20.0
2024-05-31 00:00:00+00:00,11.4976430688,11.5851441576,11.3138907823,11.5238933955,475360,10.204648728608568,,9.583350681629723,,9.986715506543897,"rgba(38, 166, 154, 1.0)",0.9888788400139186,11.34539845508479,0.15395679182807365,6,0.14687368571035692,0.8812421142621415,0.0,0.0,0.0,0.0,72.82946064247191,19.886991225147085,True,False,True,False,True,20.0
2024-06-07 00:00:00+00:00,11.5413936132,11.6026443754,11.3576413267,11.5063931777,465644,10.228172256330003,,9.605570135035045,,10.008821643429247,"rgba(38, 166, 154, 1.0)",0.9894290320846062,11.357154910293929,0.18620709210230393,6,0.14469348293075693,0.8681608975845416,0.0,0.0,0.0,0.0,73.16949116571581,20.330493007652336,True,False,True,False,True,20.0
2024-06-14 00:00:00+00:00,11.3838916534,11.5851441576,11.3751415445,11.5413936132,401895,10.24698941576347,,9.623817694883762,,10.02658151015726,"rgba(38, 166, 154, 0.75)",0.9900974541388406,11.36176752682133,0.02234540295622928,6,0.1432272312408599,0.8593633874451594,0.0,0.0,0.0,0.0,70.915367878604,20.330493007652336,True,False,True,False,False,18.414108161038914
2024-06-21 00:00:00+00:00,11.5247684063,11.6026443754,11.3926417622,11.4013918711,217427,10.25741479139037,,9.633852286877728,,10.036430769493203,"rgba(38, 166, 154, 0.75)",0.9956325842565418,11.36645170188226,0.15901117231509407,6,0.14136247944329836,0.8481748766597901,0.0,0.0,0.0,0.0,70.31363610365769,23.14064458874516,True,False,True,False,False,19.912441078281827
2024-06-28 00:00:00+00:00,11.5512621268,11.7013932095,11.4806122055,11.5424308867,447706,10.279538253385827,,9.654952860833252,,10.057346008919348,"rgba(38, 166, 154, 0.75)",1.0010366057375788,11.380492256384882,0.17059303269863135,6,0.13936847434709718,0.836210846082583,0.0,0.0,0.0,0.0,70.0626911457189,22.850306753016312,True,False,True,False,False,20.0
2024-07-05 00:00:00+00:00,11.6395745284,11.7631235782,11.5954183276,11.5954183276,343552,10.297139284099485,,9.671565830694764,,10.073995166230498,"rgba(38, 166, 154, 0.75)",1.0083656483657453,11.394740855824892,0.24280247246810663,6,0.1372380115430507,0.8234280692583043,0.0,0.0,0.0,0.0,70.46755197142382,22.850306753016312,True,False,True,False,False,20.0
2024-07-12 00:00:00+00:00,11.6042495678,11.7454610979,11.5805818441,11.6484057686,550899,10.323997975611972,,9.69734436855643,,10.099492071914664,"rgba(38, 166, 154, 0.75)",1.0156904015489807,11.412813954803386,0.1884783125888208,6,0.13526643135277128,0.8115985881166277,0.0,0.0,0.0,0.0,70.18761741262412,22.850306753016312,True,False,True,False,False,20.0
2024-07-19 00:00:00+00:00,11.5777558473,11.6837307292,11.5424308867,11.5954183276,357767,10.34033522673053,,9.713372981332936,,10.115070974153547,"rgba(38, 166, 154, 0.75)",1.0212264908926951,11.421057643656537,0.15344118571237536,6,0.13360194261546599,0.8016116556927959,0.0,0.0,0.0,0.0,69.55281685397074,22.163695114377063,True,False,True,False,False,19.960805572195284
2024-07-26 00:00:00+00:00,11.6684895703,11.7829284689,11.5335996465,11.6219120481,287532,10.3537796291665,,9.72646633636704,,10.347006662789303,"rgba(38, 166, 154, 0.75)",1.0298104751108077,11.505683144355789,0.15809358117734554,6,0.13205869829205244,0.7923521897523147,1.0,0.0,11.782928,151.0,69.78024994700992,22.163695114377063,True,False,True,False,False,20.0
2024-08-02 00:00:00+00:00,11.3993264287,11.7736592746,11.3012868738,11.7201831538,579634,10.376645313120699,,9.750057700690084,,10.349632143912737,"rgba(38, 166, 154, 0.5)",1.0313196590312683,11.478603726566508,-0.07686976309651064,5,0.13770082388331048,0.6885041194165524,0.0,0.0,0.0,0.0,66.09909592476049,18.74284532322004,False,False,True,False,False,16.013281902126007
2024-08-09 00:00:00+00:00,11.2656361265,11.3547629946,10.9804301486,11.2121600057,613764,10.393809054410562,11.200276423233333,9.770297027215484,,10.450674565174921,"rgba(38, 166, 154, 0.5)",1.030727240586227,11.380522742040611,-0.1114617049174609,5,0.137321343249814,0.6866067162490699,0.0,-1.0,10.980431,170.0,61.968204866888115,14.877566313173503,False,True,True,False,False,13.701873404596167
2024-08-16 00:00:00+00:00,11.4438898627,11.4706279231,11.2746379402,11.3012868738,390466,10.406926781630698,11.276527706334361,9.784607354113689,,10.469632666597601,"rgba(38, 166, 154, 0.5)",1.0271413694465799,11.397498950754224,0.04516507009232005,5,0.13708280607353454,0.6854140303676727,0.0,0.0,0.0,0.0,60.628187059595135,13.768731181235296,False,True,True,False,False,15.74916209605211
2024-08-23 00:00:00+00:00,11.4717113174,11.5795957499,11.3904137419,11.4082391155,405586,10.421322713407104,11.335229096495963,9.799970156158203,,10.489251511745318,"rgba(38, 166, 154, 0.5)",1.0144019561164117,11.41611315266245,0.05480881065175041,5,0.13720325999214752,0.6860162999607377,0.0,0.0,0.0,0.0,59.90442314331162,13.212476338041405,False,True,True,False,False,16.062662076915732
2024-08-30 00:00:00+00:00,11.4807016868,11.5885861193,11.3907080894,11.4807016868,523480,10.439445842233896,11.376233589871564,9.819462266397657,,10.509335655337772,"rgba(38, 166, 154, 0.5)",1.0022927782289588,11.430373936723814,0.05021262366582549,5,0.1374082153593777,0.6870410767968884,0.0,0.0,0.0,0.0,59.466189068464566,12.874768992079147,False,True,True,False,False,16.16530951677093
2024-09-06 00:00:00+00:00,11.4402450246,11.5526246418,11.4267594706,11.4627209481,266620,10.448325806005712,11.38798666306652,9.82913914625851,,10.517831608405867,"rgba(38, 166, 154, 0.5)",0.9917249979648628,11.434410301660533,0.005883408153913809,5,0.13771098369575066,0.6885549184787533,0.0,0.0,0.0,0.0,58.640606166337754,12.11804187040834,False,True,True,False,False,15.44201648678061
2024-09-13 00:00:00+00:00,11.4807016868,11.534643903,11.4267594706,11.4717113174,313927,10.45866277517358,11.399564852020875,9.840440103245752,,10.52747017139062,"rgba(38, 166, 154, 0.5)",0.9780188083610116,11.438696706836517,0.04294905129061493,6,0.1322207533849077,0.7933245203094463,0.0,0.0,0.0,0.0,58.44642125365004,11.932859219168755,False,True,True,False,False,15.920312524190084
2024-09-20 00:00:00+00:00,11.4222642859,11.534643903,11.4087787318,11.4896920562,415560,10.471698887340303,11.40746126721181,9.854935327764364,,10.538381755577394,"rgba(38, 166, 154, 0.5)",0.966269253414334,11.440983636962342,-0.01937281042131441,6,0.13296514157779568,0.797790849466774,0.0,0.0,0.0,0.0,57.529095920779326,11.018116878649408,False,True,True,False,False,14.856703420344985
2024-09-27 00:00:00+00:00,11.4131989968,11.4760214504,11.3406766839,11.4222642859,463148,10.485181326796914,11.407803171530503,9.870338523205177,,10.548115416033484,"rgba(38, 166, 154, 0.5)",0.9542700005160079,11.4390974367332,-0.027139530656098115,6,0.13355451857881304,0.8013271114728782,0.0,0.0,0.0,0.0,56.75149076262716,10.230498653635976,False,True,True,False,False,14.690617494663098
2024-10-04 00:00:00+00:00,11.390535774,11.5582436226,11.3316113947,11.4131989968,503355,10.499660388251451,11.410257184412881,9.886915820741805,,10.559163851460294,"rgba(38, 166, 154, 0.5)",0.942629903621075,11.438489162129681,-0.05087191478380853,5,0.1374196967920073,0.6870984839600365,0.0,0.0,0.0,0.0,55.87743377946859,9.342215909131227,False,True,True,False,False,14.269696737277634
2024-10-11 00:00:00+00:00,11.5582436226,11.6613159599,11.3860031294,11.431329575,504941,10.515391033835598,11.424591351028658,9.90434013902721,,10.573894807468466,"rgba(38, 166, 154, 0.5)",0.9288415541532612,11.458700683157716,0.10716891271410399,5,0.137619624938638,0.68809812469319,0.0,0.0,0.0,0.0,57.091058598534836,9.342215909131227,False,True,True,False,False,16.348151964049094
2024-10-18 00:00:00+00:00,11.5129171771,11.6307659356,11.4585254424,11.6035700682,353349,10.52610605574558,11.432728163425688,9.9163076765728,,10.583638595456087,"rgba(38, 166, 154, 0.5)",0.9097798336262725,11.465992040083716,0.05157856360614908,5,0.13813651592749113,0.6906825796374556,0.0,0.0,0.0,0.0,57.29362419431358,9.342215909131227,False,True,True,False,False,15.494015460697678
2024-10-25 00:00:00+00:00,11.6481403903,11.6984069828,11.5219824662,11.5491783335,348776,10.5373758362618,11.4457220794842,9.928588030113657,,10.594924349132366,"rgba(38, 166, 154, 0.5)",0.8911876485583143,11.47938066584015,0.1893649723858435,4,0.13937335333333842,0.5574934133333537,0.0,0.0,0.0,0.0,58.764714026797336,9.342215909131227,False,True,True,False,True,17.140935217325815
2024-11-01 00:00:00+00:00,11.7166857437,11.7349645046,11.5795950369,11.6984069828,381449,10.550041910662621,11.46181346259178,9.94224155803506,,10.607991404424768,"rgba(38, 166, 154, 0.5)",0.8712717076377037,11.495353908649399,0.25403307958972043,4,0.13955906621984385,0.5582362648793754,0.0,0.0,0.0,0.0,60.42048140711027,6.968546822465797,False,True,True,False,True,17.957537802127973
2024-11-08 00:00:00+00:00,11.7806614069,11.8172189287,11.6070131783,11.6709888414,359984,10.562340483922489,11.47863810166424,9.955356065280489,,10.620989294023577,"rgba(38, 166, 154, 0.5)",0.8559103459486682,11.511721334378281,0.3142152373723594,3,0.13928951015627422,0.41786853046882266,0.0,0.0,0.0,0.0,62.143584642192245,8.626002450377676,False,True,True,False,True,18.71410862724112
2024-11-15 00:00:00+00:00,11.762382646,11.8446370701,11.69785862,11.7898007874,328659,10.573660868838674,11.49405955468982,9.967384049076484,,10.632969948585306,"rgba(38, 166, 154, 0.5)",0.8413319642626967,11.526332490756612,0.28056720209156866,3,0.14012841204145587,0.4203852361243676,0.0,0.0,0.0,0.0,63.06916804483974,9.505668783200385,False,True,True,False,True,18.353126190311038
2024-11-22 00:00:00+00:00,11.908825277,11.9272457337,11.7716134203,11.8080795483,295071,10.584488345158958,11.511174437220562,9.9786453068686,,10.644975685923121,"rgba(38, 166, 154, 0.5)",0.8253123387482476,11.542947428857426,0.44332046301101186,3,0.14069723079257382,0.4220916923777215,0.0,0.0,0.0,0.0,64.92958219951355,11.284865958168979,False,True,True,False,True,20.0
2024-11-29 00:00:00+00:00,11.9732968756,11.9917173323,11.7982104343,11.908825277,224894,10.592948107160984,11.524947595882114,9.987372067375908,,10.654457276463841,"rgba(38, 166, 154, 0.5)",0.8135021812969156,11.55625533288216,0.5126495691172928,3,0.1414851327001095,0.4244553981003285,0.0,0.0,0.0,0.0,66.72866056744779,12.980324169041026,False,False,True,False,True,20.0
2024-12-06 00:00:00+00:00,11.9548764188,12.0377684741,11.9272457337,12.010137789,303927,10.604655017598523,11.544422557782196,9.999356931800094,,10.667684900491574,"rgba(38, 166, 154, 0.5)",0.8035374512883408,11.574996723632886,0.4727591658086864,2,0.16055246317770128,0.32110492635540255,0.0,0.0,0.0,0.0,67.68216988930027,13.860922023329053,False,False,True,False,True,20.0
2024-12-13 00:00:00+00:00,12.0653991592,12.0930298443,11.9640866472,11.9917173323,269637,10.615380531212816,11.562842760889286,10.010228870121994,,10.679943623902567,"rgba(38, 166, 154, 1.0)",0.7944015804352897,11.592712327135029,0.5950225222436791,2,0.16052076625798622,0.32104153251597245,0.0,0.0,0.0,0.0,69.17407155785513,15.275119474936588,True,False,True,False,True,20.0
2024-12-20 00:00:00+00:00,11.908825277,12.083819616,11.7522513948,12.0653991592,367957,10.62849125927038,11.579813767784014,10.023971480316241,,10.69372087131945,"rgba(38, 166, 154, 0.5)",0.7813679447542877,11.697178735546352,0.27086668051145024,2,0.1608553800820425,0.321710760164085,0.0,0.0,0.0,0.0,67.61939710494474,15.275119474936588,False,False,True,False,True,18.553691843611674
2024-12-27 00:00:00+00:00,12.0216273524,12.1095384034,11.9009469234,11.9195131433,252314,10.637987405380885,11.593598675850798,10.033752287582397,,10.704037730251361,"rgba(38, 166, 154, 0.5)",0.7697691395998747,11.717606309605664,0.39495093678653526,2,0.16090192702664446,0.32180385405328893,0.0,0.0,0.0,0.0,67.42604859476486,15.275119474936588,False,False,True,False,True,19.884314492977122
2025-01-03 00:00:00+00:00,11.9937780227,12.1701571112,11.8591729287,12.0216273524,315680,10.649660643911613,11.609535725918185,10.045836278815658,,10.71650726135477,"rgba(38, 166, 154, 0.5)",0.760007127227342,11.734262420834009,0.34146469495984455,2,0.1608552915438903,0.3217105830877806,0.0,0.0,0.0,0.0,66.8503895654339,15.275119474936588,False,False,True,False,False,19.324152213743133
2025-01-10 00:00:00+00:00,12.0123442425,12.077326012,11.8917566446,12.0401935723,358059,10.662529437620837,11.625608482965994,10.059268858648153,,10.729936480702017,"rgba(38, 166, 154, 0.5)",0.7528766557846069,11.747681586337656,0.351535213808066,2,0.16089221842835333,0.32178443685670666,0.0,0.0,0.0,0.0,66.59809404650414,15.275119474936588,False,False,True,False,False,19.546856344726887
2025-01-17 00:00:00+00:00,12.12523428,12.2187931864,11.9704774167,12.0309104623,287610,10.67353647004404,11.641185676615939,10.070536696359397,,10.741830805994002,"rgba(38, 166, 154, 0.5)",0.7470132564535419,11.765369824685616,0.48173770974674246,2,0.16048846501020897,0.32097693002041794,0.0,0.0,0.0,0.0,67.33979643352936,15.275119474936588,False,False,True,False,False,20.0
2025-01-24 00:00:00+00:00,12.3310638742,12.3684874368,12.12523428,12.1720137332,276770,10.685211228704453,11.660407740878782,10.082160141186181,,10.755041080753138,"rgba(38, 166, 154, 0.5)",0.7422589848834297,11.790713672728518,0.7279806812393687,2,0.15992282302923178,0.31984564605846355,0.0,0.0,0.0,0.0,69.24504092573486,15.41588406177543,False,False,True,False,True,20.0
2025-01-31 00:00:00+00:00,12.4526904526,12.5181816872,12.1907255145,12.3310638742,696400,10.715869809307838,11.711941988625444,10.112341586680442,12.387199218100001,10.967442109396984,"rgba(38, 166, 154, 1.0)",0.741645080193477,12.026901264790204,0.574114491123865,2,0.15912105219311273,0.31824210438622547,0.0,0.0,0.0,0.0,71.2745203666956,17.401431695258154,True,False,True,False,True,20.0
2025-02-07 00:00:00+00:00,12.2094372958,12.4152668901,12.1882929829,12.4152668901,427677,10.732885170750087,11.735270552368616,10.129561237646872,12.34298860209025,10.978749016066642,"rgba(38, 166, 154, 0.5)",0.733419867255465,12.032734550417228,0.24092985924149204,2,0.15958411242415052,0.31916822484830104,0.0,0.0,0.0,0.0,69.19635854744473,17.401431695258154,False,False,True,False,True,19.640787838636506
2025-02-14 00:00:00+00:00,12.2945759007,12.3605238174,12.1813696239,12.2281490771,318714,10.745388486588975,11.75166357999466,10.142262330989858,12.328814380480052,10.988951311880024,"rgba(38, 166, 154, 0.5)",0.724795976382068,12.040505419270314,0.35054068966817153,1,0.15732944674479063,0.15732944674479063,0.0,0.0,0.0,0.0,68.30006317923755,17.401431695258154,False,False,True,False,False,20.0
2025-02-21 00:00:00+00:00,12.1815223292,12.3699449484,12.1532589363,12.3322604245,298262,10.75657775287762,11.764928184244734,10.153771639940858,12.312727285631517,10.997435848945846,"rgba(38, 166, 154, 0.5)",0.7122321344847862,12.044399775408056,0.19252508719103947,1,0.15893682396202055,0.15893682396202055,0.0,0.0,0.0,0.0,66.23996549885261,20.34436693619287,False,False,True,False,False,18.411937347181112
2025-02-28 00:00:00+00:00,12.1721011982,12.2663125078,12.1155744125,12.228627984,316536,10.767872742941021,11.776809269082023,10.165556859200777,12.293026048054195,11.005329858259751,"rgba(38, 166, 154, 0.5)",0.7029093865562083,12.045299426921266,0.18039561528688447,1,0.1603251478332898,0.1603251478332898,0.0,0.0,0.0,0.0,64.65201103448935,18.848771406559592,False,True,True,False,False,18.230806044514456
2025-03-07 00:00:00+00:00,11.9648363172,12.2097857221,11.9130200969,12.1721011982,435335,10.781445445667755,11.786267137293429,10.18031274348644,12.246957014992832,11.011413004141678,"rgba(38, 166, 154, 0.5)",0.6869060120274258,12.033742381725192,-0.10031367220358707,1,0.1625672504063059,0.1625672504063059,0.0,0.0,0.0,0.0,61.16159197867051,15.554372571444901,False,True,True,False,False,14.341767269968695
2025-03-14 00:00:00+00:00,11.8244614659,11.9459940552,11.7200721592,11.8988884004,484154,10.793847427397703,11.788023747173362,10.19471397355012,12.179177048486238,11.012819016218518,"rgba(38, 166, 154, 0.5)",0.6683813693410998,12.007436969415062,-0.2737591319989088,0,,,0.0,0.0,0.0,0.0,57.32365185743143,12.007760585300595,False,True,True,False,False,11.83835747806322
2025-03-21 00:00:00+00:00,11.6251727895,11.8164899188,11.5967029786,11.8149715289,354379,10.801447365751576,11.784935031383492,10.204139833750796,12.126019850695744,11.011610545393728,#000000,0.6471551242852007,11.983236628703976,-0.5532890427151694,0,,,0.0,0.0,0.0,0.0,52.944016631780315,8.017495565611256,False,True,False,False,False,8.450886373355544
2025-03-28 00:00:00+00:00,11.6156828525,11.795991655,11.5302734198,11.6821124113,485292,10.81127236938345,11.77977456084227,10.216578258926814,12.065153610638543,11.010719886861088,#000000,0.6079696899711792,11.953598278350723,-0.5558096586471956,0,,,0.0,0.0,0.0,0.0,49.74261095814245,5.210005220348833,False,True,False,False,False,8.293006355226126
2025-04-04 00:00:00+00:00,10.5243401008,11.6726224743,10.5053602269,11.6251727895,805981,10.812966260926833,11.728241805135001,10.226233780772295,11.862142050911611,10.979703897683315,"rgba(239, 83, 80, 1.0)",0.5690371992095871,11.834323442275657,-2.3021049296869713,0,,,0.0,0.0,0.0,0.0,42.34257878968147,-1.569174300958963,False,True,False,True,False,0.0
2025-04-11 00:00:00+00:00,10.8849577057,10.8991926112,9.8695344498,9.9359640086,1426006,10.804485935321026,11.617627631789249,10.234150718689136,11.55309055029319,10.882257790077814,"rgba(239, 83, 80, 1.0)",0.5488535856729297,11.362585711905654,-0.8702284519468909,1,0.46092132936332814,0.46092132936332814,0.0,0.0,0.0,0.0,39.92460535178245,-3.4747033664549605,False,True,False,True,False,0.0
2025-04-18 00:00:00+00:00,10.9801343096,11.1140383865,10.8280180839,10.9229174536,558866,10.806612216998207,11.59476641350149,10.241147875923296,11.50411688642416,10.886925116321198,"rgba(239, 83, 80, 1.0)",0.5261716924770898,11.360683490812347,-0.7232414564546653,1,0.4729132635098861,0.4729132635098861,0.0,0.0,0.0,0.0,38.876248731415046,-4.176523562802508,False,True,False,True,False,0.0
2025-04-25 00:00:00+00:00,11.2862007712,11.3722819635,10.9131822711,10.9514405788,393657,10.80997353873991,11.584899226115635,10.247430202418736,11.48648636728996,10.894357145609971,"rgba(239, 83, 80, 1.0)",0.5012631733185252,11.369487013178365,-0.16615272457974872,1,0.48597611410263586,0.48597611410263586,0.0,0.0,0.0,0.0,40.13370140753792,-4.176523562802508,False,True,False,True,False,2.6967217782373183
2025-05-02 00:00:00+00:00,11.4679277327,11.4679277327,11.1618612711,11.2957653481,347359,10.814235247620461,11.580281570611756,10.253922921419814,11.480786680342359,10.903577067691867,"rgba(239, 83, 80, 1.0)",0.476643651516925,11.383476482402678,0.17717900999741582,1,0.49758389326244107,0.49758389326244107,0.0,0.0,0.0,0.0,42.09322449890666,-4.176523562802508,False,True,False,True,False,4.73281221837054
2025-05-09 00:00:00+00:00,11.305329925,11.4966214635,11.2383778865,11.4679277327,491145,10.819945619708403,11.573521381880285,10.262819913620804,11.472391213941126,10.913201903639122,"rgba(239, 83, 80, 1.0)",0.4596776756864215,11.395298921813694,-0.1957219190149835,1,0.5094382148694518,0.5094382148694518,0.0,0.0,0.0,0.0,42.69976530319797,-4.176523562802508,False,True,False,True,False,2.734236268002096
2025-05-16 00:00:00+00:00,11.545473519,11.5551108091,11.3492313331,11.4201048481,381481,10.82542459685601,11.571536600548242,10.270488717083603,11.472896097394846,10.922562365446447,"rgba(239, 83, 80, 0.75)",0.4430038360919619,11.40872687289188,0.3086805010865268,1,0.5228919048592663,0.5228919048592663,0.0,0.0,0.0,0.0,44.49549706351571,-4.176523562802508,False,True,False,True,True,5.364763922155838
2025-05-23 00:00:00+00:00,11.4201887479,11.5647480991,11.3238158471,11.4394633281,428445,10.831038978524461,11.568275641200357,10.27865801862799,11.471080950926522,10.930467868924376,"rgba(239, 83, 80, 0.75)",0.429874696299515,11.417851648008407,0.00543670030292784,1,0.5356809571007758,0.5356809571007758,0.0,0.0,0.0,0.0,45.13989271240324,-4.176523562802508,False,True,False,True,True,3.837050670224187
2025-05-30 00:00:00+00:00,11.5358362289,11.5551108091,11.3334531372,11.4201887479,368329,10.836085958049622,11.56637795250281,10.285820937431936,11.47123285294497,10.937286077792317,#000000,0.4157322463929087,11.425729409643067,0.26485032184121354,1,0.5472464809603402,0.5472464809603402,0.0,0.0,0.0,0.0,46.256769376094745,-10.978932453219059,False,True,False,False,True,5.088849212768537
2025-06-06 00:00:00+00:00,11.4683751983,11.5647480991,11.4009141677,11.4876497785,406505,10.841592520905307,11.564441458722401,10.293648426547097,11.471525276837097,10.944168388887698,#000000,0.4044796636108353,11.432993196561466,0.08747535394653912,1,0.5599898806947913,0.5599898806947913,0.0,0.0,0.0,0.0,46.68646433395885,-10.379849568095004,False,True,False,False,True,4.258961000614875
2025-06-13 00:00:00+00:00,11.4972870686,11.6129345496,11.429826038,11.4587379082,445046,10.847842616421245,11.563244357730593,10.302353213641696,11.473411233361151,10.95183066358496,#000000,0.3957522957049359,11.441217046633541,0.1416795873959086,1,0.5735084067204008,0.5735084067204008,0.0,0.0,0.0,0.0,47.17125114936209,-9.681475745131138,False,True,False,False,True,4.578079913817515
2025-06-20 00:00:00+00:00,11.4572683636,11.5446543087,11.4087206163,11.5252352098,256062,10.851156567734398,11.562006920344228,10.307129129267537,11.47333039099372,10.95539755624414,#000000,0.3841318605630624,11.444133612816106,0.034193338622424095,1,0.5878819577040896,0.5878819577040896,0.0,0.0,0.0,0.0,47.27746615191331,-9.310467965141882,False,True,False,False,True,4.07425805723636
2025-06-27 00:00:00+00:00,11.593202056,11.6514593528,11.4378492647,11.4378492647,425284,10.857377694214057,11.561981630790036,10.315586899214479,11.47685758407788,10.962827746546756,#000000,0.37534699931737153,11.452214022785775,0.37562051507174804,1,0.6005678294953737,0.6005678294953737,0.0,0.0,0.0,0.0,48.24426243021021,-8.090874917509353,False,True,False,False,True,5.597252157209606
2025-07-04 00:00:00+00:00,11.8165216936,11.845650342,11.6029116055,11.6514593528,385868,10.86446094394969,11.565694682284686,10.324344052295194,11.486671897472263,10.97259595330966,#000000,0.3716091365950009,11.465898226533389,0.943527573835569,1,0.6106028410631311,0.6106028410631311,0.0,0.0,0.0,0.0,50.270111217130136,-5.883280688543408,False,True,False,False,True,8.008746043491605
2025-07-11 00:00:00+00:00,11.7485548474,11.8553598915,11.7236984008,11.7971025947,223772,10.868612619619837,11.568013160867217,10.329447123803485,11.492470414839111,10.978207768564173,#000000,0.36879543668619885,11.473660486090333,0.7453843891880063,1,0.6217279931141383,0.6217279931141383,0.0,0.0,0.0,0.0,51.24344526282947,-4.727880245875625,False,True,False,False,True,7.122577763196226
2025-07-18 00:00:00+00:00,11.6285460989,11.8828288563,11.6187659929,11.7971025947,739286,10.88108787448719,11.57300742935705,10.345298461131215,11.505987512298448,11.05860400808646,#000000,0.36243393367314136,11.518538387814296,0.3035248658170991,1,0.6359421514922067,0.6359421514922067,0.0,0.0,0.0,0.0,51.116011289083595,-4.629586718808234,False,True,False,False,True,5.572796179427698
2025-07-25 00:00:00+00:00,11.648106311,11.7361272655,11.6089858868,11.6970068413,423097,10.887678484440471,11.574810432427414,10.35390961868177,11.511426685429376,11.06374356212528,#000000,0.3594926000557927,11.521670620302611,0.351705961896755,1,0.6491207270202772,0.6491207270202772,0.0,0.0,0.0,0.0,51.1554546784043,-4.329702803157545,False,True,False,False,True,5.7900218826972
2025-08-01 00:00:00+00:00,11.5698654626,11.6872267352,11.5600853565,11.6285460989,569729,10.895722555685749,11.57561040021484,10.36481772049135,11.515593780534543,11.06839863649171,#000000,0.3547082627895961,11.520989745386782,0.1377913128632397,1,0.664576655874589,0.664576655874589,0.0,0.0,0.0,0.0,50.62344887174609,-4.329702803157545,False,True,False,False,True,4.771284973752042
2025-08-08 00:00:00+00:00,11.3742633415,11.64800851,11.3547031294,11.5698654626,1013915,10.90673284406222,11.570476511585007,10.381526512649238,11.511466976497605,11.068517344122561,#000000,0.35153334343631826,11.502747627620403,-0.3654967260415164,1,0.6826810257687972,0.6826810257687972,0.0,0.0,0.0,0.0,48.93448278640267,-4.329702803157545,False,True,False,False,True,2.2852076816718387
2025-08-15 00:00:00+00:00,11.5102068156,11.5466595805,11.3351429173,11.3449230233,866360,10.915887702093418,11.566616582281897,10.395469116095684,11.508683455099312,11.071640261176965,#000000,0.3432226079541131,11.46979193315828,0.11775122473028674,1,0.702487645014017,0.702487645014017,0.0,0.0,0.0,0.0,48.75055713186884,-4.329702803157545,False,True,False,False,True,3.8575800436638445
2025-08-22 00:00:00+00:00,11.5368074819,11.5959200736,11.4481385944,11.4678427916,754075,10.924502106734943,11.565403393955505,10.408013491591872,11.50957083766983,11.077492482874042,#000000,0.3371769145016836,11.479062730294569,0.17125950538687712,1,0.7194958174958755,0.7194958174958755,0.0,0.0,0.0,0.0,48.81698595788609,-4.329702803157545,False,True,False,False,True,4.163422854381764
2025-08-29 00:00:00+00:00,11.4973990874,11.5959200736,11.4678427916,11.5565116792,690751,10.932098950469603,11.564176419827687,10.419196771929544,11.5100315357315,11.082528959770613,#000000,0.332674695212301,11.48246596640658,0.04488805793867466,1,0.740594016249166,0.740594016249166,0.0,0.0,0.0,0.0,48.5732025487811,-4.329702803157545,False,True,False,False,True,3.652269690507044
2025-09-05 00:00:00+00:00,11.457990693,11.5762158764,11.4185822985,11.4284343971,668342,10.938827036755995,11.562123083419879,10.429457263007334,11.509011630961414,11.086230489616078,#000000,0.3296739509013253,11.480928898382412,-0.06957845871565035,1,0.7635845383849649,0.7635845383849649,0.0,0.0,0.0,0.0,48.10019369816737,-4.329702803157545,False,True,False,False,True,3.137444703546901
2025-09-12 00:00:00+00:00,11.4875469888,11.5072511861,10.9358294662,11.457990693,704570,10.943537099967898,11.555479379492766,10.43831213257099,11.50104887914455,11.084989897425167,#000000,0.32532663020455055,11.415049817208695,0.2228442582327861,1,0.7888174905073728,0.7888174905073728,0.0,0.0,0.0,0.0,48.02355223178037,-4.329702803157545,False,True,False,False,True,3.495636873519498
2025-09-19 00:00:00+00:00,11.5031643896,11.6222653151,11.4833142353,11.5230145439,618219,10.950060298058757,11.555044416886172,10.44791297524933,11.502243940577522,11.089954603822692,#000000,0.32263166126904386,11.485562560935223,0.054557040668425094,1,0.838081290744496,0.838081290744496,0.0,0.0,0.0,0.0,48.112745204045495,-4.329702803157545,False,True,False,False,True,3.687288741474461
2025-09-26 00:00:00+00:00,11.374138387,11.5527897752,11.374138387,11.5230145439,634093,10.95545870016692,11.552293030143206,10.456675784745528,11.499936966015378,11.092379131407878,#000000,0.3209782397580867,11.471047107383859,-0.3019167917952819,1,0.9054876710382769,0.9054876710382769,0.0,0.0,0.0,0.0,47.08891408884347,-4.329702803157545,False,True,False,False,False,1.9485929327879177
2025-10-03 00:00:00+00:00,11.2748876157,11.4436139268,11.2748876157,11.374138387,1038787,10.96220498416578,11.5443727537581,10.469227319190882,11.49111709263836,11.092617254041542,"rgba(239, 83, 80, 1.0)",0.3223704096392391,11.434562807359056,-0.49531590643739754,1,0.9432303503543962,0.9432303503543962,0.0,0.0,0.0,0.0,45.582193007898226,-1.034757990747046,False,True,False,True,False,0.6367481661511221
2025-10-10 00:00:00+00:00,11.2947377699,11.4664416042,11.2252622301,11.2848126928,960351,10.9681920280105,11.537464774620014,10.480484454806945,11.483638583291155,11.093201014444285,"rgba(239, 83, 80, 1.0)",0.3236300577609151,11.41651971072834,-0.3762998457896876,1,0.9875648096472852,0.9875648096472852,0.0,0.0,0.0,0.0,44.72027889970795,-1.9867955940862387,False,True,False,True,False,0.8945794784215622
2025-10-17 00:00:00+00:00,11.14,11.4039136183,11.1,11.374138387,878295,10.971818655309818,11.52827257156135,10.489173356426438,11.472761172786983,11.090759508466228,"rgba(239, 83, 80, 1.0)",0.3275938760815752,11.388553693175213,-0.7587250901885585,1,1.0346496351568766,1.0346496351568766,0.0,0.0,0.0,0.0,42.92243803939016,-3.8067697943632623,False,True,False,True,False,0.0
