date,Open,High,Low,Close,Volume,MA_Cross_Count,MA_Avg_Deviation_Z,MA_Oscillation_Score,Peaks_Valleys_avg
2025-01-16 15:00:00+00:00,264.33,265.77,263.52,265.24,13672.0,0,,,
2025-01-16 16:00:00+00:00,265.3,266.67,264.78,266.67,10694.0,0,,,
2025-01-16 17:00:00+00:00,266.52,266.98,265.24,265.54,4541.0,0,,,
2025-01-16 18:00:00+00:00,265.515,265.93,264.2,264.2,5883.0,0,,,
2025-01-16 19:00:00+00:00,264.2,264.39,263.6,264.36,10505.0,0,,,
2025-01-16 20:00:00+00:00,264.365,265.05,263.98,264.35,27207.0,0,,,
2025-01-17 15:00:00+00:00,265.85,266.31,264.7,266.27,5237.0,0,,,
2025-01-17 16:00:00+00:00,266.27,266.27,264.97,265.12,12150.0,0,,,
2025-01-17 17:00:00+00:00,265.05,265.15,264.34,264.34,4236.0,0,,,
2025-01-17 18:00:00+00:00,264.34,264.51,262.86,263.27,5061.0,0,,,
2025-01-17 19:00:00+00:00,263.53,264.21,263.51,263.8,3708.0,0,,,
2025-01-17 20:00:00+00:00,263.785,264.04,262.67,262.695,8740.0,0,,,263.135
2025-01-20 15:00:00+00:00,262.695,262.695,262.695,262.695,0.0,0,,,263.135
2025-01-20 16:00:00+00:00,262.695,262.695,262.695,262.695,0.0,0,,,263.135
2025-01-20 17:00:00+00:00,262.695,262.695,262.695,262.695,0.0,0,,,263.135
2025-01-20 18:00:00+00:00,262.695,262.695,262.695,262.695,0.0,0,,,263.135
2025-01-20 19:00:00+00:00,262.695,262.695,262.695,262.695,0.0,0,,,263.135
2025-01-20 20:00:00+00:00,262.695,262.695,262.695,262.695,0.0,0,,,263.135
2025-01-21 15:00:00+00:00,266.62,266.62,265.14,266.33,9269.0,0,,,264.6250191570881
2025-01-21 16:00:00+00:00,266.09,269.61,265.575,269.59,8967.0,0,,,265.8327567096678
2025-01-21 17:00:00+00:00,269.31,270.97,269.31,270.775,11472.0,0,,,267.1810956356637
2025-01-21 18:00:00+00:00,270.78,273.0,270.76,271.98,5897.0,0,,,267.81038880745666
2025-01-21 19:00:00+00:00,271.88,272.49,271.76,272.3,2385.0,0,,,268.03357461302517
2025-01-21 20:00:00+00:00,272.29,272.44,270.76,271.87,10569.0,0,,,268.7080150031705
2025-01-22 15:00:00+00:00,273.44,273.96,271.89,272.185,12133.0,0,,,271.0400738132273
2025-01-22 16:00:00+00:00,272.185,273.37,271.945,272.515,11424.0,0,,,271.250144058284
2025-01-22 17:00:00+00:00,272.615,273.09,271.37,271.67,11791.0,0,,,271.28900933383136
2025-01-22 18:00:00+00:00,271.5,272.34,271.33,272.0,6609.0,0,,,271.3038184230056
2025-01-22 19:00:00+00:00,271.92,272.91,271.71,272.73,5331.0,0,,,271.36511040350587
2025-01-22 20:00:00+00:00,272.73,273.03,271.6,271.715,25551.0,0,,,271.49283717522286
2025-01-23 15:00:00+00:00,269.295,269.295,266.68,267.485,5846.0,0,,,270.11676303007437
2025-01-23 16:00:00+00:00,267.6,268.75,267.48,268.51,1817.0,0,,,270.11237377473725
2025-01-23 17:00:00+00:00,268.67,269.21,268.67,269.03,2963.0,0,,,270.16451465078853
2025-01-23 18:00:00+00:00,269.02,269.79,269.01,269.57,4169.0,0,,,270.23454182676966
2025-01-23 19:00:00+00:00,269.39,269.605,268.69,268.915,3328.0,0,,,270.2234253041083
2025-01-23 20:00:00+00:00,268.85,269.18,268.2,268.6,19822.0,0,,,269.9805704304969
2025-01-24 15:00:00+00:00,269.08,270.81,268.95,270.57,4197.0,0,,,270.0163637298079
2025-01-24 16:00:00+00:00,270.57,271.11,270.22,270.83,2074.0,0,,,270.0465518724913
2025-01-24 17:00:00+00:00,270.83,271.255,270.45,270.45,1538.0,0,,,270.06716198699337
2025-01-24 18:00:00+00:00,270.45,270.55,269.43,269.56,6488.0,0,,,270.07943213741737
2025-01-24 19:00:00+00:00,269.56,269.74,268.52,269.55,2700.0,0,,,270.0663492343005
2025-01-24 20:00:00+00:00,269.55,269.55,267.96,268.65,8958.0,0,,,269.9789938159375
2025-01-27 15:00:00+00:00,276.1,278.875,275.14,277.095,11788.0,0,,,270.6923995189356
2025-01-27 16:00:00+00:00,277.095,279.59,277.09,278.16,8660.0,0,,,271.19947010547315
2025-01-27 17:00:00+00:00,278.41,280.91,278.41,279.89,5816.0,0,,,271.55964768445784
2025-01-27 18:00:00+00:00,279.96,281.24,279.12,279.72,27390.0,0,,,274.7022474268665
2025-01-27 19:00:00+00:00,279.69,279.9,276.82,276.87,3905.0,0,,,274.71538224186446
2025-01-27 20:00:00+00:00,276.86,277.12,274.77,274.95,12284.0,0,,,274.54243887838686
2025-01-28 15:00:00+00:00,275.62,277.48,274.78,277.15,4278.0,0,,,274.54730231569795
2025-01-28 16:00:00+00:00,277.48,277.75,275.08,276.015,2655.0,0,,,274.5487550138949
2025-01-28 17:00:00+00:00,275.99,276.39,275.35,276.1,4962.0,0,,,274.54272639846135
2025-01-28 18:00:00+00:00,276.25,277.17,276.11,276.66,8108.0,0,,,274.58847403747114
2025-01-28 19:00:00+00:00,276.76,276.94,275.13,276.5,4949.0,0,,,274.60203102546546
2025-01-28 20:00:00+00:00,276.52,276.64,273.73,273.73,13920.0,0,,,274.5184536347669
2025-01-29 15:00:00+00:00,273.345,274.72,273.345,274.09,1371.0,0,,,274.50671747291887
2025-01-29 16:00:00+00:00,274.09,274.09,273.16,273.71,1511.0,0,,,274.49054029625535
2025-01-29 17:00:00+00:00,273.71,274.75,273.31,273.4,2010.0,0,,,274.47192413510663
2025-01-29 18:00:00+00:00,273.35,274.38,273.07,274.02,1319.0,0,,,274.46020837447486
2025-01-29 19:00:00+00:00,273.74,273.74,270.68,271.97,6989.0,0,,,273.89484380610867
2025-01-29 20:00:00+00:00,271.98,272.67,270.7,271.18,9096.0,0,,,273.6891225874788
2025-01-30 15:00:00+00:00,278.01,278.68,276.69,277.05,6711.0,0,,,274.0998441283033
2025-01-30 16:00:00+00:00,277.05,278.21,276.88,277.835,1109.0,0,,,274.1514499780768
2025-01-30 17:00:00+00:00,277.835,277.835,276.685,277.485,2308.0,0,,,274.2396206215615
2025-01-30 18:00:00+00:00,277.485,279.33,277.485,279.165,2381.0,0,,,274.3536927682168
2025-01-30 19:00:00+00:00,279.165,279.235,278.41,278.87,3132.0,0,,,274.49031168872614
2025-01-30 20:00:00+00:00,278.88,279.61,275.83,278.34,16495.0,0,,,275.3892039178307
2025-01-31 15:00:00+00:00,277.005,279.01,276.74,278.25,1717.0,0,,,275.41714758288373
2025-01-31 16:00:00+00:00,278.225,278.74,277.59,277.88,7849.0,0,,,275.53778107444447
2025-01-31 17:00:00+00:00,277.74,278.68,277.18,278.045,7754.0,0,,,275.63049048387006
2025-01-31 18:00:00+00:00,278.045,278.31,275.34,275.35,10150.0,0,,,275.59347790380997
2025-01-31 19:00:00+00:00,275.17,275.75,274.24,275.53,2919.0,0,,,275.559776472989
2025-01-31 20:00:00+00:00,275.41,275.41,274.14,274.69,6621.0,0,,,275.47439698582406
2025-02-03 15:00:00+00:00,266.805,268.0,262.64,266.66,13231.0,0,,,273.31016136369846
2025-02-03 16:00:00+00:00,266.66,269.05,266.235,268.6,13741.0,0,,,273.0021896932631
2025-02-03 17:00:00+00:00,268.6,269.96,268.15,268.845,4712.0,0,,,272.9328350139709
2025-02-03 18:00:00+00:00,268.84,269.385,267.885,269.1,4664.0,0,,,272.85268750823417
2025-02-03 19:00:00+00:00,269.15,269.16,266.97,267.7,7659.0,0,,,272.67298549395747
2025-02-03 20:00:00+00:00,267.7,268.21,266.64,267.68,19053.0,0,,,272.2348374876984
2025-02-04 15:00:00+00:00,265.5,268.38,265.5,267.01,8229.0,0,,,272.04718832249677
2025-02-04 16:00:00+00:00,267.06,268.93,266.88,268.825,8956.0,0,,,271.92107372584024
2025-02-04 17:00:00+00:00,268.825,269.41,268.33,269.165,2883.0,0,,,271.8937726953409
2025-02-04 18:00:00+00:00,269.2,269.32,268.32,268.38,7895.0,0,,,271.8096474968174
2025-02-04 19:00:00+00:00,268.34,268.84,267.68,267.69,5008.0,0,,,271.74410416415276
2025-02-04 20:00:00+00:00,267.71,267.85,266.83,266.98,10542.0,0,,,271.5742154646028
2025-02-05 15:00:00+00:00,267.76,268.31,266.68,267.98,16809.0,0,,,271.3626561312932
2025-02-05 16:00:00+00:00,268.0,269.78,267.34,269.5,14057.0,0,,,271.27006558233774
2025-02-05 17:00:00+00:00,269.5,269.99,268.65,269.48,7035.0,0,,,271.2392022427807
2025-02-05 18:00:00+00:00,269.49,270.295,269.0,269.37,11417.0,0,,,271.1980621378511
2025-02-05 19:00:00+00:00,269.37,269.82,269.11,269.41,6397.0,0,,,271.1732502650596
2025-02-05 20:00:00+00:00,269.56,270.85,268.91,270.325,28840.0,0,,,270.98352363691936
2025-02-06 15:00:00+00:00,253.32,254.74,251.17,251.49,70434.0,0,,,266.64919290013626
2025-02-06 16:00:00+00:00,251.81,252.49,250.085,251.06,75847.0,0,,,264.1004961090556
2025-02-06 17:00:00+00:00,251.17,253.65,250.925,252.4,34888.0,0,,,263.3209908080884
2025-02-06 18:00:00+00:00,252.4,252.53,249.485,250.01,47353.0,0,,,262.27177718133
2025-02-06 19:00:00+00:00,250.03,250.53,248.475,249.72,24517.0,0,,,261.74893907729785
2025-02-06 20:00:00+00:00,249.56,251.0,245.91,247.52,41569.0,0,,,260.8579545237237
2025-02-07 15:00:00+00:00,248.83,248.83,246.42,246.42,10662.0,0,,,260.6326303778522
2025-02-07 16:00:00+00:00,246.715,247.39,245.42,246.57,11960.0,0,,,260.37399046828375
2025-02-07 17:00:00+00:00,246.09,246.61,245.405,246.14,10288.0,0,,,258.58584600118616
2025-02-07 18:00:00+00:00,246.14,247.95,245.84,247.555,18327.0,0,,,258.35420810943583
2025-02-07 19:00:00+00:00,247.57,247.94,246.56,247.39,18542.0,4,0.4108829881910848,1.6435319527643393,258.0897226831694
2025-02-07 20:00:00+00:00,247.295,249.85,246.84,248.32,39952.0,4,0.3995759052951151,1.5983036211804604,257.64152295944086
2025-02-10 15:00:00+00:00,250.455,252.4,249.69,251.77,13929.0,4,0.3926242107451348,1.5704968429805393,257.5820904546875
2025-02-10 16:00:00+00:00,251.43,251.85,249.87,250.13,7275.0,4,0.3849446589146154,1.5397786356584615,257.53581832265377
2025-02-10 17:00:00+00:00,250.13,250.87,249.47,250.725,11341.0,4,0.37824465199956425,1.512978607998257,257.455122592896
2025-02-10 18:00:00+00:00,250.8,253.03,250.8,252.47,9169.0,4,0.37321247524330525,1.492849900973221,257.4222609195884
2025-02-10 19:00:00+00:00,252.4,252.97,252.09,252.52,10601.0,4,0.3682892443012932,1.4731569772051727,257.3901787101629
2025-02-10 20:00:00+00:00,252.395,254.28,252.02,253.45,32236.0,4,0.36426849367442937,1.4570739746977175,256.91218147551064
2025-02-11 15:00:00+00:00,250.365,251.91,249.27,249.56,6810.0,4,0.3580643897377108,1.4322575589508433,256.8116995540724
2025-02-11 16:00:00+00:00,249.57,250.325,249.46,250.26,5245.0,4,0.35283510143182184,1.4113404057272874,256.74111934272
2025-02-11 17:00:00+00:00,250.26,251.13,249.28,250.43,3915.0,4,0.3479266920742486,1.3917067682969944,256.69702485849785
2025-02-11 18:00:00+00:00,250.58,251.18,250.15,251.01,5052.0,4,0.3437443788462958,1.374977515385183,256.6527526737294
2025-02-11 19:00:00+00:00,251.105,252.05,250.78,251.65,7271.0,4,0.3400890468255999,1.3603561873023997,256.60978321724076
2025-02-11 20:00:00+00:00,251.68,252.975,251.51,252.975,40741.0,4,0.3372129295267897,1.3488517181071589,256.4881266646213
2025-02-12 15:00:00+00:00,250.295,250.295,247.665,248.89,11202.0,4,0.3324057857802471,1.3296231431209884,255.69092831407323
2025-02-12 16:00:00+00:00,248.845,249.65,247.82,249.65,14283.0,4,0.32825163807747293,1.3130065523098917,255.5661943033974
2025-02-12 17:00:00+00:00,249.42,250.91,249.395,250.91,6621.0,4,0.3248921712317064,1.2995686849268255,255.55245411962878
2025-02-12 18:00:00+00:00,250.87,252.025,250.545,251.95,9342.0,4,0.32211314579062345,1.2884525831624938,255.56114818683855
2025-02-12 19:00:00+00:00,251.92,252.15,251.35,252.15,12358.0,3,0.37278309979514984,1.1183492993854496,255.5649522980251
2025-02-12 20:00:00+00:00,252.28,255.4,252.15,254.41,69088.0,3,0.3708522484124996,1.1125567452374987,255.74179174638778
2025-02-13 15:00:00+00:00,255.29,257.04,254.64,255.64,18719.0,3,0.3696123388088173,1.1088370164264518,255.81259668963472
2025-02-13 16:00:00+00:00,255.38,255.85,252.17,252.17,11412.0,3,0.36741099911609343,1.1022329973482803,255.72497743448199
2025-02-13 17:00:00+00:00,252.17,252.84,250.88,252.0,14377.0,3,0.36536808566067974,1.0961042569820392,255.59286286348961
2025-02-13 18:00:00+00:00,252.06,252.25,250.51,251.1,16127.0,3,0.36302331233213087,1.0890699369963925,255.46301092019544
2025-02-13 19:00:00+00:00,251.175,251.73,250.45,250.5,15028.0,3,0.3606677031643186,1.0820031094929559,255.35247089723427
2025-02-13 20:00:00+00:00,250.36,252.67,250.09,250.935,34761.0,3,0.3587454862632309,1.0762364587896927,255.17540003145305
2025-02-14 15:00:00+00:00,253.31,254.9,253.31,253.8,8044.0,3,0.35780062735393997,1.0734018820618199,255.18575257653876
2025-02-14 16:00:00+00:00,253.95,254.45,252.68,253.15,4538.0,3,0.35682479039405773,1.0704743711821731,255.18552231066474
2025-02-14 17:00:00+00:00,253.03,253.03,249.93,250.49,10032.0,3,0.3552035202249379,1.0656105606748136,255.13953062420453
2025-02-14 18:00:00+00:00,250.39,251.845,250.22,250.8,6483.0,3,0.35361877017141624,1.0608563105142488,255.1085501921563
2025-02-14 19:00:00+00:00,250.8,251.31,249.33,249.55,8991.0,2,0.4109056019455162,0.8218112038910323,255.05231864446603
2025-02-14 20:00:00+00:00,249.505,250.33,249.2,249.44,24322.0,2,0.4081275496359244,0.8162550992718488,254.8947994427069
2025-02-17 15:00:00+00:00,249.44,249.44,249.44,249.44,0.0,2,0.40560504073942005,0.8112100814788401,254.8947994427069
2025-02-17 16:00:00+00:00,249.44,249.44,249.44,249.44,0.0,2,0.40334671972571495,0.8066934394514299,254.8947994427069
2025-02-17 17:00:00+00:00,249.44,249.44,249.44,249.44,0.0,2,0.4011222066990143,0.8022444133980287,254.8947994427069
2025-02-17 18:00:00+00:00,249.44,249.44,249.44,249.44,0.0,2,0.3989892570346787,0.7979785140693574,254.8947994427069
2025-02-17 19:00:00+00:00,249.44,249.44,249.44,249.44,0.0,2,0.3974007590317016,0.7948015180634032,254.8947994427069
2025-02-17 20:00:00+00:00,249.44,249.44,249.44,249.44,0.0,2,0.3960219512845097,0.7920439025690194,254.8947994427069
2025-02-18 15:00:00+00:00,247.505,248.08,245.43,247.64,5655.0,2,0.39400609569701306,0.7880121913940261,254.83585715703325
2025-02-18 16:00:00+00:00,247.64,247.69,246.435,246.435,4827.0,2,0.3914683950317109,0.7829367900634218,254.78522071853445
2025-02-18 17:00:00+00:00,246.435,246.52,245.71,246.11,3004.0,2,0.3889871458027896,0.7779742916055792,254.7506361164889
2025-02-18 18:00:00+00:00,246.11,246.82,245.785,246.16,7433.0,2,0.3865330259098573,0.7730660518197146,254.6687852170087
2025-02-18 19:00:00+00:00,246.3,246.45,245.25,246.13,2839.0,1,0.24407009197806429,0.24407009197806429,254.63682357239352
2025-02-18 20:00:00+00:00,246.07,247.25,245.6,246.54,14729.0,1,0.2448598912597519,0.2448598912597519,254.48888010057237
2025-02-19 15:00:00+00:00,243.39,246.135,243.33,243.37,7548.0,1,0.2455433493491774,0.2455433493491774,254.39154653833677
2025-02-19 16:00:00+00:00,243.33,244.09,243.15,243.65,4674.0,1,0.24648562913008976,0.24648562913008976,254.32824192993894
2025-02-19 17:00:00+00:00,243.63,243.985,242.79,243.985,6814.0,1,0.24682871156927505,0.24682871156927505,254.23761518421804
2025-02-19 18:00:00+00:00,244.04,244.04,242.77,242.86,5570.0,1,0.2464941433907531,0.2464941433907531,254.16236660644913
2025-02-19 19:00:00+00:00,242.845,243.41,242.64,242.92,9775.0,1,0.24700922019572433,0.24700922019572433,254.03085250029815
2025-02-19 20:00:00+00:00,242.94,243.92,242.83,243.25,38743.0,1,0.24746636672020217,0.24746636672020217,253.56946184525717
2025-02-20 15:00:00+00:00,242.02,242.26,240.48,241.58,13750.0,1,0.24767269032796368,0.24767269032796368,253.38580124187982
2025-02-20 16:00:00+00:00,241.445,241.77,240.25,240.51,15864.0,1,0.24795218811128253,0.24795218811128253,253.17159147015877
2025-02-20 17:00:00+00:00,240.53,240.57,239.91,240.09,7593.0,1,0.24828172405406052,0.24828172405406052,253.06651403486921
2025-02-20 18:00:00+00:00,239.99,241.06,239.96,240.575,9424.0,1,0.248114565403972,0.248114565403972,252.94319096699158
2025-02-20 19:00:00+00:00,240.61,241.86,240.34,241.54,15904.0,1,0.24852346171184803,0.24852346171184803,252.75574771899713
2025-02-20 20:00:00+00:00,241.42,242.6,240.735,241.15,30992.0,1,0.24889986505365982,0.24889986505365982,252.42100669728404
2025-02-21 15:00:00+00:00,239.065,239.28,236.93,237.47,5452.0,1,0.248256099271674,0.248256099271674,252.34287509768288
2025-02-21 16:00:00+00:00,237.52,237.88,237.16,237.8,4713.0,1,0.248147250731324,0.248147250731324,252.2747475836995
2025-02-21 17:00:00+00:00,237.91,238.05,236.14,236.215,4813.0,1,0.24712201679547616,0.24712201679547616,252.2017151848231
2025-02-21 18:00:00+00:00,236.215,236.495,234.37,234.905,5295.0,1,0.2456630328866269,0.2456630328866269,250.81678378073013
2025-02-21 19:00:00+00:00,234.925,235.875,234.57,235.8,6017.0,0,,,250.73295622531109
2025-02-21 20:00:00+00:00,235.795,237.96,235.35,237.93,24761.0,0,,,250.50675300710247
2025-02-24 15:00:00+00:00,236.61,238.01,236.155,237.3,2575.0,0,,,250.4781028827764
2025-02-24 16:00:00+00:00,237.33,238.81,236.93,238.425,13135.0,0,,,250.3586888955883
2025-02-24 17:00:00+00:00,238.425,240.72,238.41,239.99,11555.0,0,,,250.2882700115239
2025-02-24 18:00:00+00:00,239.9,241.97,239.9,241.33,11540.0,0,,,250.2392263795406
2025-02-24 19:00:00+00:00,241.44,242.1,240.195,240.195,5715.0,0,,,250.20866226265065
2025-02-24 20:00:00+00:00,240.23,241.14,239.87,239.95,8946.0,0,,,250.14988953415602
2025-02-25 15:00:00+00:00,242.89,243.62,241.46,243.36,9423.0,0,,,250.12549599144242
2025-02-25 16:00:00+00:00,243.395,244.56,242.37,244.225,8654.0,0,,,250.1115036830899
2025-02-25 17:00:00+00:00,244.16,244.81,243.21,243.975,6529.0,0,,,250.1011882126697
2025-02-25 18:00:00+00:00,243.975,246.55,243.47,245.825,14508.0,0,,,250.09905188204323
2025-02-25 19:00:00+00:00,245.825,246.31,244.71,245.715,11972.0,0,,,250.09529538352294
2025-02-25 20:00:00+00:00,245.715,246.62,245.22,245.515,30853.0,0,,,250.0738092292707
2025-02-26 15:00:00+00:00,245.755,247.14,245.6,246.51,3221.0,0,,,249.8117324074505
2025-02-26 16:00:00+00:00,246.72,247.05,245.84,245.95,7594.0,0,,,249.80088534174456
2025-02-26 17:00:00+00:00,245.66,246.215,243.25,243.25,1891.0,0,,,249.77319292018583
2025-02-26 18:00:00+00:00,243.32,243.91,243.01,243.24,4777.0,0,,,249.70328921990617
2025-02-26 19:00:00+00:00,243.235,245.0,242.8,244.3,5552.0,0,,,249.66390107116675
2025-02-26 20:00:00+00:00,244.3,244.42,243.555,243.69,23571.0,0,,,249.5449835984861
2025-02-27 15:00:00+00:00,244.55,246.25,243.97,245.11,8595.0,0,,,249.53461706432083
2025-02-27 16:00:00+00:00,245.13,245.89,243.61,243.635,2980.0,0,,,249.52550899715862
2025-02-27 17:00:00+00:00,243.635,244.31,243.42,243.71,8484.0,0,,,249.48984573217754
2025-02-27 18:00:00+00:00,243.795,243.845,242.8,243.145,3497.0,0,,,249.47175084890816
2025-02-27 19:00:00+00:00,242.965,243.14,241.62,242.41,4485.0,0,,,249.44153259109285
2025-02-27 20:00:00+00:00,242.37,243.11,241.495,242.8,10347.0,0,,,249.3773067087141
2025-02-28 15:00:00+00:00,242.99,243.77,242.19,243.63,6685.0,0,,,249.3465958358517
2025-02-28 16:00:00+00:00,243.395,243.67,242.49,243.27,7025.0,0,,,249.31455390566458
2025-02-28 17:00:00+00:00,243.14,243.37,241.58,241.665,3507.0,0,,,249.2934325681262
2025-02-28 18:00:00+00:00,241.665,242.65,241.0,241.7,3612.0,0,,,248.77051567285423
2025-02-28 19:00:00+00:00,241.69,242.79,241.67,242.7,4884.0,0,,,248.7685790909725
2025-02-28 20:00:00+00:00,242.82,245.38,242.77,245.255,8924.0,0,,,248.83030534267021
2025-03-03 15:00:00+00:00,245.88,246.83,244.7,244.77,3258.0,0,,,248.85008905032754
2025-03-03 16:00:00+00:00,244.91,245.42,244.26,245.215,6011.0,0,,,248.861101798574
2025-03-03 17:00:00+00:00,245.215,245.98,244.59,245.98,3680.0,0,,,248.8710465112461
2025-03-03 18:00:00+00:00,245.94,247.13,245.42,246.37,6709.0,0,,,248.73676122485762
2025-03-03 19:00:00+00:00,246.335,246.74,245.355,245.355,2804.0,0,,,248.73208209929982
2025-03-03 20:00:00+00:00,245.31,245.33,242.56,244.83,8325.0,0,,,248.65188107316746
2025-03-04 15:00:00+00:00,242.055,243.715,241.365,242.675,8700.0,0,,,248.54066121386478
2025-03-04 16:00:00+00:00,242.87,243.47,241.84,242.96,4518.0,0,,,248.50076002044182
2025-03-04 17:00:00+00:00,242.96,244.21,242.12,242.94,6919.0,0,,,248.45715698719218
2025-03-04 18:00:00+00:00,243.0,244.94,242.75,244.84,5803.0,0,,,248.4460337608616
2025-03-04 19:00:00+00:00,244.84,246.15,244.84,245.92,10775.0,0,,,248.47062371624298
2025-03-04 20:00:00+00:00,245.97,246.705,242.04,243.13,67130.0,0,,,248.28157577976597
2025-03-05 15:00:00+00:00,242.09,243.005,241.33,241.89,5883.0,0,,,248.24659563701042
2025-03-05 16:00:00+00:00,241.6,241.905,240.5,241.6,8590.0,0,,,247.78353015523612
2025-03-05 17:00:00+00:00,241.6,243.425,241.55,243.42,3237.0,0,,,247.79415392615095
2025-03-05 18:00:00+00:00,243.41,243.56,242.09,243.395,3374.0,0,,,247.79871864587318
2025-03-05 19:00:00+00:00,243.395,244.55,243.395,244.05,5095.0,0,,,247.81768116343682
2025-03-05 20:00:00+00:00,244.04,245.23,243.89,245.175,15052.0,0,,,247.86081051234882
2025-03-06 15:00:00+00:00,242.31,245.19,242.31,244.99,5889.0,0,,,247.85590128675946
2025-03-06 16:00:00+00:00,245.19,246.49,245.04,245.3,7592.0,0,,,247.8762242900982
2025-03-06 17:00:00+00:00,245.295,245.295,243.855,244.51,9104.0,0,,,247.87026839767054
2025-03-06 18:00:00+00:00,244.47,245.005,242.905,243.45,4440.0,0,,,247.85882731600898
2025-03-06 19:00:00+00:00,243.615,245.99,243.19,244.515,5320.0,0,,,247.8544812653809
2025-03-06 20:00:00+00:00,243.98,246.4,243.96,245.83,11150.0,0,,,247.86289298310047
2025-03-07 15:00:00+00:00,249.355,251.59,249.16,250.21,18282.0,0,,,248.03442120250813
2025-03-07 16:00:00+00:00,250.23,250.63,248.81,249.16,16865.0,1,0.5203368129921939,0.5203368129921939,248.14078262723646
2025-03-07 17:00:00+00:00,249.28,252.64,248.66,251.63,19495.0,1,0.5214466442236981,0.5214466442236981,248.28797110605933
2025-03-07 18:00:00+00:00,251.86,253.32,251.86,252.86,9903.0,1,0.5256386670064092,0.5256386670064092,248.37986235944882
2025-03-07 19:00:00+00:00,252.845,254.01,252.65,253.185,7229.0,1,0.5331222451211203,0.5331222451211203,248.44937386655906
2025-03-07 20:00:00+00:00,253.14,255.02,253.095,254.74,20976.0,1,0.5260591127170343,0.5260591127170343,248.66272676380214
2025-03-10 14:00:00+00:00,257.595,259.99,256.84,259.84,30662.0,1,0.5009765345537969,0.5009765345537969,249.11299113784366
2025-03-10 15:00:00+00:00,260.02,260.34,259.85,260.21,1466.0,1,0.4766337741357551,0.4766337741357551,249.7461466766761
2025-03-10 16:00:00+00:00,260.21,260.21,260.21,260.21,0.0,1,0.45499990992045586,0.45499990992045586,249.7461466766761
2025-03-10 17:00:00+00:00,260.21,260.21,252.24,252.295,12862.0,1,0.45322111794344994,0.45322111794344994,249.58476459382786
2025-03-10 18:00:00+00:00,252.5,252.63,249.88,250.5,17810.0,1,0.4579418954740429,0.4579418954740429,249.49741196887348
2025-03-10 19:00:00+00:00,250.25,251.64,248.94,249.97,46258.0,1,0.4622592162977475,0.4622592162977475,249.48028098767028
2025-03-11 14:00:00+00:00,245.04,246.18,243.36,243.36,9710.0,1,0.46521572675110234,0.46521572675110234,249.39371404042933
2025-03-11 15:00:00+00:00,243.25,245.55,243.11,244.49,10894.0,2,0.8848011205280617,1.7696022410561234,249.30979807633852
2025-03-11 16:00:00+00:00,244.45,244.9,242.56,242.93,4453.0,2,0.8886619453733243,1.7773238907466486,249.27204470259707
2025-03-11 17:00:00+00:00,242.93,242.93,240.83,241.875,5220.0,2,0.891487916673295,1.78297583334659,249.21751167086364
2025-03-11 18:00:00+00:00,241.875,244.48,241.875,243.95,6608.0,2,0.8961566596651136,1.7923133193302272,249.1668550256242
2025-03-11 19:00:00+00:00,243.9,244.18,239.36,239.57,26254.0,2,0.8956171376320972,1.7912342752641943,248.90596768338816
2025-03-12 14:00:00+00:00,233.07,235.65,232.385,235.13,12159.0,2,0.8822054200044015,1.764410840008803,247.94342848240748
2025-03-12 15:00:00+00:00,235.31,239.225,235.31,239.12,10379.0,2,0.8817480353433409,1.7634960706866818,247.91149612286134
2025-03-12 16:00:00+00:00,239.13,240.34,238.71,239.32,12361.0,2,0.8821411503641513,1.7642823007283026,247.86657662832798
2025-03-12 17:00:00+00:00,239.21,240.595,238.79,238.79,12359.0,2,0.8818489456896745,1.763697891379349,247.79202085007967
2025-03-12 18:00:00+00:00,238.59,239.785,238.24,239.58,13732.0,2,0.8802686930923055,1.760537386184611,247.6959799563878
2025-03-12 19:00:00+00:00,239.58,240.48,239.045,239.41,32151.0,2,0.877153311643996,1.754306623287992,247.4952109458937
2025-03-13 14:00:00+00:00,235.255,236.77,234.46,235.32,16630.0,2,0.8634719510514597,1.7269439021029194,247.29476659909582
2025-03-13 15:00:00+00:00,235.62,236.39,234.31,235.465,9144.0,2,0.8513334440820146,1.7026668881640292,247.18979515596857
2025-03-13 16:00:00+00:00,235.465,236.35,235.03,235.87,10289.0,2,0.8412252743036781,1.6824505486073562,247.08164750486134
2025-03-13 17:00:00+00:00,236.05,236.26,233.97,233.97,10332.0,2,0.8266201648098281,1.6532403296196563,246.96375379816968
2025-03-13 18:00:00+00:00,234.14,236.135,234.14,236.135,6929.0,2,0.8175929929267125,1.635185985853425,246.8938257303515
2025-03-13 19:00:00+00:00,236.245,237.43,235.7,236.82,28579.0,2,0.8105397432122687,1.6210794864245375,246.66150823064018
2025-03-14 14:00:00+00:00,237.17,237.405,235.16,236.78,14447.0,2,0.8037814192064305,1.607562838412861,246.54751196647402
2025-03-14 15:00:00+00:00,236.78,237.95,236.78,237.53,13697.0,2,0.7986859401576039,1.5973718803152077,246.45786393795262
2025-03-14 16:00:00+00:00,237.44,237.93,236.27,237.32,21614.0,2,0.7934012498382773,1.5868024996765546,246.31607708256672
2025-03-14 17:00:00+00:00,237.41,237.68,236.56,236.56,15665.0,2,0.7869230820601425,1.573846164120285,246.2135155447458
2025-03-14 18:00:00+00:00,236.66,237.945,236.66,237.31,15114.0,2,0.7823730755513615,1.564746151102723,246.12325521625758
2025-03-14 19:00:00+00:00,237.31,237.54,235.62,235.95,33999.0,2,0.7760994620623884,1.552198924124777,245.89986967641582
2025-03-17 14:00:00+00:00,237.355,240.16,237.28,239.55,9587.0,2,0.7756104017522627,1.5512208035045254,245.86270381915838
2025-03-17 15:00:00+00:00,239.685,240.01,238.73,239.3,7207.0,2,0.7745042822130271,1.5490085644260543,245.83733994400407
2025-03-17 16:00:00+00:00,239.385,240.02,238.5,239.505,5660.0,2,0.7730874744215616,1.5461749488431231,245.8175318149669
2025-03-17 17:00:00+00:00,239.36,240.35,239.09,240.15,9006.0,2,0.7724335170726271,1.5448670341452542,245.7904369897802
2025-03-17 18:00:00+00:00,240.0,241.65,240.0,241.1,10428.0,2,0.7762142402798486,1.5524284805596973,245.5263145984457
2025-03-17 19:00:00+00:00,241.11,241.11,240.26,240.37,9520.0,2,0.7790930283896906,1.5581860567793813,245.49699777412042
2025-03-18 14:00:00+00:00,236.34,237.37,235.65,235.75,5268.0,2,0.7781605248303932,1.5563210496607864,245.41970763285104
2025-03-18 15:00:00+00:00,235.75,235.81,233.57,233.62,4727.0,2,0.7749865477023088,1.5499730954046176,244.48234620538938
2025-03-18 16:00:00+00:00,233.605,235.55,233.57,235.03,11243.0,2,0.7733512939078628,1.5467025878157257,243.54538123669187
2025-03-18 17:00:00+00:00,234.99,236.86,234.84,236.29,6976.0,2,0.7706697509369458,1.5413395018738916,243.5420969132584
2025-03-18 18:00:00+00:00,236.285,236.64,235.62,235.68,9239.0,2,0.7677825937955401,1.5355651875910803,243.50927049888872
2025-03-18 19:00:00+00:00,235.59,236.67,235.02,235.12,36903.0,2,0.7622610656889055,1.524522131377811,243.29841312280615
2025-03-19 14:00:00+00:00,238.24,239.05,238.13,238.63,3384.0,2,0.7609416444926389,1.5218832889852778,243.307203480011
2025-03-19 15:00:00+00:00,238.52,238.92,237.88,238.655,3151.0,2,0.7588583109151226,1.5177166218302451,243.3130157508268
2025-03-19 16:00:00+00:00,238.65,238.81,237.95,238.07,3236.0,2,0.7567534698179097,1.5135069396358194,243.31612105108616
2025-03-19 17:00:00+00:00,238.07,238.15,236.78,237.175,4974.0,2,0.7536422038953445,1.507284407790689,243.30828135419247
2025-03-19 18:00:00+00:00,237.11,240.05,236.31,239.535,17306.0,2,0.7522483368825995,1.504496673765199,243.31991044184323
2025-03-19 19:00:00+00:00,239.505,242.21,239.43,242.115,37872.0,2,0.7524251592926952,1.5048503185853903,243.46658258665184
2025-03-20 14:00:00+00:00,243.865,245.99,243.775,245.41,5787.0,2,0.751746571075118,1.503493142150236,243.2718017963419
2025-03-20 15:00:00+00:00,245.48,245.48,243.34,243.345,6582.0,3,0.6326299200544666,1.8978897601634,243.28874163745314
2025-03-20 16:00:00+00:00,243.35,244.42,242.73,242.955,4954.0,3,0.6335385098441996,1.9006155295325988,243.29764874374897
2025-03-20 17:00:00+00:00,242.955,243.67,241.985,241.99,5872.0,3,0.6342833519009657,1.9028500557028973,243.29781785742156
2025-03-20 18:00:00+00:00,241.99,242.97,241.7,242.38,8898.0,3,0.6358170307542248,1.9074510922626744,243.30446535639243
2025-03-20 19:00:00+00:00,242.39,243.63,242.19,243.45,23142.0,3,0.6369087976720954,1.910726393016286,243.3781459252853
2025-03-21 14:00:00+00:00,241.085,241.42,239.54,241.42,10162.0,3,0.6367693633428267,1.9103080900284803,243.3579471408587
2025-03-21 15:00:00+00:00,241.59,241.65,240.83,241.09,13877.0,4,0.5668121262991426,2.2672485051965703,243.34727151594856
2025-03-21 16:00:00+00:00,241.25,243.48,241.25,243.3,4125.0,4,0.5670371270947948,2.2681485083791793,243.3559733039039
2025-03-21 17:00:00+00:00,243.3,243.81,242.985,243.08,5623.0,4,0.567126017372746,2.268504069490984,243.37345524608608
2025-03-21 18:00:00+00:00,243.29,243.67,243.05,243.37,4835.0,4,0.5676749967841287,2.2706999871365148,243.38832227524398
2025-03-21 19:00:00+00:00,243.365,244.66,242.74,244.065,21481.0,4,0.5675714590620714,2.2702858362482856,243.46241134734623
2025-03-24 14:00:00+00:00,245.265,245.4,244.09,245.27,7009.0,5,0.47585229372149396,2.37926146860747,243.49560501681066
2025-03-24 15:00:00+00:00,245.27,245.37,244.675,245.37,6028.0,5,0.4752672204833287,2.3763361024166434,243.5247074188644
2025-03-24 16:00:00+00:00,245.4,245.96,244.71,244.975,6678.0,5,0.4748411135420513,2.3742055677102565,243.36880334607068
2025-03-24 17:00:00+00:00,244.97,245.07,243.72,244.01,7271.0,5,0.47470077794148924,2.3735038897074463,243.3674687971831
2025-03-24 18:00:00+00:00,243.99,245.105,243.47,245.1,5694.0,5,0.47430456442203156,2.371522822110158,243.38494540501387
2025-03-24 19:00:00+00:00,245.11,245.85,244.69,245.23,20438.0,5,0.47381970264719453,2.3690985132359725,243.48395411779921
2025-03-25 14:00:00+00:00,244.64,245.65,244.4,244.71,4301.0,5,0.47360328558002324,2.368016427900116,243.49828259329144
2025-03-25 15:00:00+00:00,244.59,244.745,242.135,242.17,5029.0,5,0.47366632259899244,2.3683316129949623,243.49282164407882
2025-03-25 16:00:00+00:00,242.24,244.45,242.16,244.45,3974.0,6,0.4350287002659598,2.6101722015957587,243.4955712086616
2025-03-25 17:00:00+00:00,244.39,245.39,243.55,243.55,5278.0,7,0.39830165785941646,2.7881116050159154,243.50509369745282
2025-03-25 18:00:00+00:00,243.5,245.01,243.295,243.415,6246.0,7,0.3985471696579461,2.789830187605623,243.5132399049042
2025-03-25 19:00:00+00:00,243.3,243.91,241.7,243.43,26909.0,7,0.398931197053948,2.792518379377636,243.50915100017446
2025-03-26 14:00:00+00:00,243.54,244.23,242.05,242.05,4801.0,7,0.3996299837379017,2.797409886165312,243.50759298077986
2025-03-26 15:00:00+00:00,242.005,242.475,241.39,241.39,3017.0,7,0.40045849762703906,2.8032094833892733,243.50172700587478
2025-03-26 16:00:00+00:00,241.525,242.84,241.42,242.0,4233.0,7,0.40094471164531154,2.8066129815171807,243.49613611677063
2025-03-26 17:00:00+00:00,242.07,242.31,240.43,240.61,8480.0,7,0.40101910285482356,2.807133719983765,243.4732096088957
2025-03-26 18:00:00+00:00,240.56,241.63,240.38,240.78,4695.0,7,0.40079970644646984,2.805597945125289,243.11248116053602
2025-03-26 19:00:00+00:00,240.87,241.9,240.55,241.61,23394.0,7,0.4007508651966963,2.805256056376874,243.08798402993847
2025-03-27 14:00:00+00:00,242.5,244.46,242.4,244.18,8294.0,7,0.40057675211384486,2.804037264796914,243.12796400891762
2025-03-27 15:00:00+00:00,244.34,244.5,242.38,243.215,6552.0,8,0.375132132491485,3.00105705993188,243.14659273301635
2025-03-27 16:00:00+00:00,243.01,243.87,242.405,242.405,4173.0,8,0.3758844662081274,3.007075729665019,243.1520099473888
2025-03-27 17:00:00+00:00,242.405,243.67,242.25,242.31,4578.0,9,0.34953217300214434,3.145789557019299,243.15570176710995
2025-03-27 18:00:00+00:00,242.315,243.55,242.315,242.86,5440.0,9,0.3495465468990479,3.145918922091431,243.16143572043012
2025-03-27 19:00:00+00:00,242.965,244.63,242.965,243.81,12857.0,9,0.3494950237556841,3.145455213801157,243.01161757954839
2025-03-28 14:00:00+00:00,241.93,243.385,240.49,241.42,3800.0,10,0.3293273010976427,3.293273010976427,242.98290553930843
2025-03-28 15:00:00+00:00,241.49,241.615,240.45,241.06,10284.0,11,0.3256611425257676,3.582272567783444,242.91251040426928
2025-03-28 16:00:00+00:00,241.12,241.93,240.38,240.8,6978.0,11,0.325646670405592,3.5821133744615117,242.88143555559682
2025-03-28 17:00:00+00:00,240.875,241.03,239.85,240.825,5886.0,11,0.3259290196101117,3.585219215711229,242.85208626725472
2025-03-28 18:00:00+00:00,240.84,241.27,239.82,241.27,6488.0,11,0.3262430464581247,3.5886735110393717,242.82805688590253
2025-03-28 19:00:00+00:00,241.17,241.37,240.09,240.35,20993.0,11,0.3265146729182052,3.591661402100257,242.75762435072483
2025-03-31 14:00:00+00:00,239.335,241.305,238.54,240.81,5910.0,11,0.3266667495074154,3.5933342445815697,242.4080944908298
2025-03-31 15:00:00+00:00,240.61,241.41,240.27,241.02,2719.0,11,0.32665738030150115,3.5932311833165125,242.41354959772337
2025-03-31 16:00:00+00:00,241.025,241.26,239.75,240.745,2939.0,11,0.3268261702481063,3.5950878727291693,242.40803601400043
2025-03-31 17:00:00+00:00,240.745,241.57,240.57,240.74,2271.0,11,0.32746273572836077,3.6020900930119684,242.40812736090598
2025-03-31 18:00:00+00:00,240.7,243.12,240.7,242.5,4813.0,10,0.3233768887283598,3.233768887283598,242.4307954567902
2025-03-31 19:00:00+00:00,242.49,244.77,242.49,243.56,14120.0,10,0.3262082487878334,3.2620824878783337,242.53211722157744
2025-04-01 14:00:00+00:00,242.63,242.88,240.83,242.06,5401.0,10,0.33189578560769234,3.3189578560769233,242.53005665644847
2025-04-01 15:00:00+00:00,241.98,243.89,241.98,243.78,7887.0,10,0.3394738095770537,3.394738095770537,242.55578376758893
2025-04-01 16:00:00+00:00,243.97,244.26,242.0,242.84,3773.0,11,0.33939219940155374,3.7333141934170913,242.56471520038735
2025-04-01 17:00:00+00:00,242.81,243.87,242.81,243.285,5375.0,11,0.3519289270721914,3.871218197794106,242.58030798184262
2025-04-01 18:00:00+00:00,243.165,243.22,242.13,243.01,6748.0,12,0.35867052423053086,4.304046290766371,242.58935456208002
2025-04-01 19:00:00+00:00,243.13,244.55,243.07,243.86,12666.0,12,0.39695464469206393,4.763455736304767,242.6330403511294
2025-04-02 14:00:00+00:00,242.75,244.9,242.45,244.76,8480.0,12,0.4508050971980913,5.409661166377096,242.66239418221932
2025-04-02 15:00:00+00:00,244.77,246.59,244.39,245.29,3852.0,13,0.4440560699849929,5.772728909804908,242.68569708801564
2025-04-02 16:00:00+00:00,245.39,246.18,245.28,246.07,1904.0,13,0.4576672777206715,5.94967461036873,242.6984760226438
2025-04-02 17:00:00+00:00,246.07,248.22,246.07,247.525,3491.0,13,0.46630715368916287,6.061992997959117,242.82203842141885
2025-04-02 18:00:00+00:00,247.44,247.7,246.16,246.16,3227.0,12,0.34270642425452763,4.112477091054331,242.83302199009995
2025-04-02 19:00:00+00:00,246.16,247.77,245.83,247.53,15421.0,12,0.33771368731869655,4.052564247824359,242.95675579232034
2025-04-03 14:00:00+00:00,241.58,241.58,236.59,236.92,9726.0,12,0.3355764226993844,4.026917072392613,242.7490841985441
2025-04-03 15:00:00+00:00,236.94,239.4,236.59,239.25,6936.0,13,0.44656479488176587,5.805342333462956,242.64623761132935
2025-04-03 16:00:00+00:00,239.25,239.91,237.99,238.31,4733.0,13,0.44699563075666054,5.810943199836587,242.59163021505364
2025-04-03 17:00:00+00:00,238.31,238.64,237.26,237.31,4642.0,13,0.4446525354352537,5.780482960658298,242.5315512106914
2025-04-03 18:00:00+00:00,237.31,237.555,234.29,234.645,6639.0,13,0.4434437553165757,5.764768819115484,242.41788056044894
2025-04-03 19:00:00+00:00,234.51,235.295,231.375,231.375,8839.0,13,0.42652301911215296,5.544799248457989,242.22726350137174
2025-04-04 14:00:00+00:00,223.41,224.31,218.675,221.73,6879.0,12,0.39651861142083566,4.758223337050028,241.92591897824695
2025-04-04 15:00:00+00:00,221.33,224.79,218.97,218.97,18713.0,12,0.34720085156222513,4.166410218746702,241.19440495167487
2025-04-04 16:00:00+00:00,219.27,219.89,216.41,217.08,15495.0,11,0.32729971936092767,3.6002969129702045,240.58997214625424
2025-04-04 17:00:00+00:00,217.09,218.84,216.035,218.51,8990.0,11,0.30068225157247874,3.3075047672972664,240.27151350088144
2025-04-04 18:00:00+00:00,218.87,219.205,214.54,215.4,11211.0,11,0.27517252207178766,3.0268977427896644,239.87408267975474
2025-04-04 19:00:00+00:00,215.395,215.505,209.92,209.99,61927.0,10,0.26258105579903596,2.6258105579903597,237.67642143619892
2025-04-07 14:00:00+00:00,209.785,218.44,207.46,212.78,17814.0,10,0.24406214744053326,2.4406214744053325,237.17889562111796
2025-04-07 15:00:00+00:00,212.78,214.31,208.58,209.87,5882.0,9,0.2408271620506903,2.1674444584562127,237.0066685613016
2025-04-07 16:00:00+00:00,209.76,210.19,207.085,207.48,9016.0,8,0.239130966433386,1.913047731467088,236.7187647381898
2025-04-07 17:00:00+00:00,207.57,212.64,207.57,212.64,13877.0,8,0.22830174044625018,1.8264139235700014,236.3411061540641
2025-04-07 18:00:00+00:00,212.5,212.77,208.03,208.44,12384.0,8,0.21595933640573797,1.7276746912459038,236.00065719987714
2025-04-07 19:00:00+00:00,208.44,210.535,207.02,208.77,19835.0,7,0.2211872600758216,1.5483108205307512,235.46059193070414
2025-04-08 14:00:00+00:00,212.405,216.33,212.36,213.175,4945.0,7,0.21433368574026543,1.500335800181858,235.36111476027645
2025-04-08 15:00:00+00:00,212.79,214.14,212.13,213.75,9886.0,7,0.20847575293670292,1.4593302705569204,235.15939980358684
2025-04-08 16:00:00+00:00,213.61,214.05,210.27,210.27,4402.0,6,0.2187515204929307,1.3125091229575843,235.0622869740792
2025-04-08 17:00:00+00:00,210.6,210.6,208.51,209.97,5386.0,6,0.21195637452223326,1.2717382471333996,234.9339278796461
2025-04-08 18:00:00+00:00,209.97,210.13,207.7,208.57,8212.0,6,0.20530963899239127,1.2318578339543476,234.73379252130925
2025-04-08 19:00:00+00:00,208.57,208.61,202.21,205.96,12994.0,6,0.19827614331573443,1.1896568598944066,234.380939856631
2025-04-09 14:00:00+00:00,204.025,206.03,201.265,201.45,6393.0,5,0.20829510956081415,1.0414755478040707,234.19351644745262
2025-04-09 15:00:00+00:00,201.35,203.47,200.76,200.86,5642.0,5,0.20040514430482875,1.0020257215241437,234.02350445685678
2025-04-09 16:00:00+00:00,200.89,203.8,200.38,203.8,3134.0,5,0.19466969046603144,0.9733484523301572,231.99876010341322
2025-04-09 17:00:00+00:00,203.8,219.505,203.03,219.505,11158.0,5,0.19345719564851857,0.9672859782425929,232.2650958680856
2025-04-09 18:00:00+00:00,219.45,222.36,217.595,218.575,10742.0,4,0.2151674634311028,0.8606698537244112,232.3301907942237
2025-04-09 19:00:00+00:00,218.49,226.05,218.465,224.49,23163.0,4,0.21453185903205124,0.858127436128205,231.5007572437578
2025-04-10 14:00:00+00:00,217.87,218.51,215.04,215.26,5259.0,4,0.21229389211549748,0.8491755684619899,231.3621329390352
2025-04-10 15:00:00+00:00,215.29,215.67,212.99,212.99,8357.0,4,0.2096676574412875,0.83867062976515,231.12236170299116
2025-04-10 16:00:00+00:00,212.99,213.4,208.93,213.4,4564.0,4,0.20727660640868462,0.8291064256347385,230.98489688974732
2025-04-10 17:00:00+00:00,213.71,217.185,210.73,217.185,8388.0,4,0.20575746674252837,0.8230298669701135,230.83009783517022
2025-04-10 18:00:00+00:00,217.185,220.27,215.82,218.68,10492.0,4,0.20466974262434384,0.8186789704973754,230.73500785365067
2025-04-10 19:00:00+00:00,218.42,220.42,214.785,217.97,17006.0,4,0.20353009858234244,0.8141203943293698,230.56468651306355
2025-04-11 14:00:00+00:00,216.16,216.16,211.45,213.825,7987.0,4,0.20169298724595827,0.8067719489838331,230.42716923876006
2025-04-11 15:00:00+00:00,214.36,214.44,210.4,213.51,15486.0,4,0.199862067632445,0.79944827052978,230.15139736473543
2025-04-11 16:00:00+00:00,213.49,217.04,213.34,216.59,21996.0,4,0.19878446669418898,0.7951378667767559,229.89744966811242
2025-04-11 17:00:00+00:00,216.59,219.85,215.95,219.51,7449.0,4,0.19838236715025898,0.7935294686010359,229.84686725245547
2025-04-11 18:00:00+00:00,219.56,219.62,217.98,218.72,11550.0,3,0.21509578682660613,0.6452873604798184,229.7738150182375
2025-04-11 19:00:00+00:00,218.76,220.52,218.76,220.23,29446.0,3,0.2150050527824138,0.6450151583472414,229.6280642299615
2025-04-14 14:00:00+00:00,222.41,225.285,222.34,224.82,7005.0,3,0.21536896381102477,0.6461068914330743,229.6321478762448
2025-04-14 15:00:00+00:00,225.06,225.06,222.69,222.91,4428.0,3,0.21550383212884164,0.6465114963865249,229.6304231948131
2025-04-14 16:00:00+00:00,222.85,224.32,222.5,223.555,3715.0,3,0.2157766586264193,0.6473299758792579,229.62809916776692
2025-04-14 17:00:00+00:00,223.68,224.47,223.04,223.98,2203.0,3,0.2162527554409753,0.6487582663229259,229.62759959488426
2025-04-14 18:00:00+00:00,223.98,225.28,223.92,225.145,3256.0,2,0.25742517142994353,0.5148503428598871,229.63054879485875
2025-04-14 19:00:00+00:00,225.065,226.48,224.27,224.27,19328.0,2,0.25777215207967075,0.5155443041593415,229.64690596049894
2025-04-15 14:00:00+00:00,226.605,227.11,225.44,226.61,3001.0,2,0.25863779764622963,0.5172755952924593,229.03953267539913
2025-04-15 15:00:00+00:00,226.21,226.66,224.71,224.875,1756.0,2,0.2594031415920223,0.5188062831840446,229.023706624676
2025-04-15 16:00:00+00:00,224.875,225.53,224.18,224.3,1626.0,2,0.2602230830482428,0.5204461660964856,229.00687033607988
2025-04-15 17:00:00+00:00,224.3,224.76,223.41,224.4,1487.0,2,0.2612299117632688,0.5224598235265376,228.99231210963126
2025-04-15 18:00:00+00:00,224.4,225.12,223.92,224.66,6938.0,2,0.26255497969540836,0.5251099593908167,228.97312149752003
2025-04-15 19:00:00+00:00,224.595,225.7,223.95,225.54,25173.0,2,0.26403575317564687,0.5280715063512937,228.98285436159034
2025-04-16 14:00:00+00:00,222.965,222.965,221.37,222.7,12285.0,2,0.26529558697531797,0.5305911739506359,228.91578403821777
2025-04-16 15:00:00+00:00,222.63,224.33,222.19,222.19,9016.0,2,0.26638950154494423,0.5327790030898885,228.88380511799681
2025-04-16 16:00:00+00:00,222.18,222.34,221.16,221.16,1089.0,2,0.2676932465431401,0.5353864930862802,228.87741992291595
2025-04-16 17:00:00+00:00,221.02,221.69,218.56,218.565,3730.0,2,0.2687923350648246,0.5375846701296492,228.8430856856309
2025-04-16 18:00:00+00:00,218.82,219.95,218.57,219.185,6320.0,2,0.2699726267486562,0.5399452534973124,228.78417939855117
2025-04-16 19:00:00+00:00,219.185,219.6,217.17,219.01,12427.0,2,0.27067796081218026,0.5413559216243605,227.71636737172565
2025-04-17 14:00:00+00:00,219.49,219.985,218.11,219.22,16077.0,2,0.2720092492905928,0.5440184985811856,227.6105977472066
2025-04-17 15:00:00+00:00,219.45,221.66,219.45,220.83,20040.0,2,0.2734290864488455,0.546858172897691,227.55285749366143
2025-04-17 16:00:00+00:00,220.86,222.565,220.27,222.445,6587.0,2,0.2750682743597108,0.5501365487194216,227.5456272703601
2025-04-17 17:00:00+00:00,222.53,223.19,221.89,222.78,7121.0,2,0.2768356275263608,0.5536712550527216,227.54763667756765
2025-04-17 18:00:00+00:00,222.74,223.4,222.09,222.09,6336.0,2,0.27831163591999464,0.5566232718399893,227.54530035746149
2025-04-17 19:00:00+00:00,222.07,222.31,220.84,221.21,21571.0,2,0.2796422208138042,0.5592844416276084,227.48480789578198
2025-04-18 14:00:00+00:00,221.21,221.21,221.21,221.21,0.0,2,0.2812073131898523,0.5624146263797046,227.48480789578198
2025-04-18 15:00:00+00:00,221.21,221.21,221.21,221.21,0.0,2,0.2825317474843757,0.5650634949687514,227.48480789578198
2025-04-18 16:00:00+00:00,221.21,221.21,221.21,221.21,0.0,2,0.2839796268619088,0.5679592537238176,227.48480789578198
2025-04-18 17:00:00+00:00,221.21,221.21,221.21,221.21,0.0,2,0.28572897180295365,0.5714579436059073,227.48480789578198
2025-04-18 18:00:00+00:00,221.21,221.21,221.21,221.21,0.0,2,0.28834754876787555,0.5766950975357511,227.48480789578198
2025-04-18 19:00:00+00:00,221.21,221.21,221.21,221.21,0.0,2,0.29082169068403796,0.5816433813680759,227.48480789578198
2025-04-21 14:00:00+00:00,220.32,220.46,216.73,216.73,10961.0,2,0.29263880110702617,0.5852776022140523,227.3900052400234
2025-04-21 15:00:00+00:00,216.92,218.07,215.92,216.04,4174.0,2,0.2944678534022494,0.5889357068044988,227.34669917357428
2025-04-21 16:00:00+00:00,216.08,217.46,215.955,216.76,5360.0,2,0.29677083264092885,0.5935416652818577,227.29303599918853
2025-04-21 17:00:00+00:00,216.69,216.91,214.54,214.86,10786.0,2,0.29927490811705915,0.5985498162341183,227.16863319305236
2025-04-21 18:00:00+00:00,214.53,214.96,213.59,213.81,12408.0,1,0.4745921479094757,0.4745921479094757,225.9541839593382
2025-04-21 19:00:00+00:00,213.725,215.5,213.72,215.07,42527.0,2,0.2889996460695973,0.5779992921391947,225.55099834772932
2025-04-22 14:00:00+00:00,239.47,242.87,238.625,242.87,16459.0,2,0.28828850150324636,0.5765770030064927,226.23840657327872
2025-04-22 15:00:00+00:00,242.87,244.84,242.71,244.31,12350.0,2,0.9141065423829646,1.8282130847659293,226.70708073549295
2025-04-22 16:00:00+00:00,244.515,248.76,244.515,246.17,11622.0,2,0.9083447162420475,1.816689432484095,227.14016857399056
2025-04-22 17:00:00+00:00,246.37,246.805,243.63,243.75,6658.0,2,0.9047551169414604,1.8095102338829208,227.3484256589847
2025-04-22 18:00:00+00:00,243.375,245.34,243.0,245.14,11042.0,2,0.9000204961371862,1.8000409922743723,227.66510035690425
2025-04-22 19:00:00+00:00,245.16,246.79,242.96,245.92,36727.0,2,0.8946250816842516,1.7892501633685032,228.59672451528436
2025-04-23 14:00:00+00:00,251.99,255.3,251.35,252.8,7431.0,2,0.8796314881732086,1.7592629763464172,228.84029688839587
2025-04-23 15:00:00+00:00,252.63,252.79,247.26,247.97,5950.0,2,0.8719562698783168,1.7439125397566335,228.99907944632577
2025-04-23 16:00:00+00:00,247.97,251.13,247.6,251.13,6734.0,2,0.8619967866475884,1.7239935732951768,229.17857269922723
2025-04-23 17:00:00+00:00,250.78,251.95,249.83,250.28,6662.0,2,0.8544640743492715,1.708928148698543,229.35678141109344
2025-04-23 18:00:00+00:00,250.435,250.49,248.49,248.76,4531.0,2,0.8476619856084141,1.6953239712168282,229.4668244242183
2025-04-23 19:00:00+00:00,248.7,249.72,247.705,249.5,18688.0,2,0.8416624168993694,1.6833248337987388,229.8929148402016
2025-04-24 14:00:00+00:00,248.45,254.315,248.445,254.31,6099.0,2,0.8290363822854707,1.6580727645709414,230.04940413460736
2025-04-24 15:00:00+00:00,254.485,255.5,253.77,253.845,8028.0,2,0.817956378083588,1.635912756167176,230.26849083506096
2025-04-24 16:00:00+00:00,253.845,257.45,253.845,256.805,11609.0,2,0.8034292442861937,1.6068584885723873,230.5955751428446
2025-04-24 17:00:00+00:00,256.805,258.0,256.485,257.77,7536.0,2,0.7891164068639688,1.5782328137279376,230.8122318756964
2025-04-24 18:00:00+00:00,257.92,258.12,256.95,257.44,6723.0,2,0.7766420440794445,1.553284088158889,231.0013635237061
2025-04-24 19:00:00+00:00,257.43,258.49,256.94,257.445,14563.0,2,0.7651605745065516,1.5303211490131032,232.50190569757805
2025-04-25 14:00:00+00:00,257.15,258.49,256.36,257.075,15013.0,2,0.7551591098687619,1.5103182197375238,233.9711488051984
2025-04-25 15:00:00+00:00,256.96,257.08,255.545,255.88,13069.0,2,0.7478132471358073,1.4956264942716146,234.2204940231717
2025-04-25 16:00:00+00:00,255.92,257.02,255.825,255.95,9594.0,2,0.7397067072103637,1.4794134144207274,234.41739749327772
2025-04-25 17:00:00+00:00,255.945,256.76,254.53,254.77,12792.0,2,0.7338761631526772,1.4677523263053545,234.64683459255417
2025-04-25 18:00:00+00:00,254.83,255.625,254.225,254.345,14645.0,1,1.0712483821008367,1.0712483821008367,234.89139283181458
2025-04-25 19:00:00+00:00,254.37,257.37,254.29,256.49,28142.0,1,1.0549396006210519,1.0549396006210519,235.43123144579357
2025-04-28 14:00:00+00:00,257.545,258.23,256.62,257.915,4343.0,1,1.0372224858536427,1.0372224858536427,235.52351212085455
2025-04-28 15:00:00+00:00,257.94,257.94,254.99,255.13,7344.0,1,1.0233167275166037,1.0233167275166037,235.6560756829649
2025-04-28 16:00:00+00:00,255.13,255.3,253.775,254.69,4956.0,1,1.0096335521732522,1.0096335521732522,235.73208448674086
2025-04-28 17:00:00+00:00,254.59,254.95,253.45,254.855,3978.0,1,0.9957781629244348,0.9957781629244348,236.71078709102645
2025-04-28 18:00:00+00:00,254.86,255.33,254.22,254.98,6113.0,1,0.9828620605489526,0.9828620605489526,236.81671922886977
2025-04-28 19:00:00+00:00,254.98,256.89,254.605,256.395,10523.0,1,0.9701864495753976,0.9701864495753976,237.02596219963408
2025-04-29 14:00:00+00:00,256.63,257.47,254.875,257.47,6911.0,1,0.9580736968730654,0.9580736968730654,237.1621484552811
2025-04-29 15:00:00+00:00,257.26,257.48,256.38,256.74,3342.0,1,0.9470680326644075,0.9470680326644075,237.22739695933888
2025-04-29 16:00:00+00:00,256.77,257.48,255.95,256.36,2469.0,1,0.9383217644864775,0.9383217644864775,237.2724441317208
2025-04-29 17:00:00+00:00,256.36,258.46,256.22,258.28,2993.0,1,0.9314218534525663,0.9314218534525663,237.33511440599494
2025-04-29 18:00:00+00:00,258.29,258.73,257.83,257.985,4716.0,1,0.9240810422575119,0.9240810422575119,237.4373092986018
2025-04-29 19:00:00+00:00,257.875,259.1,257.875,258.58,14018.0,1,0.9185972974054561,0.9185972974054561,237.7319702294344
2025-04-30 14:00:00+00:00,254.235,256.865,254.235,255.8,5688.0,1,0.9174072294336163,0.9174072294336163,237.80920429015995
2025-04-30 15:00:00+00:00,256.07,258.07,255.995,257.66,4975.0,1,0.9124775308532148,0.9124775308532148,237.8934909496383
2025-04-30 16:00:00+00:00,257.66,258.35,256.88,257.56,4643.0,1,0.9107186623614816,0.9107186623614816,237.9743438804973
2025-04-30 17:00:00+00:00,257.61,258.32,256.845,258.09,4108.0,1,0.9090469674794023,0.9090469674794023,238.0461065880123
2025-04-30 18:00:00+00:00,258.03,258.4,256.98,257.3,4833.0,1,0.9059490667918323,0.9059490667918323,238.12754824513567
2025-04-30 19:00:00+00:00,257.44,260.73,256.955,260.08,12762.0,1,0.9012091295264523,0.9012091295264523,238.3756029372909
2025-05-01 14:00:00+00:00,261.22,262.995,260.715,262.995,4349.0,1,0.8969831882166002,0.8969831882166002,238.4798695280957
2025-05-01 15:00:00+00:00,262.995,262.995,260.28,260.69,4801.0,1,0.8953831894800452,0.8953831894800452,238.5850448701986
2025-05-01 16:00:00+00:00,260.54,261.65,260.15,260.79,3183.0,1,0.8953345987122014,0.8953345987122014,238.6511723005903
2025-05-01 17:00:00+00:00,261.06,262.51,261.06,261.7,4547.0,1,0.897319676364256,0.897319676364256,238.7508926177581
2025-05-01 18:00:00+00:00,261.7,262.54,261.42,262.4,3621.0,1,0.9035637686812914,0.9035637686812914,238.83113393100308
2025-05-01 19:00:00+00:00,262.31,263.2,260.84,260.865,15363.0,1,0.9126043155929486,0.9126043155929486,239.14816858546874
2025-05-02 14:00:00+00:00,265.4,266.6,264.56,264.84,10986.0,1,0.9171406187712074,0.9171406187712074,240.84795997810915
2025-05-02 15:00:00+00:00,264.84,264.84,263.69,264.145,7353.0,1,0.9117571749225978,0.9117571749225978,240.9886496947005
2025-05-02 16:00:00+00:00,264.19,264.73,263.97,264.35,7394.0,1,0.9073495657079259,0.9073495657079259,241.14185733009987
2025-05-02 17:00:00+00:00,264.44,264.905,263.105,263.79,5971.0,1,0.9012406903482131,0.9012406903482131,241.25806798027165
2025-05-02 18:00:00+00:00,263.84,264.325,263.35,263.86,14096.0,1,0.9002848772658819,0.9002848772658819,241.52837598100987
2025-05-02 19:00:00+00:00,263.76,265.37,263.47,264.28,22573.0,1,0.9012260179035183,0.9012260179035183,241.97152462213944
2025-05-05 14:00:00+00:00,264.88,266.04,264.59,265.7,4611.0,1,0.901632404850392,0.901632404850392,242.06808120558904
2025-05-05 15:00:00+00:00,265.55,265.78,263.7,264.74,6284.0,1,0.9008408046890849,0.9008408046890849,242.18909295582642
2025-05-05 16:00:00+00:00,264.665,265.0,264.04,264.2,5731.0,1,0.9000703321426431,0.9000703321426431,242.29430947749523
2025-05-05 17:00:00+00:00,264.11,264.11,263.24,263.865,5077.0,1,0.9004919020634321,0.9004919020634321,242.38039436342655
2025-05-05 18:00:00+00:00,263.91,264.27,263.38,263.575,4081.0,1,0.9045525690296757,0.9045525690296757,242.4490148093371
2025-05-05 19:00:00+00:00,263.46,263.72,262.19,262.45,13696.0,1,0.9102322672094129,0.9102322672094129,242.6546414398671
2025-05-06 14:00:00+00:00,260.045,262.47,259.89,261.62,6167.0,1,0.9147281585442036,0.9147281585442036,243.95213977994345
2025-05-06 15:00:00+00:00,261.825,263.07,261.77,262.47,6131.0,1,0.9173251417906415,0.9173251417906415,244.06372683639788
2025-05-06 16:00:00+00:00,262.42,264.0,262.37,262.7,3737.0,1,0.9209019548285868,0.9209019548285868,244.13108732655337
2025-05-06 17:00:00+00:00,262.53,263.28,261.83,261.995,2402.0,1,0.9243692389671904,0.9243692389671904,244.16478839329224
2025-05-06 18:00:00+00:00,261.995,262.96,261.89,262.96,3240.0,1,0.9249381068610485,0.9249381068610485,244.21242660006865
2025-05-06 19:00:00+00:00,263.02,263.365,262.2,262.235,11070.0,1,0.9274728130867005,0.9274728130867005,244.36864926451463
2025-05-07 14:00:00+00:00,263.57,263.815,262.235,262.31,12758.0,1,0.9300258849107645,0.9300258849107645,244.5476038012931
2025-05-07 15:00:00+00:00,262.275,264.09,262.07,264.09,9202.0,1,0.9318500917361633,0.9318500917361633,244.68552039703212
2025-05-07 16:00:00+00:00,263.88,264.8,263.56,264.79,6870.0,1,0.9330354847516451,0.9330354847516451,244.79935892860848
2025-05-07 17:00:00+00:00,264.67,265.8,264.56,264.655,6310.0,1,0.9353380615346639,0.9353380615346639,244.90865711778898
2025-05-07 18:00:00+00:00,264.85,265.99,263.42,265.885,10441.0,1,0.9359588371464352,0.9359588371464352,245.084705319279
2025-05-07 19:00:00+00:00,265.5,266.665,264.17,266.15,17421.0,1,0.938024745657003,0.938024745657003,245.38036110144935
2025-05-08 14:00:00+00:00,269.2,270.25,268.32,269.0,4346.0,1,0.93931882307437,0.93931882307437,245.47684234639988
2025-05-08 15:00:00+00:00,268.84,272.67,268.785,272.07,2376.0,1,0.9390814417818357,0.9390814417818357,245.53652208818318
2025-05-08 16:00:00+00:00,272.07,273.61,272.07,273.52,2850.0,1,0.9382890422498589,0.9382890422498589,245.61593059022306
2025-05-08 17:00:00+00:00,273.52,273.52,272.24,272.55,2637.0,1,0.9382711750946306,0.9382711750946306,245.6870889327668
2025-05-08 18:00:00+00:00,272.525,273.72,272.47,272.84,4946.0,1,0.9409263042569804,0.9409263042569804,245.8199228684758
2025-05-08 19:00:00+00:00,272.64,273.27,271.39,271.5,5966.0,1,0.9457183492230489,0.9457183492230489,245.9672510934326
2025-05-09 14:00:00+00:00,270.68,270.74,267.87,268.12,3183.0,1,0.9543296297047387,0.9543296297047387,246.02908951784138
2025-05-09 15:00:00+00:00,268.03,268.97,268.02,268.97,3666.0,1,0.966087699771763,0.966087699771763,246.09808056598771
2025-05-09 16:00:00+00:00,268.93,268.93,267.74,268.08,5239.0,1,0.9789752350086968,0.9789752350086968,246.19217390773105
2025-05-09 17:00:00+00:00,268.095,271.01,268.095,270.005,6626.0,1,0.9922973565193933,0.9922973565193933,246.32301039630116
2025-05-09 18:00:00+00:00,270.01,270.56,269.95,270.38,5980.0,1,1.0066401534705018,1.0066401534705018,246.4437603921678
2025-05-09 19:00:00+00:00,270.28,270.68,269.11,269.89,7910.0,1,1.020882888445774,1.020882888445774,246.595614329489
2025-05-12 14:00:00+00:00,274.75,275.255,273.2,273.98,7103.0,1,1.0316259687437372,1.0316259687437372,246.76987147308046
2025-05-12 15:00:00+00:00,274.06,274.225,272.99,273.79,4541.0,1,1.0435313234400534,1.0435313234400534,246.87616038360565
2025-05-12 16:00:00+00:00,273.7,275.09,273.65,274.99,5014.0,1,1.0569266498968184,1.0569266498968184,246.99770293214038
2025-05-12 17:00:00+00:00,274.995,275.51,274.95,275.08,4378.0,1,1.0733644153978852,1.0733644153978852,247.10564794055517
2025-05-12 18:00:00+00:00,275.075,276.37,275.075,275.5,6186.0,1,1.0915833941410962,1.0915833941410962,247.25930344964436
2025-05-12 19:00:00+00:00,275.5,276.63,275.415,276.485,10857.0,1,1.1112733499592025,1.1112733499592025,247.52902518912828
2025-05-13 14:00:00+00:00,276.85,277.105,275.545,276.445,2921.0,1,1.133732430758037,1.133732430758037,247.60075149947642
2025-05-13 15:00:00+00:00,276.73,277.47,275.09,275.09,2932.0,1,1.1607520827136135,1.1607520827136135,249.5282835021062
2025-05-13 16:00:00+00:00,275.05,275.63,273.8,273.87,3313.0,1,1.192830485535795,1.192830485535795,249.55954313426145
2025-05-13 17:00:00+00:00,273.79,274.245,272.885,273.01,5115.0,1,1.230472041645221,1.230472041645221,249.6204923360361
2025-05-13 18:00:00+00:00,273.02,274.635,272.52,274.635,5998.0,1,1.2858763017332413,1.2858763017332413,249.73295798543114
2025-05-13 19:00:00+00:00,274.57,275.73,273.64,273.8,18535.0,1,1.3563393782112318,1.3563393782112318,250.10534188536204
2025-05-14 14:00:00+00:00,271.075,272.31,270.125,271.08,4613.0,1,1.4436337266313286,1.4436337266313286,250.15977937239523
2025-05-14 15:00:00+00:00,271.08,271.79,269.63,271.35,3078.0,1,1.5657871320704875,1.5657871320704875,251.76397812909767
2025-05-14 16:00:00+00:00,271.35,271.84,270.71,271.805,7573.0,1,1.7398958640344035,1.7398958640344035,251.87917755015673
2025-05-14 17:00:00+00:00,271.805,271.805,270.66,271.39,3985.0,1,1.9825789482175817,1.9825789482175817,251.92955624062333
2025-05-14 18:00:00+00:00,271.41,271.995,271.21,271.82,7796.0,0,,,252.04211914241932
2025-05-14 19:00:00+00:00,271.72,272.04,270.88,271.25,10926.0,0,,,252.1850893267847
2025-05-15 14:00:00+00:00,272.015,272.34,271.175,272.09,4597.0,0,,,252.25190968231772
2025-05-15 15:00:00+00:00,272.11,273.25,271.99,273.2,4691.0,0,,,252.33150998803723
2025-05-15 16:00:00+00:00,273.15,274.38,273.12,274.28,4312.0,0,,,252.41541449404554
2025-05-15 17:00:00+00:00,274.3,274.79,273.41,273.42,3634.0,0,,,252.483517988168
2025-05-15 18:00:00+00:00,273.42,275.41,273.42,275.12,3550.0,0,,,252.55523815663105
2025-05-15 19:00:00+00:00,275.175,275.76,275.0,275.605,10936.0,0,,,252.78542057536743
2025-05-16 14:00:00+00:00,275.69,277.16,275.46,277.01,3344.0,0,,,252.86047193947007
2025-05-16 15:00:00+00:00,276.71,277.45,276.66,277.165,4117.0,0,,,252.95538399172733
2025-05-16 16:00:00+00:00,277.165,277.64,276.98,277.23,3185.0,0,,,253.02836454728669
2025-05-16 17:00:00+00:00,277.23,278.39,277.23,277.52,2593.0,0,,,253.08898666892696
2025-05-16 18:00:00+00:00,277.53,278.27,277.53,278.125,3344.0,0,,,253.16751199650633
2025-05-16 19:00:00+00:00,278.01,278.9,277.99,278.9,11728.0,0,,,253.4451378153317
2025-05-19 14:00:00+00:00,277.16,278.18,277.07,277.96,2664.0,0,,,253.5016897840203
2025-05-19 15:00:00+00:00,277.97,278.79,277.96,278.635,2301.0,0,,,253.55299021158027
2025-05-19 16:00:00+00:00,278.635,280.025,278.48,279.79,3812.0,0,,,253.64329349684917
2025-05-19 17:00:00+00:00,279.815,280.73,279.65,280.08,3296.0,0,,,253.72417330978965
2025-05-19 18:00:00+00:00,280.07,280.95,279.98,280.62,3931.0,0,,,253.8214068025903
2025-05-19 19:00:00+00:00,280.645,280.965,279.69,280.65,14808.0,0,,,254.17075252308373
2025-05-20 14:00:00+00:00,279.595,280.375,279.36,279.74,2603.0,0,,,254.22748829543684
2025-05-20 15:00:00+00:00,279.84,280.98,279.39,279.59,3175.0,0,,,256.21793671770206
2025-05-20 16:00:00+00:00,279.57,279.57,266.34,275.755,42930.0,0,,,256.4195549406643
2025-05-20 17:00:00+00:00,275.18,276.48,274.765,275.955,15727.0,0,,,256.647708921079
2025-05-20 18:00:00+00:00,275.955,276.25,274.73,275.04,9100.0,0,,,256.7663271046091
2025-05-20 19:00:00+00:00,274.85,277.125,274.19,276.855,25149.0,0,,,257.1117423169613
2025-05-21 14:00:00+00:00,265.675,266.66,259.3,263.32,27638.0,0,,,256.92443500779876
2025-05-21 15:00:00+00:00,263.03,265.11,262.37,264.44,18267.0,0,,,256.86647387370795
2025-05-21 16:00:00+00:00,264.44,264.62,262.58,263.24,12254.0,0,,,256.83097161750055
2025-05-21 17:00:00+00:00,263.24,264.05,258.86,259.53,11997.0,0,,,256.7614482663249
2025-05-21 18:00:00+00:00,259.64,260.76,258.84,258.92,12529.0,0,,,256.67733573977995
2025-05-21 19:00:00+00:00,258.84,259.36,257.48,258.26,24432.0,0,,,256.50561292707863
2025-05-22 14:00:00+00:00,257.48,258.96,256.88,258.85,6558.0,0,,,257.1901458423704
2025-05-22 15:00:00+00:00,258.84,260.35,258.74,260.21,3774.0,0,,,257.20085681679376
2025-05-22 16:00:00+00:00,260.18,261.75,260.03,260.82,5098.0,0,,,257.21902674105814
2025-05-22 17:00:00+00:00,260.95,261.67,260.43,261.305,3417.0,0,,,257.2247613604112
2025-05-22 18:00:00+00:00,261.4,262.78,261.305,262.76,6464.0,0,,,257.2484289468801
2025-05-22 19:00:00+00:00,262.52,263.685,262.52,263.32,18935.0,0,,,257.30652662754756
2025-05-23 14:00:00+00:00,261.345,262.95,261.345,261.68,4124.0,0,,,257.30346848714214
2025-05-23 15:00:00+00:00,261.815,263.25,261.36,262.85,2429.0,0,,,257.30416310810864
2025-05-23 16:00:00+00:00,262.85,263.15,262.04,262.63,3730.0,0,,,257.30594806277105
2025-05-23 17:00:00+00:00,262.67,263.16,262.15,262.88,3412.0,0,,,257.30821440427815
2025-05-23 18:00:00+00:00,262.92,263.21,262.455,262.78,4782.0,0,,,257.3118827897161
2025-05-23 19:00:00+00:00,262.705,263.1,261.89,262.44,9127.0,0,,,257.31293305123256
2025-05-26 14:00:00+00:00,262.44,262.44,262.44,262.44,0.0,0,,,257.31293305123256
2025-05-26 15:00:00+00:00,262.44,262.44,262.44,262.44,0.0,0,,,257.31293305123256
2025-05-26 16:00:00+00:00,262.44,262.44,262.44,262.44,0.0,0,,,257.31293305123256
2025-05-26 17:00:00+00:00,262.44,262.44,262.44,262.44,0.0,0,,,257.31293305123256
2025-05-26 18:00:00+00:00,262.44,262.44,262.44,262.44,0.0,0,,,257.31293305123256
2025-05-26 19:00:00+00:00,262.44,262.44,262.44,262.44,0.0,0,,,257.31293305123256
2025-05-27 14:00:00+00:00,262.82,263.25,257.0,259.85,17894.0,0,,,258.01729913199995
2025-05-27 15:00:00+00:00,260.29,261.125,259.36,260.55,11336.0,0,,,257.99031759830984
2025-05-27 16:00:00+00:00,260.54,261.34,260.19,260.795,12293.0,0,,,257.9749999317248
2025-05-27 17:00:00+00:00,260.825,261.84,260.09,261.81,11752.0,0,,,257.971591944146
2025-05-27 18:00:00+00:00,261.88,261.88,260.14,260.18,6042.0,0,,,257.96230530575644
2025-05-27 19:00:00+00:00,260.18,260.18,257.63,258.26,17108.0,0,,,257.8721176325756
2025-05-28 14:00:00+00:00,258.535,258.93,257.56,258.33,3856.0,0,,,257.8511963662676
2025-05-28 15:00:00+00:00,258.31,261.53,257.12,261.42,6438.0,0,,,257.838103159905
2025-05-28 16:00:00+00:00,261.415,263.625,261.415,262.805,9899.0,0,,,257.862510241197
2025-05-28 17:00:00+00:00,262.58,263.125,262.28,262.4,3685.0,0,,,257.87082945556944
2025-05-28 18:00:00+00:00,262.41,263.06,262.14,262.25,4137.0,0,,,257.8790118336228
2025-05-28 19:00:00+00:00,262.39,263.1,261.93,262.26,13898.0,0,,,257.90330852169507
2025-05-29 14:00:00+00:00,262.97,263.45,260.32,261.14,1918.0,0,,,257.9041521218769
2025-05-29 15:00:00+00:00,261.14,261.28,259.92,259.92,1311.0,0,,,257.90221755626396
2025-05-29 16:00:00+00:00,259.45,261.495,259.45,261.495,1490.0,0,,,257.9010339928253
2025-05-29 17:00:00+00:00,261.45,261.755,260.68,261.35,1643.0,0,,,257.9008523526794
2025-05-29 18:00:00+00:00,261.35,261.69,260.97,261.37,3412.0,0,,,257.9009142293064
2025-05-29 19:00:00+00:00,261.49,263.63,261.39,263.2,18182.0,0,,,257.9370413662133
2025-05-30 14:00:00+00:00,260.67,262.79,260.67,262.41,5689.0,0,,,257.94164512842406
2025-05-30 15:00:00+00:00,262.41,263.86,262.41,262.96,5609.0,0,,,257.95459028171643
2025-05-30 16:00:00+00:00,262.92,263.585,261.005,261.6,5418.0,0,,,257.9595643242417
2025-05-30 17:00:00+00:00,261.485,262.825,261.37,262.35,6510.0,0,,,257.9665088113414
2025-05-30 18:00:00+00:00,262.45,264.1,262.45,264.02,7004.0,0,,,257.98588849610087
2025-05-30 19:00:00+00:00,264.16,265.51,264.08,264.33,11100.0,0,,,258.9694522556189
2025-06-02 14:00:00+00:00,257.66,259.98,256.88,259.98,7750.0,0,,,259.47372524410065
2025-06-02 15:00:00+00:00,260.1,260.425,259.535,259.6,5693.0,0,,,259.45117656419507
2025-06-02 16:00:00+00:00,259.6,259.95,258.745,259.61,7180.0,0,,,259.40730573177575
2025-06-02 17:00:00+00:00,259.61,259.82,258.88,259.27,5692.0,0,,,259.3766705328302
2025-06-02 18:00:00+00:00,259.34,260.78,259.34,260.69,5603.0,0,,,259.37121159468455
2025-06-02 19:00:00+00:00,260.62,261.45,260.415,261.37,13109.0,1,0.18279534526709054,0.18279534526709054,259.38773265581443
2025-06-03 14:00:00+00:00,258.18,260.62,258.15,260.61,4977.0,1,0.1819054883524799,0.1819054883524799,259.3723233501187
2025-06-03 15:00:00+00:00,260.67,262.235,260.67,262.2,3799.0,1,0.18148434397844615,0.18148434397844615,259.38132240573066
2025-06-03 16:00:00+00:00,262.2,262.95,261.99,262.91,2978.0,1,0.18124364682359675,0.18124364682359675,259.3948947746194
2025-06-03 17:00:00+00:00,262.91,263.43,262.755,262.86,3171.0,1,0.18097018855278882,0.18097018855278882,259.4115121417394
2025-06-03 18:00:00+00:00,262.86,263.3,262.43,263.18,2760.0,1,0.181405464529632,0.181405464529632,259.4246996605826
2025-06-03 19:00:00+00:00,263.21,263.925,263.0,263.54,14319.0,1,0.18188960708974608,0.18188960708974608,259.4990517333105
2025-06-04 14:00:00+00:00,262.92,264.97,262.92,264.97,6128.0,1,0.18286862439392113,0.18286862439392113,259.5362784663858
2025-06-04 15:00:00+00:00,264.99,265.89,264.945,265.405,5200.0,1,0.18395522714465956,0.18395522714465956,259.57756258405914
2025-06-04 16:00:00+00:00,265.46,265.94,265.14,265.74,5337.0,1,0.18524203620963461,0.18524203620963461,259.6192770405124
2025-06-04 17:00:00+00:00,265.695,266.63,265.695,266.45,3418.0,1,0.18695307447976398,0.18695307447976398,259.64902003695454
2025-06-04 18:00:00+00:00,266.34,268.0,265.13,267.915,11082.0,1,0.18871294941101108,0.18871294941101108,259.75383307529603
2025-06-04 19:00:00+00:00,267.81,267.93,266.7,267.1,21294.0,1,0.19008701299904068,0.19008701299904068,259.93610452438645
2025-06-05 14:00:00+00:00,269.115,271.9,268.88,270.05,8036.0,1,0.19089710022914672,0.19089710022914672,261.19866219905424
2025-06-05 15:00:00+00:00,270.05,270.05,268.485,269.17,7328.0,1,0.19159137509843374,0.19159137509843374,261.24567228929476
2025-06-05 16:00:00+00:00,269.17,270.03,266.515,266.96,6339.0,1,0.1929267872795333,0.1929267872795333,261.2631893390218
2025-06-05 17:00:00+00:00,266.96,268.33,266.765,267.725,5645.0,1,0.19401253241248026,0.19401253241248026,261.28414593017334
2025-06-05 18:00:00+00:00,267.63,267.65,266.44,267.065,6714.0,1,0.194458509927091,0.194458509927091,261.30380258442517
2025-06-05 19:00:00+00:00,267.065,267.23,265.26,266.15,19526.0,1,0.1949788015717674,0.1949788015717674,261.34203687059073
2025-06-06 14:00:00+00:00,268.33,269.16,267.64,268.66,4029.0,1,0.19550322013488045,0.19550322013488045,261.3730087871778
2025-06-06 15:00:00+00:00,268.66,269.04,267.85,268.43,3049.0,1,0.19596289261321728,0.19596289261321728,261.39553761608136
2025-06-06 16:00:00+00:00,268.425,268.715,267.255,267.55,3611.0,1,0.19659615452133122,0.19659615452133122,261.41706548319434
2025-06-06 17:00:00+00:00,267.62,267.81,267.45,267.7,4295.0,1,0.19710035087902394,0.19710035087902394,261.4405765371122
2025-06-06 18:00:00+00:00,267.84,268.26,267.63,268.09,5790.0,1,0.1977903671581341,0.1977903671581341,261.4755447756785
2025-06-06 19:00:00+00:00,268.04,268.74,267.66,268.39,23160.0,1,0.19879397583053257,0.19879397583053257,261.6176866502058
2025-06-09 14:00:00+00:00,268.81,269.07,265.59,267.545,4365.0,1,0.20028030153316584,0.20028030153316584,261.6364928314325
2025-06-09 15:00:00+00:00,267.995,269.47,267.58,269.16,2869.0,1,0.20132507662139398,0.20132507662139398,261.65517734636313
2025-06-09 16:00:00+00:00,269.175,269.77,268.82,269.73,4203.0,1,0.2029797825362741,0.2029797825362741,261.6869919120331
2025-06-09 17:00:00+00:00,269.685,270.38,269.54,270.29,3103.0,1,0.20480465533611308,0.20480465533611308,261.7132410309658
2025-06-09 18:00:00+00:00,270.295,270.75,269.99,270.37,4033.0,1,0.2074307363697907,0.2074307363697907,261.7486733956946
2025-06-09 19:00:00+00:00,270.37,270.405,268.575,268.575,20187.0,1,0.21063519002594838,0.21063519002594838,261.8802683328939
2025-06-10 14:00:00+00:00,270.825,272.99,270.58,272.64,4141.0,1,0.21295601186377536,0.21295601186377536,261.9235754618119
2025-06-10 15:00:00+00:00,272.8,273.55,272.4,273.05,5721.0,1,0.21539399634453718,0.21539399634453718,261.98971259115024
2025-06-10 16:00:00+00:00,273.05,273.05,271.54,271.58,3869.0,1,0.21896894486062507,0.21896894486062507,262.0282251367611
2025-06-10 17:00:00+00:00,271.58,271.935,271.12,271.12,3254.0,1,0.22357489648714177,0.22357489648714177,262.0570547737741
2025-06-10 18:00:00+00:00,270.9,270.95,270.46,270.825,3638.0,1,0.22779851488890146,0.22779851488890146,262.085543789336
2025-06-10 19:00:00+00:00,270.825,271.945,270.69,271.715,9123.0,1,0.23256217842963248,0.23256217842963248,262.16405892528604
2025-06-11 14:00:00+00:00,273.98,273.98,271.82,272.66,6184.0,1,0.23842328267659935,0.23842328267659935,263.43840951145546
2025-06-11 15:00:00+00:00,272.66,273.17,272.01,272.14,5410.0,1,0.24547523804428809,0.24547523804428809,263.47822308144026
2025-06-11 16:00:00+00:00,272.15,272.605,271.47,272.49,5371.0,1,0.25379059211534905,0.25379059211534905,263.51661901817425
2025-06-11 17:00:00+00:00,272.475,272.77,271.42,271.48,7391.0,1,0.26387055817932514,0.26387055817932514,263.5658659627285
2025-06-11 18:00:00+00:00,271.48,271.64,270.11,270.49,5111.0,1,0.2744042634275056,0.2744042634275056,263.5845533265832
2025-06-11 19:00:00+00:00,270.51,271.72,270.24,271.72,11881.0,1,0.28509488131928806,0.28509488131928806,263.6528371576887
2025-06-12 14:00:00+00:00,267.885,269.92,267.74,268.94,2938.0,1,0.2921906053585819,0.2921906053585819,263.6540620805424
2025-06-12 15:00:00+00:00,268.97,269.67,268.525,269.02,4375.0,1,0.30021140063364055,0.30021140063364055,263.65994097605716
2025-06-12 16:00:00+00:00,269.06,269.6,268.61,268.91,4385.0,1,0.3074163115626382,0.3074163115626382,263.66726787640914
2025-06-12 17:00:00+00:00,268.91,269.625,268.91,269.24,3540.0,1,0.31875564773549603,0.31875564773549603,263.6757536081649
2025-06-12 18:00:00+00:00,269.28,269.46,267.85,267.87,3270.0,1,0.31796891639892766,0.31796891639892766,263.6784719845741
2025-06-12 19:00:00+00:00,267.87,268.87,267.81,268.77,9294.0,1,0.31645325542884284,0.31645325542884284,263.69125869272324
2025-06-13 14:00:00+00:00,265.16,266.02,263.82,265.53,1466.0,1,0.31660714521792754,0.31660714521792754,263.6845343642
2025-06-13 15:00:00+00:00,265.48,267.03,265.48,266.18,2330.0,1,0.31901164619361155,0.31901164619361155,263.67905124278303
2025-06-13 16:00:00+00:00,266.18,267.08,266.04,266.575,1397.0,1,0.32211422760956204,0.32211422760956204,263.676824555064
2025-06-13 17:00:00+00:00,266.57,266.57,265.17,265.17,2353.0,1,0.32652747817139155,0.32652747817139155,263.66950081569286
2025-06-13 18:00:00+00:00,265.245,268.02,263.95,264.49,6705.0,1,0.3303944792174356,0.3303944792174356,263.6493337306906
2025-06-13 19:00:00+00:00,264.49,264.58,263.56,264.29,6789.0,1,0.3328139484066201,0.3328139484066201,263.6170317031914
2025-06-16 14:00:00+00:00,264.25,267.76,264.25,266.99,4250.0,1,0.33440587974570257,0.33440587974570257,263.6136953230786
2025-06-16 15:00:00+00:00,266.99,267.06,265.6,266.32,4274.0,1,0.33588046707532143,0.33588046707532143,263.6109374119307
2025-06-16 16:00:00+00:00,266.48,267.45,266.01,266.49,5065.0,1,0.3363544161491316,0.3363544161491316,263.6109404529773
2025-06-16 17:00:00+00:00,266.49,267.32,266.165,266.21,4297.0,1,0.336654532076984,0.336654532076984,263.61085100495035
2025-06-16 18:00:00+00:00,266.07,266.61,266.03,266.48,3435.0,1,0.33793039443849715,0.33793039443849715,263.61007548727736
2025-06-16 19:00:00+00:00,266.48,267.64,266.15,267.4,24598.0,1,0.3381288659353588,0.3381288659353588,263.634266762053
2025-06-17 14:00:00+00:00,256.59,257.765,254.64,256.46,12151.0,1,0.3304130653939339,0.3304130653939339,263.7986185471336
2025-06-17 15:00:00+00:00,256.47,257.56,255.8,256.555,16493.0,2,1.0612397698120795,2.122479539624159,263.6155496241763
2025-06-17 16:00:00+00:00,256.555,257.77,256.51,256.8,12064.0,2,1.0410361208753447,2.0820722417506894,263.4991639060209
2025-06-17 17:00:00+00:00,256.78,257.91,255.65,256.265,17401.0,2,1.0200056748302246,2.0400113496604493,263.3239974748008
2025-06-17 18:00:00+00:00,256.02,256.23,254.72,255.53,14329.0,2,0.9968026512961445,1.993605302592289,263.1613757251749
2025-06-17 19:00:00+00:00,255.5,256.4,255.31,255.92,55668.0,2,0.977159453744121,1.954318907488242,262.66091247992995
2025-06-18 14:00:00+00:00,254.75,257.6,254.725,257.04,4482.0,2,0.9633495301690547,1.9266990603381093,262.62879634871973
2025-06-18 15:00:00+00:00,257.01,257.24,255.84,255.86,4437.0,2,0.9456934055439725,1.891386811087945,262.5965919522406
2025-06-18 16:00:00+00:00,255.86,256.56,255.555,255.73,3238.0,2,0.9286565484674452,1.8573130969348903,262.5717812387075
2025-06-18 17:00:00+00:00,255.73,255.92,254.76,255.11,2662.0,2,0.9103428679266041,1.8206857358532083,262.54914038251775
2025-06-18 18:00:00+00:00,255.24,256.27,254.44,254.565,3682.0,2,0.8947053607723299,1.7894107215446597,262.51734394125253
2025-06-18 19:00:00+00:00,254.485,255.49,253.425,253.495,12429.0,2,0.8747197876554852,1.7494395753109704,262.38429246451994
2025-06-19 14:00:00+00:00,253.495,253.495,253.495,253.495,0.0,2,0.8558670835715352,1.7117341671430704,262.38429246451994
2025-06-19 15:00:00+00:00,253.495,253.495,253.495,253.495,0.0,2,0.83734685569572,1.67469371139144,262.38429246451994
2025-06-19 16:00:00+00:00,253.495,253.495,253.495,253.495,0.0,2,0.8218144433864613,1.6436288867729225,262.38429246451994
2025-06-19 17:00:00+00:00,253.495,253.495,253.495,253.495,0.0,2,0.8100209890408508,1.6200419780817017,262.38429246451994
2025-06-19 18:00:00+00:00,253.495,253.495,253.495,253.495,0.0,2,0.7986688058256196,1.5973376116512392,262.38429246451994
2025-06-19 19:00:00+00:00,253.495,253.495,253.495,253.495,0.0,2,0.7843470134069802,1.5686940268139604,262.38429246451994
2025-06-20 14:00:00+00:00,255.27,256.44,255.24,256.23,5824.0,2,0.7765476775087113,1.5530953550174227,262.37269315920094
2025-06-20 15:00:00+00:00,255.98,257.16,255.46,255.63,4584.0,2,0.7680337680905259,1.5360675361810519,262.41843998495705
2025-06-20 16:00:00+00:00,255.63,256.32,254.98,255.54,4468.0,2,0.7597822921812922,1.5195645843625845,262.3794473747284
2025-06-20 17:00:00+00:00,255.55,256.05,254.93,255.545,5656.0,2,0.7519001232349852,1.5038002464699705,262.3352354315834
2025-06-20 18:00:00+00:00,255.49,255.49,254.53,254.54,6723.0,2,0.7429299359343187,1.4858598718686373,262.26589108133675
2025-06-20 19:00:00+00:00,254.59,256.39,254.59,255.3,10089.0,2,0.7366652663511333,1.4733305327022665,262.1976142380921
2025-06-23 14:00:00+00:00,253.86,254.605,253.23,253.34,2384.0,2,0.7257672902569189,1.4515345805138378,262.1672050501141
2025-06-23 15:00:00+00:00,253.29,253.88,252.01,252.01,5523.0,2,0.7126732422145183,1.4253464844290367,262.0816642132657
2025-06-23 16:00:00+00:00,252.01,252.16,250.19,250.83,5321.0,2,0.6977857603360611,1.3955715206721222,261.62553447653704
2025-06-23 17:00:00+00:00,250.85,253.46,250.43,253.46,4132.0,2,0.6887922691200428,1.3775845382400855,261.60092541077927
2025-06-23 18:00:00+00:00,253.45,254.06,253.27,253.32,5610.0,2,0.6801327627309073,1.3602655254618146,261.5818150736874
2025-06-23 19:00:00+00:00,253.34,255.41,253.34,255.11,14536.0,2,0.6745353053209655,1.349070610641931,261.5413424728313
2025-06-24 14:00:00+00:00,255.18,257.655,254.5,257.285,4296.0,2,0.6718468660434719,1.3436937320869438,261.5503129594442
2025-06-24 15:00:00+00:00,257.285,259.56,257.285,259.45,4300.0,2,0.6707615431410722,1.3415230862821443,261.58824494461265
2025-06-24 16:00:00+00:00,259.465,260.35,259.33,260.34,4374.0,2,0.670174432031547,1.340348864063094,261.6368181098436
2025-06-24 17:00:00+00:00,260.28,260.875,260.005,260.87,4564.0,2,0.6698791793636678,1.3397583587273356,261.68736405516535
2025-06-24 18:00:00+00:00,260.735,261.83,260.66,261.75,4053.0,2,0.6705262674408046,1.3410525348816091,261.73599099939713
2025-06-24 19:00:00+00:00,261.77,262.42,261.68,262.11,14113.0,2,0.6714599747605793,1.3429199495211586,262.03088113759514
2025-06-25 14:00:00+00:00,260.96,260.96,259.47,259.96,1952.0,2,0.6716524615079799,1.3433049230159597,262.02699154158955
2025-06-25 15:00:00+00:00,260.02,260.22,258.73,259.97,2526.0,3,0.5550092733898159,1.6650278201694477,262.01854875201815
2025-06-25 16:00:00+00:00,259.97,260.36,259.35,259.4,3343.0,2,0.7294266166050192,1.4588532332100383,262.0127707949775
2025-06-25 17:00:00+00:00,259.4,259.45,258.4,259.0,2175.0,2,0.7281894507224255,1.456378901444851,262.003266217984
2025-06-25 18:00:00+00:00,258.895,259.18,258.29,258.63,1676.0,2,0.7269718658618456,1.4539437317236912,261.9951665343942
2025-06-25 19:00:00+00:00,258.71,259.24,257.58,258.03,10573.0,2,0.7248083798524595,1.449616759704919,261.9420628209005
2025-06-26 14:00:00+00:00,257.685,258.45,256.07,257.97,5542.0,2,0.7225854417017661,1.4451708834035322,261.90644244520155
2025-06-26 15:00:00+00:00,258.01,258.39,257.07,258.015,4185.0,2,0.7204634145174029,1.4409268290348058,261.88672721968163
2025-06-26 16:00:00+00:00,258.015,258.2,255.61,256.07,3254.0,2,0.716482207070608,1.432964414141216,261.86043213111384
2025-06-26 17:00:00+00:00,256.075,256.4,254.75,255.13,4359.0,2,0.711563093355837,1.423126186711674,261.81206729058476
2025-06-26 18:00:00+00:00,255.3,256.765,255.3,256.75,4601.0,2,0.7089936504649048,1.4179873009298096,261.7754893865853
2025-06-26 19:00:00+00:00,256.76,256.95,256.085,256.34,7503.0,2,0.706336383319442,1.412672766638884,261.7239714885237
2025-06-27 14:00:00+00:00,258.185,259.76,258.185,259.19,3320.0,2,0.7061883134710023,1.4123766269420046,261.7246777911904
2025-06-27 15:00:00+00:00,259.27,259.78,258.885,259.705,2031.0,2,0.7067732372133055,1.413546474426611,261.7270577368195
2025-06-27 16:00:00+00:00,259.705,260.89,259.5,259.63,2834.0,2,0.7085279817551714,1.4170559635103428,261.6615746585213
2025-06-27 17:00:00+00:00,259.63,259.63,257.835,258.14,1998.0,2,0.7088810001932131,1.4177620003864262,261.6286008741644
2025-06-27 18:00:00+00:00,258.14,258.14,244.765,252.56,48962.0,2,0.7062201362666524,1.4124402725333047,259.99395799059306
2025-06-27 19:00:00+00:00,252.56,256.33,251.87,256.13,23425.0,2,0.7073920043835413,1.4147840087670827,259.9440822419718
2025-06-30 14:00:00+00:00,256.64,257.91,256.14,256.96,12389.0,2,0.7073636328841988,1.4147272657683976,259.9810700437171
2025-06-30 15:00:00+00:00,256.96,257.575,256.44,256.44,2824.0,2,0.7077495459776085,1.415499091955217,259.98572727009014
2025-06-30 16:00:00+00:00,256.475,257.07,255.65,256.695,3227.0,2,0.7079463308918462,1.4158926617836924,259.98725629140705
2025-06-30 17:00:00+00:00,256.695,257.24,256.28,256.86,4386.0,2,0.7077062578321093,1.4154125156642186,259.9919862215815
2025-06-30 18:00:00+00:00,256.86,258.3,256.86,258.165,1770.0,2,0.710865115668616,1.421730231337232,259.99802468262794
2025-06-30 19:00:00+00:00,258.17,259.93,258.17,259.35,11082.0,2,0.7145012468674972,1.4290024937349943,260.0669917130093
2025-07-01 14:00:00+00:00,256.89,259.92,256.89,259.9,4090.0,2,0.7175034124371065,1.435006824874213,260.08680472554016
2025-07-01 15:00:00+00:00,259.9,262.98,259.9,262.98,4710.0,2,0.7207242164783546,1.4414484329567092,260.14128476063854
2025-07-01 16:00:00+00:00,262.98,264.175,262.75,262.75,4238.0,3,0.6288108815226605,1.8864326445679815,260.1998946822742
2025-07-01 17:00:00+00:00,262.74,264.21,262.3,263.97,5610.0,3,0.6321402693347079,1.8964208080041236,260.27656532586235
2025-07-01 18:00:00+00:00,264.075,264.43,263.7,264.23,5964.0,3,0.6345419114371704,1.9036257343115113,260.36118866158506
2025-07-01 19:00:00+00:00,264.02,264.77,263.42,263.955,12033.0,3,0.6389545640552691,1.916863692165807,260.540799794785
2025-07-02 14:00:00+00:00,262.18,262.18,259.495,260.265,7015.0,3,0.6449193639906652,1.9347580919719956,260.51299910642297
2025-07-02 15:00:00+00:00,260.29,263.6,259.17,261.58,4790.0,3,0.6520591862929114,1.9561775588787342,260.52928466430194
2025-07-02 16:00:00+00:00,261.69,261.69,260.7,260.82,3109.0,4,0.5372758724449499,2.1491034897797996,260.53723356702557
2025-07-02 17:00:00+00:00,260.985,261.61,260.5,260.92,2296.0,4,0.5416126052800321,2.1664504211201283,260.5434344955514
2025-07-02 18:00:00+00:00,260.93,261.95,260.92,261.8,3441.0,4,0.5521681105859475,2.20867244234379,260.56006960172954
2025-07-02 19:00:00+00:00,261.8,262.52,261.24,262.32,15148.0,4,0.564255722499555,2.25702288999822,260.6527048670951
2025-07-03 14:00:00+00:00,262.14,262.72,260.78,261.65,4512.0,4,0.5745081355746977,2.298032542298791,260.6745271832041
2025-07-03 15:00:00+00:00,261.5,261.97,260.75,260.8,7426.0,4,0.5847311005167486,2.3389244020669944,260.69885763749687
2025-07-03 16:00:00+00:00,260.79,261.99,260.74,261.16,11388.0,4,0.5950638183757614,2.3802552735030456,260.7383965481032
2025-07-03 17:00:00+00:00,261.16,261.16,261.16,261.16,0.0,4,0.6081807031296053,2.432722812518421,260.7383965481032
2025-07-03 18:00:00+00:00,261.16,261.16,261.16,261.16,0.0,4,0.6249992243205907,2.499996897282363,260.7383965481032
2025-07-03 19:00:00+00:00,261.16,261.16,261.16,261.16,0.0,4,0.642040170221118,2.568160680884472,260.7383965481032
2025-07-04 14:00:00+00:00,261.16,261.16,261.16,261.16,0.0,4,0.6620321059408844,2.6481284237635374,260.7383965481032
2025-07-04 15:00:00+00:00,261.16,261.16,261.16,261.16,0.0,4,0.6807825002371243,2.723130000948497,260.7383965481032
2025-07-04 16:00:00+00:00,261.16,261.16,261.16,261.16,0.0,4,0.6980270036687268,2.7921080146749073,260.7383965481032
2025-07-04 17:00:00+00:00,261.16,261.16,261.16,261.16,0.0,4,0.7218005446499673,2.8872021785998694,260.7383965481032
2025-07-04 18:00:00+00:00,261.16,261.16,261.16,261.16,0.0,4,0.7372283174741341,2.9489132698965363,260.7383965481032
2025-07-04 19:00:00+00:00,261.16,261.16,261.16,261.16,0.0,4,0.7542288542183991,3.0169154168735965,260.7383965481032
2025-07-07 14:00:00+00:00,261.83,263.09,261.52,262.225,5552.0,4,0.7711903911318089,3.0847615645272355,260.769360287542
2025-07-07 15:00:00+00:00,262.35,262.66,261.28,261.85,4357.0,4,0.7915014306817678,3.1660057227270713,260.7893280408557
2025-07-07 16:00:00+00:00,261.85,261.97,259.7,260.6,3719.0,4,0.8087506456338518,3.235002582535407,260.64034370589854
2025-07-07 17:00:00+00:00,260.655,261.84,260.535,261.6,2729.0,4,0.8307324370253341,3.3229297481013362,260.66097607572163
2025-07-07 18:00:00+00:00,261.64,263.23,261.11,263.23,5152.0,5,0.7170957384584511,3.5854786922922557,260.72365514347246
2025-07-07 19:00:00+00:00,263.415,264.34,262.64,264.26,18606.0,5,0.7226236229975782,3.6131181149878913,260.92690141983223
2025-07-08 14:00:00+00:00,267.46,274.555,261.065,272.93,56114.0,5,0.6926129638308611,3.4630648191543054,261.99144110880854
2025-07-08 15:00:00+00:00,272.955,275.91,269.09,271.23,15199.0,5,0.6708733931363893,3.3543669656819466,262.6580332408609
2025-07-08 16:00:00+00:00,271.45,271.47,266.675,266.8,12105.0,5,0.6653003249191946,3.3265016245959727,262.69226451827643
2025-07-08 17:00:00+00:00,266.79,267.68,264.76,266.02,9486.0,5,0.6615345913419184,3.3076729567095917,262.68728731614544
2025-07-08 18:00:00+00:00,265.75,265.75,263.385,264.995,11537.0,5,0.6664995327567437,3.3324976637837183,262.6620576921475
2025-07-08 19:00:00+00:00,265.19,265.57,263.26,264.2,24936.0,5,0.6713301692625093,3.3566508463125464,262.6462671528408
2025-07-09 14:00:00+00:00,266.68,266.68,263.25,263.325,2709.0,5,0.6783396335902252,3.3916981679511258,262.64771721728886
2025-07-09 15:00:00+00:00,263.325,263.47,262.23,263.215,2452.0,5,0.6849818290973424,3.424909145486712,262.6413141014567
2025-07-09 16:00:00+00:00,263.215,264.13,263.03,263.115,2297.0,5,0.69284537036674,3.4642268518337,262.63802899593765
2025-07-09 17:00:00+00:00,263.115,265.85,262.93,265.77,3224.0,5,0.698001960643593,3.4900098032179647,262.643948491823
2025-07-09 18:00:00+00:00,265.77,265.99,265.0,265.665,2906.0,4,0.418051239235775,1.6722049569431,262.65384073168616
2025-07-09 19:00:00+00:00,265.67,266.12,265.195,265.72,7936.0,4,0.41363813381104125,1.654552535244165,262.6829842603081
2025-07-10 14:00:00+00:00,263.925,266.86,263.84,266.86,2850.0,4,0.407563737464571,1.630254949858284,262.69442589066585
2025-07-10 15:00:00+00:00,266.86,268.625,266.86,267.83,1748.0,4,0.40062395173081045,1.6024958069232418,262.87245134270574
2025-07-10 16:00:00+00:00,267.69,268.25,266.51,267.17,2950.0,4,0.39596860784566806,1.5838744313826723,262.87800674281397
2025-07-10 17:00:00+00:00,267.17,267.305,266.55,267.04,3486.0,4,0.39163271004891287,1.5665308401956515,262.8879987486784
2025-07-10 18:00:00+00:00,266.99,267.405,266.495,266.73,15603.0,4,0.3873907496097666,1.5495629984390664,262.9632916835457
2025-07-10 19:00:00+00:00,266.77,266.775,264.63,264.94,7825.0,4,0.3863175725455782,1.5452702901823128,262.96625319772744
2025-07-11 14:00:00+00:00,261.485,261.485,259.21,260.145,1749.0,4,0.3879977957353289,1.5519911829413156,262.93858341499043
2025-07-11 15:00:00+00:00,260.145,260.435,258.97,259.38,2763.0,5,0.43871366775457565,2.193568338772878,262.8925818666302
2025-07-11 16:00:00+00:00,259.325,260.11,258.48,260.1,3097.0,5,0.4420538830968311,2.2102694154841553,262.84559802080855
2025-07-11 17:00:00+00:00,260.1,260.215,259.79,259.79,1752.0,5,0.44707635664892376,2.235381783244619,262.822827139234
2025-07-11 18:00:00+00:00,259.79,259.89,257.87,258.0,5549.0,5,0.45183473031267835,2.259173651563392,262.73682356522795
2025-07-11 19:00:00+00:00,258.0,259.11,257.63,258.59,10953.0,5,0.45708019290829005,2.2854009645414504,262.30959553960537
2025-07-14 14:00:00+00:00,258.86,259.845,258.56,259.14,19505.0,5,0.4627773696621558,2.313886848310779,262.1626891871307
2025-07-14 15:00:00+00:00,259.06,259.99,258.48,259.43,9175.0,5,0.46885970917279546,2.3442985458639773,262.1022696683864
2025-07-14 16:00:00+00:00,259.43,260.92,259.09,260.55,2361.0,5,0.47539900445194194,2.3769950222597096,262.0941542387759
2025-07-14 17:00:00+00:00,260.55,261.51,260.44,261.45,1949.0,5,0.4822090216552771,2.4110451082763857,262.0932194955288
2025-07-14 18:00:00+00:00,261.5,261.51,260.61,260.675,1489.0,5,0.4848878185265185,2.4244390926325927,262.0913720857735
2025-07-14 19:00:00+00:00,260.69,261.13,260.51,260.715,5698.0,5,0.4885294539962648,2.442647269981324,262.0808622095872
2025-07-15 14:00:00+00:00,263.68,264.18,261.23,261.36,10809.0,5,0.4923826444835699,2.4619132224178495,262.0272223126691
2025-07-15 15:00:00+00:00,261.55,262.9,261.29,261.76,3454.0,5,0.49630858085341273,2.4815429042670636,262.0265694502461
2025-07-15 16:00:00+00:00,261.98,262.52,260.22,260.37,2799.0,5,0.5025630677538574,2.512815338769287,262.01219353213435
2025-07-15 17:00:00+00:00,260.37,261.0,260.03,260.69,2651.0,5,0.5076406561823409,2.5382032809117043,261.9948708482555
2025-07-15 18:00:00+00:00,260.66,260.74,259.43,259.945,5551.0,5,0.5175215884655662,2.587607942327831,261.9524543610902
2025-07-15 19:00:00+00:00,259.89,260.05,256.6,257.31,24151.0,5,0.5301673254815726,2.6508366274078634,261.67395157363524
2025-07-16 14:00:00+00:00,257.2,258.13,256.6,257.24,5162.0,5,0.5487125923764472,2.743562961882236,261.61857817228366
2025-07-16 15:00:00+00:00,257.29,257.69,253.615,255.305,9076.0,5,0.5541629126693117,2.7708145633465584,261.12511787223815
2025-07-16 16:00:00+00:00,255.51,256.72,255.24,256.69,5959.0,5,0.5635817464318107,2.8179087321590535,261.07026985046826
2025-07-16 17:00:00+00:00,256.8,257.38,256.63,257.18,3959.0,5,0.5684692053340925,2.8423460266704623,261.0488490581919
2025-07-16 18:00:00+00:00,257.27,257.85,257.12,257.43,5264.0,5,0.5687301239826891,2.8436506199134453,261.0252108055421
2025-07-16 19:00:00+00:00,257.49,259.36,257.375,259.36,18804.0,5,0.5686592502188856,2.8432962510944284,261.0008776845971
2025-07-17 14:00:00+00:00,260.13,261.19,259.475,259.58,1354.0,5,0.5682715117896201,2.8413575589481006,261.003977827447
2025-07-17 15:00:00+00:00,259.58,261.35,259.0,261.22,1552.0,5,0.568262078529956,2.8413103926497802,261.00946319747675
2025-07-17 16:00:00+00:00,261.07,261.2,260.255,261.07,1199.0,5,0.5684035279741849,2.8420176398709245,261.0146759513736
2025-07-17 17:00:00+00:00,261.14,262.0,261.14,261.51,2648.0,5,0.5686489953517431,2.843244976758715,261.0312930493274
2025-07-17 18:00:00+00:00,261.43,262.48,261.32,262.43,2739.0,4,0.5589275379125888,2.235710151650355,261.05156124094754
2025-07-17 19:00:00+00:00,262.52,262.87,261.6,261.84,9651.0,4,0.5590260285097848,2.236104114039139,261.1134243320346
2025-07-18 14:00:00+00:00,262.37,263.21,261.7,262.1,2809.0,4,0.5594020268353193,2.237608107341277,261.13084442338294
2025-07-18 15:00:00+00:00,262.22,263.0,261.81,263.0,2641.0,4,0.5595379448890647,2.238151779556259,261.1482869690512
2025-07-18 16:00:00+00:00,263.0,263.18,262.0,262.45,2137.0,4,0.5605999519594757,2.2423998078379026,261.1614413728841
2025-07-18 17:00:00+00:00,262.45,262.84,261.76,262.205,3501.0,4,0.5627222901579678,2.2508891606318713,261.1793893117607
2025-07-18 18:00:00+00:00,262.205,262.55,261.83,262.35,4095.0,4,0.5649755580222993,2.259902232089197,261.1987668208455
2025-07-18 19:00:00+00:00,262.485,263.13,262.07,263.08,11270.0,4,0.5667404762902564,2.2669619051610255,261.26008024018455
2025-07-21 14:00:00+00:00,263.975,264.13,261.14,261.47,5104.0,4,0.57376314381614,2.29505257526456,261.2921533662283
2025-07-21 15:00:00+00:00,261.47,262.23,260.925,261.28,5061.0,4,0.5842009970455274,2.3368039881821097,261.2813901712906
2025-07-21 16:00:00+00:00,261.27,261.71,260.57,260.9,4772.0,4,0.5902209772483582,2.360883908993433,261.27139078250025
2025-07-21 17:00:00+00:00,261.3,261.82,258.96,259.46,5652.0,4,0.5966357467793011,2.3865429871172044,261.24135723575216
2025-07-21 18:00:00+00:00,259.49,261.08,259.06,260.585,8179.0,4,0.5979355157093863,2.391742062837545,261.21785462055016
2025-07-21 19:00:00+00:00,260.64,261.28,259.95,260.015,25433.0,4,0.5982321599688902,2.392928639875561,261.1843104163794
2025-07-22 14:00:00+00:00,243.925,245.0,240.0,241.51,32164.0,4,0.507416656604399,2.029666626417596,259.79955474188
2025-07-22 15:00:00+00:00,241.2,242.56,240.675,241.61,11306.0,4,0.4505605618435561,1.8022422473742243,259.39561397786923
2025-07-22 16:00:00+00:00,241.54,241.73,239.74,240.06,7872.0,4,0.409896402897048,1.639585611588192,259.11599985322295
2025-07-22 17:00:00+00:00,240.055,242.0,239.685,240.79,7249.0,4,0.37754947490017954,1.5101978996007182,258.8765283979909
2025-07-22 18:00:00+00:00,240.89,242.23,240.08,241.09,7262.0,4,0.3524093532164223,1.4096374128656892,258.65214402551885
2025-07-22 19:00:00+00:00,241.09,241.23,238.235,238.535,24702.0,4,0.32689649916135505,1.3075859966454202,256.79882388225025
2025-07-23 14:00:00+00:00,242.2,244.64,241.82,243.41,18864.0,4,0.314258170560482,1.257032682241928,256.4936996018332
2025-07-23 15:00:00+00:00,243.405,243.79,242.44,243.45,11038.0,4,0.3031252535064635,1.212501014025854,256.30066209117024
2025-07-23 16:00:00+00:00,243.555,244.67,242.96,244.445,7909.0,4,0.2941178410605413,1.1764713642421651,256.1788457749072
2025-07-23 17:00:00+00:00,244.2,246.01,244.0,245.08,12718.0,4,0.2865275317233852,1.1461101268935407,256.01319737338497
2025-07-23 18:00:00+00:00,245.18,246.5,245.15,245.82,19425.0,4,0.28026226432169893,1.1210490572867957,255.79381347846146
2025-07-23 19:00:00+00:00,245.79,246.89,245.44,246.235,31474.0,3,0.23023035588685148,0.6906910676605544,255.4683634593045
2025-07-24 14:00:00+00:00,248.1,248.1,246.21,246.495,18862.0,3,0.22642693321740462,0.6792807996522139,255.30497232775332
2025-07-24 15:00:00+00:00,246.5,248.68,246.5,248.465,10091.0,3,0.2241766503574918,0.6725299510724754,254.64874958632294
2025-07-24 16:00:00+00:00,248.465,248.62,246.885,246.99,19358.0,3,0.22142092921247283,0.6642627876374185,254.49914565899752
2025-07-24 17:00:00+00:00,246.97,248.215,246.82,248.2,11428.0,3,0.21940645091981814,0.6582193527594544,254.42594545796481
2025-07-24 18:00:00+00:00,248.2,248.31,247.44,247.58,8818.0,3,0.2167829089036224,0.6503487267108672,254.3705030427182
2025-07-24 19:00:00+00:00,247.51,247.97,245.765,245.99,32257.0,2,0.2501211590244078,0.5002423180488156,254.095885524279
2025-07-25 14:00:00+00:00,245.33,245.71,243.67,245.325,12633.0,2,0.2462933873690672,0.4925867747381344,253.9578182496582
2025-07-25 15:00:00+00:00,245.37,246.62,245.33,245.8,12858.0,2,0.2429994578223148,0.4859989156446296,253.8480948049159
2025-07-25 16:00:00+00:00,245.965,247.24,245.45,247.03,9858.0,2,0.24062166241791258,0.48124332483582516,253.7779354051469
2025-07-25 17:00:00+00:00,247.095,247.35,246.55,246.96,10709.0,2,0.2384479929649664,0.4768959859299328,253.71017542922021
2025-07-25 18:00:00+00:00,246.97,247.52,246.11,246.55,4684.0,2,0.23614365191798567,0.47228730383597134,253.67923446018625
2025-07-25 19:00:00+00:00,246.55,247.24,246.235,246.34,18392.0,2,0.23379337080839163,0.46758674161678326,253.5571619012544
2025-07-28 14:00:00+00:00,242.37,243.13,241.94,242.805,6621.0,2,0.22998145123146607,0.45996290246293214,253.4746403949316
2025-07-28 15:00:00+00:00,242.805,242.805,241.69,242.705,9083.0,2,0.22641401621405285,0.4528280324281057,253.3615358005702
2025-07-28 16:00:00+00:00,242.7,242.86,241.8,241.975,8917.0,2,0.22276718175196808,0.44553436350393616,253.251446457089
2025-07-28 17:00:00+00:00,241.975,242.44,241.48,241.765,9853.0,2,0.21930604694180425,0.4386120938836085,253.12909576235793
2025-07-28 18:00:00+00:00,241.85,241.92,241.26,241.34,10023.0,2,0.21592112739350958,0.43184225478701915,253.00313830913265
2025-07-28 19:00:00+00:00,241.34,241.34,240.465,240.935,13458.0,2,0.21262241837207055,0.4252448367441411,251.97202037251265
2025-07-29 14:00:00+00:00,241.96,243.73,241.88,243.63,15207.0,2,0.21060816134841326,0.4212163226968265,251.89012751181735
2025-07-29 15:00:00+00:00,243.64,244.28,242.98,243.475,10510.0,2,0.20867894241248414,0.4173578848249683,251.8238511113901
2025-07-29 16:00:00+00:00,243.475,244.71,243.14,244.69,9360.0,2,0.20725929852672959,0.41451859705345917,251.77195830135207
2025-07-29 17:00:00+00:00,244.69,245.61,243.96,244.25,9331.0,2,0.20580875618023753,0.41161751236047506,251.72456668024546
2025-07-29 18:00:00+00:00,244.245,245.59,244.12,245.41,10960.0,2,0.2049317112590809,0.4098634225181618,251.67445087249953
2025-07-29 19:00:00+00:00,245.43,247.3,245.39,247.3,21076.0,2,0.20451098930501557,0.40902197861003114,251.10589626644378
2025-07-30 14:00:00+00:00,246.355,246.51,243.7,244.27,10078.0,2,0.20324773390710282,0.40649546781420565,251.02304444119667
2025-07-30 15:00:00+00:00,244.36,245.16,244.12,244.96,8846.0,1,0.3029437933913605,0.3029437933913605,250.96109756806487
2025-07-30 16:00:00+00:00,245.13,245.605,245.025,245.325,10142.0,1,0.3023222507173212,0.3023222507173212,250.91149021081793
2025-07-30 17:00:00+00:00,245.335,245.385,244.53,244.86,10011.0,1,0.3019768993326325,0.3019768993326325,250.85532400423443
2025-07-30 18:00:00+00:00,244.94,245.045,241.47,241.47,8340.0,1,0.30469957970520023,0.30469957970520023,250.77022767113235
2025-07-30 19:00:00+00:00,241.465,242.36,240.51,242.32,12458.0,1,0.3071340209086256,0.3071340209086256,250.6302091725584
2025-07-31 14:00:00+00:00,243.035,243.61,242.26,242.26,12754.0,1,0.30740566684025833,0.30740566684025833,250.5218440066355
2025-07-31 15:00:00+00:00,242.355,244.075,242.34,243.68,11491.0,1,0.3081214559629465,0.3081214559629465,250.44282959438925
2025-07-31 16:00:00+00:00,243.885,243.98,243.3,243.51,9889.0,1,0.30850517460460275,0.30850517460460275,250.3810726752136
2025-07-31 17:00:00+00:00,243.43,243.46,241.13,241.29,11235.0,1,0.3077982762152578,0.3077982762152578,250.28331739224387
2025-07-31 18:00:00+00:00,241.58,242.9,240.87,242.48,6455.0,1,0.30745391995170607,0.30745391995170607,250.23030968641456
2025-07-31 19:00:00+00:00,242.405,242.87,239.71,240.175,22810.0,1,0.3062249934754952,0.3062249934754952,250.0130465703359
2025-08-01 14:00:00+00:00,238.53,239.85,237.42,237.805,8151.0,1,0.3039737817247477,0.3039737817247477,249.0822918735925
2025-08-01 15:00:00+00:00,237.805,239.48,237.475,239.43,4247.0,1,0.3039531962915758,0.3039531962915758,249.04171507712354
2025-08-01 16:00:00+00:00,239.48,241.11,239.45,240.38,14789.0,1,0.3045607617018777,0.3045607617018777,248.95924875855
2025-08-01 17:00:00+00:00,240.475,240.83,238.76,239.235,10929.0,1,0.3049226016322377,0.3049226016322377,248.85750511420915
2025-08-01 18:00:00+00:00,239.24,239.53,238.125,238.8,4680.0,1,0.3059556442971017,0.3059556442971017,248.8056555906284
2025-08-01 19:00:00+00:00,238.61,239.855,238.4,239.81,13021.0,1,0.3083395877055321,0.3083395877055321,248.68344717949995
2025-08-04 14:00:00+00:00,242.025,243.545,241.855,242.38,8369.0,1,0.3116733770397686,0.3116733770397686,248.66195914783674
2025-08-04 15:00:00+00:00,242.41,243.36,242.26,242.88,5641.0,1,0.31544973631838713,0.31544973631838713,248.64763687823066
2025-08-04 16:00:00+00:00,242.88,243.16,242.54,243.06,4254.0,1,0.3194596803304059,0.3194596803304059,248.6364639007042
2025-08-04 17:00:00+00:00,242.95,243.6,242.43,242.52,5413.0,1,0.322488987302709,0.322488987302709,248.10022343539714
2025-08-04 18:00:00+00:00,242.52,243.28,242.19,242.34,10107.0,0,,,248.05879698036793
2025-08-04 19:00:00+00:00,242.42,243.55,242.41,243.27,22310.0,0,,,248.0076555800452
2025-08-05 14:00:00+00:00,240.15,240.15,238.785,239.32,13786.0,0,,,247.84542611724328
2025-08-05 15:00:00+00:00,239.32,239.85,238.88,239.63,10997.0,0,,,247.7355073255655
2025-08-05 16:00:00+00:00,239.565,241.39,239.51,241.38,6785.0,0,,,247.69138134342506
2025-08-05 17:00:00+00:00,241.26,242.63,241.23,242.02,9662.0,0,,,247.65363169811525
2025-08-05 18:00:00+00:00,241.995,241.995,240.35,240.535,8055.0,0,,,247.60664462096747
2025-08-05 19:00:00+00:00,240.65,241.41,240.085,240.17,22235.0,0,,,247.46710163702429
2025-08-06 14:00:00+00:00,239.67,240.36,237.95,240.33,9865.0,0,,,246.7597277485915
2025-08-06 15:00:00+00:00,240.48,241.08,239.395,239.745,10117.0,0,,,246.7108015331547
2025-08-06 16:00:00+00:00,239.745,241.14,239.51,240.59,8411.0,0,,,246.6736988454224
2025-08-06 17:00:00+00:00,240.585,240.71,239.37,239.85,10353.0,0,,,246.61164018240197
2025-08-06 18:00:00+00:00,239.86,240.63,239.785,240.07,9969.0,0,,,246.55813167048282
2025-08-06 19:00:00+00:00,240.17,241.49,239.79,240.43,21194.0,0,,,246.46481561465248
2025-08-07 14:00:00+00:00,244.41,244.41,241.915,241.915,9561.0,0,,,246.01493913828094
2025-08-07 15:00:00+00:00,241.99,242.32,241.1,241.535,9949.0,0,,,245.96394120633641
2025-08-07 16:00:00+00:00,241.53,242.33,241.04,241.575,12122.0,0,,,245.9240226272349
2025-08-07 17:00:00+00:00,241.8,241.8,240.46,241.11,8637.0,0,,,245.8857214920716
2025-08-07 18:00:00+00:00,241.04,241.135,239.92,240.41,13784.0,0,,,245.80936857950866
2025-08-07 19:00:00+00:00,240.41,241.635,240.27,241.635,13458.0,0,,,245.76393190865232
2025-08-08 14:00:00+00:00,242.35,243.72,242.22,243.01,26965.0,0,,,245.76929011534986
2025-08-08 15:00:00+00:00,242.945,243.08,241.745,242.36,12031.0,0,,,245.75300910669384
2025-08-08 16:00:00+00:00,242.38,243.555,242.09,242.185,7775.0,0,,,245.74480647486808
2025-08-08 17:00:00+00:00,242.185,242.75,242.02,242.27,6166.0,0,,,245.73515699605258
2025-08-08 18:00:00+00:00,242.36,242.425,241.38,241.38,7536.0,0,,,245.71544335334912
2025-08-08 19:00:00+00:00,241.38,241.49,239.485,239.83,18461.0,0,,,245.62613859392414
2025-08-11 14:00:00+00:00,240.14,240.14,236.85,237.57,10351.0,0,,,245.54617629780333
2025-08-11 15:00:00+00:00,237.57,237.895,233.19,236.46,24447.0,0,,,244.5508122028835
2025-08-11 16:00:00+00:00,236.65,237.96,235.76,236.97,28895.0,0,,,244.35698213362457
2025-08-11 17:00:00+00:00,237.09,237.86,236.35,237.66,12248.0,0,,,244.2834213009462
2025-08-11 18:00:00+00:00,237.69,239.74,237.42,239.74,8126.0,0,,,244.26077978309326
2025-08-11 19:00:00+00:00,239.48,240.83,238.51,239.81,19998.0,0,,,244.22386785138866
2025-08-12 14:00:00+00:00,238.17,240.335,237.5,239.75,4765.0,0,,,244.20941857848493
2025-08-12 15:00:00+00:00,239.89,241.05,239.89,240.92,3323.0,0,,,244.20704711788312
2025-08-12 16:00:00+00:00,240.95,241.28,240.22,240.295,2608.0,0,,,244.20488243217454
2025-08-12 17:00:00+00:00,240.21,240.87,240.01,240.87,3322.0,0,,,244.20180352868388
2025-08-12 18:00:00+00:00,240.87,241.07,240.41,240.5,2666.0,0,,,244.1994815573542
2025-08-12 19:00:00+00:00,240.54,241.29,239.855,241.09,7999.0,0,,,244.19270463021266
