date,Open,High,Low,Close,Volume,aVWAP_BoS_CHoCH_bull_110,Peaks_Valleys_avg,color,MA_Cross_Count,MA_Avg_Deviation_Z,MA_Oscillation_Score,BoS,CHoCH,BoS_CHoCH_Price,BoS_CHoCH_Break_Index
2023-11-27 17:00:00+00:00,81.15,81.805,80.59,81.6,54828.0,,,"rgba(38, 166, 154, 1.0)",0,,,0.0,0.0,0.0,0.0
2023-11-28 17:00:00+00:00,81.25,81.43,80.93,81.065,34871.0,,,"rgba(239, 83, 80, 1.0)",0,,,0.0,0.0,0.0,0.0
2023-11-29 17:00:00+00:00,80.35,80.395,79.73,79.735,44502.0,,,"rgba(239, 83, 80, 1.0)",0,,,0.0,0.0,0.0,0.0
2023-11-30 17:00:00+00:00,79.485,80.47,79.41,80.38,25917.0,,,"rgba(38, 166, 154, 1.0)",0,,,0.0,0.0,0.0,0.0
2023-12-01 17:00:00+00:00,80.79,81.135,80.22,80.58,32916.0,,,"rgba(239, 83, 80, 1.0)",0,,,0.0,0.0,0.0,0.0
2023-12-04 17:00:00+00:00,78.7,78.91,78.06,78.34,39578.0,,,"rgba(239, 83, 80, 1.0)",0,,,0.0,0.0,0.0,0.0
2023-12-05 17:00:00+00:00,77.72,77.76,76.43,76.5,41763.0,,,"rgba(239, 83, 80, 1.0)",0,,,0.0,0.0,0.0,0.0
2023-12-06 17:00:00+00:00,74.7,74.8,73.895,73.895,84372.0,,,"rgba(239, 83, 80, 1.0)",0,,,0.0,0.0,0.0,0.0
2023-12-07 17:00:00+00:00,74.355,75.08,74.09,74.96,98867.0,,,"rgba(38, 166, 154, 1.0)",0,,,0.0,0.0,0.0,0.0
2023-12-08 17:00:00+00:00,74.52,75.18,74.21,75.0,37521.0,,,"rgba(38, 166, 154, 1.0)",0,,,0.0,0.0,0.0,0.0
2023-12-11 17:00:00+00:00,74.385,75.085,74.02,75.035,33861.0,,,"rgba(38, 166, 154, 1.0)",0,,,0.0,0.0,0.0,0.0
2023-12-12 17:00:00+00:00,73.915,74.22,73.28,73.775,48207.0,,73.75833333333334,"rgba(239, 83, 80, 1.0)",0,,,0.0,0.0,0.0,0.0
2023-12-13 17:00:00+00:00,73.88,75.07,73.51,74.94,41711.0,,74.10546885310319,"rgba(38, 166, 154, 1.0)",0,,,0.0,0.0,0.0,0.0
2023-12-14 17:00:00+00:00,75.31,76.05,74.67,75.815,59294.0,,74.66426501666533,"rgba(38, 166, 154, 1.0)",0,,,0.0,0.0,0.0,0.0
2023-12-15 17:00:00+00:00,75.53,75.99,75.37,75.73,85176.0,,75.03943713699792,"rgba(38, 166, 154, 1.0)",0,,,0.0,0.0,0.0,0.0
2023-12-18 17:00:00+00:00,77.05,77.36,76.11,76.355,38509.0,,75.26082697867695,"rgba(38, 166, 154, 1.0)",0,,,0.0,0.0,0.0,0.0
2023-12-19 17:00:00+00:00,76.39,77.15,76.39,76.915,65780.0,,75.56333576436154,"rgba(38, 166, 154, 1.0)",0,,,0.0,0.0,0.0,0.0
2023-12-20 17:00:00+00:00,76.83,77.105,75.12,75.18,40252.0,,75.5886526323753,"rgba(38, 166, 154, 1.0)",0,,,0.0,0.0,0.0,0.0
2023-12-21 17:00:00+00:00,75.84,77.34,75.69,77.315,46712.0,,75.7195800373241,"rgba(38, 166, 154, 1.0)",0,,,0.0,0.0,0.0,0.0
2023-12-22 17:00:00+00:00,76.74,77.64,76.74,77.25,42512.0,,75.85492197351438,"rgba(38, 166, 154, 1.0)",0,,,0.0,0.0,0.0,0.0
2023-12-25 17:00:00+00:00,77.25,77.25,77.25,77.25,0.0,,75.85492197351438,"rgba(38, 166, 154, 1.0)",0,,,0.0,0.0,0.0,0.0
2023-12-26 17:00:00+00:00,78.03,78.32,77.83,77.94,25498.0,,75.96726883297445,"rgba(38, 166, 154, 1.0)",0,,,0.0,0.0,0.0,0.0
2023-12-27 17:00:00+00:00,78.05,78.27,77.53,78.01,22690.0,,76.05381171228576,"rgba(38, 166, 154, 1.0)",0,,,0.0,0.0,0.0,0.0
2023-12-28 17:00:00+00:00,78.215,78.38,77.48,77.54,38687.0,,76.17552590740169,"rgba(38, 166, 154, 1.0)",0,,,0.0,0.0,0.0,0.0
2023-12-29 17:00:00+00:00,77.11,77.335,76.87,76.94,15667.0,,76.19948664639901,"rgba(38, 166, 154, 1.0)",0,,,0.0,0.0,0.0,0.0
2024-01-01 17:00:00+00:00,76.94,76.94,76.94,76.94,0.0,,76.19948664639901,"rgba(38, 166, 154, 1.0)",0,,,0.0,0.0,0.0,0.0
2024-01-02 17:00:00+00:00,77.77,78.33,76.645,77.015,22082.0,,76.2416002841991,"rgba(38, 166, 154, 1.0)",0,,,0.0,0.0,0.0,0.0
2024-01-03 17:00:00+00:00,77.15,78.08,77.04,77.93,17167.0,,76.28217815897855,"rgba(38, 166, 154, 1.0)",0,,,0.0,0.0,0.0,0.0
2024-01-04 17:00:00+00:00,77.53,77.54,76.705,76.935,18532.0,,76.3051139502543,"rgba(38, 166, 154, 1.0)",0,,,0.0,0.0,0.0,0.0
2024-01-05 17:00:00+00:00,76.86,80.025,75.92,79.26,222890.0,,76.85399731529489,"rgba(38, 166, 154, 1.0)",0,,,0.0,0.0,0.0,0.0
2024-01-08 17:00:00+00:00,78.07,78.945,77.57,78.755,61910.0,,76.96038091989718,"rgba(38, 166, 154, 1.0)",0,,,0.0,0.0,0.0,0.0
2024-01-09 17:00:00+00:00,77.86,78.855,77.83,78.36,48045.0,,77.0297481486413,"rgba(38, 166, 154, 1.0)",0,,,0.0,0.0,0.0,0.0
2024-01-10 17:00:00+00:00,77.75,77.75,76.8,77.19,44609.0,,77.03936762332701,"rgba(38, 166, 154, 1.0)",0,,,0.0,0.0,0.0,0.0
2024-01-11 17:00:00+00:00,82.335,82.99,78.8,79.61,172889.0,,79.00434593436312,"rgba(38, 166, 154, 1.0)",0,,,0.0,0.0,0.0,0.0
2024-01-12 17:00:00+00:00,81.92,82.95,81.72,82.83,125752.0,,79.6714027365752,"rgba(38, 166, 154, 1.0)",0,,,0.0,0.0,0.0,0.0
2024-01-15 17:00:00+00:00,82.83,82.83,82.83,82.83,0.0,,79.6714027365752,"rgba(38, 166, 154, 1.0)",0,,,0.0,0.0,0.0,0.0
2024-01-16 17:00:00+00:00,79.92,79.925,78.235,78.675,108069.0,,79.3908696403291,"rgba(38, 166, 154, 1.0)",0,,,0.0,0.0,0.0,0.0
2024-01-17 17:00:00+00:00,77.505,77.61,76.73,77.05,82785.0,,79.06315123561268,"rgba(239, 83, 80, 1.0)",0,,,0.0,0.0,0.0,0.0
2024-01-18 17:00:00+00:00,76.44,76.63,75.9,76.415,45292.0,,78.87802923335558,"rgba(239, 83, 80, 1.0)",0,,,0.0,0.0,0.0,0.0
2024-01-19 17:00:00+00:00,74.98,76.035,74.845,75.945,66829.0,,78.59749049944503,"rgba(239, 83, 80, 1.0)",0,,,0.0,0.0,0.0,0.0
2024-01-22 17:00:00+00:00,75.38,75.69,74.92,75.355,47045.0,,78.41648627354635,"rgba(239, 83, 80, 1.0)",0,,,0.0,0.0,0.0,0.0
2024-01-23 17:00:00+00:00,74.785,75.05,74.19,74.95,35406.0,,77.09213490207281,"rgba(239, 83, 80, 1.0)",0,,,0.0,0.0,0.0,0.0
2024-01-24 17:00:00+00:00,76.71,76.8,76.04,76.41,81992.0,,77.37933823892315,"rgba(239, 83, 80, 1.0)",0,,,0.0,0.0,0.0,0.0
2024-01-25 17:00:00+00:00,76.96,77.44,76.83,77.375,37186.0,,77.46042840397884,"rgba(239, 83, 80, 1.0)",0,,,0.0,0.0,0.0,0.0
2024-01-26 17:00:00+00:00,76.3,77.715,75.975,77.585,50105.0,,77.4989103649175,"rgba(239, 83, 80, 1.0)",0,,,0.0,0.0,0.0,0.0
2024-01-29 17:00:00+00:00,77.375,77.73,76.68,77.53,63287.0,,77.53922989095638,"rgba(239, 83, 80, 1.0)",0,,,0.0,0.0,0.0,0.0
2024-01-30 17:00:00+00:00,78.13,79.205,77.8,79.11,52869.0,,77.6688444810733,"rgba(239, 83, 80, 1.0)",0,,,0.0,0.0,0.0,0.0
2024-01-31 17:00:00+00:00,78.15,78.58,77.07,77.095,35003.0,,77.67906496123237,"rgba(239, 83, 80, 1.0)",0,,,0.0,0.0,0.0,0.0
2024-02-01 17:00:00+00:00,77.94,78.09,76.485,76.915,29212.0,,77.66881771763326,"rgba(239, 83, 80, 1.0)",0,,,0.0,0.0,0.0,0.0
2024-02-02 17:00:00+00:00,77.41,77.44,76.59,76.59,14783.0,,77.65808534017532,"rgba(239, 83, 80, 1.0)",0,,,0.0,0.0,0.0,0.0
2024-02-05 17:00:00+00:00,75.17,75.785,75.15,75.335,86868.0,,77.45887214005684,"rgba(239, 83, 80, 1.0)",0,,,0.0,0.0,0.0,0.0
2024-02-06 17:00:00+00:00,75.58,76.61,75.58,76.045,144729.0,,77.3014027357943,"rgba(239, 83, 80, 1.0)",0,,,0.0,0.0,0.0,0.0
2024-02-07 17:00:00+00:00,75.28,76.05,75.26,76.02,47186.0,,77.24657337029363,"rgba(239, 83, 80, 1.0)",0,,,0.0,0.0,0.0,0.0
2024-02-08 17:00:00+00:00,77.09,77.3,76.525,77.3,37283.0,,77.2466522838795,"rgba(239, 83, 80, 1.0)",0,,,0.0,0.0,0.0,0.0
2024-02-09 17:00:00+00:00,76.76,77.01,76.48,76.8,55381.0,,77.23357217597339,"rgba(239, 83, 80, 1.0)",0,,,0.0,0.0,0.0,0.0
2024-02-12 17:00:00+00:00,77.895,78.06,77.26,77.53,51771.0,,77.25568401593797,"rgba(239, 83, 80, 1.0)",0,,,0.0,0.0,0.0,0.0
2024-02-13 17:00:00+00:00,76.94,76.94,75.9,76.42,54615.0,,77.22854810448858,"rgba(239, 83, 80, 1.0)",0,,,0.0,0.0,0.0,0.0
2024-02-14 17:00:00+00:00,75.43,75.94,75.18,75.72,69018.0,,77.1585859257054,"rgba(239, 83, 80, 1.0)",0,,,0.0,0.0,0.0,0.0
2024-02-15 17:00:00+00:00,78.105,78.81,77.86,78.105,72508.0,,77.21715940483769,"rgba(239, 83, 80, 1.0)",0,,,0.0,0.0,0.0,0.0
2024-02-16 17:00:00+00:00,78.825,79.12,78.51,78.73,77903.0,,77.29808885497853,"rgba(239, 83, 80, 1.0)",0,,,0.0,0.0,0.0,0.0
2024-02-19 17:00:00+00:00,78.73,78.73,78.73,78.73,0.0,,77.29808885497853,"rgba(239, 83, 80, 1.0)",0,,,0.0,0.0,0.0,0.0
2024-02-20 17:00:00+00:00,78.32,78.67,77.59,77.67,52148.0,,77.3221072049928,"rgba(239, 83, 80, 1.0)",0,,,0.0,0.0,0.0,0.0
2024-02-21 17:00:00+00:00,83.1,84.3,83.04,83.795,144989.0,,79.30101383841487,"rgba(38, 166, 154, 1.0)",0,,,0.0,0.0,0.0,0.0
2024-02-22 17:00:00+00:00,83.01,83.58,82.75,83.29,71658.0,,79.40996398936306,"rgba(38, 166, 154, 1.0)",0,,,0.0,0.0,0.0,0.0
2024-02-23 17:00:00+00:00,81.84,82.28,81.5,82.0,30255.0,,79.40552733866488,"rgba(38, 166, 154, 1.0)",0,,,0.0,0.0,0.0,0.0
2024-02-26 17:00:00+00:00,81.51,82.38,81.48,81.99,49137.0,,79.41813100782369,"rgba(38, 166, 154, 1.0)",0,,,0.0,0.0,0.0,0.0
2024-02-27 17:00:00+00:00,81.92,82.73,81.73,81.91,37556.0,,79.44404409014241,"rgba(38, 166, 154, 1.0)",0,,,0.0,0.0,0.0,0.0
2024-02-28 17:00:00+00:00,81.86,82.555,81.72,82.12,28571.0,,79.46647074206858,"rgba(38, 166, 154, 1.0)",0,,,0.0,0.0,0.0,0.0
2024-02-29 17:00:00+00:00,83.11,83.27,82.51,82.79,29744.0,,79.51265216146115,"rgba(38, 166, 154, 1.0)",0,,,0.0,0.0,0.0,0.0
2024-03-01 17:00:00+00:00,82.88,83.02,82.43,82.825,54621.0,,79.58944567595181,"rgba(38, 166, 154, 1.0)",0,,,0.0,0.0,0.0,0.0
2024-03-04 17:00:00+00:00,83.31,83.35,82.36,82.425,38683.0,,79.64037191315605,"rgba(38, 166, 154, 1.0)",0,,,0.0,0.0,0.0,0.0
2024-03-05 17:00:00+00:00,82.795,83.59,82.73,82.93,55679.0,,79.72754023377037,"rgba(38, 166, 154, 1.0)",0,,,0.0,0.0,0.0,0.0
2024-03-06 17:00:00+00:00,81.96,82.71,81.67,81.905,35808.0,,79.75405818640111,"rgba(38, 166, 154, 1.0)",0,,,0.0,0.0,0.0,0.0
2024-03-07 17:00:00+00:00,81.74,82.06,81.52,81.53,33320.0,,79.76942085076631,"rgba(38, 166, 154, 1.0)",0,,,0.0,0.0,0.0,0.0
2024-03-08 17:00:00+00:00,82.14,82.32,81.49,82.025,23742.0,,79.78489396189742,"rgba(38, 166, 154, 1.0)",0,,,0.0,0.0,0.0,0.0
2024-03-11 17:00:00+00:00,82.78,83.51,82.56,83.35,70075.0,,79.88629241811219,"rgba(38, 166, 154, 1.0)",0,,,0.0,0.0,0.0,0.0
2024-03-12 17:00:00+00:00,83.79,84.23,83.57,83.845,53902.0,,79.98457623291586,"rgba(38, 166, 154, 1.0)",0,,,0.0,0.0,0.0,0.0
2024-03-13 17:00:00+00:00,84.74,85.45,84.7,84.95,45634.0,,80.09480862161686,"rgba(38, 166, 154, 1.0)",0,,,0.0,0.0,0.0,0.0
2024-03-14 17:00:00+00:00,83.495,84.65,83.435,84.64,42140.0,,80.17157760371518,"rgba(38, 166, 154, 1.0)",0,,,0.0,0.0,0.0,0.0
2024-03-15 17:00:00+00:00,83.555,83.93,83.15,83.53,37566.0,,80.22202489887059,"rgba(38, 166, 154, 1.0)",0,,,0.0,0.0,0.0,0.0
2024-03-18 17:00:00+00:00,83.55,83.85,83.44,83.5,32236.0,,80.26499721258523,"rgba(38, 166, 154, 1.0)",0,,,0.0,0.0,0.0,0.0
2024-03-19 17:00:00+00:00,84.67,84.945,84.365,84.655,36619.0,,80.33318127136914,"rgba(38, 166, 154, 1.0)",0,,,0.0,0.0,0.0,0.0
2024-03-20 17:00:00+00:00,85.67,86.69,85.635,86.17,44372.0,,80.44738203276152,"rgba(38, 166, 154, 1.0)",0,,,0.0,0.0,0.0,0.0
2024-03-21 17:00:00+00:00,86.855,86.86,86.27,86.33,33224.0,,80.53471866985083,"rgba(38, 166, 154, 1.0)",0,,,0.0,0.0,0.0,0.0
2024-03-22 17:00:00+00:00,86.07,86.39,85.91,86.305,20519.0,,80.58413877380748,"rgba(38, 166, 154, 1.0)",0,,,0.0,0.0,0.0,0.0
2024-03-25 17:00:00+00:00,86.7,86.91,86.39,86.76,23030.0,,80.64389605801989,"rgba(38, 166, 154, 1.0)",0,,,0.0,0.0,0.0,0.0
2024-03-26 17:00:00+00:00,86.1,86.4,85.76,85.765,35699.0,,80.72135976966287,"rgba(38, 166, 154, 1.0)",0,,,0.0,0.0,0.0,0.0
2024-03-27 17:00:00+00:00,86.97,87.86,86.96,87.71,28039.0,,80.80087216716937,"rgba(38, 166, 154, 1.0)",0,,,0.0,0.0,0.0,0.0
2024-03-28 17:00:00+00:00,88.895,89.12,88.545,88.82,53768.0,,80.97995508766599,"rgba(38, 166, 154, 1.0)",0,,,0.0,0.0,0.0,0.0
2024-03-29 17:00:00+00:00,88.82,88.82,88.82,88.82,0.0,,80.97995508766599,"rgba(38, 166, 154, 1.0)",0,,,0.0,0.0,0.0,0.0
2024-04-01 17:00:00+00:00,89.55,89.755,89.125,89.7,29645.0,,81.08400768201105,"rgba(38, 166, 154, 1.0)",0,,,0.0,0.0,0.0,0.0
2024-04-02 17:00:00+00:00,88.66,89.12,88.38,88.985,33352.0,,81.18704129002512,"rgba(38, 166, 154, 1.0)",0,,,0.0,0.0,0.0,0.0
2024-04-03 17:00:00+00:00,89.79,90.315,89.45,90.305,47193.0,,81.35190700030176,"rgba(38, 166, 154, 1.0)",0,,,0.0,0.0,0.0,0.0
2024-04-04 17:00:00+00:00,89.98,89.98,89.01,89.31,34298.0,,81.4585163155073,"rgba(38, 166, 154, 1.0)",0,,,0.0,0.0,0.0,0.0
2024-04-05 17:00:00+00:00,89.23,89.86,89.1,89.515,44033.0,,81.5916674470698,"rgba(38, 166, 154, 1.0)",0,,,0.0,0.0,0.0,0.0
2024-04-08 17:00:00+00:00,89.76,90.5,89.68,90.21,49288.0,,83.42402874794696,"rgba(38, 166, 154, 1.0)",0,,,0.0,0.0,0.0,0.0
2024-04-09 17:00:00+00:00,89.05,89.86,88.92,89.825,16094.0,,83.43119952654347,"rgba(38, 166, 154, 1.0)",0,,,0.0,0.0,0.0,0.0
2024-04-10 17:00:00+00:00,89.79,90.29,89.52,89.97,19912.0,,83.47547977332133,"rgba(38, 166, 154, 1.0)",0,,,0.0,0.0,0.0,0.0
2024-04-11 17:00:00+00:00,87.7,88.01,87.58,87.98,62980.0,,83.3986676476334,"rgba(38, 166, 154, 1.0)",0,,,0.0,0.0,0.0,0.0
2024-04-12 17:00:00+00:00,88.645,88.71,87.88,88.61,35881.0,,83.43476955217776,"rgba(38, 166, 154, 1.0)",0,,,0.0,0.0,0.0,0.0
2024-04-15 17:00:00+00:00,88.0,88.01,87.15,87.56,27370.0,,83.43888451280979,"rgba(38, 166, 154, 1.0)",6,0.2139271448752126,1.2835628692512757,0.0,0.0,0.0,0.0
2024-04-16 17:00:00+00:00,86.595,87.38,86.165,87.25,29189.0,,84.013698681457,"rgba(38, 166, 154, 1.0)",6,0.211790685102294,1.270744110613764,0.0,0.0,0.0,0.0
2024-04-17 17:00:00+00:00,87.185,87.75,86.95,87.165,30639.0,,84.05378621965421,"rgba(38, 166, 154, 1.0)",6,0.20983681464202766,1.259020887852166,0.0,0.0,0.0,0.0
2024-04-18 17:00:00+00:00,87.59,87.72,86.975,87.35,29646.0,,84.08135320262272,"rgba(38, 166, 154, 1.0)",6,0.20783744738066567,1.247024684283994,0.0,0.0,0.0,0.0
2024-04-19 17:00:00+00:00,87.385,87.54,87.07,87.525,27452.0,,84.10502301944923,"rgba(38, 166, 154, 1.0)",6,0.20582964545833135,1.234977872749988,0.0,0.0,0.0,0.0
2024-04-22 17:00:00+00:00,88.94,89.11,88.33,88.45,45461.0,,84.23892588936884,"rgba(38, 166, 154, 1.0)",6,0.203638795720803,1.221832774324818,0.0,0.0,0.0,0.0
2024-04-23 17:00:00+00:00,88.56,88.94,88.48,88.57,45357.0,,84.34261378830827,"rgba(38, 166, 154, 1.0)",6,0.20207182935436518,1.212430976126191,0.0,0.0,0.0,0.0
2024-04-24 17:00:00+00:00,89.74,90.81,89.71,90.7,68261.0,,84.6088030471622,"rgba(38, 166, 154, 1.0)",6,0.20046371365328186,1.2027822819196912,0.0,0.0,0.0,0.0
2024-04-25 17:00:00+00:00,90.76,91.54,90.58,91.475,41841.0,,84.77596148414217,"rgba(38, 166, 154, 1.0)",6,0.19794884835570384,1.187693090134223,0.0,0.0,0.0,0.0
2024-04-26 17:00:00+00:00,91.595,92.25,91.45,92.07,41680.0,,84.95109693730909,"rgba(38, 166, 154, 1.0)",6,0.19525626720987813,1.1715376032592688,0.0,0.0,0.0,0.0
2024-04-29 17:00:00+00:00,92.83,93.13,92.55,92.965,70043.0,,86.34991394514066,"rgba(38, 166, 154, 1.0)",6,0.19217332944212875,1.1530399766527726,0.0,1.0,93.13,250.0
2024-04-30 17:00:00+00:00,90.83,91.63,89.85,89.87,87702.0,,86.29454197520258,"rgba(38, 166, 154, 1.0)",6,0.19215036565078844,1.1529021939047306,0.0,0.0,0.0,0.0
2024-05-01 17:00:00+00:00,86.755,87.365,86.19,86.735,110050.0,,85.93769925541542,"rgba(239, 83, 80, 1.0)",6,0.1930803545532751,1.1584821273196506,0.0,0.0,0.0,0.0
2024-05-02 17:00:00+00:00,87.21,87.39,86.47,86.81,38643.0,,85.87361938709553,"rgba(239, 83, 80, 1.0)",6,0.19367077685672554,1.1620246611403533,0.0,0.0,0.0,0.0
2024-05-03 17:00:00+00:00,86.13,86.69,85.605,86.68,67373.0,,85.82964608030133,"rgba(239, 83, 80, 1.0)",6,0.19443866142932095,1.1666319685759257,0.0,0.0,0.0,0.0
2024-05-06 17:00:00+00:00,89.14,89.41,88.83,89.05,31557.0,,85.96853230816923,"rgba(239, 83, 80, 1.0)",6,0.1940493736552781,1.1642962419316687,0.0,0.0,0.0,0.0
2024-05-07 17:00:00+00:00,89.68,89.86,88.58,88.635,58861.0,,86.10053453387377,"rgba(239, 83, 80, 1.0)",6,0.19373424901556113,1.1624054940933668,0.0,0.0,0.0,0.0
2024-05-08 17:00:00+00:00,88.24,88.605,88.12,88.35,19875.0,,86.11372365452488,"rgba(239, 83, 80, 1.0)",6,0.19447061573050525,1.1668236943830315,0.0,0.0,0.0,0.0
2024-05-09 17:00:00+00:00,88.81,89.04,88.195,88.27,23284.0,,86.13196539533436,"rgba(239, 83, 80, 1.0)",5,0.1715501246008978,0.857750623004489,0.0,0.0,0.0,0.0
2024-05-10 17:00:00+00:00,86.655,87.17,86.3,87.1,25434.0,,86.1007957210117,"rgba(239, 83, 80, 1.0)",5,0.17192114844924067,0.8596057422462033,0.0,0.0,0.0,0.0
2024-05-13 17:00:00+00:00,88.32,88.8,88.04,88.39,37459.0,,86.12581941258212,"rgba(239, 83, 80, 1.0)",5,0.17195008476863965,0.8597504238431983,0.0,0.0,0.0,0.0
2024-05-14 17:00:00+00:00,89.445,90.91,89.29,90.78,62746.0,,86.2765987900614,"rgba(38, 166, 154, 1.0)",5,0.17080612346460503,0.8540306173230251,0.0,0.0,0.0,0.0
2024-05-15 17:00:00+00:00,91.225,91.42,91.0,91.24,59729.0,,86.44117206896351,"rgba(38, 166, 154, 1.0)",5,0.169539537487309,0.8476976874365449,0.0,0.0,0.0,0.0
2024-05-16 17:00:00+00:00,91.6,91.71,91.01,91.155,31181.0,,86.51914590924507,"rgba(38, 166, 154, 1.0)",5,0.168608603838385,0.8430430191919249,0.0,0.0,0.0,0.0
2024-05-17 17:00:00+00:00,91.52,92.06,91.46,91.69,17423.0,,87.14093015413438,"rgba(38, 166, 154, 1.0)",5,0.16777267380343097,0.8388633690171549,0.0,0.0,0.0,0.0
2024-05-20 17:00:00+00:00,91.98,92.06,91.47,91.6,20204.0,,87.63814965079021,"rgba(38, 166, 154, 1.0)",5,0.1671223217350255,0.8356116086751275,0.0,0.0,0.0,0.0
2024-05-21 17:00:00+00:00,91.49,91.53,90.72,90.74,24497.0,,87.6082500391097,"rgba(38, 166, 154, 1.0)",5,0.16695630292054994,0.8347815146027497,0.0,0.0,0.0,0.0
2024-05-22 17:00:00+00:00,90.12,90.28,89.19,89.78,35199.0,,87.50439148922894,"rgba(38, 166, 154, 1.0)",5,0.16691953924593705,0.8345976962296853,0.0,0.0,0.0,0.0
2024-05-23 17:00:00+00:00,89.695,89.875,88.82,89.08,30278.0,,87.44307817150307,"rgba(38, 166, 154, 1.0)",5,0.16758664586755045,0.8379332293377523,0.0,0.0,0.0,0.0
2024-05-24 17:00:00+00:00,89.5,90.055,89.49,89.73,30086.0,,87.4406042699938,"rgba(38, 166, 154, 1.0)",5,0.16729735358939363,0.8364867679469681,0.0,0.0,0.0,0.0
2024-05-27 17:00:00+00:00,89.73,89.73,89.73,89.73,0.0,,87.4406042699938,"rgba(38, 166, 154, 1.0)",5,0.16723199983563658,0.836159999178183,0.0,0.0,0.0,0.0
2024-05-28 17:00:00+00:00,90.565,90.89,90.24,90.54,42238.0,,87.50136905438028,"rgba(38, 166, 154, 1.0)",5,0.16709267955158752,0.8354633977579375,0.0,0.0,0.0,0.0
2024-05-29 17:00:00+00:00,89.01,89.475,88.84,89.36,26695.0,,87.48505922413392,"rgba(38, 166, 154, 1.0)",5,0.1679036865498276,0.839518432749138,0.0,0.0,0.0,0.0
2024-05-30 17:00:00+00:00,90.485,90.61,89.75,89.93,72537.0,,87.53831923628753,"rgba(38, 166, 154, 1.0)",5,0.1677305821025279,0.8386529105126395,0.0,0.0,0.0,0.0
2024-05-31 17:00:00+00:00,90.53,91.13,90.49,90.92,16098.0,,87.56329012206608,"rgba(38, 166, 154, 1.0)",5,0.16662072048068893,0.8331036024034446,0.0,0.0,0.0,0.0
2024-06-03 17:00:00+00:00,90.79,91.2,90.41,90.99,54312.0,,87.64143793169055,"rgba(38, 166, 154, 1.0)",5,0.1655452337928403,0.8277261689642015,0.0,0.0,0.0,0.0
2024-06-04 17:00:00+00:00,88.98,89.01,87.885,88.555,44790.0,,87.60103303340902,"rgba(38, 166, 154, 1.0)",4,0.1742407809020521,0.6969631236082084,0.0,0.0,0.0,0.0
2024-06-05 17:00:00+00:00,89.08,89.08,88.47,88.765,33539.0,,87.58517113555453,"rgba(38, 166, 154, 1.0)",4,0.17567358586964832,0.7026943434785933,0.0,0.0,0.0,0.0
2024-06-06 17:00:00+00:00,88.115,88.56,88.02,88.36,12726.0,,87.5750227496546,"rgba(38, 166, 154, 1.0)",4,0.17766840121111013,0.7106736048444405,0.0,0.0,0.0,0.0
2024-06-07 17:00:00+00:00,88.03,88.35,87.9,88.275,11122.0,,87.56535150361796,"rgba(38, 166, 154, 1.0)",4,0.1801349986294984,0.7205399945179936,0.0,0.0,0.0,0.0
2024-06-10 17:00:00+00:00,89.41,89.49,88.8,88.92,25774.0,,87.56339869410559,"rgba(38, 166, 154, 1.0)",4,0.1830699795358777,0.7322799181435108,0.0,0.0,0.0,0.0
2024-06-11 17:00:00+00:00,89.23,89.4,88.6,88.7,25220.0,,87.55899600121576,"rgba(38, 166, 154, 1.0)",4,0.18666325714434925,0.746653028577397,0.0,0.0,0.0,0.0
2024-06-12 17:00:00+00:00,87.9,88.015,86.985,87.165,26993.0,,87.52442105409958,"rgba(239, 83, 80, 1.0)",4,0.18976331267192062,0.7590532506876825,0.0,0.0,0.0,0.0
2024-06-13 17:00:00+00:00,85.8,86.21,85.75,86.03,24620.0,,87.47025205867445,"rgba(239, 83, 80, 1.0)",4,0.1925044571367759,0.7700178285471037,0.0,0.0,0.0,0.0
2024-06-14 17:00:00+00:00,85.54,85.67,85.1,85.1,19621.0,,87.41969902775733,"rgba(239, 83, 80, 1.0)",4,0.19527065168895633,0.7810826067558253,0.0,0.0,0.0,0.0
2024-06-17 17:00:00+00:00,84.925,85.1,84.55,84.64,21158.0,,87.36017853581428,"rgba(239, 83, 80, 1.0)",4,0.1982139217705157,0.7928556870820628,0.0,0.0,0.0,0.0
2024-06-18 17:00:00+00:00,84.16,84.22,83.86,83.94,34043.0,,87.25322573347299,"rgba(239, 83, 80, 1.0)",3,0.1634999146801582,0.4904997440404746,0.0,0.0,0.0,0.0
2024-06-19 17:00:00+00:00,83.94,83.94,83.94,83.94,0.0,,87.25322573347299,"rgba(239, 83, 80, 1.0)",2,0.1856382080148239,0.3712764160296478,0.0,0.0,0.0,0.0
2024-06-20 17:00:00+00:00,83.99,84.35,83.78,83.92,20566.0,,87.19269783895022,"rgba(239, 83, 80, 1.0)",2,0.1892078550415981,0.3784157100831962,0.0,0.0,0.0,0.0
2024-06-21 17:00:00+00:00,82.81,82.98,82.3,82.43,51742.0,,87.00475261636383,"rgba(239, 83, 80, 1.0)",2,0.19291615540868848,0.38583231081737696,0.0,0.0,0.0,0.0
2024-06-24 17:00:00+00:00,84.34,85.32,84.3,84.78,66111.0,,86.87850035078083,"rgba(239, 83, 80, 1.0)",3,0.16649966254112772,0.4994989876233832,0.0,0.0,0.0,0.0
2024-06-25 17:00:00+00:00,83.22,83.78,83.14,83.61,51528.0,,86.75282441241664,"rgba(239, 83, 80, 1.0)",3,0.17111336399978683,0.5133400919993605,0.0,0.0,0.0,0.0
2024-06-26 17:00:00+00:00,82.52,82.85,82.395,82.79,43834.0,,86.63441594310707,"rgba(239, 83, 80, 1.0)",3,0.1759488025462814,0.5278464076388442,0.0,0.0,0.0,0.0
2024-06-27 17:00:00+00:00,82.335,82.47,82.005,82.35,28390.0,,86.5559818024488,"rgba(239, 83, 80, 1.0)",3,0.17962311231420128,0.5388693369426039,0.0,0.0,0.0,0.0
2024-06-28 17:00:00+00:00,82.21,82.35,81.795,82.15,23513.0,,86.09205074366388,"rgba(239, 83, 80, 1.0)",2,0.21987325151720766,0.4397465030344153,0.0,0.0,0.0,0.0
2024-07-01 17:00:00+00:00,81.985,82.51,81.98,82.45,28259.0,,86.03775626512858,"rgba(239, 83, 80, 1.0)",2,0.22472972047789186,0.4494594409557837,0.0,0.0,0.0,0.0
2024-07-02 17:00:00+00:00,82.605,83.205,82.22,82.985,18553.0,,86.0148723439802,"rgba(239, 83, 80, 1.0)",1,0.24298849708040623,0.24298849708040623,0.0,0.0,0.0,0.0
2024-07-03 17:00:00+00:00,83.61,83.61,83.61,83.61,0.0,,86.0148723439802,"rgba(239, 83, 80, 1.0)",2,0.17812389252409916,0.3562477850481983,0.0,0.0,0.0,0.0
2024-07-04 17:00:00+00:00,83.61,83.61,83.61,83.61,0.0,,86.0148723439802,"rgba(239, 83, 80, 1.0)",1,0.10543666955074527,0.10543666955074527,0.0,0.0,0.0,0.0
2024-07-05 17:00:00+00:00,82.32,82.47,81.8,82.26,27273.0,,85.94958639454056,"rgba(239, 83, 80, 1.0)",1,0.1074803863145955,0.1074803863145955,0.0,0.0,0.0,0.0
2024-07-08 17:00:00+00:00,82.57,82.825,82.46,82.62,54571.0,,85.85686870396854,"rgba(239, 83, 80, 1.0)",1,0.10981861196588795,0.10981861196588795,0.0,0.0,0.0,0.0
2024-07-09 17:00:00+00:00,82.56,82.77,82.295,82.56,31418.0,,85.8013366838667,"rgba(239, 83, 80, 1.0)",1,0.11332105516157222,0.11332105516157222,0.0,0.0,0.0,0.0
2024-07-10 17:00:00+00:00,82.35,83.12,82.27,82.995,20875.0,,85.77002187975894,"rgba(239, 83, 80, 1.0)",1,0.11301828622676181,0.11301828622676181,0.0,0.0,0.0,0.0
2024-07-11 17:00:00+00:00,83.395,83.6,83.04,83.47,36362.0,,85.73287206177245,"rgba(239, 83, 80, 1.0)",1,0.11308643984604037,0.11308643984604037,0.0,0.0,0.0,0.0
2024-07-12 17:00:00+00:00,83.64,83.92,83.27,83.49,50054.0,,85.68711928129777,"rgba(239, 83, 80, 1.0)",1,0.11376557840190415,0.11376557840190415,0.0,0.0,0.0,0.0
2024-07-15 17:00:00+00:00,84.02,84.245,83.42,83.755,48601.0,,85.49623660430144,"rgba(239, 83, 80, 1.0)",1,0.1145630282859631,0.1145630282859631,0.0,0.0,0.0,0.0
2024-07-16 17:00:00+00:00,83.26,83.46,82.66,82.845,37611.0,,85.42199729810466,"rgba(239, 83, 80, 1.0)",1,0.11504889672727993,0.11504889672727993,0.0,0.0,0.0,0.0
2024-07-17 17:00:00+00:00,82.59,82.59,81.94,82.045,52620.0,,85.30048009291824,"rgba(239, 83, 80, 1.0)",1,0.11500702506831421,0.11500702506831421,0.0,0.0,0.0,0.0
2024-07-18 17:00:00+00:00,82.06,82.06,81.23,81.39,12719.0,,85.26748057701612,"rgba(239, 83, 80, 1.0)",1,0.1142361449009189,0.1142361449009189,0.0,0.0,0.0,0.0
2024-07-19 17:00:00+00:00,80.65,81.235,80.47,81.0,25066.0,,85.1916141820559,"rgba(239, 83, 80, 1.0)",1,0.11322070073027121,0.11322070073027121,0.0,0.0,0.0,0.0
2024-07-22 17:00:00+00:00,81.165,81.495,80.87,81.37,37916.0,,85.10234559854787,"rgba(239, 83, 80, 1.0)",1,0.11264583053007841,0.11264583053007841,0.0,0.0,0.0,0.0
2024-07-23 17:00:00+00:00,79.785,80.1,79.57,79.97,33185.0,,84.99514879760547,"rgba(239, 83, 80, 1.0)",1,0.11094318254400401,0.11094318254400401,0.0,0.0,0.0,0.0
2024-07-24 17:00:00+00:00,78.61,78.84,77.6,77.69,40240.0,,84.823116382153,"rgba(239, 83, 80, 1.0)",1,0.10796973183835576,0.10796973183835576,0.0,0.0,0.0,0.0
2024-07-25 17:00:00+00:00,77.8,78.03,77.39,77.4,26060.0,,84.71370610307632,"rgba(239, 83, 80, 1.0)",1,0.10516716172932039,0.10516716172932039,0.0,0.0,0.0,0.0
2024-07-26 17:00:00+00:00,77.38,78.645,77.05,77.745,78891.0,,84.43149344796086,"rgba(239, 83, 80, 1.0)",1,0.1026482433215997,0.1026482433215997,0.0,0.0,0.0,0.0
2024-07-29 17:00:00+00:00,76.085,76.59,75.98,76.56,54907.0,,84.21235414982574,"rgba(239, 83, 80, 1.0)",0,,,0.0,0.0,0.0,0.0
2024-07-30 17:00:00+00:00,76.06,76.39,75.05,76.255,91346.0,,83.86705924682087,"rgba(239, 83, 80, 1.0)",0,,,0.0,0.0,0.0,0.0
2024-07-31 17:00:00+00:00,76.46,77.17,76.24,76.355,48763.0,,83.71867376511496,"rgba(239, 83, 80, 1.0)",0,,,0.0,0.0,0.0,0.0
2024-08-01 17:00:00+00:00,75.13,75.195,74.52,75.025,44259.0,,83.5550692979825,"rgba(239, 83, 80, 1.0)",0,,,0.0,0.0,0.0,0.0
2024-08-02 17:00:00+00:00,71.73,72.58,71.485,72.55,79131.0,,83.18477642175789,"rgba(239, 83, 80, 1.0)",0,,,0.0,0.0,0.0,0.0
2024-08-05 17:00:00+00:00,71.02,71.32,70.84,71.1,79727.0,,82.8074331950282,"rgba(239, 83, 80, 1.0)",0,,,0.0,0.0,0.0,0.0
2024-08-06 17:00:00+00:00,70.9,71.635,70.69,70.72,34845.0,,81.75690985065239,"rgba(239, 83, 80, 1.0)",0,,,0.0,0.0,0.0,0.0
2024-08-07 17:00:00+00:00,72.0,72.22,71.405,71.505,27515.0,,81.67850930139004,"rgba(239, 83, 80, 1.0)",0,,,0.0,0.0,0.0,0.0
2024-08-08 17:00:00+00:00,73.01,73.49,72.22,72.34,34355.0,,81.60516440646711,"rgba(239, 83, 80, 1.0)",0,,,0.0,0.0,0.0,0.0
2024-08-09 17:00:00+00:00,73.06,73.14,72.46,72.53,17805.0,,81.5603213714867,"rgba(239, 83, 80, 1.0)",0,,,0.0,0.0,0.0,0.0
2024-08-12 17:00:00+00:00,73.55,73.67,73.245,73.355,29441.0,,81.50137391087148,"rgba(239, 83, 80, 1.0)",0,,,0.0,0.0,0.0,0.0
2024-08-13 17:00:00+00:00,72.32,72.37,71.98,72.265,14166.0,,81.45595932088321,"rgba(239, 83, 80, 1.0)",0,,,0.0,0.0,0.0,0.0
2024-08-14 17:00:00+00:00,72.42,72.485,72.145,72.195,26504.0,,81.37414174483644,"rgba(239, 83, 80, 1.0)",0,,,0.0,0.0,0.0,0.0
2024-08-15 17:00:00+00:00,73.18,73.22,72.8,73.08,43904.0,,81.26569891934284,"rgba(239, 83, 80, 1.0)",0,,,0.0,0.0,0.0,0.0
2024-08-16 17:00:00+00:00,73.02,73.16,72.78,72.97,17446.0,,81.22197485986845,"rgba(239, 83, 80, 1.0)",0,,,0.0,0.0,0.0,0.0
2024-08-19 17:00:00+00:00,73.6,74.21,73.6,74.19,13893.0,,81.19656606568832,"rgba(239, 83, 80, 1.0)",0,,,0.0,0.0,0.0,0.0
2024-08-20 17:00:00+00:00,73.09,73.58,72.885,73.17,14958.0,,81.16150623218746,"rgba(239, 83, 80, 1.0)",0,,,0.0,0.0,0.0,0.0
2024-08-21 17:00:00+00:00,72.28,72.565,71.945,72.405,36877.0,,81.0562640067743,"rgba(239, 83, 80, 1.0)",0,,,0.0,0.0,0.0,0.0
2024-08-22 17:00:00+00:00,72.49,72.535,71.55,71.625,33068.0,,80.95754340260943,"rgba(239, 83, 80, 1.0)",0,,,0.0,0.0,0.0,0.0
2024-08-23 17:00:00+00:00,73.12,73.405,73.06,73.35,25489.0,,80.90244638953833,"rgba(239, 83, 80, 1.0)",0,,,0.0,0.0,0.0,0.0
2024-08-26 17:00:00+00:00,74.445,74.54,73.68,73.735,99422.0,,80.72759091350045,"rgba(239, 83, 80, 1.0)",0,,,0.0,0.0,0.0,0.0
2024-08-27 17:00:00+00:00,72.87,73.14,72.655,72.97,17569.0,,80.68833874119512,"rgba(239, 83, 80, 1.0)",0,,,0.0,0.0,0.0,0.0
2024-08-28 17:00:00+00:00,71.39,72.03,71.11,71.995,36638.0,,80.58790147994691,"rgba(239, 83, 80, 1.0)",0,,,0.0,0.0,0.0,0.0
2024-08-29 17:00:00+00:00,73.285,74.04,73.28,73.97,40121.0,,80.51770771915419,"rgba(239, 83, 80, 1.0)",0,,,0.0,0.0,0.0,0.0
2024-08-30 17:00:00+00:00,73.81,74.59,73.78,74.48,19843.0,,80.04471541339167,"rgba(239, 83, 80, 1.0)",0,,,0.0,0.0,0.0,0.0
2024-09-02 17:00:00+00:00,74.48,74.48,74.48,74.48,0.0,,80.04471541339167,"rgba(239, 83, 80, 1.0)",0,,,0.0,0.0,0.0,0.0
2024-09-03 17:00:00+00:00,71.93,72.615,71.93,72.21,150064.0,,79.60383778520345,"rgba(239, 83, 80, 1.0)",0,,,0.0,0.0,0.0,0.0
2024-09-04 17:00:00+00:00,71.455,71.7,70.395,70.56,53168.0,,79.4482871520075,"rgba(239, 83, 80, 1.0)",0,,,0.0,0.0,0.0,0.0
2024-09-05 17:00:00+00:00,70.83,72.21,70.81,72.01,74051.0,,79.28996455827352,"rgba(239, 83, 80, 1.0)",0,,,0.0,0.0,0.0,0.0
2024-09-06 17:00:00+00:00,71.705,72.0,70.74,70.87,50975.0,,79.17441756583118,"rgba(239, 83, 80, 1.0)",0,,,0.0,0.0,0.0,0.0
2024-09-09 17:00:00+00:00,70.545,70.765,69.97,70.32,45384.0,,79.05721811109417,"rgba(239, 83, 80, 1.0)",0,,,0.0,0.0,0.0,0.0
2024-09-10 17:00:00+00:00,70.06,70.775,69.87,70.775,38135.0,70.47333333333334,78.39937587692194,"rgba(239, 83, 80, 1.0)",0,,,0.0,0.0,0.0,0.0
2024-09-11 17:00:00+00:00,71.75,72.41,71.45,72.325,18355.0,70.98942216911549,78.40640885964748,"rgba(239, 83, 80, 1.0)",0,,,0.0,0.0,0.0,0.0
2024-09-12 17:00:00+00:00,72.535,72.65,72.05,72.325,17293.0,71.30635647777945,78.4039991492185,"rgba(239, 83, 80, 1.0)",0,,,0.0,0.0,0.0,0.0
2024-09-13 17:00:00+00:00,72.875,73.25,72.85,73.2,34965.0,71.88305440100048,78.40613081469215,"rgba(239, 83, 80, 1.0)",0,,,0.0,0.0,0.0,0.0
2024-09-16 17:00:00+00:00,73.025,73.21,72.91,73.065,35444.0,72.17277042646842,78.38792171499706,"rgba(239, 83, 80, 1.0)",0,,,0.0,0.0,0.0,0.0
2024-09-17 17:00:00+00:00,72.96,73.48,72.79,73.36,25705.0,72.3297007206327,78.37265912925568,"rgba(239, 83, 80, 1.0)",0,,,0.0,0.0,0.0,0.0
2024-09-18 17:00:00+00:00,74.75,75.46,74.37,74.5,26598.0,72.66092747058873,78.38400859026488,"rgba(38, 166, 154, 1.0)",0,,,0.0,0.0,0.0,0.0
2024-09-19 17:00:00+00:00,76.71,77.43,76.435,76.595,40102.0,73.36586931927849,78.44396440883592,"rgba(38, 166, 154, 1.0)",0,,,0.0,0.0,0.0,0.0
2024-09-20 17:00:00+00:00,77.7,79.0,77.61,78.44,74959.0,74.56502918683425,78.58101214995044,"rgba(38, 166, 154, 1.0)",0,,,0.0,0.0,0.0,0.0
2024-09-23 17:00:00+00:00,79.95,80.405,79.6,80.255,42584.0,75.22898527889159,78.67780979254015,"rgba(38, 166, 154, 1.0)",0,,,0.0,0.0,0.0,0.0
2024-09-24 17:00:00+00:00,80.85,80.95,80.04,80.14,33100.0,75.66899213235547,78.74814929910909,"rgba(38, 166, 154, 1.0)",1,0.22828939946971152,0.22828939946971152,0.0,0.0,0.0,0.0
2024-09-25 17:00:00+00:00,78.705,78.97,78.2,78.28,40249.0,75.9339683516223,78.78752563442224,"rgba(38, 166, 154, 1.0)",1,0.22967062818990466,0.22967062818990466,0.0,0.0,0.0,0.0
2024-09-26 17:00:00+00:00,79.855,80.84,79.555,80.39,108773.0,76.8117794380359,78.95422578362393,"rgba(38, 166, 154, 1.0)",1,0.23120479149070855,0.23120479149070855,0.0,0.0,0.0,0.0
2024-09-27 17:00:00+00:00,82.27,82.685,81.93,82.605,76886.0,77.51335311920342,79.11538563429077,"rgba(38, 166, 154, 1.0)",2,0.22181616011904962,0.44363232023809923,0.0,0.0,0.0,0.0
2024-09-30 17:00:00+00:00,83.23,83.33,81.95,82.3,149187.0,78.49444569425953,79.37897836200827,"rgba(38, 166, 154, 1.0)",2,0.22332476195295048,0.44664952390590096,0.0,0.0,0.0,0.0
2024-10-01 17:00:00+00:00,81.46,81.69,80.86,81.465,52960.0,78.67917918258627,79.43706006986862,"rgba(38, 166, 154, 1.0)",2,0.22610138358249332,0.45220276716498664,0.0,0.0,0.0,0.0
2024-10-02 17:00:00+00:00,82.77,83.26,82.0,83.235,55598.0,78.94427489370108,79.5218331592117,"rgba(38, 166, 154, 1.0)",2,0.22908508636014335,0.4581701727202867,0.0,0.0,0.0,0.0
2024-10-03 17:00:00+00:00,84.22,85.305,84.02,85.23,102750.0,79.56769077064182,79.73085711121186,"rgba(38, 166, 154, 1.0)",2,0.2317065955287501,0.4634131910575002,0.0,0.0,0.0,0.0
2024-10-04 17:00:00+00:00,85.61,85.82,85.22,85.62,106776.0,80.15924179878363,79.94765350291449,"rgba(38, 166, 154, 1.0)",2,0.23467002516090418,0.46934005032180837,0.0,0.0,0.0,0.0
2024-10-07 17:00:00+00:00,85.6,85.85,85.08,85.46,120849.0,80.69283976181836,80.1642883883094,"rgba(38, 166, 154, 1.0)",2,0.23776288376288676,0.4755257675257735,0.0,0.0,0.0,0.0
2024-10-08 17:00:00+00:00,85.36,86.12,85.24,86.03,75099.0,80.99313920290952,80.29468103027578,"rgba(38, 166, 154, 1.0)",2,0.24019373516575582,0.48038747033151163,0.0,0.0,0.0,0.0
2024-10-09 17:00:00+00:00,86.78,87.23,86.635,87.02,145948.0,81.60558767338226,80.57151901115803,"rgba(38, 166, 154, 1.0)",2,0.24166237479660996,0.4833247495932199,0.0,0.0,0.0,0.0
2024-10-10 17:00:00+00:00,86.945,87.065,86.55,86.62,86179.0,81.89919799924076,80.71643250809119,"rgba(38, 166, 154, 1.0)",2,0.24291208160795472,0.48582416321590943,0.0,0.0,0.0,0.0
2024-10-11 17:00:00+00:00,87.84,88.18,87.37,87.375,109285.0,82.28711605746729,81.33290342657541,"rgba(38, 166, 154, 1.0)",2,0.24423767377824807,0.48847534755649613,0.0,0.0,0.0,0.0
2024-10-14 17:00:00+00:00,86.38,86.735,86.25,86.67,108249.0,82.55457020009719,81.44180945109414,"rgba(38, 166, 154, 1.0)",2,0.24592701868372469,0.49185403736744937,0.0,0.0,0.0,0.0
2024-10-15 17:00:00+00:00,86.31,86.31,85.545,85.78,78639.0,82.69940434902027,81.50778524309182,"rgba(38, 166, 154, 1.0)",2,0.2486257127630881,0.4972514255261762,0.0,0.0,0.0,0.0
2024-10-16 17:00:00+00:00,85.26,86.455,85.26,86.375,94406.0,82.86497366258872,81.59788887674104,"rgba(38, 166, 154, 1.0)",2,0.25031119386323697,0.5006223877264739,0.0,0.0,0.0,0.0
2024-10-17 17:00:00+00:00,87.475,87.96,87.42,87.57,83751.0,83.06708476311229,81.72316602368186,"rgba(38, 166, 154, 1.0)",2,0.2518206775721356,0.5036413551442712,0.0,0.0,0.0,0.0
2024-10-18 17:00:00+00:00,87.2,87.24,86.52,86.685,116309.0,83.27474967681103,81.85336740446789,"rgba(38, 166, 154, 1.0)",2,0.2546259004567005,0.509251800913401,0.0,0.0,0.0,0.0
2024-10-21 17:00:00+00:00,85.21,86.27,85.21,85.69,106456.0,83.39293417162794,81.93245181561865,"rgba(38, 166, 154, 1.0)",2,0.25810389084102436,0.5162077816820487,0.0,0.0,0.0,0.0
2024-10-22 17:00:00+00:00,85.18,85.19,84.125,84.395,56800.0,83.42248582656063,81.95581288973307,"rgba(38, 166, 154, 1.0)",2,0.2603400231418797,0.5206800462837594,0.0,0.0,0.0,0.0
2024-10-23 17:00:00+00:00,83.28,83.38,82.72,83.29,45610.0,83.41670580735378,82.02622916960658,"rgba(239, 83, 80, 1.0)",2,0.2631959831544791,0.5263919663089582,0.0,0.0,0.0,0.0
2024-10-24 17:00:00+00:00,84.195,85.32,84.195,85.25,42797.0,83.44410410558808,82.09835424538711,"rgba(239, 83, 80, 1.0)",2,0.2650719833812555,0.530143966762511,0.0,0.0,0.0,0.0
2024-10-25 17:00:00+00:00,85.03,85.25,84.62,84.79,28242.0,83.4612290324913,82.124645579953,"rgba(239, 83, 80, 1.0)",2,0.26715174598312597,0.5343034919662519,0.0,0.0,0.0,0.0
2024-10-28 17:00:00+00:00,85.07,85.35,84.995,85.265,32664.0,83.48482402676618,82.15556814213866,"rgba(239, 83, 80, 1.0)",2,0.2695760712418491,0.5391521424836982,0.0,0.0,0.0,0.0
2024-10-29 17:00:00+00:00,85.27,85.82,85.01,85.745,50750.0,83.5268711126146,82.20365676384355,"rgba(239, 83, 80, 1.0)",2,0.2716280584715589,0.5432561169431178,0.0,0.0,0.0,0.0
2024-10-30 17:00:00+00:00,87.75,88.76,87.75,88.7,86179.0,83.69176302427985,82.37775153447848,"rgba(38, 166, 154, 1.0)",2,0.2704593353549666,0.5409186707099332,0.0,0.0,0.0,0.0
2024-10-31 17:00:00+00:00,86.01,86.09,84.67,84.67,100667.0,83.74691923105671,82.41613615056525,"rgba(38, 166, 154, 1.0)",2,0.2711816629761191,0.5423633259522382,0.0,0.0,0.0,0.0
2024-11-01 17:00:00+00:00,83.61,83.97,83.1,83.675,121212.0,83.73968930088685,82.40469924887812,"rgba(239, 83, 80, 1.0)",2,0.27182384352538447,0.5436476870507689,0.0,0.0,0.0,0.0
2024-11-04 17:00:00+00:00,84.93,86.445,84.89,85.85,87228.0,83.80038956160433,82.46075768530727,"rgba(239, 83, 80, 1.0)",2,0.27118599968748097,0.5423719993749619,0.0,0.0,0.0,0.0
2024-11-05 17:00:00+00:00,86.975,87.02,86.145,86.71,55024.0,83.8537483203228,82.50879594032348,"rgba(239, 83, 80, 1.0)",2,0.2697280128508307,0.5394560257016614,0.0,0.0,0.0,0.0
2024-11-06 17:00:00+00:00,91.2,93.105,91.175,92.28,112218.0,84.16287546529236,82.76851744067602,"rgba(38, 166, 154, 1.0)",2,0.26360071307655664,0.5272014261531133,0.0,0.0,0.0,0.0
2024-11-07 17:00:00+00:00,91.95,92.5,91.51,92.13,78044.0,84.36116029986665,82.93027255063193,"rgba(38, 166, 154, 1.0)",2,0.2580645927340621,0.5161291854681243,0.0,0.0,0.0,0.0
2024-11-08 17:00:00+00:00,92.06,92.9,91.86,92.485,93171.0,84.59593455447286,83.1185834146708,"rgba(38, 166, 154, 1.0)",2,0.25220871552402924,0.5044174310480585,0.0,0.0,0.0,0.0
2024-11-11 17:00:00+00:00,95.5,96.61,95.42,95.735,91376.0,84.91072626466979,83.36658711015593,"rgba(38, 166, 154, 1.0)",2,0.24432213245012907,0.48864426490025814,0.0,0.0,0.0,0.0
2024-11-12 17:00:00+00:00,95.48,95.84,95.26,95.705,71548.0,85.13843936559955,83.54436309109121,"rgba(38, 166, 154, 1.0)",2,0.23693010051725055,0.4738602010345011,0.0,0.0,0.0,0.0
2024-11-13 17:00:00+00:00,96.06,96.5,95.5,96.125,78893.0,85.38863869924442,83.73858116587839,"rgba(38, 166, 154, 1.0)",2,0.22974516841365264,0.4594903368273053,0.0,0.0,0.0,0.0
2024-11-14 17:00:00+00:00,95.24,95.39,94.68,95.17,47390.0,85.52040932772366,83.84078004815552,"rgba(38, 166, 154, 1.0)",2,0.22394883408703564,0.4478976681740713,0.0,0.0,0.0,0.0
2024-11-15 17:00:00+00:00,95.37,95.38,94.78,94.98,81529.0,85.73815007869044,84.0096239408595,"rgba(38, 166, 154, 1.0)",2,0.2187591208664109,0.4375182417328218,0.0,0.0,0.0,0.0
2024-11-18 17:00:00+00:00,97.28,97.28,96.38,96.46,86854.0,85.99888231655667,84.21111144962283,"rgba(38, 166, 154, 1.0)",2,0.213027574744503,0.426055149489006,0.0,0.0,0.0,0.0
2024-11-19 17:00:00+00:00,95.615,96.14,95.32,95.68,123234.0,86.3158387990635,84.45737927883464,"rgba(38, 166, 154, 1.0)",2,0.20833585228218288,0.41667170456436575,0.0,0.0,0.0,0.0
2024-11-20 17:00:00+00:00,98.49,99.555,98.03,98.28,191228.0,86.90885099096235,84.91638856432526,"rgba(38, 166, 154, 1.0)",2,0.202477462633133,0.404954925266266,0.0,0.0,0.0,0.0
2024-11-21 17:00:00+00:00,99.8,101.2,99.14,101.0,105018.0,87.25788655006079,86.03443235209447,"rgba(38, 166, 154, 1.0)",2,0.19543722088523097,0.39087444177046193,0.0,0.0,0.0,0.0
2024-11-22 17:00:00+00:00,99.56,99.98,99.34,99.38,169294.0,87.74905299490237,86.36719208676762,"rgba(38, 166, 154, 1.0)",2,0.190038628046083,0.380077256092166,0.0,0.0,0.0,0.0
2024-11-25 17:00:00+00:00,99.48,99.56,98.85,98.88,73287.0,87.94174582109743,86.50159993077531,"rgba(38, 166, 154, 1.0)",2,0.18541385944309774,0.3708277188861955,0.0,0.0,0.0,0.0
2024-11-26 17:00:00+00:00,98.72,99.24,98.36,98.97,95935.0,88.17909280892835,86.66962702931244,"rgba(38, 166, 154, 1.0)",2,0.18113714388156268,0.36227428776312537,0.0,0.0,0.0,0.0
2024-11-27 17:00:00+00:00,98.41,99.09,98.15,98.78,55065.0,88.30846045546829,86.76231566240378,"rgba(38, 166, 154, 1.0)",2,0.17730570366633563,0.35461140733267127,0.0,0.0,0.0,0.0
2024-11-28 17:00:00+00:00,98.78,98.78,98.78,98.78,0.0,88.30846045546829,86.76231566240378,"rgba(38, 166, 154, 1.0)",2,0.17378329597684122,0.34756659195368245,0.0,0.0,0.0,0.0
2024-11-29 17:00:00+00:00,99.07,99.31,98.92,98.92,23226.0,88.36402370644987,86.80345356716474,"rgba(38, 166, 154, 1.0)",2,0.1704625952074798,0.3409251904149596,0.0,0.0,0.0,0.0
2024-12-02 17:00:00+00:00,97.19,98.31,97.14,97.87,73775.0,88.51612604855804,86.90904744855276,"rgba(38, 166, 154, 1.0)",2,0.16774586870860256,0.3354917374172051,0.0,0.0,0.0,0.0
2024-12-03 17:00:00+00:00,98.31,98.54,97.895,97.98,59128.0,88.63919439141824,86.9984843339121,"rgba(38, 166, 154, 1.0)",2,0.16513788415649694,0.3302757683129939,0.0,0.0,0.0,0.0
2024-12-04 17:00:00+00:00,96.975,97.55,96.64,97.54,62001.0,88.7530616168934,87.07856765284727,"rgba(38, 166, 154, 1.0)",2,0.1628196773483293,0.3256393546966586,0.0,0.0,0.0,0.0
2024-12-05 17:00:00+00:00,97.91,98.18,96.77,96.8,42227.0,88.82896278236133,87.1329755139755,"rgba(38, 166, 154, 1.0)",2,0.1608510345965639,0.3217020691931278,0.0,0.0,0.0,0.0
2024-12-06 17:00:00+00:00,96.405,96.72,96.21,96.57,53544.0,88.9148778112849,87.19293495649603,"rgba(38, 166, 154, 1.0)",2,0.15906224654522244,0.3181244930904449,0.0,0.0,0.0,0.0
2024-12-09 17:00:00+00:00,98.2,98.74,96.955,96.96,97012.0,89.08665180840904,87.32218953868767,"rgba(38, 166, 154, 1.0)",2,0.15726910479722278,0.31453820959444556,0.0,0.0,0.0,0.0
2024-12-10 17:00:00+00:00,97.76,98.19,96.73,97.04,43332.0,89.1591494403037,87.37700979679003,"rgba(38, 166, 154, 1.0)",2,0.15560878751239632,0.31121757502479264,0.0,0.0,0.0,0.0
2024-12-11 17:00:00+00:00,99.255,100.245,99.21,99.615,186138.0,89.54295667931348,87.68907382628244,"rgba(38, 166, 154, 1.0)",2,0.15356820740954347,0.30713641481908693,0.0,0.0,0.0,0.0
2024-12-12 17:00:00+00:00,99.975,100.495,99.51,99.795,144369.0,89.82859322026047,88.55561702489656,"rgba(38, 166, 154, 1.0)",2,0.15166069167478125,0.3033213833495625,0.0,0.0,0.0,0.0
2024-12-13 17:00:00+00:00,99.82,99.82,98.285,98.49,60223.0,89.93104387239958,88.61788829676979,"rgba(38, 166, 154, 1.0)",2,0.15017276296247933,0.30034552592495867,0.0,0.0,0.0,0.0
2024-12-16 17:00:00+00:00,96.83,97.67,96.745,96.81,52167.0,90.00052179802293,88.642654666873,"rgba(38, 166, 154, 1.0)",2,0.14925003303343604,0.29850006606687207,0.0,0.0,0.0,0.0
2024-12-17 17:00:00+00:00,95.66,96.95,95.44,96.82,66338.0,90.0787398850456,88.67167730341932,"rgba(38, 166, 154, 1.0)",2,0.14843527515805854,0.2968705503161171,0.0,0.0,0.0,0.0
2024-12-18 17:00:00+00:00,96.54,96.79,94.02,94.56,74896.0,90.1473692465687,89.00947670760925,"rgba(239, 83, 80, 1.0)",2,0.14805891366956314,0.2961178273391263,0.0,0.0,0.0,0.0
2024-12-19 17:00:00+00:00,94.34,95.09,94.25,94.33,67436.0,90.20072715599392,89.00873653334206,"rgba(239, 83, 80, 1.0)",2,0.14793131898602518,0.29586263797205037,0.0,0.0,0.0,0.0
2024-12-20 17:00:00+00:00,95.93,96.33,94.71,94.83,103394.0,90.29343248646536,89.06580436462988,"rgba(239, 83, 80, 1.0)",2,0.14816857674747674,0.2963371534949535,0.0,0.0,0.0,0.0
2024-12-23 17:00:00+00:00,94.68,94.68,94.68,94.68,0.0,90.29343248646536,89.06580436462988,"rgba(239, 83, 80, 1.0)",2,0.14877538109036198,0.29755076218072396,0.0,0.0,0.0,0.0
2024-12-24 17:00:00+00:00,97.05,97.79,97.04,97.495,22577.0,90.32175257592661,89.09814333049417,"rgba(239, 83, 80, 1.0)",2,0.14909066590317568,0.29818133180635137,0.0,0.0,0.0,0.0
2024-12-25 17:00:00+00:00,97.495,97.495,97.495,97.495,0.0,90.32175257592661,89.09814333049417,"rgba(239, 83, 80, 1.0)",2,0.14934902316650583,0.29869804633301167,0.0,0.0,0.0,0.0
2024-12-26 17:00:00+00:00,96.68,96.68,95.75,96.19,33263.0,90.35590358529669,89.12685052150083,"rgba(239, 83, 80, 1.0)",2,0.14975963226986183,0.29951926453972366,0.0,0.0,0.0,0.0
2024-12-27 17:00:00+00:00,96.705,96.75,96.21,96.6,24551.0,90.38219321086535,89.15022928681522,"rgba(239, 83, 80, 1.0)",2,0.150155570443206,0.300311140886412,0.0,0.0,0.0,0.0
2024-12-30 17:00:00+00:00,101.36,101.42,99.88,99.945,70603.0,90.50375502069717,89.30569120609894,"rgba(38, 166, 154, 1.0)",2,0.14986166766705122,0.29972333533410245,0.0,0.0,0.0,0.0
2024-12-31 17:00:00+00:00,99.645,99.75,99.095,99.685,41318.0,90.5671662252603,89.37584806888904,"rgba(38, 166, 154, 1.0)",2,0.1499477319352971,0.2998954638705942,0.0,0.0,0.0,0.0
2025-01-01 17:00:00+00:00,99.685,99.685,99.685,99.685,0.0,90.5671662252603,89.37584806888904,"rgba(38, 166, 154, 1.0)",2,0.15016224119942725,0.3003244823988545,0.0,0.0,0.0,0.0
2025-01-02 17:00:00+00:00,100.03,101.675,99.69,101.14,119606.0,90.77225985907302,89.60420463232869,"rgba(38, 166, 154, 1.0)",2,0.15000461130701362,0.30000922261402724,0.0,0.0,0.0,0.0
2025-01-03 17:00:00+00:00,99.92,100.365,99.28,99.995,60579.0,90.86347806529028,89.69349198143118,"rgba(38, 166, 154, 1.0)",2,0.15022007730321157,0.30044015460642315,0.0,0.0,0.0,0.0
2025-01-06 17:00:00+00:00,101.61,101.66,100.92,101.5,59937.0,90.9664708584637,89.80030130564094,"rgba(38, 166, 154, 1.0)",2,0.14998935088435844,0.2999787017687169,0.0,0.0,0.0,0.0
2025-01-07 17:00:00+00:00,102.47,103.395,102.26,102.67,111596.0,91.17833054424901,90.02320731018389,"rgba(38, 166, 154, 1.0)",2,0.14983355629595876,0.29966711259191753,0.0,0.0,0.0,0.0
2025-01-08 17:00:00+00:00,103.245,103.42,102.42,102.875,86389.0,91.33896796692372,90.18581983145988,"rgba(38, 166, 154, 1.0)",2,0.14993751382819165,0.2998750276563833,0.0,0.0,0.0,0.0
2025-01-09 17:00:00+00:00,102.875,102.875,102.875,102.875,0.0,91.33896796692372,90.18581983145988,"rgba(38, 166, 154, 1.0)",2,0.1503736656713054,0.3007473313426108,0.0,0.0,0.0,0.0
2025-01-10 17:00:00+00:00,102.82,103.1,102.09,102.12,65628.0,91.45326621782452,90.29673509099366,"rgba(38, 166, 154, 1.0)",2,0.15069749518121872,0.30139499036243744,0.0,0.0,0.0,0.0
2025-01-13 17:00:00+00:00,101.3,102.16,101.04,102.115,67391.0,91.56125106206652,90.39711772459177,"rgba(38, 166, 154, 1.0)",2,0.15106066717998265,0.3021213343599653,0.0,0.0,0.0,0.0
2025-01-14 17:00:00+00:00,102.58,104.7,102.58,104.14,86702.0,91.72393429660053,90.556972705949,"rgba(38, 166, 154, 1.0)",2,0.1513026769107776,0.3026053538215552,0.0,0.0,0.0,0.0
2025-01-15 17:00:00+00:00,105.605,106.255,105.21,105.25,141549.0,92.01790682331543,90.8502553835934,"rgba(38, 166, 154, 1.0)",2,0.15169354248443592,0.30338708496887185,0.0,0.0,0.0,0.0
2025-01-16 17:00:00+00:00,107.27,108.775,107.08,107.76,228302.0,92.54276507604918,92.45544040767348,"rgba(38, 166, 154, 1.0)",2,0.15109455984698134,0.30218911969396267,0.0,0.0,0.0,0.0
2025-01-17 17:00:00+00:00,106.96,107.07,105.97,106.32,89732.0,92.72144576800714,92.59898304547616,"rgba(38, 166, 154, 1.0)",2,0.1509214946943735,0.301842989388747,0.0,0.0,0.0,0.0
2025-01-20 17:00:00+00:00,106.32,106.32,106.32,106.32,0.0,92.72144576800714,92.59898304547616,"rgba(38, 166, 154, 1.0)",2,0.15090383858802942,0.30180767717605883,0.0,0.0,0.0,0.0
2025-01-21 17:00:00+00:00,106.71,107.03,106.225,106.765,113069.0,92.94366870671713,92.7903121961735,"rgba(38, 166, 154, 1.0)",2,0.15154647259379955,0.3030929451875991,0.0,0.0,0.0,0.0
2025-01-22 17:00:00+00:00,108.17,108.21,106.72,107.085,57564.0,93.05945507252616,92.89620186389178,"rgba(38, 166, 154, 1.0)",2,0.15282339260522243,0.30564678521044486,0.0,0.0,0.0,0.0
2025-01-23 17:00:00+00:00,107.0,107.2,105.985,105.99,108590.0,93.25873177666396,93.0652223526636,"rgba(38, 166, 154, 1.0)",2,0.15413763417812798,0.30827526835625596,0.0,0.0,0.0,0.0
2025-01-24 17:00:00+00:00,105.895,106.195,105.53,105.98,103308.0,93.43599318757936,93.21111766417633,"rgba(38, 166, 154, 1.0)",2,0.15607583946853698,0.31215167893707396,0.0,0.0,0.0,0.0
2025-01-27 17:00:00+00:00,101.82,102.06,100.52,101.445,184141.0,93.62874642637901,93.97967927648253,"rgba(239, 83, 80, 1.0)",2,0.15944624484457187,0.31889248968914374,0.0,0.0,0.0,0.0
2025-01-28 17:00:00+00:00,100.67,102.22,100.59,102.025,91330.0,93.72412860531298,94.03367361553623,"rgba(239, 83, 80, 1.0)",2,0.1629359676450187,0.3258719352900374,0.0,0.0,0.0,0.0
2025-01-29 17:00:00+00:00,103.0,103.425,102.325,102.54,46316.0,93.77857005435436,94.0790780440824,"rgba(239, 83, 80, 1.0)",2,0.16608906745261043,0.33217813490522086,0.0,0.0,0.0,0.0
2025-01-30 17:00:00+00:00,103.9,103.9,102.44,102.71,50804.0,93.83920027076105,94.13027028769488,"rgba(239, 83, 80, 1.0)",2,0.16959562127393682,0.33919124254787364,0.0,0.0,0.0,0.0
2025-01-31 17:00:00+00:00,102.6,102.925,101.17,101.59,75013.0,93.91651560641479,94.1776356540096,"rgba(239, 83, 80, 1.0)",2,0.17335444440852843,0.34670888881705686,0.0,0.0,0.0,0.0
2025-02-03 17:00:00+00:00,102.45,103.21,102.325,102.865,60901.0,93.98519988524968,94.231155524179,"rgba(239, 83, 80, 1.0)",2,0.1773749381341423,0.3547498762682846,0.0,0.0,0.0,0.0
2025-02-04 17:00:00+00:00,104.33,104.41,103.84,103.935,110273.0,94.1243197719802,94.35877193587923,"rgba(239, 83, 80, 1.0)",2,0.1814947679405514,0.3629895358811028,0.0,0.0,0.0,0.0
2025-02-05 17:00:00+00:00,104.915,105.84,104.735,105.1,100486.0,94.26224290011298,94.4946246095881,"rgba(239, 83, 80, 1.0)",2,0.18518282200840624,0.3703656440168125,0.0,0.0,0.0,0.0
2025-02-06 17:00:00+00:00,105.19,105.21,103.16,103.805,104902.0,94.38767872444362,94.60145819512502,"rgba(239, 83, 80, 1.0)",2,0.18856822946207327,0.37713645892414654,0.0,0.0,0.0,0.0
2025-02-07 17:00:00+00:00,103.51,104.165,102.64,103.025,93165.0,94.48762789692573,94.6779834664086,"rgba(239, 83, 80, 1.0)",2,0.1915814645728286,0.3831629291456572,0.0,0.0,0.0,0.0
2025-02-10 17:00:00+00:00,105.125,105.52,104.865,105.135,84899.0,94.59600873488469,94.77821816306553,"rgba(239, 83, 80, 1.0)",1,0.1843170892657787,0.1843170892657787,0.0,0.0,0.0,0.0
2025-02-11 17:00:00+00:00,106.285,106.65,105.67,105.785,202982.0,94.86683213841351,95.03653146369132,"rgba(239, 83, 80, 1.0)",1,0.1861381579311016,0.1861381579311016,0.0,0.0,0.0,0.0
2025-02-12 17:00:00+00:00,105.825,105.86,103.55,104.005,104405.0,94.98238890803711,95.1330298200896,"rgba(239, 83, 80, 1.0)",1,0.18978483900016357,0.18978483900016357,0.0,0.0,0.0,0.0
2025-02-13 17:00:00+00:00,104.545,105.35,104.545,105.06,74588.0,95.06763013265565,95.2069550197499,"rgba(239, 83, 80, 1.0)",0,,,0.0,0.0,0.0,0.0
2025-02-14 17:00:00+00:00,105.71,105.77,105.025,105.33,64501.0,95.14303387077165,95.27386033799765,"rgba(239, 83, 80, 1.0)",0,,,0.0,0.0,0.0,0.0
2025-02-17 17:00:00+00:00,105.33,105.33,105.33,105.33,0.0,95.14303387077165,95.27386033799765,"rgba(239, 83, 80, 1.0)",0,,,0.0,0.0,0.0,0.0
2025-02-18 17:00:00+00:00,105.58,107.02,105.56,106.395,165033.0,95.348487463601,95.46451922441275,"rgba(38, 166, 154, 1.0)",0,,,0.0,0.0,0.0,0.0
2025-02-19 17:00:00+00:00,108.91,108.91,107.16,107.45,77586.0,95.45546383953166,96.47871164674478,"rgba(38, 166, 154, 1.0)",0,,,0.0,0.0,0.0,0.0
2025-02-20 17:00:00+00:00,104.68,106.36,104.65,106.15,84315.0,95.550111638892,96.50269700375783,"rgba(38, 166, 154, 1.0)",0,,,0.0,0.0,0.0,0.0
2025-02-21 17:00:00+00:00,105.62,105.76,103.43,104.13,148239.0,95.69193276715863,96.55556245495197,"rgba(38, 166, 154, 1.0)",0,,,0.0,0.0,0.0,0.0
2025-02-24 17:00:00+00:00,104.07,104.39,103.75,103.94,100996.0,95.78154828557723,96.60154902419228,"rgba(38, 166, 154, 1.0)",0,,,0.0,0.0,0.0,0.0
2025-02-25 17:00:00+00:00,102.14,103.495,101.78,102.875,96425.0,95.85201683715847,96.62196512899867,"rgba(239, 83, 80, 1.0)",0,,,0.0,0.0,0.0,0.0
2025-02-26 17:00:00+00:00,103.615,103.955,102.21,102.45,119798.0,95.9395290294105,96.66120383064693,"rgba(239, 83, 80, 1.0)",0,,,0.0,0.0,0.0,0.0
2025-02-27 17:00:00+00:00,99.01,99.96,97.735,97.76,198628.0,95.99107880085764,96.57161302233283,"rgba(239, 83, 80, 1.0)",0,,,0.0,0.0,0.0,0.0
2025-02-28 17:00:00+00:00,97.565,99.04,96.92,98.88,128592.0,96.0207002250798,96.5282601931017,"rgba(239, 83, 80, 1.0)",0,,,0.0,0.0,0.0,0.0
2025-03-03 17:00:00+00:00,99.0,99.84,97.695,98.31,127280.0,96.05351079991755,96.50240928321873,"rgba(239, 83, 80, 1.0)",0,,,0.0,0.0,0.0,0.0
2025-03-04 17:00:00+00:00,99.07,101.64,98.96,100.735,184808.0,96.13269951515208,96.52947567359263,"rgba(239, 83, 80, 1.0)",0,,,0.0,0.0,0.0,0.0
2025-03-05 17:00:00+00:00,99.61,102.04,99.53,101.685,181864.0,96.2190461536672,96.57695702276774,"rgba(239, 83, 80, 1.0)",0,,,0.0,0.0,0.0,0.0
2025-03-06 17:00:00+00:00,98.52,98.82,96.135,96.23,217870.0,96.23628639052122,96.51088202684413,"rgba(239, 83, 80, 1.0)",0,,,0.0,0.0,0.0,0.0
2025-03-07 17:00:00+00:00,93.77,96.58,93.77,96.05,84417.0,96.23023311394175,96.66113241277213,"rgba(239, 83, 80, 1.0)",0,,,0.0,0.0,0.0,0.0
2025-03-10 17:00:00+00:00,98.41,99.42,97.695,99.11,103120.0,96.25413302481803,96.7481071769162,"rgba(239, 83, 80, 1.0)",0,,,0.0,0.0,0.0,0.0
2025-03-11 17:00:00+00:00,100.54,101.2,100.055,100.28,101849.0,96.29377758544838,96.8265235127599,"rgba(239, 83, 80, 1.0)",1,0.4006061537328031,0.4006061537328031,0.0,0.0,0.0,0.0
2025-03-12 17:00:00+00:00,100.745,101.47,100.68,100.805,129802.0,96.3487965761246,96.90123351795539,"rgba(239, 83, 80, 1.0)",1,0.4154279965835089,0.4154279965835089,0.0,0.0,0.0,0.0
2025-03-13 17:00:00+00:00,101.17,101.45,100.63,101.23,117113.0,96.39858027380205,96.95463595563533,"rgba(239, 83, 80, 1.0)",1,0.42814522141638844,0.42814522141638844,0.0,0.0,0.0,0.0
2025-03-14 17:00:00+00:00,102.54,103.2,102.33,102.625,128943.0,96.4706069882299,97.04497274613033,"rgba(239, 83, 80, 1.0)",1,0.44297735094549273,0.44297735094549273,0.0,0.0,0.0,0.0
2025-03-17 17:00:00+00:00,104.855,105.76,104.755,105.58,185242.0,96.61389117760386,97.24125285544812,"rgba(38, 166, 154, 1.0)",1,0.45647938867034366,0.45647938867034366,0.0,0.0,0.0,0.0
2025-03-18 17:00:00+00:00,107.15,107.655,106.79,106.96,106440.0,96.71038673354606,97.37231040994385,"rgba(38, 166, 154, 1.0)",1,0.46909587599779157,0.46909587599779157,0.0,0.0,0.0,0.0
2025-03-19 17:00:00+00:00,108.165,109.005,107.96,108.545,144786.0,96.85569997668685,97.56696612140942,"rgba(38, 166, 154, 1.0)",1,0.4738029386767424,0.4738029386767424,0.0,0.0,0.0,0.0
2025-03-20 17:00:00+00:00,108.59,109.61,108.59,109.255,175000.0,97.03614154154884,97.79820110623021,"rgba(38, 166, 154, 1.0)",1,0.4893688987272602,0.4893688987272602,0.0,0.0,0.0,0.0
2025-03-21 17:00:00+00:00,108.52,108.52,107.195,107.355,85627.0,97.11209477343351,97.88633587943688,"rgba(38, 166, 154, 1.0)",1,0.5155566624346012,0.5155566624346012,0.0,0.0,0.0,0.0
2025-03-24 17:00:00+00:00,108.805,109.4,108.425,109.06,189576.0,97.2962200170416,98.10375590470784,"rgba(38, 166, 154, 1.0)",1,0.5344940260347818,0.5344940260347818,0.0,0.0,0.0,0.0
2025-03-25 17:00:00+00:00,109.75,110.05,109.485,109.8,99214.0,97.39690645462684,98.22210122757524,"rgba(38, 166, 154, 1.0)",1,0.5515366610049471,0.5515366610049471,0.0,0.0,0.0,0.0
2025-03-26 17:00:00+00:00,110.145,110.605,109.4,109.92,83270.0,97.4814894280488,98.3203242701845,"rgba(38, 166, 154, 1.0)",1,0.5510322884155303,0.5510322884155303,0.0,0.0,0.0,0.0
2025-03-27 17:00:00+00:00,109.51,110.19,109.43,109.65,122697.0,97.60192622492228,98.4567056384198,"rgba(38, 166, 154, 1.0)",1,0.5525863094833766,0.5525863094833766,0.0,0.0,0.0,0.0
2025-03-28 17:00:00+00:00,110.33,111.17,109.87,110.93,78706.0,97.68357483842766,98.55018456306993,"rgba(38, 166, 154, 1.0)",1,0.5506460297883355,0.5506460297883355,0.0,0.0,0.0,0.0
2025-03-31 17:00:00+00:00,111.54,111.86,110.965,111.32,49677.0,97.73743617666985,98.61240987639476,"rgba(38, 166, 154, 1.0)",1,0.541476043927701,0.541476043927701,0.0,0.0,0.0,0.0
2025-04-01 17:00:00+00:00,112.32,112.76,111.64,112.72,103240.0,97.85606618754385,98.75096611285689,"rgba(38, 166, 154, 1.0)",1,0.5295650292453914,0.5295650292453914,0.0,0.0,0.0,0.0
2025-04-02 17:00:00+00:00,113.47,114.01,113.38,113.83,53557.0,97.92257500879677,99.81499960106945,"rgba(38, 166, 154, 1.0)",1,0.5153544653202495,0.5153544653202495,0.0,0.0,0.0,0.0
2025-04-03 17:00:00+00:00,111.14,111.58,110.46,110.68,89156.0,98.0124523877478,99.82107102277337,"rgba(38, 166, 154, 1.0)",1,0.5119640543621568,0.5119640543621568,0.0,0.0,0.0,0.0
2025-04-04 17:00:00+00:00,100.4,101.355,99.0,100.035,170002.0,98.04003787735982,99.47151110053714,"rgba(239, 83, 80, 1.0)",1,0.5177467516204239,0.5177467516204239,0.0,0.0,0.0,0.0
2025-04-07 17:00:00+00:00,101.99,103.1,99.54,100.035,116425.0,98.06525382684566,99.4015788743654,"rgba(239, 83, 80, 1.0)",1,0.5213164721640956,0.5213164721640956,0.0,0.0,0.0,0.0
2025-04-08 17:00:00+00:00,100.85,101.8,98.54,99.92,61061.0,98.07458520010715,99.3671491969138,"rgba(239, 83, 80, 1.0)",1,0.5261908736329388,0.5261908736329388,0.0,0.0,0.0,0.0
2025-04-09 17:00:00+00:00,96.82,104.08,96.345,103.79,139241.0,98.10927839391107,99.69459261453991,"rgba(239, 83, 80, 1.0)",1,0.5279922929503768,0.5279922929503768,0.0,0.0,0.0,0.0
2025-04-10 17:00:00+00:00,99.015,100.63,97.99,99.66,37764.0,98.11298985868122,99.65511951750287,"rgba(239, 83, 80, 1.0)",1,0.5272941070596607,0.5272941070596607,0.0,0.0,0.0,0.0
2025-04-11 17:00:00+00:00,102.715,104.04,102.57,103.4,95608.0,98.14998438232143,99.71707841638468,"rgba(239, 83, 80, 1.0)",1,0.5282703274499131,0.5282703274499131,0.0,0.0,0.0,0.0
2025-04-14 17:00:00+00:00,103.5,104.2,102.815,102.89,38764.0,98.16473462996778,99.73439778558546,"rgba(239, 83, 80, 1.0)",1,0.5298373138616158,0.5298373138616158,0.0,0.0,0.0,0.0
2025-04-15 17:00:00+00:00,104.195,104.7,104.1,104.165,49795.0,98.18729661792906,99.76862104914376,"rgba(239, 83, 80, 1.0)",1,0.530989641806427,0.530989641806427,0.0,0.0,0.0,0.0
2025-04-16 17:00:00+00:00,105.97,106.36,104.4,104.74,44056.0,98.20985161566956,99.80549524923968,"rgba(239, 83, 80, 1.0)",1,0.5320985375014323,0.5320985375014323,0.0,0.0,0.0,0.0
2025-04-17 17:00:00+00:00,107.065,107.23,106.105,106.5,61343.0,98.247488165383,99.87368309874391,"rgba(239, 83, 80, 1.0)",1,0.5318304484723512,0.5318304484723512,0.0,0.0,0.0,0.0
2025-04-18 17:00:00+00:00,106.5,106.5,106.5,106.5,0.0,98.247488165383,99.87368309874391,"rgba(239, 83, 80, 1.0)",1,0.5315810154680323,0.5315810154680323,0.0,0.0,0.0,0.0
2025-04-21 17:00:00+00:00,101.96,102.38,101.25,102.2,57407.0,98.2629170124511,99.86601626514349,"rgba(239, 83, 80, 1.0)",1,0.5346861506609293,0.5346861506609293,0.0,0.0,0.0,0.0
2025-04-22 17:00:00+00:00,103.59,103.67,102.085,103.0,54792.0,98.2813928242969,99.87263048611888,"rgba(239, 83, 80, 1.0)",1,0.5377770546947698,0.5377770546947698,0.0,0.0,0.0,0.0
2025-04-23 17:00:00+00:00,105.74,105.95,104.295,105.06,41826.0,98.30199259007695,99.89789483791478,"rgba(239, 83, 80, 1.0)",1,0.5408917582658903,0.5408917582658903,0.0,0.0,0.0,0.0
2025-04-24 17:00:00+00:00,104.76,105.22,104.325,104.36,52139.0,98.32574757382463,99.92256183098917,"rgba(239, 83, 80, 1.0)",1,0.5458403692138202,0.5458403692138202,0.0,0.0,0.0,0.0
2025-04-25 17:00:00+00:00,104.975,105.42,104.195,105.28,64240.0,98.35629005168715,99.95562288066445,"rgba(239, 83, 80, 1.0)",1,0.5510167204228548,0.5510167204228548,0.0,0.0,0.0,0.0
2025-04-28 17:00:00+00:00,106.58,107.335,106.4,107.105,89077.0,98.41073979321855,100.0321359521856,"rgba(239, 83, 80, 1.0)",1,0.5540428315277605,0.5540428315277605,0.0,0.0,0.0,0.0
2025-04-29 17:00:00+00:00,107.36,107.94,107.225,107.465,74760.0,98.45906539423086,100.09982629036949,"rgba(38, 166, 154, 1.0)",1,0.5568228196008015,0.5568228196008015,0.0,0.0,0.0,0.0
2025-04-30 17:00:00+00:00,104.18,104.445,103.16,103.89,83822.0,98.49075285439538,100.11673327421688,"rgba(38, 166, 154, 1.0)",1,0.5587477620568138,0.5587477620568138,0.0,0.0,0.0,0.0
2025-05-01 17:00:00+00:00,102.86,104.99,102.72,103.44,79735.0,98.51990874329351,100.13136298374083,"rgba(38, 166, 154, 1.0)",1,0.5606078137937167,0.5606078137937167,0.0,0.0,0.0,0.0
2025-05-02 17:00:00+00:00,105.21,106.15,105.12,105.87,72388.0,98.55616000758745,100.16827257176382,"rgba(38, 166, 154, 1.0)",1,0.5632162048223044,0.5632162048223044,0.0,0.0,0.0,0.0
2025-05-05 17:00:00+00:00,108.035,108.85,107.815,108.365,61452.0,98.5978527217575,100.22421042067069,"rgba(38, 166, 154, 1.0)",1,0.5661826894264052,0.5661826894264052,0.0,0.0,0.0,0.0
2025-05-06 17:00:00+00:00,107.9,109.36,107.86,108.53,47927.0,98.63091825968131,100.26819769909227,"rgba(38, 166, 154, 1.0)",1,0.5693500694688791,0.5693500694688791,0.0,0.0,0.0,0.0
2025-05-07 17:00:00+00:00,110.34,110.71,109.175,110.34,47710.0,98.66851822997515,100.3216673349896,"rgba(38, 166, 154, 1.0)",1,0.5756692134559415,0.5756692134559415,0.0,0.0,0.0,0.0
2025-05-08 17:00:00+00:00,109.46,109.71,108.755,108.845,100643.0,98.74034161329055,100.41535407824644,"rgba(38, 166, 154, 1.0)",1,0.5869882341135544,0.5869882341135544,0.0,0.0,0.0,0.0
2025-05-09 17:00:00+00:00,112.015,113.06,111.97,112.325,140410.0,98.87075568936523,100.60472006492962,"rgba(38, 166, 154, 1.0)",1,0.589325738038577,0.589325738038577,0.0,0.0,0.0,0.0
2025-05-12 17:00:00+00:00,110.755,111.2,110.22,110.95,89065.0,98.94223666073457,100.6977660009973,"rgba(38, 166, 154, 1.0)",1,0.5972866685452625,0.5972866685452625,0.0,0.0,0.0,0.0
2025-05-13 17:00:00+00:00,113.355,114.045,113.02,113.18,63379.0,99.00373764393709,100.78422759435847,"rgba(38, 166, 154, 1.0)",1,0.5909222542146426,0.5909222542146426,0.0,0.0,0.0,0.0
2025-05-14 17:00:00+00:00,112.355,113.58,112.34,113.315,78228.0,99.07717405413409,100.88414497394827,"rgba(38, 166, 154, 1.0)",1,0.5852209953061808,0.5852209953061808,0.0,0.0,0.0,0.0
2025-05-15 17:00:00+00:00,113.985,114.575,113.69,114.065,63742.0,99.14081507294317,100.97169422327062,"rgba(38, 166, 154, 1.0)",1,0.581795471090608,0.581795471090608,0.0,0.0,0.0,0.0
2025-05-16 17:00:00+00:00,114.34,114.41,113.91,114.0,43852.0,99.18427596343027,101.03058051528922,"rgba(38, 166, 154, 1.0)",1,0.5785417372126277,0.5785417372126277,0.0,0.0,0.0,0.0
2025-05-19 17:00:00+00:00,113.64,114.03,112.92,113.43,56259.0,99.23726462122478,101.10003327794188,"rgba(38, 166, 154, 1.0)",1,0.570386662463496,0.570386662463496,0.0,0.0,0.0,0.0
2025-05-20 17:00:00+00:00,115.21,115.9,114.83,114.87,73382.0,99.31417625738789,101.20431998974735,"rgba(38, 166, 154, 1.0)",1,0.5594411364281778,0.5594411364281778,0.0,0.0,0.0,0.0
2025-05-21 17:00:00+00:00,115.63,115.875,114.695,114.715,48330.0,99.36409523579823,101.27081383549539,"rgba(38, 166, 154, 1.0)",1,0.5502385111218683,0.5502385111218683,0.0,0.0,0.0,0.0
2025-05-22 17:00:00+00:00,114.84,115.23,114.34,114.34,56001.0,99.419870064151,101.34329408086894,"rgba(38, 166, 154, 1.0)",1,0.5410043492810256,0.5410043492810256,0.0,0.0,0.0,0.0
2025-05-23 17:00:00+00:00,115.07,116.15,115.07,115.95,46678.0,99.4693469579265,101.40872782639408,"rgba(38, 166, 154, 1.0)",1,0.5300664621641756,0.5300664621641756,0.0,0.0,0.0,0.0
2025-05-26 17:00:00+00:00,115.95,115.95,115.95,115.95,0.0,99.4693469579265,101.40872782639408,"rgba(38, 166, 154, 1.0)",1,0.5185081608704974,0.5185081608704974,0.0,0.0,0.0,0.0
2025-05-27 17:00:00+00:00,117.0,117.625,116.955,117.265,63159.0,99.54218971459234,101.5072584605027,"rgba(38, 166, 154, 1.0)",1,0.5038192517071154,0.5038192517071154,0.0,0.0,0.0,0.0
2025-05-28 17:00:00+00:00,116.135,116.255,115.1,115.375,85428.0,99.63039407779092,101.62018476174434,"rgba(38, 166, 154, 1.0)",1,0.494844763859259,0.494844763859259,0.0,0.0,0.0,0.0
2025-05-29 17:00:00+00:00,115.55,115.88,115.53,115.67,36783.0,99.66835001900338,101.66834987985746,"rgba(38, 166, 154, 1.0)",1,0.4860818354571991,0.4860818354571991,0.0,0.0,0.0,0.0
2025-05-30 17:00:00+00:00,115.61,116.28,115.53,116.15,49318.0,99.71988648747848,101.73371356199206,"rgba(38, 166, 154, 1.0)",1,0.47773912357403686,0.47773912357403686,0.0,0.0,0.0,0.0
2025-06-02 17:00:00+00:00,119.235,119.57,118.33,119.35,57518.0,99.79094622304679,102.96921184728822,"rgba(38, 166, 154, 1.0)",1,0.46351085538298714,0.46351085538298714,0.0,0.0,0.0,0.0
2025-06-03 17:00:00+00:00,119.085,119.1,117.995,118.225,60765.0,99.86296851905337,103.04346954045073,"rgba(38, 166, 154, 1.0)",1,0.4520887286543649,0.4520887286543649,0.0,0.0,0.0,0.0
2025-06-04 17:00:00+00:00,116.88,117.07,116.04,116.225,48709.0,99.91414391566907,103.07080739787091,"rgba(38, 166, 154, 1.0)",1,0.44474499213244906,0.44474499213244906,0.0,0.0,0.0,0.0
2025-06-05 17:00:00+00:00,115.865,116.41,115.43,115.55,32264.0,99.94654541196064,103.08998897381517,"rgba(38, 166, 154, 1.0)",1,0.43875974540810964,0.43875974540810964,0.0,0.0,0.0,0.0
2025-06-06 17:00:00+00:00,117.27,117.765,117.21,117.35,44862.0,99.99603259815623,103.1471941807279,"rgba(38, 166, 154, 1.0)",1,0.4305470079673742,0.4305470079673742,0.0,0.0,0.0,0.0
2025-06-09 17:00:00+00:00,115.97,115.98,114.87,114.95,74301.0,100.06723900423627,103.1993561183471,"rgba(38, 166, 154, 1.0)",1,0.42599301148246216,0.42599301148246216,0.0,0.0,0.0,0.0
2025-06-10 17:00:00+00:00,111.61,113.14,111.31,112.51,105931.0,100.14815730248658,103.99739056867827,"rgba(239, 83, 80, 1.0)",1,0.42388503849714876,0.42388503849714876,0.0,0.0,0.0,0.0
2025-06-11 17:00:00+00:00,112.625,112.915,111.81,112.27,81153.0,100.20948758724344,104.02515689253839,"rgba(239, 83, 80, 1.0)",1,0.4220195041358334,0.4220195041358334,0.0,0.0,0.0,0.0
2025-06-12 17:00:00+00:00,113.73,115.0,113.73,114.94,65895.0,100.26789197171665,104.10903893204413,"rgba(239, 83, 80, 1.0)",1,0.418005446791767,0.418005446791767,0.0,0.0,0.0,0.0
2025-06-13 17:00:00+00:00,116.12,116.595,115.74,116.45,51868.0,100.31897628783804,104.19642617561797,"rgba(239, 83, 80, 1.0)",1,0.41257991439210473,0.41257991439210473,0.0,0.0,0.0,0.0
2025-06-16 17:00:00+00:00,119.19,119.23,117.945,118.58,56432.0,100.38223203402501,104.32108046442379,"rgba(38, 166, 154, 1.0)",1,0.4069126396731573,0.4069126396731573,0.0,0.0,0.0,0.0
2025-06-17 17:00:00+00:00,119.04,119.935,118.84,119.59,54599.0,100.44592276708389,104.44188133399052,"rgba(38, 166, 154, 1.0)",1,0.4000672010504735,0.4000672010504735,0.0,0.0,0.0,0.0
2025-06-18 17:00:00+00:00,119.93,120.95,119.62,120.735,43935.0,100.49949204229013,104.5425453202256,"rgba(38, 166, 154, 1.0)",1,0.39202930871263236,0.39202930871263236,0.0,0.0,0.0,0.0
2025-06-19 17:00:00+00:00,120.735,120.735,120.735,120.735,0.0,100.49949204229013,104.5425453202256,"rgba(38, 166, 154, 1.0)",1,0.3847043883154644,0.3847043883154644,0.0,0.0,0.0,0.0
2025-06-20 17:00:00+00:00,122.49,122.65,121.505,122.11,51021.0,100.56647143420406,104.67248692370063,"rgba(38, 166, 154, 1.0)",1,0.3769751353252281,0.3769751353252281,0.0,0.0,0.0,0.0
2025-06-23 17:00:00+00:00,121.48,121.96,120.68,121.47,67900.0,100.65201359539161,104.82004001016199,"rgba(38, 166, 154, 1.0)",1,0.3701471301767464,0.3701471301767464,0.0,0.0,0.0,0.0
2025-06-24 17:00:00+00:00,122.43,123.265,122.22,122.5,63994.0,100.7369797761954,106.22530316488083,"rgba(38, 166, 154, 1.0)",1,0.36230132841402307,0.36230132841402307,0.0,0.0,0.0,0.0
2025-06-25 17:00:00+00:00,119.73,120.17,118.77,119.08,65537.0,100.81023693430133,106.23316696924238,"rgba(38, 166, 154, 1.0)",1,0.35820350896840786,0.35820350896840786,0.0,0.0,0.0,0.0
2025-06-26 17:00:00+00:00,118.24,118.74,117.98,118.645,67989.0,100.88202693345717,106.26931547183827,"rgba(38, 166, 154, 1.0)",1,0.35521128353934817,0.35521128353934817,0.0,0.0,0.0,0.0
2025-06-27 17:00:00+00:00,118.64,119.405,118.42,118.97,45004.0,100.9305067613633,106.31396504792819,"rgba(38, 166, 154, 1.0)",1,0.35255996758528124,0.35255996758528124,0.0,0.0,0.0,0.0
2025-06-30 17:00:00+00:00,118.415,118.425,116.37,116.955,49057.0,100.9781475999959,106.33568702200185,"rgba(239, 83, 80, 1.0)",1,0.35071671337351107,0.35071671337351107,0.0,0.0,0.0,0.0
2025-07-01 17:00:00+00:00,112.29,112.63,110.91,111.19,75911.0,101.0258087186603,106.24494564654461,"rgba(239, 83, 80, 1.0)",1,0.35099688785003064,0.35099688785003064,0.0,0.0,0.0,0.0
2025-07-02 17:00:00+00:00,109.855,110.75,109.55,110.315,79520.0,101.06884691603018,106.15426918744849,"rgba(239, 83, 80, 1.0)",1,0.35201357683837964,0.35201357683837964,0.0,0.0,0.0,0.0
2025-07-03 17:00:00+00:00,108.73,108.73,108.73,108.73,0.0,101.06884691603018,106.15426918744849,"rgba(239, 83, 80, 1.0)",1,0.3527007555941969,0.3527007555941969,0.0,0.0,0.0,0.0
2025-07-04 17:00:00+00:00,108.73,108.73,108.73,108.73,0.0,101.06884691603018,106.15426918744849,"rgba(239, 83, 80, 1.0)",1,0.35331392304701414,0.35331392304701414,0.0,0.0,0.0,0.0
2025-07-07 17:00:00+00:00,108.78,109.07,108.095,108.935,113359.0,101.11951404953116,106.02543260773776,"rgba(239, 83, 80, 1.0)",1,0.35394803467948943,0.35394803467948943,0.0,0.0,0.0,0.0
2025-07-08 17:00:00+00:00,107.155,108.345,105.69,106.4,96747.0,101.15158709548479,105.90398608141209,"rgba(239, 83, 80, 1.0)",1,0.35394921885659647,0.35394921885659647,0.0,0.0,0.0,0.0
2025-07-09 17:00:00+00:00,105.8,106.03,105.02,105.17,101569.0,101.17660975982943,105.77167193430441,"rgba(239, 83, 80, 1.0)",1,0.3533965925994866,0.3533965925994866,0.0,0.0,0.0,0.0
2025-07-10 17:00:00+00:00,104.14,105.22,103.9,105.12,46833.0,101.18626394868194,105.71223660227213,"rgba(239, 83, 80, 1.0)",1,0.3530937164164708,0.3530937164164708,0.0,0.0,0.0,0.0
2025-07-11 17:00:00+00:00,106.18,106.68,105.51,105.55,61459.0,101.20297976804876,105.6553714987364,"rgba(239, 83, 80, 1.0)",1,0.3536020384805653,0.3536020384805653,0.0,0.0,0.0,0.0
2025-07-14 17:00:00+00:00,108.99,109.86,108.79,109.52,90156.0,101.24522947399197,105.64168352482292,"rgba(239, 83, 80, 1.0)",1,0.35478107403429776,0.35478107403429776,0.0,0.0,0.0,0.0
2025-07-15 17:00:00+00:00,107.23,108.35,107.12,107.51,72591.0,101.27177346853908,105.61061917526861,"rgba(239, 83, 80, 1.0)",2,0.4707732024525997,0.9415464049051994,0.0,0.0,0.0,0.0
2025-07-16 17:00:00+00:00,108.665,108.915,107.625,108.34,76021.0,101.30206990993527,105.59076142446978,"rgba(239, 83, 80, 1.0)",2,0.473386790445608,0.946773580891216,0.0,0.0,0.0,0.0
2025-07-17 17:00:00+00:00,107.385,108.63,106.85,108.18,79935.0,101.331808796,105.56753192914194,"rgba(239, 83, 80, 1.0)",2,0.4811088605112741,0.9622177210225482,0.0,0.0,0.0,0.0
2025-07-18 17:00:00+00:00,109.23,109.61,108.04,108.56,80038.0,101.3651446762469,105.55876659671314,"rgba(239, 83, 80, 1.0)",2,0.4878725597110838,0.9757451194221676,0.0,0.0,0.0,0.0
2025-07-21 17:00:00+00:00,101.48,101.5,98.59,99.52,185183.0,101.34973182095044,105.29084259047559,"rgba(239, 83, 80, 1.0)",2,0.4894520365369637,0.9789040730739273,0.0,0.0,0.0,0.0
2025-07-22 17:00:00+00:00,99.975,100.67,99.465,99.59,103448.0,101.34147883415778,105.15881055835068,"rgba(239, 83, 80, 1.0)",3,0.6263620958232485,1.8790862874697456,0.0,0.0,0.0,0.0
2025-07-23 17:00:00+00:00,98.035,98.78,97.97,98.555,90558.0,101.3269835202223,105.03197840667065,"rgba(239, 83, 80, 1.0)",3,0.621781411977957,1.865344235933871,0.0,0.0,0.0,0.0
2025-07-24 17:00:00+00:00,99.92,100.195,98.98,99.605,61228.0,101.32115734934126,104.96082177428848,"rgba(239, 83, 80, 1.0)",3,0.6278818687379388,1.8836456062138165,0.0,0.0,0.0,0.0
2025-07-25 17:00:00+00:00,98.415,98.415,97.63,98.2,46995.0,101.31282281626811,104.89814865897385,"rgba(239, 83, 80, 1.0)",3,0.632143505069954,1.896430515209862,0.0,0.0,0.0,0.0
2025-07-28 17:00:00+00:00,97.135,98.16,96.985,98.135,67425.0,101.2997566779878,104.78326416878892,"rgba(239, 83, 80, 1.0)",2,0.7596898655325948,1.5193797310651895,0.0,0.0,0.0,0.0
2025-07-29 17:00:00+00:00,99.625,99.945,98.61,99.37,148606.0,101.28374463950016,104.681665802105,"rgba(239, 83, 80, 1.0)",2,0.7579857425765617,1.5159714851531234,0.0,0.0,0.0,0.0
2025-07-30 17:00:00+00:00,104.45,104.45,103.4,104.28,127882.0,101.30270758688475,104.73249520496014,"rgba(239, 83, 80, 1.0)",2,0.7627394854595316,1.5254789709190633,0.0,0.0,0.0,0.0
2025-07-31 17:00:00+00:00,103.905,104.79,103.45,104.79,99327.0,101.31885007837954,104.74292900361043,"rgba(38, 166, 154, 1.0)",2,0.7674014421074186,1.5348028842148371,0.0,0.0,0.0,0.0
2025-08-01 17:00:00+00:00,102.47,102.485,101.43,101.965,61111.0,101.32093746563204,104.71019525319741,"rgba(38, 166, 154, 1.0)",2,0.7664366051531442,1.5328732103062883,0.0,0.0,0.0,0.0
2025-08-04 17:00:00+00:00,100.5,101.315,99.98,101.21,76960.0,101.31895323341008,104.65202621734807,"rgba(38, 166, 154, 1.0)",3,0.6517366557113412,1.9552099671340235,0.0,0.0,0.0,0.0
2025-08-05 17:00:00+00:00,99.96,101.36,99.84,101.03,59089.0,101.31715423797836,104.60851512208274,"rgba(38, 166, 154, 1.0)",3,0.6462768519899192,1.9388305559697576,0.0,0.0,0.0,0.0
2025-08-06 17:00:00+00:00,101.525,101.77,100.89,101.68,50194.0,101.31749716319135,104.57962021830335,"rgba(38, 166, 154, 1.0)",3,0.6413870768999351,1.9241612306998053,0.0,0.0,0.0,0.0
2025-08-07 17:00:00+00:00,101.2,101.31,99.895,100.005,50144.0,101.3150854153325,104.54185093770562,"rgba(38, 166, 154, 1.0)",3,0.6344081834797342,1.9032245504392025,0.0,0.0,0.0,0.0
2025-08-08 17:00:00+00:00,98.82,99.19,98.39,99.125,43437.0,101.3095825355562,104.49848251094076,"rgba(38, 166, 154, 1.0)",3,0.6268183822285648,1.8804551466856942,0.0,0.0,0.0,0.0
2025-08-11 17:00:00+00:00,98.47,98.65,97.715,97.99,62789.0,101.29909887997692,104.42978449430373,"rgba(38, 166, 154, 1.0)",3,0.6176142424831262,1.8528427274493788,0.0,0.0,0.0,0.0
2025-08-12 17:00:00+00:00,96.63,96.78,95.75,95.9,68055.0,101.28080617054373,104.3364496193589,"rgba(239, 83, 80, 1.0)",3,0.605603932863208,1.8168117985896242,0.0,0.0,0.0,0.0
