date,Close,High,Low,Open,Volume,aVWAP_BoS_CHoCH_bull_57,aVWAP_BoS_CHoCH_bull_83,aVWAP_BoS_CHoCH_bull_133,aVWAP_BoS_CHoCH_bull_162,aVWAP_BoS_CHoCH_bear_19,aVWAP_BoS_CHoCH_bear_136,Peaks_Valleys_avg,color,StDev,StDev_Mean,StdDev_ZScore,MA_Cross_Count,MA_Avg_Deviation_Z,MA_Oscillation_Score,BoS,CHoCH,BoS_CHoCH_Price,BoS_CHoCH_Break_Index,QQEMOD,QQE1_Value,QQE1_Above_Upper,QQE1_Below_Lower,QQE2_Above_Threshold,QQE2_Below_Threshold,QQE2_Above_TL,banker_RSI
2021-12-31 00:00:00+00:00,57.4008252882,59.1474617423,55.9022906031,58.4130805059,994120,,,,,,,,#000000,,,,0,,,0.0,0.0,0.0,0.0,,,False,False,False,False,False,
2022-01-07 00:00:00+00:00,51.4116485832,57.8077121894,49.8883037212,57.7283196233,1004774,,,,,,,,"rgba(239, 83, 80, 0.5)",,,,0,,,0.0,0.0,0.0,0.0,0.0,,False,False,False,True,False,
2022-01-14 00:00:00+00:00,49.5012649615,54.2846670689,48.4294653192,50.4043554009,753440,,,,,,,,"rgba(239, 83, 80, 0.5)",,,,0,,,0.0,0.0,0.0,0.0,0.0,-50.0,False,False,False,True,True,
2022-01-21 00:00:00+00:00,44.3308240944,49.3524039001,44.181963033,48.4691616023,857802,,,,,,,,"rgba(239, 83, 80, 0.5)",,,,0,,,0.0,0.0,0.0,0.0,0.0,-50.0,False,False,False,True,True,
2022-01-28 00:00:00+00:00,42.762820914,45.2487013992,40.0567252986,42.6040357818,968154,,,,,,,,"rgba(239, 83, 80, 0.5)",,42.6894158706,,0,,,0.0,0.0,0.0,0.0,0.0,-50.0,False,False,False,True,True,
2022-02-04 00:00:00+00:00,45.7995865672,47.4072860307,43.1300115322,43.1300115322,838957,,,,,,,,"rgba(239, 83, 80, 0.5)",,43.968996093302316,,0,,,0.0,0.0,0.0,0.0,5.745144851436103,-44.56904275762681,False,False,False,True,True,
2022-02-11 00:00:00+00:00,46.5438918744,50.9948376112,45.392699666,46.1568531147,1221059,,,,,,,,"rgba(239, 83, 80, 0.5)",,45.45080333952128,,0,,,0.0,0.0,0.0,0.0,10.993698531483576,-39.84316006375411,False,False,False,True,True,
2022-02-18 00:00:00+00:00,44.1224186084,48.617923423,43.7850002025,46.22632161,1275877,,,,,,,,"rgba(239, 83, 80, 0.5)",,45.46789115138041,,0,,,0.0,0.0,0.0,0.0,13.717339968979283,-37.65556182561093,False,False,False,True,True,
2022-02-25 00:00:00+00:00,44.4002925898,44.4796851559,38.9916740244,43.3781133013,929241,,,,,,,,"rgba(239, 83, 80, 0.5)",,44.96289923796637,,0,,,0.0,0.0,0.0,0.0,16.07079116325332,-35.81977147748756,False,False,False,True,True,
2022-03-04 00:00:00+00:00,39.9543088883,46.0576124071,39.70630636,44.1720389623,571721,,,,,,,,"rgba(239, 83, 80, 0.5)",,44.66184025526625,,0,,,0.0,0.0,0.0,0.0,16.274692378879532,-35.81977147748756,False,False,False,True,True,
2022-03-11 00:00:00+00:00,37.6816966838,40.8375511862,36.7885303152,40.1726384451,745657,,,,,,,,"rgba(239, 83, 80, 0.5)",,43.953149490112416,,0,,,0.0,0.0,0.0,0.0,15.87250862579379,-35.81977147748756,False,False,False,True,True,
2022-03-18 00:00:00+00:00,43.6460632119,43.7536401389,35.3892363378,37.383974561,843256,,,,,,,,"rgba(239, 83, 80, 0.5)",,42.268987025641984,,0,,,0.0,0.0,0.0,0.0,21.498950780105808,-31.524655217832123,False,False,False,True,True,
2022-03-25 00:00:00+00:00,42.9811504708,44.8915340925,41.6414009179,43.0009986123,799531,,,,,,,,"rgba(239, 83, 80, 0.5)",,42.79317934594579,,0,,,0.0,0.0,0.0,0.0,25.231078637901497,-28.316260590988684,False,False,False,True,True,
2022-04-01 00:00:00+00:00,44.2812037406,46.3999928484,42.6015547641,43.0803911784,561986,,,,,,,,"rgba(239, 83, 80, 0.5)",,43.56092516977642,,0,,,0.0,0.0,0.0,0.0,28.94050670113043,-25.15524795446399,False,False,False,True,True,
2022-04-08 00:00:00+00:00,40.7978549031,45.8293587795,40.3413476481,44.6781665711,349538,,,,,,,,"rgba(239, 83, 80, 0.5)",,43.26108180723313,,0,,,0.0,0.0,0.0,0.0,30.08216110335129,-24.431912171941356,False,False,False,True,True,
2022-04-15 00:00:00+00:00,40.6390697709,42.2269210929,39.4581053502,39.9543088883,259450,,,,,,,,"rgba(239, 83, 80, 0.5)",,42.969233513851286,,0,,,0.0,0.0,0.0,0.0,30.83457766435295,-23.97038618989948,False,False,False,True,True,
2022-04-22 00:00:00+00:00,36.4312637678,41.0261085307,36.3915674847,40.2718791527,590377,,,,,,,,"rgba(239, 83, 80, 0.5)",,42.03782746679352,,0,,,0.0,0.0,0.0,0.0,29.878029251616585,-23.97038618989948,False,False,False,True,True,
2022-04-29 00:00:00+00:00,35.3197678424,37.8504058868,34.8731846581,36.004528725,328589,,,,,,,,"rgba(239, 83, 80, 0.5)",,41.51932727638286,,0,,,0.0,0.0,0.0,0.0,28.85490826123972,-23.97038618989948,False,False,False,True,True,
2022-05-06 00:00:00+00:00,31.8066467926,36.4610359801,30.9234044948,35.131210498,608889,,,,,,,,"rgba(239, 83, 80, 0.5)",,40.40030059561459,,0,,,0.0,0.0,0.0,0.0,27.163703650523765,-23.97038618989948,False,False,False,True,False,
2022-05-13 00:00:00+00:00,30.8241637872,31.0921136978,26.1102301752,30.7348471503,1584975,,,,,,,29.342169220066666,"rgba(239, 83, 80, 0.5)",,35.63311955633202,,0,,,-1.0,0.0,26.11023,44.0,25.713970813611546,-18.954527087135144,False,False,False,True,False,
2022-05-20 00:00:00+00:00,29.9309974186,30.9035563533,28.5813237949,30.5264416643,529706,,,,,,,29.458176878864922,"rgba(239, 83, 80, 0.5)",,35.24884566560704,,0,,,0.0,0.0,0.0,0.0,24.45954691143628,-20.159843275278554,False,False,False,True,False,
2022-05-27 00:00:00+00:00,31.4196080329,31.4394561744,27.6683092848,29.9905418432,914084,,,,,,,29.674753515297223,"rgba(239, 83, 80, 0.5)",,34.75884453638549,,0,,,0.0,0.0,0.0,0.0,24.874573228173418,-20.159843275278554,False,False,False,True,False,
2022-06-03 00:00:00+00:00,31.1516581223,32.4914076752,29.8813770648,31.4890765282,333771,,,,,,,29.82365207994505,"rgba(239, 83, 80, 0.5)",,34.658362944653604,,0,,,0.0,0.0,0.0,0.0,25.088672555589604,-20.159843275278554,False,False,False,True,False,
2022-06-10 00:00:00+00:00,29.6828956495,32.9776871426,29.4194115708,32.2433059062,495039,,,,,,,29.93525722250256,"rgba(239, 83, 80, 0.5)",,34.480428317550974,,0,,,0.0,0.0,0.0,0.0,24.792674745926952,-20.159843275278554,False,False,False,True,False,
2022-06-17 00:00:00+00:00,28.4026905212,29.3752494559,27.0282067207,28.1744368937,554736,,,,,,,29.725731952774616,"rgba(239, 83, 80, 0.5)",,31.49843035758351,,0,,,0.0,0.0,0.0,0.0,24.209027513100907,-20.811239896681535,False,False,False,True,False,
2022-06-24 00:00:00+00:00,33.0074593549,33.0372315671,29.03783105,29.2263883945,1015490,,,,,,,30.094008756780326,"rgba(239, 83, 80, 0.5)",,32.016754624155645,,0,,,0.0,0.0,0.0,0.0,27.603635141620487,-20.811239896681535,False,False,False,True,True,
2022-07-01 00:00:00+00:00,30.6356064427,33.1067000625,29.0179829085,32.9677630718,896375,,,,,,,30.211096639066145,"rgba(239, 83, 80, 0.5)",,31.959062959631197,,0,,,0.0,0.0,0.0,0.0,29.131144594454362,-20.811239896681535,False,False,False,True,True,
2022-07-08 00:00:00+00:00,32.9479149303,33.5135869637,29.9706937016,30.0302381262,435824,,,,,,,30.33571706650124,"rgba(239, 83, 80, 0.5)",,32.01905798445155,,0,,,0.0,0.0,0.0,0.0,31.818274177986275,-23.221459844200215,False,False,False,True,True,
2022-07-15 00:00:00+00:00,30.6256823719,32.3524706846,29.6928197203,32.3524706846,341644,,,,,,,30.362397961749053,"rgba(239, 83, 80, 0.5)",,31.98598449237027,,0,,,0.0,0.0,0.0,0.0,32.831810590648956,-22.237338834006643,False,False,False,True,True,
2022-07-22 00:00:00+00:00,31.6577857312,33.5532832468,30.7149990088,31.1318099808,553070,,,,,,,30.47893774361183,"rgba(239, 83, 80, 0.5)",,32.022241943973064,,0,,,0.0,0.0,0.0,0.0,34.25197334481408,-20.838156938215093,False,False,False,True,True,
2022-07-29 00:00:00+00:00,32.3425466138,32.4120151091,30.0897825508,31.5585450236,478078,,,,,,,30.545707172278334,"rgba(239, 83, 80, 0.5)",,32.02165704942206,,0,,,0.0,0.0,0.0,0.0,35.73018833318999,-19.377312016035926,False,False,False,True,True,
2022-08-05 00:00:00+00:00,35.6075658945,35.9377397288,31.5188487405,32.0547485617,342289,,,,,,,30.69954435079241,"rgba(239, 83, 80, 0.5)",,32.13734091368287,,0,,,0.0,0.0,0.0,0.0,38.822201443598246,-16.38788763657835,False,False,False,True,True,
2022-08-12 00:00:00+00:00,36.173237928,37.383974561,34.0792589972,35.6274140361,263904,,,,,35.87882382873334,,33.367387254738354,"rgba(239, 83, 80, 0.5)",,32.762095894056856,,0,,,0.0,0.0,0.0,0.0,41.35715194544393,-13.988704095558703,False,False,False,True,True,
2022-08-19 00:00:00+00:00,32.9677630718,36.3121749186,32.7395094443,35.796123239,280355,,,,,34.914356067392816,,32.93411856121512,"rgba(239, 83, 80, 0.5)",,32.58599585771213,,0,,,0.0,0.0,0.0,0.0,41.60268894438055,-13.777012479993203,False,False,False,True,True,
2022-08-26 00:00:00+00:00,32.6898890905,34.0494867849,31.7780654688,32.2234577646,369602,,,,,34.07505842877945,,32.551577123453434,"rgba(239, 83, 80, 0.5)",,32.41410189208035,,0,,,0.0,0.0,0.0,0.0,41.650757961424986,-13.673427274206055,False,False,False,True,True,
2022-09-02 00:00:00+00:00,30.6356064427,32.749433515,30.0699344093,32.1639133401,186116,,,,,33.5804193850226,,32.30545847794618,"rgba(239, 83, 80, 0.5)",,32.27973729404887,,0,,,0.0,0.0,0.0,0.0,40.76427526401752,-13.673427274206055,False,False,False,True,True,
2022-09-09 00:00:00+00:00,33.0471556379,33.1050129704,30.0302381262,30.7149990088,207533,,,,,33.33921992654435,,32.1957874597153,"rgba(239, 83, 80, 0.5)",,32.224635611309374,,0,,,0.0,0.0,0.0,0.0,41.68421235872074,-13.471964498322947,False,False,False,True,True,
2022-09-16 00:00:00+00:00,30.9730248486,33.7219924497,30.7646193626,33.2853333362,246536,,,,,33.098189569313405,,32.08470591728526,"rgba(239, 83, 80, 0.5)",,32.16510235953747,,0,,,0.0,0.0,0.0,0.0,41.394113739168034,-13.471964498322947,False,False,False,True,True,
2022-09-23 00:00:00+00:00,28.1446646814,31.042493344,27.7377777802,30.496669452,217387,,,,,32.59219670219377,,31.809472842012294,"rgba(239, 83, 80, 0.5)",,31.98793534500267,,0,,,0.0,0.0,0.0,0.0,40.034249142456616,-13.471964498322947,False,False,False,True,True,
2022-09-30 00:00:00+00:00,28.1843609645,29.4248698097,27.9362591954,28.0950443276,212871,,,,,32.15482310801678,,31.565227957582223,"rgba(239, 83, 80, 0.5)",,31.823543217622618,,0,,,0.0,0.0,0.0,0.0,39.08988344926893,-13.471964498322947,False,False,False,True,True,
2022-10-07 00:00:00+00:00,28.5416275119,30.8142397164,27.827094417,28.3629942382,221912,,,,,31.84362995618171,,31.389742278654893,"rgba(239, 83, 80, 0.5)",,31.700699966868576,,0,,,0.0,0.0,0.0,0.0,38.67130364086354,-13.471964498322947,False,False,False,True,False,
2022-10-14 00:00:00+00:00,26.3484078735,28.5317034411,26.0109894676,28.5317034411,158889,,,,,31.515793708158853,,31.196713416553223,"rgba(239, 83, 80, 0.5)",,31.562064140482235,,0,,,0.0,0.0,0.0,0.0,37.45644695289172,-13.471964498322947,False,False,False,True,False,
2022-10-21 00:00:00+00:00,27.8965629124,28.9286662716,26.8545354823,27.2514983128,252150,,,,,31.166793261771424,,30.988292882423515,"rgba(239, 83, 80, 0.5)",,31.406456016923958,,0,,,0.0,0.0,0.0,0.0,37.72295023088772,-13.471964498322947,False,False,False,True,False,
2022-10-28 00:00:00+00:00,28.0851202568,29.2561606068,26.4377245103,27.5690685772,434686,,,,,30.705256886789073,,30.703156855866638,"rgba(239, 83, 80, 0.5)",,31.182454663372248,,0,,,0.0,0.0,0.0,0.0,38.051274316637745,-13.471964498322947,False,False,False,True,False,
2022-11-04 00:00:00+00:00,25.8621284061,28.7678963253,25.326228585,27.7675499924,158253,,,,,30.505447560807024,,30.57583469405661,"rgba(239, 83, 80, 0.5)",,31.081020249963565,,0,,,0.0,0.0,0.0,0.0,37.285311230243906,-13.471964498322947,False,False,False,True,False,
2022-11-11 00:00:00+00:00,28.2934265021,28.4225386627,24.3288594734,26.1102301752,196598,,,,,30.3040186207702,,30.445078561384037,"rgba(239, 83, 80, 0.5)",,29.701034931628506,,0,,,0.0,0.0,0.0,0.0,38.50131979443633,-13.471964498322947,False,False,False,True,False,
2022-11-18 00:00:00+00:00,26.368256015,29.1767680407,26.1896227413,28.0454239738,256922,,,,,30.08949329738909,,30.302456449486492,"rgba(239, 83, 80, 0.5)",,29.633947345534168,,0,,,0.0,0.0,0.0,0.0,38.48049445240497,-13.471964498322947,False,False,False,True,False,
2022-11-25 00:00:00+00:00,26.2055012545,26.5170178357,25.2126972154,26.0903820336,224050,,,,,29.852573248866737,,30.142884608973542,"rgba(239, 83, 80, 0.5)",,29.426047115638887,,0,,,0.0,0.0,0.0,0.0,38.39159725120777,-13.471964498322947,False,False,False,True,False,
2022-12-02 00:00:00+00:00,27.8965629124,27.9858795492,25.7231914154,25.9712931845,260830,,,,,29.685918991434953,,30.026174781615246,"rgba(239, 83, 80, 0.5)",,29.372723885908904,,0,,,0.0,0.0,0.0,0.0,39.56140569175545,-13.471964498322947,False,False,False,True,False,
2022-12-09 00:00:00+00:00,26.2789393781,27.8171703463,25.6636469909,27.7278537094,180500,,,,,29.556693411613832,,29.93491982137723,"rgba(239, 83, 80, 0.5)",,29.29514542483077,,0,,,0.0,0.0,0.0,0.0,39.58643157698089,-13.471964498322947,False,False,False,True,False,0.0
2022-12-16 00:00:00+00:00,25.2416755021,28.0553480446,25.0384305329,26.1003061044,429376,,,,,29.245848368281766,,29.71133911982503,"rgba(239, 83, 80, 0.5)",,29.08327384448363,,0,,,0.0,0.0,0.0,0.0,39.10741420746572,-13.471964498322947,False,False,False,True,False,0.0
2022-12-23 00:00:00+00:00,24.1948845181,25.2071397358,23.9171097774,25.1773675235,334699,,,,,28.930011753402468,,29.482659740247495,"rgba(239, 83, 80, 0.5)",,28.82112474444385,,0,,,0.0,0.0,0.0,0.0,38.274811079162504,-13.471964498322947,False,False,False,True,False,0.0
2022-12-30 00:00:00+00:00,24.532302924,24.571999207,23.491267901,24.0460234566,255260,,,,,28.704195961254143,,29.31586185597105,"rgba(239, 83, 80, 0.5)",,28.639046112027298,,0,,,0.0,0.0,0.0,0.0,37.960792930064976,-13.471964498322947,False,False,False,True,False,0.0
2023-01-06 00:00:00+00:00,24.155188235,25.2516988135,23.4406551402,24.9987342498,425968,,,,,28.37801558347996,,27.473102564451764,"rgba(239, 83, 80, 0.5)",,27.017105942340372,,0,,,0.0,0.0,0.0,0.0,37.544199813016476,-13.471964498322947,False,False,False,True,False,0.0
2023-01-13 00:00:00+00:00,26.4873448641,26.5171170764,24.5124547825,24.5124547825,246270,,,,,28.274158285949216,,27.60635154380832,"rgba(239, 83, 80, 0.5)",,27.114108759220635,,0,,,0.0,0.0,0.0,0.0,39.189793579300705,-13.471964498322947,False,False,False,True,False,0.0
2023-01-20 00:00:00+00:00,26.7155984917,27.2713464543,25.6437988494,26.6262818548,100415,,,,,28.245768551659555,,27.66291716078932,"rgba(239, 83, 80, 0.5)",,27.16184873845153,,0,,,0.0,0.0,0.0,0.0,40.5451379839642,-12.343088354014583,False,False,False,True,True,0.0
2023-01-27 00:00:00+00:00,28.6309441488,28.8585030913,26.1003061044,26.8545354823,287311,,,,,28.22861893750637,,27.89772620850509,"rgba(239, 83, 80, 0.5)",,27.38290060707513,,0,,,0.0,0.0,0.0,0.0,42.96764556703134,-10.003755794807923,False,False,False,True,True,0.0
2023-02-03 00:00:00+00:00,29.454642022,31.0623414855,27.6881574264,28.1942850352,974444,,,,,28.383453061406385,,28.73666315967526,"rgba(239, 83, 80, 0.5)",,28.01907566045584,,0,,,1.0,0.0,31.062342,76.0,45.28284335240343,-7.832423119687803,False,False,False,True,True,0.0
2023-02-10 00:00:00+00:00,27.7675499924,29.7225919326,27.6087648603,29.077527333,197528,,,,,28.383006148473928,,28.707340747866386,"rgba(239, 83, 80, 0.5)",,28.011866720209113,,0,,,0.0,0.0,0.0,0.0,45.754881957166035,-7.447669812533398,False,False,False,True,True,0.0
2023-02-17 00:00:00+00:00,29.2561606068,31.0127211317,27.8808828806,27.9362591954,392311,,,,,28.432225328756765,,28.79425109211118,#000000,,28.152810622573853,,0,,,0.0,0.0,0.0,0.0,47.17025568568117,-6.126487269376156,False,False,False,False,True,0.0
2023-02-24 00:00:00+00:00,27.5988407895,29.0477551208,27.3805112327,28.7103367149,581108,,,,,28.403475611618905,,28.694289313371883,#000000,,28.092914111029607,,0,,,0.0,0.0,0.0,0.0,47.048311025368506,-6.126487269376156,False,False,False,False,True,0.0
2023-03-03 00:00:00+00:00,28.4721590166,28.5416275119,27.0066714871,27.99580362,470512,,,,,28.382794603774965,,28.64081300548426,#000000,,28.0673081267488,,0,,,0.0,0.0,0.0,0.0,47.60457542877219,-5.7188032680720084,True,False,False,False,True,0.0
2023-03-10 00:00:00+00:00,25.9415209722,28.7897292809,25.7132673447,28.5614756534,329187,,,,,28.327611894217053,,28.53762216849337,#000000,,27.97122993002454,,0,,,0.0,0.0,0.0,0.0,46.37750537490503,-5.7188032680720084,True,False,False,False,True,0.0
2023-03-17 00:00:00+00:00,27.0924154585,27.370587162,25.3808109742,25.5941784955,241913,26.614604531566663,,,,28.284424645861602,,28.463491703727467,#000000,,27.483705230335197,,0,,,0.0,0.0,0.0,0.0,46.36784694055726,-5.7188032680720084,True,False,False,False,True,0.0
2023-03-24 00:00:00+00:00,27.3606630912,28.1843609645,26.7553940154,26.9835484022,117727,26.882658395794916,,,,28.274110762174086,,28.44695204412858,#000000,,27.541169843678794,,0,,,0.0,0.0,0.0,0.0,46.56312884996532,-5.7188032680720084,True,False,False,False,True,0.0
2023-03-31 00:00:00+00:00,29.0477551208,29.0477551208,27.0430928268,27.5492204357,83177,27.163825676529548,,,,28.275005877500767,,28.449071937904236,#000000,,27.916256751384967,,0,,,0.0,0.0,0.0,0.0,47.93732438053125,-5.2583999541455455,True,False,False,False,True,0.0
2023-04-07 00:00:00+00:00,27.8361253214,28.9782866254,27.4003593742,28.7897292809,99438,27.33029037041549,,,,28.272961843570094,,28.446397654773435,#000000,,27.91558613299822,,0,,,0.0,0.0,0.0,0.0,48.051561608066045,-5.077356327068898,True,False,False,False,True,0.0
2023-04-14 00:00:00+00:00,28.1446646814,28.5515515827,27.4599037988,27.5591445064,95905,27.438757526357744,,,,28.27084132070946,,28.44358206260868,#000000,,27.928400424790826,,0,,,0.0,0.0,0.0,0.0,48.36736010291271,-4.678790070023439,True,False,False,False,True,0.0
2023-04-21 00:00:00+00:00,28.0293469792,28.8492737055,27.7774740632,28.2836016721,60947,27.506751477557145,,,,28.27052518687995,,28.4434576947503,#000000,,27.949090348014934,,0,,,0.0,0.0,0.0,0.0,48.50425742875113,-4.43841415230623,True,False,False,False,True,0.0
2023-04-28 00:00:00+00:00,27.5458462516,28.0156517615,26.8596959991,27.99580362,97544,27.50270840656183,,,,28.262867902823043,,28.431829631515843,#000000,,27.827736542112344,,0,,,0.0,0.0,0.0,0.0,48.21713125859068,-4.43841415230623,True,False,False,False,True,0.0
2023-05-05 00:00:00+00:00,27.7871004118,27.8767147708,26.8843076946,27.4996000819,96102,27.50414361312044,,,,28.255863226867024,,28.42140258841276,#000000,,27.80590688620023,,0,,,0.0,0.0,0.0,0.0,48.23000013394593,-4.43841415230623,True,False,False,False,True,0.0
2023-05-12 00:00:00+00:00,28.5270391279,29.3454772436,28.035499903,28.035499903,407072,27.858613831355658,,,,28.270388785013896,,28.44587849209632,#000000,,28.17302599488839,,0,,,0.0,0.0,0.0,0.0,48.91285882268483,-3.690430957098087,True,False,False,False,True,0.0
2023-05-19 00:00:00+00:00,29.3057809606,29.7722122864,28.448936691,28.5416275119,324656,28.12182498820176,,,,28.2971602623051,,28.486174102296985,#000000,,28.39394429426635,,0,,,0.0,0.0,0.0,0.0,50.09019659412409,-2.458343967184952,True,False,False,False,True,0.0
2023-05-26 00:00:00+00:00,28.8591977763,30.1493269754,28.1645128229,29.3057809606,212715,28.230180453193885,,,,28.31161638101164,,28.5068450556034,#000000,,28.471438769387305,,0,,,0.0,0.0,0.0,0.0,50.48937130507328,-1.999260806576281,True,False,False,False,True,0.0
2023-06-02 00:00:00+00:00,30.5522442483,30.8043156457,28.9088181301,29.2660846775,122022,28.345915867268594,,,,28.330781912895528,,28.534075854396598,#000000,7.227296711093033,28.574145411770917,0.27369830181358645,0,,,0.0,0.0,0.0,0.0,52.24218283182797,-0.2575538766759209,True,False,False,False,True,0.0
2023-06-09 00:00:00+00:00,30.8241637872,31.7570264388,30.2981880368,30.456973169,562356,28.928857058232925,,,,28.455281527567703,,28.704376992534744,#000000,6.61820705109603,29.098368917767615,0.26076471408469737,0,,,0.0,0.0,0.0,0.0,53.71596879410521,1.166190844893066,True,False,False,False,True,0.0
2023-06-16 00:00:00+00:00,32.3327217837,32.8088786989,31.042493344,31.042493344,418662,29.374896721771304,,,,28.578086510745113,,28.865364394978652,"rgba(38, 166, 154, 1.0)",6.224540928319838,29.503346700551514,0.45455160721582855,0,,,0.0,0.0,0.0,0.0,55.93887212013925,3.269056600823795,True,False,True,False,True,0.0
2023-06-23 00:00:00+00:00,30.8540352402,32.3312331731,30.5859860889,32.084520774,159275,29.47161698234978,,,,28.61235115890499,,28.90808098246798,"rgba(38, 166, 154, 1.0)",5.876291926640515,29.58652960992586,0.21569820664079487,0,,,0.0,0.0,0.0,0.0,55.91525964870675,3.269056600823795,True,False,True,False,True,0.0
2023-06-30 00:00:00+00:00,32.4577650753,32.749433515,30.6753027258,30.8440119287,515920,29.826826838694302,,,,28.745558083537627,,29.072116889995847,"rgba(38, 166, 154, 1.0)",5.688108626243421,29.90309537590656,0.4491246330294883,0,,,0.0,0.0,0.0,0.0,57.11307922115185,4.3293852041907215,True,False,True,False,True,0.0
2023-07-07 00:00:00+00:00,32.5112558167,33.0273074964,31.7173301558,32.749433515,581529,30.185946147196866,,,,28.903191196413008,,29.25975343397485,"rgba(38, 166, 154, 1.0)",5.535747796246666,30.227845215778927,0.4124845793136142,0,,,0.0,0.0,0.0,0.0,58.007757972249564,5.17085697102209,True,False,True,False,True,0.0
2023-07-14 00:00:00+00:00,34.6945513844,35.339615984,32.1453553277,32.4020910384,610436,30.677847545901816,,,,29.125479983547287,,29.52207841792371,"rgba(38, 166, 154, 1.0)",5.288285378953925,30.686722245014394,0.7578693001961997,0,,,0.0,0.0,0.0,0.0,60.12834837586476,7.179067567754842,True,False,True,False,True,0.0
2023-07-21 00:00:00+00:00,34.6212125015,36.1585503032,34.4780081604,34.5953106768,617231,31.179412211069643,,,,29.374427285184304,,29.80953189541639,"rgba(38, 166, 154, 1.0)",4.993258596924528,31.15960097093196,0.6932570111029556,0,,,0.0,0.0,0.0,0.0,61.55571025992474,8.488412321762631,True,False,True,False,True,0.0
2023-07-28 00:00:00+00:00,35.7861991683,35.8074366797,34.1388034217,34.7044754552,402978,31.460487964033216,,,,29.53023744047836,,29.985002864529427,"rgba(38, 166, 154, 1.0)",4.787783668239858,31.425646064498263,0.9107665270525509,0,,,0.0,0.0,0.0,0.0,63.30927627011003,10.103649855853497,True,False,True,False,True,0.0
2023-08-04 00:00:00+00:00,34.2678163416,36.421339697,34.128879351,35.9946046543,782969,31.872530445711124,,,,29.795531133582354,,31.207128064928646,"rgba(38, 166, 154, 1.0)",4.54050631882153,32.84008307236011,0.314443625663857,0,,,1.0,0.0,36.42134,102.0,62.75785390603777,10.103649855853497,True,False,True,False,True,0.0
2023-08-11 00:00:00+00:00,32.2135336939,34.4662977569,32.0547485617,34.4662977569,357478,31.925833476825737,,,,29.86377838193647,,31.133346458076357,"rgba(38, 166, 154, 0.75)",4.416902744506246,32.71212163340018,-0.11288180164716732,0,,,0.0,0.0,0.0,0.0,60.27529183372001,10.103649855853497,True,False,True,False,False,0.0
2023-08-18 00:00:00+00:00,30.6918759239,32.3623947553,30.1294788338,31.915811571,213864,31.900087796229485,,,,29.87926612646615,,31.038608074312247,"rgba(38, 166, 154, 0.75)",4.341556740871156,32.34784684051611,-0.38142330400220303,0,,,0.0,0.0,0.0,0.0,57.167915365985735,10.840799140823208,True,False,True,False,False,0.0
2023-08-25 00:00:00+00:00,30.913480424,31.7371782973,30.4073528152,30.8440119287,262631,31.869016407278973,,,,29.897090716644534,,30.95704113730897,"rgba(38, 166, 154, 0.75)",4.066620774875426,32.205699338665625,-0.31776233541353754,0,,,0.0,0.0,0.0,0.0,55.140587318644606,9.043905042766326,True,False,True,False,False,0.0
2023-09-01 00:00:00+00:00,32.7692816566,33.0273074964,30.9502987266,31.2409747592,364223,31.886738167788693,,,,29.94700291888485,,30.95280035357023,"rgba(38, 166, 154, 0.75)",3.8048382054077377,32.28725648845607,0.12668742851110856,0,,,0.0,0.0,0.0,0.0,55.21293701361684,9.043905042766326,True,False,True,False,False,0.0
2023-09-08 00:00:00+00:00,32.8148331414,33.056980468,32.0065175778,32.7891297981,274193,31.91181940214506,,,,29.98913263479138,,30.97169292337805,"rgba(38, 166, 154, 0.75)",3.451050858554334,32.34428572081625,0.136349025230206,0,,,0.0,0.0,0.0,0.0,55.30023927412187,9.043905042766326,True,False,True,False,False,0.0
2023-09-15 00:00:00+00:00,32.6898890905,33.8148817521,32.5126451867,32.8189020104,243676,31.94383449468698,,,,30.030709878368643,,31.002083227262766,"rgba(38, 166, 154, 0.75)",3.234397883927792,32.615863711855766,0.022886911660460776,0,,,0.0,0.0,0.0,0.0,55.23335493211793,9.043905042766326,True,False,True,False,False,0.0
2023-09-22 00:00:00+00:00,30.5959101597,32.8933325411,30.5827111455,32.6104965244,150051,31.93345221171663,,,,30.041874036314354,,30.988769073699093,#000000,2.989999368419425,32.41286591859666,-0.6076776396970069,0,,,0.0,0.0,0.0,0.0,53.177531430888315,7.2227752101882245,True,False,False,False,False,0.0
2023-09-29 00:00:00+00:00,31.7310253734,32.2532299769,30.2783398953,30.2783398953,382654,31.91131247816688,,,,30.07084682782798,,30.965844978988457,#000000,2.900143825725158,32.20759910903138,-0.16432762106624588,0,,,0.0,0.0,0.0,0.0,52.73367606841403,6.75790376919921,True,False,False,False,False,0.0
2023-10-06 00:00:00+00:00,31.1913544054,31.9297052701,30.0004659139,31.6180894482,187605,31.893254768906733,,,,30.08073319264803,,30.94970722442799,#000000,2.8339922068853944,32.114725640995474,-0.32581996286089854,0,,,0.0,0.0,0.0,0.0,51.91572267956137,5.905713213361835,True,False,False,False,False,0.0
2023-10-13 00:00:00+00:00,30.6852267965,32.332622543,30.6356064427,30.705074938,533897,31.85561578092607,,,,30.11279593353318,,30.924045547640798,#000000,2.8263621438205564,31.971932875479133,-0.4552516675162577,0,,,0.0,0.0,0.0,0.0,50.86127431336722,4.820373559130616,True,False,False,False,False,0.0
2023-10-20 00:00:00+00:00,30.125013002,31.7867986511,29.9607696309,30.8440119287,528796,31.791204890978374,,,,30.12669016304409,,30.878517234513208,#000000,2.824135769855597,31.788386658728378,-0.588985017817833,0,,,0.0,0.0,0.0,0.0,49.589187976324595,3.532342375526575,True,False,False,False,False,0.0
2023-10-27 00:00:00+00:00,29.03783105,31.3203673253,28.9882106962,29.8813770648,479534,31.700223621964348,29.782136357166667,,,30.118405146249305,,30.63929645449694,#000000,2.825476580251399,31.014911740832957,-0.6997335262488864,0,,,0.0,0.0,0.0,0.0,47.71763765054546,1.6893228975523726,False,False,False,False,False,0.0
2023-11-03 00:00:00+00:00,31.5684690943,31.707406085,29.0080588377,29.3851735267,160025,31.686245891146832,30.027137172522057,,,30.123522923730906,,30.674477727367137,#000000,2.8266872173079065,31.056955586673798,0.18095865170160533,0,,,0.0,0.0,0.0,0.0,48.87636753625536,1.6893228975523726,False,False,False,False,False,0.0
2023-11-10 00:00:00+00:00,31.3600636083,31.8066467926,30.6554545842,31.6875579435,197003,31.678827534691298,30.320775362863223,,,30.13468852789233,,30.724057735076496,#000000,2.828141697361593,31.128862875313285,0.08175005276517941,0,,,0.0,0.0,0.0,0.0,49.50656325223712,1.6893228975523726,False,False,False,False,False,0.0
2023-11-17 00:00:00+00:00,32.6700409489,33.2654851947,31.1020377685,31.2409747592,164154,31.68868276771012,30.652962380185663,,,30.1524257533494,,30.792147154125615,#000000,2.847480500176598,31.244013101783914,0.5008033758361639,0,,,0.0,0.0,0.0,0.0,51.10960060356801,1.6893228975523726,True,False,False,False,True,0.0
2023-11-24 00:00:00+00:00,33.0670037794,33.4040252225,32.567525298,32.6799650197,90659,31.69940034871671,30.848995074416603,,,30.165042130868613,,30.83579463335686,#000000,2.8666057537877396,31.320726542670812,0.6091794221865954,0,,,0.0,0.0,0.0,0.0,52.5891099461047,-1.4449104251951184,True,False,False,False,True,0.0
2023-12-01 00:00:00+00:00,34.7044754552,34.7143995259,32.8486742227,32.8486742227,148908,31.73075366295915,31.23801106007358,,,30.193266275350354,,30.928917041038954,"rgba(38, 166, 154, 1.0)",2.8979984656355593,31.489319618654278,1.1094401445242326,12,0.20187807368538915,2.42253688422467,0.0,0.0,0.0,0.0,54.936822072869276,0.8130706736068447,True,False,True,False,True,0.09580171511736424
2023-12-08 00:00:00+00:00,34.7342476675,34.8037161628,33.6525239544,34.5059940399,111204,31.756621818781106,31.497927151962617,,,30.21572420146107,,30.99506991485829,"rgba(38, 166, 154, 1.0)",2.949824639488661,31.610091413090025,1.059098975778958,12,0.21404335585006595,2.5685202702007914,0.0,0.0,0.0,0.0,56.63626242910109,2.4153061826868196,True,False,True,False,True,0.1374734760679388
2023-12-15 00:00:00+00:00,36.4312637678,36.8877710228,34.37698112,34.754095809,155902,31.81220864666394,31.95307503923846,,,30.25797318606116,,31.117221704946132,"rgba(38, 166, 154, 1.0)",3.0237407020355977,31.836402743787676,1.5195949245644764,12,0.22533019982170907,2.7039623978605087,0.0,0.0,0.0,0.0,59.07176283532239,4.709145140692499,True,False,True,False,True,2.4839625557781737
2023-12-22 00:00:00+00:00,37.488177304,37.6816966838,36.1980481049,36.2030101403,203734,31.903735342563788,32.56858677617019,,,30.324023520920235,,31.29393287422374,"rgba(38, 166, 154, 1.0)",3.1436842267406675,32.16539582885639,1.6931667086239766,12,0.23076846196937836,2.7692215436325403,0.0,0.0,0.0,0.0,61.48811469032813,6.95305910881612,True,False,True,False,True,3.9002440776904663
2023-12-29 00:00:00+00:00,37.423670844,38.2771409295,37.2946579241,37.6122281885,354286,32.07138892196309,33.442817170495196,,,30.444833449824916,,31.573506161805962,"rgba(38, 166, 154, 1.0)",3.250624115458156,33.940181858931666,1.0716369722672032,12,0.23490757720573116,2.818890926468774,0.0,0.0,0.0,0.0,63.128687574308685,8.442750649520988,True,False,True,False,True,3.8043915393911405
2024-01-05 00:00:00+00:00,34.8136402336,36.8976950936,34.4960699692,36.8976950936,393552,32.17569271796862,33.756455602873835,,,30.533834430961356,,31.712443013365114,"rgba(38, 166, 154, 1.0)",3.285066032380351,33.84215236568957,0.2957285662859228,12,0.2445267477231058,2.9343209726772694,0.0,0.0,0.0,0.0,61.20829623757355,8.442750649520988,True,False,True,False,True,0.04049829970524854
2024-01-12 00:00:00+00:00,34.9724253658,35.900325982,34.9228050119,34.9525772242,120672,32.205073062184496,33.82703209515106,,,30.559735980602273,,31.748703637365466,"rgba(38, 166, 154, 0.75)",3.2717923273909624,33.84956514752111,0.3431942207573713,13,0.2449380502062174,3.184194652680826,0.0,0.0,0.0,0.0,59.96592296513193,8.442750649520988,True,False,True,False,False,0.2620963560256335
2024-01-19 00:00:00+00:00,34.0891830679,34.7640198798,33.503662893,34.6052347476,185294,32.23261813120476,33.84659558259816,,,30.589405786166246,,31.77657319284873,"rgba(38, 166, 154, 0.75)",3.229081602241453,34.16527438996502,-0.023564384997951014,13,0.2546192729088391,3.3100505478149085,0.0,0.0,0.0,0.0,58.13170227282893,13.173878892326485,True,False,True,False,False,0.0
2024-01-26 00:00:00+00:00,34.3869051908,35.1014382857,34.128879351,34.3869051908,379856,32.29871841132057,33.9302395690028,,,30.655767754456765,,31.84776991768857,"rgba(38, 166, 154, 0.75)",3.2496839119254197,34.19760733583149,0.058251159220082525,13,0.2661200810723151,3.4595610539400963,0.0,0.0,0.0,0.0,57.09515116942124,12.194626538057157,True,False,True,False,False,0.0
2024-02-02 00:00:00+00:00,34.8037161628,35.3201648053,33.6029036006,34.545690323,348068,32.35698036598049,33.994550220707026,,,30.715201793752726,,31.908985621317672,"rgba(38, 166, 154, 0.75)",3.28053118866425,34.2087987270103,0.18134789812254126,13,0.27103951071175864,3.523513639252862,0.0,0.0,0.0,0.0,56.74465075148882,11.827484163904536,True,False,True,False,False,0.05321948012682043
2024-02-09 00:00:00+00:00,36.7488340322,36.8281273576,33.6326758129,34.6250828891,242404,32.416151637787415,34.107599177327344,,,30.767670709967923,,31.97637422143663,"rgba(38, 166, 154, 0.75)",3.3654674388411916,34.34343839642099,0.7147285420200773,13,0.27193961275577966,3.5352149658251357,0.0,0.0,0.0,0.0,58.13867625963448,11.827484163904536,True,False,True,False,False,2.803118171273102
2024-02-16 00:00:00+00:00,38.257292788,38.8108574551,35.7762750975,36.7389099614,563990,32.619636504713824,34.5676871592701,,,30.93018468530934,,32.2131308606507,"rgba(38, 166, 154, 1.0)",3.474598441570074,34.91497062985435,0.9619304832921489,13,0.28092469562317035,3.6520210431012146,0.0,0.0,0.0,0.0,60.20638592386217,11.827484163904536,True,False,True,False,True,4.840222887359619
2024-02-23 00:00:00+00:00,37.0167839428,37.9496465944,36.4808841216,37.9496465944,291486,32.70944896189877,34.731592891836726,,,31.00554591527996,,32.31172458508819,"rgba(38, 166, 154, 1.0)",3.5574937738859744,35.08102248445912,0.5441362884597203,14,0.27746806039919675,3.8845528455887544,0.0,0.0,0.0,0.0,60.201889930677325,11.827484163904536,True,False,True,False,True,2.99353347572816
2024-03-01 00:00:00+00:00,39.3787127841,39.396079908,37.254961641,37.254961641,347865,32.84738921115345,35.00947037004629,,,31.11490237968162,,32.46510183345468,"rgba(38, 166, 154, 1.0)",3.692359200317295,35.38716011720799,1.0810304334824756,14,0.28806714736198785,4.03294006306783,0.0,0.0,0.0,0.0,61.78266482450714,11.827484163904536,True,False,True,False,True,6.090196839927891
2024-03-08 00:00:00+00:00,40.0634736667,41.0756296438,38.2374446465,39.5474219871,174101,32.926818232074794,35.172334508300224,,,31.176374308179025,,32.55323730256719,"rgba(38, 166, 154, 1.0)",3.8385204468322294,35.56819754614935,1.1710960467230056,14,0.2895422793584322,4.05359191101805,0.0,0.0,0.0,0.0,63.317733270287434,8.35640028283187,True,False,True,False,True,6.95588036741395
2024-03-15 00:00:00+00:00,39.5474219871,41.0360326014,39.2199276519,40.3611957896,238744,33.035027508522994,35.3847873909321,,,31.26063693798694,,32.671674459005985,"rgba(38, 166, 154, 1.0)",3.9604346993896615,35.798350276435016,0.9466313663100545,14,0.29169769190405276,4.0837676866567385,0.0,0.0,0.0,0.0,63.792618064430656,8.901679135345518,True,False,True,False,True,6.17170894548968
2024-03-22 00:00:00+00:00,41.0558807429,42.0780600314,39.0115221659,39.8947644638,388222,33.223148955390414,35.74532523215628,,,31.40627366851523,,33.99532133272763,"rgba(38, 166, 154, 1.0)",4.092847813616865,37.716603468156386,0.8158811240510512,14,0.28417402472101505,3.9784363460942105,0.0,0.0,0.0,142.0,65.05349637996702,10.2239195397078,True,False,True,False,True,8.081523098429837
2024-03-29 00:00:00+00:00,41.2047418044,41.8101101209,40.5304011961,41.1451973798,273470,33.35814053793162,35.99256728813586,,,31.511206653449968,,34.14631412073793,"rgba(38, 166, 154, 1.0)",4.237254067705248,37.96864428826471,0.7637251541746347,14,0.2759823887734814,3.86375344282874,0.0,0.0,0.0,0.0,66.04174519369629,11.280565983822648,True,False,True,False,True,8.267980652777798
2024-04-05 00:00:00+00:00,39.84514411,41.2728209298,39.4481812795,41.2245899459,275134,33.47274804032973,36.17616366302751,,,31.60391922224681,,34.2178823301338,"rgba(38, 166, 154, 1.0)",4.333368844071871,38.051974516459154,0.41380497669704136,13,0.2823670892519996,3.6707721602759946,0.0,0.0,0.0,0.0,65.05933260076003,11.280565983822648,True,False,True,False,True,6.1604135102783
2024-04-12 00:00:00+00:00,38.7237241138,40.718462337,38.6245826469,40.2917272943,202170,33.544394331782954,36.27519929987904,,,31.664302271800178,,34.245738900276464,"rgba(38, 166, 154, 0.75)",4.363562395854356,38.056553608411896,0.1528958325477272,13,0.2775206606638925,3.607768588630603,0.0,0.0,0.0,0.0,63.09083583981814,11.280565983822648,True,False,True,False,False,4.467538293462042
2024-04-19 00:00:00+00:00,36.0442250081,38.9122814583,35.9846805835,38.9122814583,402672,33.625768312747454,36.31639447583011,,,31.74552184080975,,34.179030631337255,"rgba(38, 166, 154, 0.75)",4.375401662726868,37.972415867076556,-0.44068888015525776,13,0.2758611562621583,3.586195031408058,0.0,0.0,0.0,170.0,59.133928288549974,13.927558739727935,True,False,True,False,False,0.6217391194120765
2024-04-26 00:00:00+00:00,37.9794188067,37.9795180474,36.0442250081,36.2923267771,136636,33.655333597796485,36.33618103505831,,,31.774346208239944,,34.17669531404514,"rgba(38, 166, 154, 0.75)",4.388644318253389,37.94471476160515,0.007907691436853563,13,0.27231292233796983,3.5400679903936076,0.0,0.0,0.0,0.0,57.84710042859217,12.733440609392211,True,False,True,False,False,3.183085740137443
2024-05-03 00:00:00+00:00,38.2275205757,38.5153186278,36.5702007585,37.9694947359,97879,33.67870381297996,36.35588464867248,,,31.79641959099036,,34.18303736979221,"rgba(38, 166, 154, 0.5)",4.398072057319989,37.95050705188363,0.0629852172056421,13,0.2687224535948972,3.4933918967336637,0.0,0.0,0.0,0.0,57.11424587947917,12.035295864850738,False,False,True,False,False,3.505175015203779
2024-05-10 00:00:00+00:00,37.9595706652,39.1405350859,37.9595706652,38.5748630524,121268,33.71136036638235,36.389298517574844,,,31.826186371072538,,34.20157924134251,"rgba(38, 166, 154, 0.5)",4.423331152308802,37.99069820780103,-0.007037126891299259,13,0.26588983717161035,3.456567883230935,0.0,0.0,0.0,0.0,56.332390702454845,11.245881680923574,False,False,True,False,False,3.1190710400853945
2024-05-17 00:00:00+00:00,39.3588646426,39.676434907,38.1084317266,38.1977483635,91147,33.73923540479877,36.42231257915715,,,31.850744609136516,,34.22392598728307,"rgba(38, 166, 154, 0.5)",4.445486299407916,38.045750560375325,0.2953814259644806,13,0.2623334739690845,3.410335161598099,0.0,0.0,0.0,0.0,56.866987341284926,11.245881680923574,False,False,True,False,False,4.9548209248580655
2024-05-24 00:00:00+00:00,39.6863589778,40.182165553,38.7485342907,39.299320218,178641,33.79800896530528,36.49636436220825,,,31.90164710190611,,34.277673211455856,"rgba(38, 166, 154, 0.5)",4.446252066289714,38.16942169612305,0.341172128583972,12,0.223172544459419,2.678070533513028,0.0,0.0,0.0,0.0,57.4947824146267,11.245881680923574,False,False,True,False,False,5.379446406420509
2024-05-31 00:00:00+00:00,38.9321295998,40.2520310112,38.2076724342,39.7955237562,149732,33.8429217082925,36.547800177058285,,,31.941541901255125,,34.31429738003113,"rgba(38, 166, 154, 0.5)",4.397719761211953,38.58534981616992,0.078854452411608,12,0.22031273613370714,2.6437528336044855,0.0,0.0,0.0,0.0,57.12709560712673,11.245881680923574,False,False,True,False,False,4.250422942343743
2024-06-07 00:00:00+00:00,39.1306110151,39.9046885345,38.4210399556,39.3092442888,87863,33.8690318424244,36.57730180668826,,,31.964817301272948,,34.33571197805117,"rgba(38, 166, 154, 0.5)",4.352392966410664,38.61091672182216,0.11940426732800878,12,0.21742695074313426,2.609123408917611,0.0,0.0,0.0,0.0,57.03277554760583,11.245881680923574,False,False,True,False,False,4.516273235619195
2024-06-14 00:00:00+00:00,39.2771895402,40.2520310112,38.8775472107,38.9122814583,76605,33.89294038942333,36.605581648828554,,,31.985877232403574,,34.35687572169811,"rgba(38, 166, 154, 0.5)",4.290034164888335,38.65758849412116,0.144427998068162,12,0.2146490881230365,2.575789057476438,0.0,0.0,0.0,0.0,57.095406761130945,11.245881680923574,False,False,True,False,False,4.715294074049524
2024-06-21 00:00:00+00:00,39.2672635383,39.7635636336,38.7110103916,39.1481515155,78035,33.91612645565502,36.6316399325361,,,32.00657726431673,,34.37629145175792,"rgba(38, 166, 154, 0.5)",4.276182235084283,38.678075077207694,0.137783758666378,12,0.2119513632986001,2.543416359583201,0.0,0.0,0.0,0.0,57.12765329126597,11.232943588741662,False,False,True,False,False,4.699743567250255
2024-06-28 00:00:00+00:00,40.0117136813,40.7958678318,38.7610374412,39.197781525,188700,33.97768267785801,36.706763957191086,,,32.060317386033546,,34.43432267348275,"rgba(38, 166, 154, 0.5)",4.274878427820275,38.80270394798931,0.2828173370832344,12,0.20884484684845117,2.506138162181414,0.0,0.0,0.0,0.0,57.85748628129048,11.232943588741662,False,False,True,False,False,5.733835670734322
2024-07-05 00:00:00+00:00,40.6370518013,40.6966078127,39.4360055707,40.1010476984,48065,33.99421270351692,36.727704974687086,,,32.07458542942723,,34.450739854958506,"rgba(38, 166, 154, 0.5)",4.315321012570711,38.84056351454488,0.41630466922897935,11,0.21570920006997685,2.372801200769745,0.0,0.0,0.0,0.0,58.94849986185662,11.232943588741662,False,False,True,False,False,6.596288182877341
2024-07-12 00:00:00+00:00,41.4708359614,41.7785420204,40.349197746,40.666829807,83902,34.027173433545315,36.773284872222995,,,32.10222972623112,,34.48695293431286,"rgba(38, 166, 154, 1.0)",4.380277451532353,38.948754610504174,0.5757811871057447,11,0.21234323259555274,2.33577555855108,0.0,0.0,0.0,0.0,60.45035798820071,11.232943588741662,True,False,True,False,True,7.735779002235294
2024-07-19 00:00:00+00:00,40.9447578604,42.4278018051,40.5377917823,41.7289120109,239928,34.1211279203191,36.90158709633257,,,32.18125816149201,,34.58883312552324,"rgba(38, 166, 154, 1.0)",4.399127691733999,39.9648832252253,0.22274293992781707,11,0.20894383312613327,2.298382164387466,0.0,1.0,42.427803,142.0,60.73972100844186,11.232943588741662,True,False,True,False,True,6.857844785273631
2024-07-26 00:00:00+00:00,40.1506777079,41.5502439766,39.0985215059,41.1631299023,852780,34.390792044563916,37.20933323864396,,,32.420769641989516,,34.83747118311653,"rgba(38, 166, 154, 0.5)",4.420876449115002,39.92203930344291,0.05171789057865753,11,0.20630616304087576,2.2693677934496335,0.0,0.0,0.0,0.0,59.81192400177555,11.232943588741662,False,False,True,False,True,5.541479978826789
2024-08-02 00:00:00+00:00,36.7559850562,40.3889017537,36.2299069552,40.2697897308,603096,34.493153154269265,37.24470624633121,,,32.53097953429728,,34.880921678756394,"rgba(38, 166, 154, 0.5)",4.364302450049109,39.40225868590355,-0.6063451513709306,10,0.19216740491445777,1.9216740491445776,0.0,0.0,0.0,0.0,55.398436097608084,9.013716967144475,False,True,True,False,False,0.2618794984111439
2024-08-09 00:00:00+00:00,37.8180672601,37.9867100325,33.8079624903,34.0660385398,196690,34.5130268276126,37.23096823452404,36.53757992763334,,32.55761464017855,,35.08516534493074,#000000,4.330491092775485,38.512088057836294,-0.16026376290072988,9,0.19310756485468814,1.7379680836921931,0.0,-1.0,33.807964,170.0,53.37613270453697,7.136979049095096,False,True,False,False,False,1.7938852931241698
2024-08-16 00:00:00+00:00,40.041491687,40.041491687,37.6493252277,38.0364393021,85467,34.53292678304281,37.24782075942685,37.35740150242607,,32.57687391572808,,35.2016819454131,#000000,4.2651525193078985,38.718195028274344,0.3102577581306243,8,0.18703588691178152,1.4962870952942522,0.0,0.0,0.0,0.0,53.96251540211337,7.136979049095096,False,True,False,False,False,4.864967239918641
2024-08-23 00:00:00+00:00,41.8083200262,41.8083200262,39.9025276603,40.0315656851,69283,34.555490914193,37.27427826211613,38.10962089669084,,32.59689846881505,,35.315564145784364,"rgba(38, 166, 154, 0.5)",4.255489191479144,38.94439290871789,0.6729959796905641,8,0.18476485867837472,1.4781188694269978,0.0,0.0,0.0,0.0,55.71631135367314,7.136979049095096,False,True,True,False,True,7.172232248587928
2024-08-30 00:00:00+00:00,41.4609099595,42.2003971014,40.6767558089,41.9075800452,207214,34.62481681911848,37.35671581630196,39.34714681078797,,32.65812428486648,,35.53190208633157,"rgba(38, 166, 154, 0.5)",4.235799972211229,39.37107700308672,0.4933738538466253,8,0.18290780051290625,1.46326240410325,0.0,0.0,0.0,0.0,56.597989701498335,7.136979049095096,False,True,True,False,True,6.633401544350182
2024-09-06 00:00:00+00:00,39.3168935479,41.1631299023,39.0786695021,41.0043138718,318113,34.704339472830924,37.43021235896542,39.5306458669319,,32.73374228195715,,35.61510214807412,"rgba(38, 166, 154, 0.5)",4.208531945133244,39.44954993631981,-0.03152082249802452,8,0.1822051489947379,1.457641191957903,0.0,0.0,0.0,0.0,55.12748156325592,7.136979049095096,False,True,True,False,True,3.3961129919032302
2024-09-13 00:00:00+00:00,42.0652049555,42.1545575268,39.4459315726,39.7437116298,83491,34.73025508309216,37.45928858770541,39.67769419495403,,32.75709208935685,,35.65577760223891,"rgba(38, 166, 154, 0.5)",4.198256900618446,39.5195909886121,0.6063502132308539,8,0.1810369654708329,1.4482957237666632,0.0,0.0,0.0,0.0,56.10970507969303,7.136979049095096,False,True,True,False,True,6.927126362203563
2024-09-20 00:00:00+00:00,42.6112484468,43.4551338424,41.9460681937,42.0155646381,89249,34.76386360128344,37.50166156919345,39.932226277011594,,32.78615876136626,,35.71880237649369,"rgba(38, 166, 154, 0.5)",4.198786411190734,40.49400266697202,0.5042518414809162,8,0.1790767331363001,1.4326138650904008,0.0,0.0,0.0,0.0,57.16940589387747,3.0270262999922437,False,False,True,False,True,7.600958472342448
2024-09-27 00:00:00+00:00,42.7998816528,43.2962848267,42.4141763867,42.8098097163,165644,34.82678563493492,37.58097299670846,40.32816230072138,,32.84055475066747,,35.826678389971725,"rgba(38, 166, 154, 0.5)",4.191798009252614,40.70076761786471,0.5007669812099454,8,0.17713935173371953,1.4171148138697562,0.0,0.0,0.0,0.0,58.05345042141174,3.9083385318435617,False,False,True,False,True,7.835318431618571
2024-10-04 00:00:00+00:00,42.1247733363,42.7173794453,41.3503843851,42.5814642563,62111,34.847875792887585,37.605824862784196,40.4125817359353,,32.85923522444044,,35.855960079085406,"rgba(38, 166, 154, 0.5)",4.148245143974808,40.70776727736523,0.3415916875098208,8,0.17672160079632096,1.4137728063705677,0.0,0.0,0.0,0.0,57.98363576092271,3.9083385318435617,False,False,True,False,True,6.796608635797977
2024-10-11 00:00:00+00:00,43.3260690172,43.3626042908,41.7475069242,41.9758523842,63525,34.8715416729915,37.63517532554408,40.52626635671514,,32.879808816834235,,35.89188839866844,"rgba(38, 166, 154, 0.5)",4.127877964823668,40.771063336025286,0.6189634729872291,8,0.17476706566326444,1.3981365253061155,0.0,0.0,0.0,0.0,58.8023571788671,4.7802394077863966,False,False,True,False,True,8.314909393713894
2024-10-18 00:00:00+00:00,44.050817651,44.0855658732,43.0480832398,43.5047741598,56580,34.89492032283495,37.66561668026941,40.65591224981702,,32.89974521713803,,35.93023185923768,"rgba(38, 166, 154, 1.0)",4.134169608957409,40.869130009955484,0.7696074283335717,8,0.17336213274711101,1.3868970619768881,0.0,0.0,0.0,0.0,59.88497145886424,5.915598430905206,True,False,True,False,True,9.216440306844838
2024-10-25 00:00:00+00:00,44.0989687589,44.5333215361,43.2665006363,44.299019238,120825,34.94576856547648,37.73212932553421,40.919365888865286,,32.943005268810126,,36.0114244099142,"rgba(38, 166, 154, 1.0)",4.150347967086306,41.065464839457405,0.7309035154399894,8,0.17222402020360933,1.3777921616288746,0.0,0.0,0.0,0.0,60.69201972688293,6.78091539428101,True,False,True,False,True,9.276677425686135
2024-11-01 00:00:00+00:00,44.2493789206,45.2092240976,44.1898105397,44.4380121267,141265,35.008297913003666,37.81524530440041,41.22838674616681,,32.99581007066329,,36.10995970235851,"rgba(38, 166, 154, 1.0)",4.149642356290595,41.30268480674966,0.7101079709636517,8,0.17049194850404317,1.3639355880323454,0.0,0.0,0.0,0.0,61.379911856184364,7.53691139784096,True,False,True,False,True,9.467946789938104
2024-11-08 00:00:00+00:00,46.0761426005,46.1952793622,43.9614650797,44.2692350476,126230,35.068470459433485,37.89710318766864,41.52405251410491,,33.04607805625604,,36.20537128283353,"rgba(38, 166, 154, 1.0)",4.226765756462191,41.539575265351594,1.073295185145419,8,0.16854734366725124,1.34837874933801,0.0,0.0,0.0,0.0,63.13421514814466,9.307465139412976,True,False,True,False,True,11.74918756914812
2024-11-15 00:00:00+00:00,43.9912492702,47.0888050752,43.6774231836,46.4037686953,275644,35.191343078195864,38.05855395850087,41.97805081947328,,33.1501337606012,,36.37865233704023,"rgba(38, 166, 154, 1.0)",4.2453305860990715,42.93897575602848,0.24786609495549916,8,0.16856941568977094,1.3485553255181675,0.0,0.0,0.0,0.0,61.922468360370424,9.307465139412976,True,False,True,False,True,8.369325067765597
2024-11-22 00:00:00+00:00,45.7882287597,45.8974374579,43.5544144771,43.9118247623,392347,35.36384968740325,38.28105937834889,42.47406170948137,,33.29712000612532,,36.602072280739925,"rgba(38, 166, 154, 1.0)",4.326669110193202,43.25798415397712,0.5848019668899277,8,0.16838643548213006,1.3470914838570405,0.0,0.0,0.0,0.0,62.29645201279286,9.307465139412976,True,False,True,False,True,10.57686552924941
2024-11-29 00:00:00+00:00,45.7385884423,46.8305761442,45.7385884423,46.4236248222,93779,35.408440821416754,38.33985729585805,42.6076377518022,,33.334720508450374,,36.661022376189294,"rgba(38, 166, 154, 1.0)",4.371262108090622,43.37861948883575,0.5398827375499308,8,0.16828972154356192,1.3463177723484954,0.0,0.0,0.0,0.0,62.507326932054454,9.307465139412976,True,False,True,False,True,10.497019965552429
2024-12-06 00:00:00+00:00,46.6072939966,46.8405042077,45.3915033431,45.7485165057,109470,35.4608813985107,38.40892597964612,42.75893585249327,,33.37893915268036,,36.72956296063771,"rgba(38, 166, 154, 1.0)",4.458181059984832,43.51345793829052,0.6939682387686614,8,0.16815332757681167,1.3452266206144934,0.0,0.0,0.0,0.0,63.24058030272552,9.624331077860091,True,False,True,False,True,11.554104982348168
2024-12-13 00:00:00+00:00,45.991456219,47.64477663,45.3315378397,46.9498121866,198900,35.55525118709745,38.53205838926092,43.007133959591464,,33.458777433826974,,36.84931886240455,"rgba(38, 166, 154, 1.0)",4.520726969647044,44.87634044623067,0.2466673568778677,8,0.16734115374211495,1.3387292299369196,0.0,0.0,0.0,0.0,63.01662560220706,9.624331077860091,True,False,True,False,True,10.540036646479276
2024-12-20 00:00:00+00:00,44.2527427089,46.3404905368,42.9809979701,45.9815207133,311996,35.67584863450612,38.67483532838823,43.156601963520835,,33.564819015169064,,36.975001488589555,"rgba(38, 166, 154, 0.75)",4.56649981148753,44.92127758325812,-0.1463998471381392,8,0.1675158804782465,1.340127043825972,0.0,0.0,0.0,0.0,60.92125210138963,9.624331077860091,True,False,True,False,False,7.747057221364312
2024-12-27 00:00:00+00:00,44.5210013648,45.4301001429,43.7162253972,44.3222912493,132682,35.726334111024784,38.73382393978194,43.21284946536518,,33.60942766563829,,37.02651416531682,"rgba(38, 166, 154, 0.5)",4.612494188460632,44.87195158087684,-0.07608686357910943,7,0.17195150920093075,1.2036605644065153,0.0,0.0,0.0,0.0,59.64757296037031,9.624331077860091,False,False,True,False,False,8.090997075229033
2025-01-03 00:00:00+00:00,45.1966157573,45.2065512631,43.288998649,43.7659029261,83189,35.75772516641562,38.77026058581147,43.246069211531044,,33.637233206974244,,37.05823081637339,"rgba(38, 166, 154, 0.5)",4.6773644873020155,44.8490011940211,0.07431846806521011,7,0.17079329057473888,1.1955530340231721,0.0,0.0,0.0,0.0,59.302169909870415,12.755152847985144,False,False,True,False,False,8.958965941473242
2025-01-10 00:00:00+00:00,43.7857739376,46.2591187445,43.1300305567,46.0311982421,108602,35.79757588783896,38.81575295771614,43.28169373935344,,33.672751774588704,,37.09736495613877,"rgba(38, 166, 154, 0.5)",4.698727507490687,44.80681261763887,-0.21730110512072384,6,0.171721144124649,1.030326864747894,0.0,0.0,0.0,0.0,57.51672826666487,10.985620374701305,False,True,True,False,False,6.700580387801736
2025-01-17 00:00:00+00:00,45.6720297085,45.9417786902,42.5041930481,42.9611269586,71043,35.82439247117692,38.846771368875416,43.3100904268246,,33.696537617151556,,37.124431105514944,"rgba(38, 166, 154, 0.5)",4.719639047670774,44.81720575159339,0.18112062135948254,6,0.17068890857524344,1.0241334514514606,0.0,0.0,0.0,0.0,57.80564721605691,10.985620374701305,False,True,True,False,False,9.11822509616372
2025-01-24 00:00:00+00:00,46.2696503807,47.1489426415,45.3555838496,46.210037346,188294,35.90697790115685,38.948788990546134,43.45804860569526,,33.76790472904436,,37.218076684235136,"rgba(38, 166, 154, 0.5)",4.714545608283825,45.274502164898635,0.211080409117861,5,0.16557089791809382,0.8278544895904691,0.0,0.0,0.0,0.0,58.463227312039635,10.985620374701305,False,False,True,False,False,9.863639716795962
2025-01-31 00:00:00+00:00,46.6173930827,47.7653414196,42.9213849355,44.5508078821,239201,36.00514626379682,39.065985845882956,43.59650392773643,,33.85389420346852,,37.32302834986888,"rgba(38, 166, 154, 0.5)",4.712834624135465,45.35518744380676,0.2678230278714219,5,0.16475024486155715,0.8237512243077858,0.0,0.0,0.0,0.0,59.19724322295002,10.985620374701305,False,False,True,False,False,10.298304658570167
2025-02-07 00:00:00+00:00,46.776361175,47.9189443388,44.8589079161,44.9283571014,137214,36.064840695315105,39.13873567573523,43.69361518320544,,33.90573719512643,46.5180711433,38.40341182211552,"rgba(38, 166, 154, 0.5)",4.743712023281143,45.7726848582491,0.21158036403244238,5,0.16529791887788975,0.8264895943894488,0.0,1.0,47.918945,188.0,59.84657873749012,10.985620374701305,False,False,True,False,True,10.499085772263488
2025-02-14 00:00:00+00:00,46.3491344268,47.2234589348,45.0888155197,47.1439748886,155942,36.12995676434151,39.216443826996844,43.78559549494515,,33.96276503363565,46.35976438635401,38.447722643707735,"rgba(38, 166, 154, 0.5)",4.7589885577899675,45.79312268193314,0.1168340159080073,5,0.1656462309589774,0.8282311547948871,0.0,0.0,0.0,0.0,59.76022752870217,10.985620374701305,False,False,True,False,True,9.777628097755727
2025-02-21 00:00:00+00:00,43.8056449492,46.9055227501,43.6121012967,46.736619152,133191,36.177039256448126,39.26805032051135,43.81541155275401,,34.00535935021959,45.86450300356612,38.431741249439824,"rgba(38, 166, 154, 0.5)",4.724086783177298,45.599764249357506,-0.3797811899955882,5,0.1670953932069445,0.8354769660347225,0.0,0.0,0.0,0.0,56.86527321665561,10.136933422162912,False,True,True,False,False,5.6436787446720835
2025-02-28 00:00:00+00:00,41.853318065,43.855322478,40.9044772637,43.855322478,129255,36.20872978515512,39.2942724432184,43.769609777572406,,34.03658677494608,45.013011909177926,38.3530871125557,#000000,4.617452571786855,45.16185686859331,-0.7165290281071527,4,0.18364937132299275,0.734597485291971,0.0,0.0,0.0,0.0,53.08934759621282,6.549289330728534,False,True,False,False,False,2.6769846846674348
2025-03-07 00:00:00+00:00,39.0763442017,42.2358350372,37.6863669441,42.2358350372,182793,36.23424829906938,39.2989107908016,43.61100509537253,,34.0667467530445,43.68938015593206,38.19959956159224,#000000,4.525849569036605,44.366288016876176,-1.1688289092432687,3,0.21146460976169,0.6343938292850699,0.0,0.0,0.0,0.0,48.457840205451134,2.2611589564443904,False,True,False,False,False,0.0
2025-03-14 00:00:00+00:00,38.7508570326,38.8576637196,36.9898879895,38.102664636,181580,36.24855193911217,39.285456557658385,43.41091044319233,,34.08862403972097,42.60580944773363,38.05776730763395,"rgba(239, 83, 80, 1.0)",4.417313200175756,43.62158973219646,-1.10264599290869,3,0.21468729920161722,0.6440618976048517,0.0,0.0,0.0,0.0,44.94829564713429,-0.8529862110831559,False,True,False,True,False,0.0
2025-03-21 00:00:00+00:00,38.8902127989,39.7462553637,38.2133419337,38.7608110159,91309,36.25840294365598,39.28340451475089,43.329479527002476,,34.10153034000946,42.27572009119736,38.015153105051944,"rgba(239, 83, 80, 1.0)",4.28895593732488,43.362495512205314,-1.0427439168551536,3,0.21822588424319533,0.654677652729586,0.0,0.0,0.0,0.0,42.59992246282982,-2.835810049263273,False,True,False,True,False,0.0
2025-03-28 00:00:00+00:00,37.4966551353,40.6072749202,37.2377520294,39.6467155306,129520,36.26966681193635,39.276212703058995,43.20625390187876,,34.11783450109285,41.841056136361004,37.95512393292323,"rgba(239, 83, 80, 1.0)",4.144371276674071,43.00730765339789,-1.3296715352491966,3,0.22248124884926193,0.6674437465477858,0.0,0.0,0.0,0.0,40.028801217012365,-5.05776606332217,False,True,False,True,False,0.0
2025-04-04 00:00:00+00:00,33.0870405282,38.6115012662,32.3106298299,36.5908426539,161442,36.259469540465474,39.227352124846924,42.945884800970205,,34.120403385158646,40.952011959626105,37.80693000237088,"rgba(239, 83, 80, 1.0)",4.02454084543874,42.313769885896086,-2.292616651699114,3,0.2258378144970783,0.6775134434912349,0.0,0.0,0.0,0.0,36.041402586585214,-8.636546586827464,False,True,False,True,False,0.0
2025-04-11 00:00:00+00:00,35.5357204229,36.8098302868,31.0564279326,31.484449215,333902,36.236152831932394,39.12516975577541,42.44277182330773,34.4673262141,34.12371139542737,39.628629515126796,37.2515131364921,"rgba(239, 83, 80, 1.0)",3.9368866240044444,39.25685919912049,-0.9451983589091772,3,0.22953518879178866,0.688605566375366,0.0,0.0,0.0,0.0,35.67764274424357,-8.750722118844429,False,True,False,True,False,0.0
2025-04-18 00:00:00+00:00,35.7746160224,36.4456140374,35.0181132907,36.3818090044,40386,36.235382897867964,39.11641895870786,42.39505104627831,34.60530857447968,34.12558037243447,39.535103673471646,37.24835086960897,"rgba(239, 83, 80, 1.0)",3.8363646494090067,39.22129913270858,-0.8984242701849383,3,0.23284227794294754,0.6985268338288426,0.0,0.0,0.0,0.0,35.644177662663054,-8.750722118844429,False,True,False,True,False,0.0
2025-04-25 00:00:00+00:00,38.541823383,38.6214552495,33.9729450429,35.3764566899,109864,36.2388303174699,39.1019308915766,42.29331838338307,35.159017061479794,34.13470191118627,39.381986653995824,37.275340006137476,"rgba(239, 83, 80, 1.0)",3.740456470208224,39.229803851920316,-0.18392954827837282,3,0.23701646252948871,0.7110493875884661,0.0,0.0,0.0,0.0,38.03196075883416,-8.750722118844429,False,True,False,True,False,0.0
2025-05-02 00:00:00+00:00,39.8856111301,40.0846907963,37.5961949684,38.6911331327,129253,36.25352750231236,39.10264027385709,42.22538218444926,36.00815541020602,34.1532094780886,39.36895412357089,37.35793978067533,"rgba(239, 83, 80, 0.75)",3.645814850559205,39.39200478483106,0.13538985535517065,4,0.24545509947888516,0.9818203979155407,0.0,0.0,0.0,0.0,40.75837574268039,-8.750722118844429,False,True,False,True,True,0.4078376702134463
2025-05-09 00:00:00+00:00,40.6570448368,41.0402731943,38.8006269491,39.5670836641,73203,36.26453593941526,39.10753368036885,42.200171120496364,36.45144380033336,34.16565365353803,39.39829001587575,37.40828308291287,"rgba(239, 83, 80, 0.75)",3.5863322794045764,39.49847390999091,0.3230517521933122,4,0.2481853037084068,0.9927412148336272,0.0,0.0,0.0,0.0,43.27145973210219,-12.842776840871188,False,True,False,True,True,1.391054273928205
2025-05-16 00:00:00+00:00,43.8870128816,43.8870128816,41.7170445196,42.085441442,121500,36.29660573445462,39.13828020868064,42.219358786130186,37.46063802277998,34.19645695285455,39.61507644579438,37.55383716877692,#000000,3.5466308911932156,40.25917706858145,1.0228963555319437,4,0.24857626080257778,0.9943050432103111,0.0,0.0,0.0,0.0,47.1544830324501,-9.200019514097939,False,True,False,False,True,5.315392274343861
2025-05-23 00:00:00+00:00,42.7794331585,43.6780787719,41.8067299093,42.8319901904,45980,36.307946367111796,39.148624828875676,42.223363420938206,37.745647464011306,34.20752999420982,39.68202436061286,37.59672736802999,#000000,3.5234943142381336,40.327573884020026,0.6958601478572626,4,0.2508688872488425,1.00347554899537,0.0,0.0,0.0,0.0,49.107078250921774,-7.4388713803647235,False,True,False,False,True,3.8445763371701354
2025-05-30 00:00:00+00:00,42.5234167077,43.8672044548,41.8774031908,43.4989070723,37143,36.317080162971905,39.15694108739887,42.2265624874105,37.95445957418525,34.216455298823945,39.73407732432844,37.62900595720068,#000000,3.511329305588046,40.38602382885273,0.6087133085027812,4,0.2521972586798468,1.0087890347193873,0.0,0.0,0.0,0.0,50.31112313144473,-6.344968915509398,False,True,False,False,True,3.5054774986646287
2025-06-06 00:00:00+00:00,43.5401165632,43.7676646217,42.0457250486,42.4537388245,121131,36.348352184311175,39.18649768039254,42.24368432923023,38.57226711586441,34.24666133014599,39.911160441995364,37.73062808711448,#000000,3.505979471107129,40.62023465966837,0.8328291501973862,4,0.25312317034417997,1.0124926813767199,0.0,0.0,0.0,0.0,51.837529803634446,-4.882363956966927,False,True,False,False,True,4.730156518900671
2025-06-13 00:00:00+00:00,42.9350139177,44.1440247307,42.8552831583,43.7577106384,719656,36.53351976347654,39.361607117060366,42.353066035849025,40.54140059744851,34.42580217032343,40.71762685987997,38.14037464724602,#000000,3.445047902770117,41.48043243242703,0.4222238779621491,4,0.25315344040752324,1.012613761630093,0.0,0.0,0.0,0.0,52.436833246624616,-4.25968476801706,False,False,False,False,True,3.9092613488994736
2025-06-20 00:00:00+00:00,43.3237013696,44.1808070327,43.3137350246,43.4532638535,80299,36.55444345051475,39.38161717764486,42.36722651977877,40.67718853249024,34.446000797007024,40.792096373074614,38.17660835680467,#000000,3.3867132353606686,41.551808214239315,0.5231896036724788,4,0.25311139285340056,1.0124455714136023,0.0,0.0,0.0,0.0,53.13878036017723,-3.473595237757685,False,False,False,False,True,4.385804783529778
2025-06-27 00:00:00+00:00,44.649225244,45.017980006,42.2971678427,43.014744677,214282,36.61267063456704,39.43884961533537,42.414677949261595,41.02726960521236,34.50169937340318,40.99782877275122,38.27575763888964,"rgba(38, 166, 154, 0.5)",3.3155733266395413,41.75514471499069,0.8728748375903265,4,0.25188209941246126,1.007528397649845,0.0,0.0,0.0,0.0,54.55080136276646,-1.9710542272387102,False,False,True,False,True,5.995442708978729
2025-07-04 00:00:00+00:00,45.3169703537,45.3668020783,43.5329946129,44.9482155916,214254,36.675819754928646,39.50388260530186,42.48077604961258,41.38215073611095,34.56110083578575,41.224055661397465,38.3834046774456,"rgba(38, 166, 154, 0.5)",3.255733428085551,41.9888201650533,1.022242840871568,4,0.25103113662495835,1.0041245464998334,0.0,0.0,0.0,0.0,55.99938309789644,-0.43048343108360143,False,False,True,False,True,6.794635945203794
2025-07-11 00:00:00+00:00,43.9615474445,45.027946351,43.9615474445,44.9482155916,186654,36.72720239076872,39.55478874506422,42.52516919110634,41.60781596400618,34.610169181014115,41.37884151409277,38.46030592367443,"rgba(38, 166, 154, 0.5)",3.1813564836833117,42.13211691757466,0.5750473222061733,4,0.25257432739419894,1.0102973095767958,0.0,0.0,0.0,0.0,55.773770680200094,-0.43048343108360143,False,False,True,False,True,4.8784326166650445
2025-07-18 00:00:00+00:00,45.092727593,45.14754249,43.5828263375,44.1907733776,233270,36.79287674865256,39.62070655235026,42.586245431659904,41.870815332516315,34.67261832289851,41.568897322670615,38.555963382198954,"rgba(38, 166, 154, 0.5)",3.163126210979164,42.30931133785327,0.8799573806083139,4,0.2550633940200998,1.0202535760803992,0.0,0.0,0.0,0.0,56.40669776231356,0.3201605160180918,False,False,True,False,True,6.250009901109305
2025-07-25 00:00:00+00:00,46.2192235593,46.4131686315,44.6292925541,45.396701113,222263,36.86347159261324,39.69600582559823,42.67235611461321,42.17017466059853,34.73818070402294,41.791145006546095,38.66547605935057,"rgba(38, 166, 154, 1.0)",3.1867087813050254,42.53430188134891,1.1563408930144015,4,0.2568065771092969,1.0272263084371875,0.0,0.0,0.0,0.0,57.60414172301102,1.6886872162807478,True,False,True,False,True,7.589888664044327
2025-08-01 00:00:00+00:00,45.5481895558,46.7321913324,44.7887540729,46.5428307789,225552,36.93347395201287,39.76976260769472,42.75336029765584,42.425543846348226,34.80354183197793,41.99050156972045,38.7671618961708,"rgba(38, 166, 154, 1.0)",3.1733003358304095,42.72817884029376,0.8886680796219952,3,0.2118827370400158,0.6356482111200474,0.0,0.0,0.0,0.0,57.79944315009308,2.096722295716525,True,False,True,False,True,6.622960923862532
2025-08-08 00:00:00+00:00,48.9447199047,49.2138112176,46.2299872118,46.3833692602,326656,37.060614776588295,39.91613922849495,42.95456152278436,42.96793074174614,34.91773749747677,42.4137934340597,38.97442333080406,"rgba(38, 166, 154, 1.0)",3.269162110426845,43.17846022106019,1.7638341228930141,3,0.21013939792406064,0.6304181937721819,0.0,0.0,0.0,0.0,59.98069706748784,4.410668105436706,True,False,True,False,True,10.521881524117099
2025-08-15 00:00:00+00:00,50.041017846,50.4994697123,48.8350901106,49.0643160438,548060,37.298645234426516,40.19798419814363,43.35851717638163,43.9068293263943,35.12856151915154,43.17882634002724,39.35668628738913,"rgba(38, 166, 154, 1.0)",3.3965547884221223,45.58427176581489,1.3121372560739715,3,0.20778311524413842,0.6233493457324153,0.0,0.0,0.0,0.0,62.091130268755904,6.5943109236041195,True,False,True,False,True,11.71047397355947
2025-08-22 00:00:00+00:00,49.4330708058,50.3400081936,46.8717201613,50.0709168808,400845,37.45489914196482,40.375533369793025,43.58729125077772,44.36167472949004,35.26967119258732,43.58082560099867,39.575899893530625,"rgba(38, 166, 154, 1.0)",3.491760569864212,45.79509707387543,1.041873765149379,3,0.2080176971682924,0.6240530915048772,0.0,0.0,0.0,0.0,62.97949933089169,7.576036217860924,True,False,True,False,True,10.815322513577616
2025-08-29 00:00:00+00:00,49.6224313593,50.4297052979,48.6756285919,49.2636429422,758514,37.756609942582216,40.71824209696172,44.022570112392465,45.130746373500344,35.54214196639383,44.286399805047054,39.98049909387655,"rgba(38, 166, 154, 1.0)",3.5956580090776034,46.34186667668372,0.9123683827366679,2,0.22976191273200072,0.45952382546400145,0.0,0.0,0.0,0.0,63.719639103509714,8.431604573022653,True,False,True,False,True,11.025231666616229
2025-09-05 00:00:00+00:00,49.9313880519,50.414855444,47.8185229287,48.7154939716,395998,37.90582573316429,40.883629942802834,44.21873431974493,45.43514555437206,35.678460358309195,44.58172957056179,40.16473657061654,"rgba(38, 166, 154, 1.0)",3.7021184166846837,46.54695778926455,0.9141874682837046,2,0.2296643867733298,0.4593287735466596,0.0,0.0,0.0,0.0,64.42760631053267,9.271855371460425,True,False,True,False,True,11.371675247796897
2025-09-12 00:00:00+00:00,52.06,53.3996760842,50.4795370225,50.4795370225,999943,38.347422117407916,41.3935539993729,44.87464757618776,46.43600370431909,36.07388681702663,45.52519649970089,40.73932765235075,"rgba(38, 166, 154, 1.0)",3.8566831466433507,47.46091222553792,1.1924982166255693,2,0.2281986534738909,0.4563973069477818,0.0,0.0,0.0,0.0,66.07860617081721,11.01440440998563,True,False,True,False,True,13.705240530753656
2025-09-19 00:00:00+00:00,53.16,54.68,52.23,52.4,850066,38.737376990331065,41.843347106613415,45.443202686164426,47.23222509421272,36.42308369377344,46.29119900794535,41.229972813394205,"rgba(38, 166, 154, 1.0)",4.02259880693429,49.9657934046584,0.7940654160776157,2,0.22653907834613923,0.45307815669227847,0.0,0.0,0.0,0.0,67.7823877332393,12.77423091031627,True,False,True,False,True,14.868145372796317
2025-09-26 00:00:00+00:00,49.75,52.93,48.9,52.61,1351646,39.205083067691184,42.333179708518365,45.932823430630485,47.74169371477136,36.862082647851516,46.861257787647666,41.70859725162377,"rgba(38, 166, 154, 1.0)",4.028038409577663,49.72453251085767,0.0063225536980416885,2,0.23029749569111305,0.4605949913822261,0.0,0.0,0.0,0.0,65.50262627372811,12.77423091031627,True,False,True,False,True,9.780106622368251
2025-10-03 00:00:00+00:00,50.12,50.95,49.06,50.52,914566,39.48841297743613,42.61665084734014,46.18431802191302,47.9597181781767,37.13397118643209,47.1268581384982,41.97436312712101,"rgba(38, 166, 154, 0.75)",4.072534890041009,49.6685235215031,0.1108588362498606,1,0.27117292438428336,0.27117292438428336,0.0,0.0,0.0,0.0,64.09665239731275,12.77423091031627,True,False,True,False,False,10.186392842672866
2025-10-10 00:00:00+00:00,49.59,52.5,49.58,51.25,919191,39.77177379392193,42.8995940683533,46.437609996216906,48.1854675913958,37.40658843399271,47.392314806426114,42.24125881053491,"rgba(38, 166, 154, 0.75)",4.102619130687554,49.725511764223654,-0.03303054948728337,1,0.273628637902246,0.273628637902246,0.0,0.0,0.0,0.0,62.59274803406289,17.610579482543045,True,False,True,False,False,9.417733752760096
2025-10-17 00:00:00+00:00,48.12,50.71,47.51,50.49,404976,39.872247484736015,42.990489755124294,46.49590670102949,48.207397657377534,37.50745772930455,47.43807374438151,42.32018864382061,"rgba(38, 166, 154, 0.75)",4.095531751908301,49.65203539210314,-0.374074841780751,2,0.188140871285938,0.376281742571876,0.0,0.0,0.0,0.0,60.19053382709979,15.265077291524562,True,False,True,False,False,7.315596551167076
2025-10-24 00:00:00+00:00,49.72,50.0,47.2924,48.67,301473,39.947444680786596,43.05890044595629,46.54153120830452,48.22869048489616,37.58286301304737,47.475595260503724,42.38040270421256,"rgba(38, 166, 154, 0.75)",4.134702556244161,49.61338589444821,0.025785193517919407,2,0.18885081674408716,0.3777016334881743,0.0,0.0,0.0,0.0,59.578934860821605,14.651055539290681,True,False,True,False,False,9.137160373271257
2025-10-31 00:00:00+00:00,48.94,50.62,47.64,50.53,345338,40.032659971082836,43.13618139911181,46.5930725591666,48.25358196983528,37.66849981844993,47.51809624612819,42.44869269557503,"rgba(38, 166, 154, 0.75)",4.158653748607275,49.57702060587097,-0.15317952500477097,2,0.18910452968971525,0.3782090593794305,0.0,0.0,0.0,0.0,58.44210776573776,13.49529184487082,True,False,True,False,False,8.025642182866097
2025-11-07 00:00:00+00:00,47.92,50.08,47.135,50.0,177599,40.07257488374939,43.170632382955276,46.61161785971252,48.25545902213814,37.709415633902765,47.52975355108212,42.47797700756145,"rgba(38, 166, 154, 0.5)",4.152384498999945,49.545280305692586,-0.39140891362156244,2,0.19011353350223467,0.38022706700446934,0.0,0.0,0.0,0.0,56.74319315495043,11.795832291757833,False,False,True,False,False,6.587402315335886
