date,Open,High,Low,Close,Volume,aVWAP_BoS_CHoCH_bull_113,aVWAP_BoS_CHoCH_bull_257,Peaks_Valleys_avg,color,StDev,StDev_Mean,StdDev_ZScore,MA_Cross_Count,MA_Avg_Deviation_Z,MA_Oscillation_Score,BoS,CHoCH,BoS_CHoCH_Price,BoS_CHoCH_Break_Index,QQEMOD,QQE1_Value,QQE1_Above_Upper,QQE1_Below_Lower,QQE2_Above_Threshold,QQE2_Below_Threshold,QQE2_Above_TL,banker_RSI
2025-04-03 14:00:00+00:00,3.86,3.86,3.78,3.78,100.0,,,,"rgba(38, 166, 154, 1.0)",,,,0,,,0.0,0.0,0.0,0.0,,,False,False,False,False,False,
2025-04-03 15:00:00+00:00,3.78,3.78,3.75,3.77,300.0,,,,"rgba(38, 166, 154, 1.0)",,,,0,,,0.0,0.0,0.0,0.0,0.0,,False,False,False,True,False,
2025-04-03 16:00:00+00:00,3.77,3.78,3.75,3.76,900.0,,,,"rgba(239, 83, 80, 1.0)",,,,0,,,0.0,0.0,0.0,0.0,0.0,-50.0,False,False,False,True,True,
2025-04-03 17:00:00+00:00,3.76,3.815,3.76,3.815,408.0,,,,"rgba(38, 166, 154, 1.0)",,,,0,,,0.0,0.0,0.0,0.0,25.537403267411868,-27.01633705932932,False,False,False,True,True,
2025-04-03 18:00:00+00:00,3.815,3.82,3.815,3.815,108.0,,,,"rgba(239, 83, 80, 1.0)",,,,0,,,0.0,0.0,0.0,0.0,42.56233877901978,-13.22613929492691,False,False,False,False,True,
2025-04-03 19:00:00+00:00,3.815,3.82,3.77,3.79,514.0,,,,"rgba(239, 83, 80, 1.0)",,,,0,,,0.0,0.0,0.0,0.0,46.10011795459745,-11.88083107216066,False,False,False,False,True,
2025-04-04 14:00:00+00:00,3.715,3.715,3.54,3.545,431.0,,,,"rgba(239, 83, 80, 1.0)",,,,0,,,0.0,0.0,0.0,0.0,34.787049951475026,-5.016750772725629,False,False,False,True,False,
2025-04-04 15:00:00+00:00,3.545,3.58,3.545,3.575,203.0,,,,"rgba(38, 166, 154, 1.0)",,,,0,,,0.0,0.0,0.0,0.0,30.05721346558783,-8.263691421669698,False,False,False,True,False,
2025-04-04 16:00:00+00:00,3.575,3.6,3.55,3.57,308.0,,,,"rgba(239, 83, 80, 1.0)",,,,0,,,0.0,0.0,0.0,0.0,26.782531481223423,-10.729015676463753,False,False,False,True,False,
2025-04-04 17:00:00+00:00,3.57,3.595,3.565,3.575,718.0,,,,"rgba(239, 83, 80, 1.0)",,,,0,,,0.0,0.0,0.0,0.0,25.118241535867156,-12.208425794051884,False,False,False,True,False,
2025-04-04 18:00:00+00:00,3.575,3.615,3.57,3.58,634.0,,,,"rgba(239, 83, 80, 1.0)",,,,0,,,0.0,0.0,0.0,0.0,24.568717448499978,-13.091607689713975,False,False,False,True,False,
2025-04-04 19:00:00+00:00,3.58,3.63,3.56,3.61,1369.0,,,,"rgba(239, 83, 80, 1.0)",,,,0,,,0.0,0.0,0.0,0.0,27.432794682998708,-13.091607689713975,False,False,False,True,False,
2025-04-07 14:00:00+00:00,3.5,3.545,3.46,3.515,711.0,,,,"rgba(239, 83, 80, 1.0)",,,,0,,,0.0,0.0,0.0,0.0,25.905796399620208,-13.091607689713975,False,False,False,True,False,
2025-04-07 15:00:00+00:00,3.515,3.56,3.49,3.545,770.0,,,,"rgba(239, 83, 80, 1.0)",,,,0,,,0.0,0.0,0.0,0.0,27.44552073478888,-13.091607689713975,False,False,False,True,False,
2025-04-07 16:00:00+00:00,3.545,3.545,3.49,3.49,259.0,,,,"rgba(239, 83, 80, 1.0)",,,,0,,,0.0,0.0,0.0,0.0,26.740032310529802,-13.402852745773984,False,False,False,True,False,
2025-04-07 17:00:00+00:00,3.49,3.57,3.49,3.545,722.0,,,,"rgba(38, 166, 154, 1.0)",,,,0,,,0.0,0.0,0.0,0.0,30.270048602784726,-13.402852745773984,False,False,False,True,False,
2025-04-07 18:00:00+00:00,3.545,3.545,3.48,3.52,404.0,,,,"rgba(239, 83, 80, 1.0)",,,,0,,,0.0,0.0,0.0,0.0,31.678391447183,-13.402852745773984,False,False,False,True,True,
2025-04-07 19:00:00+00:00,3.52,3.52,3.45,3.45,1422.0,,,,"rgba(239, 83, 80, 1.0)",,,,0,,,0.0,0.0,0.0,0.0,30.397602194629787,-13.402852745773984,False,False,False,True,True,
2025-04-08 14:00:00+00:00,3.45,3.53,3.45,3.505,511.0,,,,"rgba(38, 166, 154, 1.0)",,,,0,,,0.0,0.0,0.0,0.0,33.05004697040516,-13.402852745773984,False,False,False,True,True,
2025-04-08 15:00:00+00:00,3.505,3.535,3.42,3.53,445.0,,,,"rgba(239, 83, 80, 1.0)",,,,0,,,0.0,0.0,0.0,0.0,36.24373884383173,-13.402852745773984,False,False,False,True,True,
2025-04-08 16:00:00+00:00,3.53,3.53,3.47,3.47,267.0,,,,"rgba(239, 83, 80, 1.0)",,,,0,,,0.0,0.0,0.0,0.0,36.13120759208069,-13.402852745773984,False,False,False,True,True,
2025-04-08 17:00:00+00:00,3.47,3.49,3.46,3.49,653.0,,,,"rgba(239, 83, 80, 1.0)",,,,0,,,0.0,0.0,0.0,0.0,37.24943481374062,-19.25753056276703,False,False,False,True,True,
2025-04-08 18:00:00+00:00,3.495,3.495,3.455,3.465,464.0,,,,"rgba(239, 83, 80, 1.0)",,,,0,,,0.0,0.0,0.0,0.0,37.03644191754031,-18.936920970361786,False,False,False,True,True,
2025-04-08 19:00:00+00:00,3.465,3.49,3.37,3.49,1096.0,,,3.4500000000000006,"rgba(239, 83, 80, 1.0)",,3.4500000000000006,,0,,,0.0,0.0,0.0,0.0,38.49442197112599,-17.044298813911034,False,False,False,True,True,
2025-04-09 14:00:00+00:00,3.425,3.43,3.38,3.38,1171.0,,,3.422451110130864,"rgba(239, 83, 80, 1.0)",,3.422451110130864,,0,,,0.0,0.0,0.0,0.0,35.703146911892524,-17.044298813911034,False,False,False,True,False,
2025-04-09 15:00:00+00:00,3.38,3.44,3.38,3.41,338.0,,,3.420835572616763,"rgba(239, 83, 80, 1.0)",,3.420835572616763,,0,,,0.0,0.0,0.0,0.0,35.64032749125457,-17.044298813911034,False,False,False,True,False,
2025-04-09 16:00:00+00:00,3.415,3.43,3.39,3.39,617.0,,,3.417483964411339,"rgba(239, 83, 80, 1.0)",,3.417483964411339,,0,,,0.0,0.0,0.0,0.0,34.95059679485249,-17.044298813911034,False,False,False,True,False,
2025-04-09 17:00:00+00:00,3.39,3.51,3.39,3.51,1054.0,,,3.4304287496102277,"rgba(38, 166, 154, 1.0)",,3.4304287496102277,,0,,,0.0,0.0,0.0,0.0,40.46386167700052,-14.295430146856901,False,False,False,True,True,
2025-04-09 18:00:00+00:00,3.51,3.58,3.51,3.565,1634.0,,,3.463948674562888,"rgba(38, 166, 154, 1.0)",,3.463948674562888,,0,,,0.0,0.0,0.0,0.0,46.11381841645836,-9.110408438432529,False,False,False,True,True,
2025-04-09 19:00:00+00:00,3.565,3.66,3.565,3.625,1376.0,,,3.554728474700339,"rgba(38, 166, 154, 1.0)",,3.554728474700339,,0,,,0.0,0.0,0.0,0.0,51.73050901405867,-4.143976246258035,False,False,True,False,True,
2025-04-10 14:00:00+00:00,3.625,3.625,3.49,3.57,460.0,,,3.549883625366835,"rgba(38, 166, 154, 1.0)",,3.549883625366835,,0,,,0.0,0.0,0.0,0.0,52.988381762149345,-3.1930767420362756,False,False,True,False,True,
2025-04-10 15:00:00+00:00,3.58,3.58,3.53,3.53,665.0,,,3.544377472805116,"rgba(38, 166, 154, 1.0)",,3.544377472805116,,0,,,0.0,0.0,0.0,0.0,52.19200713643713,-3.1930767420362756,False,False,True,False,True,
2025-04-10 16:00:00+00:00,3.53,3.53,3.47,3.47,2.0,,,3.544337058772866,"rgba(38, 166, 154, 1.0)",,3.544337058772866,,0,,,0.0,0.0,0.0,0.0,49.47231050900568,-3.1930767420362756,False,False,False,False,False,
2025-04-10 17:00:00+00:00,3.47,3.57,3.465,3.57,949.0,,,3.538803778345009,"rgba(38, 166, 154, 1.0)",,3.538803778345009,,0,,,0.0,0.0,0.0,0.0,51.310151364977386,-3.1930767420362756,False,False,False,False,False,
2025-04-10 18:00:00+00:00,3.57,3.575,3.535,3.565,286.0,,,3.539031315771553,"rgba(38, 166, 154, 1.0)",,3.539031315771553,,0,,,0.0,0.0,0.0,0.0,52.33580897451604,-3.1930767420362756,False,False,True,False,False,
2025-04-10 19:00:00+00:00,3.565,3.57,3.5,3.57,718.0,,,3.5383882369735087,"rgba(38, 166, 154, 1.0)",,3.5383882369735087,,0,,,0.0,0.0,0.0,0.0,53.20357149208421,-2.5737034296961454,False,False,True,False,True,
2025-04-11 14:00:00+00:00,3.57,3.57,3.485,3.485,198.0,,,3.5372672419027666,"rgba(38, 166, 154, 1.0)",,3.5372672419027666,,0,,,0.0,0.0,0.0,0.0,50.340327310146705,-2.5737034296961454,False,False,False,False,False,
2025-04-11 15:00:00+00:00,3.51,3.51,3.465,3.47,663.0,,,3.5312244711674543,"rgba(38, 166, 154, 1.0)",,3.5312244711674543,,0,,,0.0,0.0,0.0,0.0,47.896584637019686,-2.5737034296961454,False,False,False,True,False,
2025-04-11 16:00:00+00:00,3.48,3.51,3.48,3.49,178.0,,,3.5301133719666242,"rgba(38, 166, 154, 1.0)",,3.5301133719666242,,0,,,0.0,0.0,0.0,0.0,47.239920873644486,2.6541209039773435,False,False,False,True,False,
2025-04-11 17:00:00+00:00,3.49,3.56,3.49,3.56,58.0,,,3.530101875153594,"rgba(38, 166, 154, 1.0)",,3.530101875153594,,0,,,0.0,0.0,0.0,0.0,49.82584413880663,2.6541209039773435,False,False,False,False,True,
2025-04-11 18:00:00+00:00,3.56,3.6,3.55,3.55,314.0,,,3.5312592469086956,"rgba(38, 166, 154, 1.0)",,3.5312592469086956,,0,,,0.0,0.0,0.0,0.0,51.06851059569776,2.6541209039773435,False,False,False,False,True,
2025-04-11 19:00:00+00:00,3.55,3.59,3.49,3.52,762.0,,,3.530830709438626,"rgba(38, 166, 154, 1.0)",,3.530830709438626,,0,,,0.0,0.0,0.0,0.0,50.44400634597534,2.6541209039773435,True,False,False,False,True,
2025-04-14 14:00:00+00:00,3.52,3.555,3.52,3.555,105.0,,,3.5309049494991447,"rgba(38, 166, 154, 1.0)",,3.5309049494991447,,0,,,0.0,0.0,0.0,0.0,51.66217316308706,2.6541209039773435,True,False,False,False,True,
2025-04-14 15:00:00+00:00,3.555,3.6,3.555,3.585,179.0,,,3.531761381039077,"rgba(38, 166, 154, 1.0)",,3.531761381039077,,0,,,0.0,0.0,0.0,0.0,53.77704346278455,-0.8274012110949798,True,False,True,False,True,
2025-04-14 16:00:00+00:00,3.585,3.6,3.585,3.59,433.0,,,3.5342384637903654,"rgba(38, 166, 154, 1.0)",,3.5342384637903654,,0,,,0.0,0.0,0.0,0.0,55.40691466127327,0.9024215894434704,True,False,True,False,True,
2025-04-14 17:00:00+00:00,3.595,3.62,3.595,3.62,102.0,,,3.5350031807931646,"rgba(38, 166, 154, 1.0)",,3.5350031807931646,,0,,,0.0,0.0,0.0,0.0,57.814737500052736,3.313610892530008,True,False,True,False,True,
2025-04-14 18:00:00+00:00,3.62,3.67,3.62,3.655,371.0,,,3.53901699487146,"rgba(38, 166, 154, 1.0)",,3.53901699487146,,0,,,0.0,0.0,0.0,0.0,60.81251227973534,6.193807795701787,True,False,True,False,True,
2025-04-14 19:00:00+00:00,3.655,3.655,3.59,3.6,1475.0,,,3.548097047608234,"rgba(38, 166, 154, 1.0)",,3.548097047608234,,0,,,0.0,0.0,0.0,0.0,59.136118496756126,6.193807795701787,True,False,True,False,True,
2025-04-15 14:00:00+00:00,3.605,3.66,3.57,3.59,508.0,,,3.550363733588754,"rgba(38, 166, 154, 1.0)",,3.550363733588754,,0,,,0.0,0.0,0.0,0.0,57.4113742865401,6.193807795701787,True,False,True,False,False,
2025-04-15 15:00:00+00:00,3.59,3.66,3.58,3.58,631.0,,,3.5529343904342645,"rgba(38, 166, 154, 1.0)",,3.5529343904342645,,0,,,0.0,0.0,0.0,0.0,55.624217070852495,10.32888188036462,True,False,True,False,False,0.0
2025-04-15 16:00:00+00:00,3.58,3.62,3.58,3.61,468.0,,,3.5545695565186333,"rgba(38, 166, 154, 1.0)",,3.5545695565186333,,0,,,0.0,0.0,0.0,0.0,56.13997161257169,10.32888188036462,True,False,True,False,False,0.0
2025-04-15 17:00:00+00:00,3.61,3.65,3.6,3.635,712.0,,,3.5581295865990037,"rgba(38, 166, 154, 1.0)",,3.5581295865990037,,0,,,0.0,0.0,0.0,0.0,57.783233614232714,10.32888188036462,True,False,True,False,False,0.0
2025-04-15 18:00:00+00:00,3.635,3.645,3.615,3.62,580.0,,,3.560709272538797,"rgba(38, 166, 154, 1.0)",,3.560709272538797,,0,,,0.0,0.0,0.0,0.0,57.70044849125371,10.32888188036462,True,False,True,False,False,0.0
2025-04-15 19:00:00+00:00,3.62,3.67,3.6,3.6,749.0,,,3.563594225254209,"rgba(38, 166, 154, 1.0)",,3.563594225254209,,0,,,0.0,0.0,0.0,0.0,56.11314683102285,10.181737502169298,True,False,True,False,False,0.0
2025-04-16 14:00:00+00:00,3.66,3.73,3.66,3.73,334.0,,,3.566567515039731,"rgba(38, 166, 154, 1.0)",,3.566567515039731,,0,,,0.0,0.0,0.0,0.0,60.839715024674604,6.564952698187774,True,False,True,False,True,5.138931348252047
2025-04-16 15:00:00+00:00,3.73,3.755,3.73,3.74,503.0,,,3.571897790469805,"rgba(38, 166, 154, 1.0)",,3.571897790469805,,0,,,0.0,0.0,0.0,0.0,64.2969908477948,9.715541572637584,True,False,True,False,True,5.6567180004064745
2025-04-16 16:00:00+00:00,3.725,3.745,3.725,3.725,730.0,,,3.5786342152141466,"rgba(38, 166, 154, 1.0)",,3.5786342152141466,,0,,,0.0,0.0,0.0,0.0,65.42453631886669,10.717310820459517,True,False,True,False,True,4.751981129349389
2025-04-16 17:00:00+00:00,3.725,3.74,3.72,3.735,1746.0,,,3.5926025731345885,"rgba(38, 166, 154, 1.0)",,3.5926025731345885,,0,,,0.0,0.0,0.0,0.0,66.56261319612703,11.849372247050141,True,False,True,False,True,5.2839633259891094
2025-04-16 18:00:00+00:00,3.725,3.75,3.71,3.75,618.0,,,3.597100749175196,"rgba(38, 166, 154, 1.0)",,3.597100749175196,,0,,,0.0,0.0,0.0,0.0,67.91408917672243,13.250380379120458,True,False,True,False,True,6.082796055312862
2025-04-16 19:00:00+00:00,3.75,3.755,3.73,3.745,2907.0,,,3.6157845568477858,"rgba(38, 166, 154, 1.0)",,3.6157845568477858,,0,,,0.0,0.0,0.0,0.0,68.3218905783205,13.835650569406752,True,False,True,False,True,5.768010196774149
2025-04-17 14:00:00+00:00,3.745,3.84,3.745,3.835,487.0,,,3.6197999945905592,"rgba(38, 166, 154, 1.0)",,3.6197999945905592,,0,,,0.0,0.0,0.0,0.0,71.65827116217524,17.131422719993026,True,False,True,False,True,10.376151071521914
2025-04-17 15:00:00+00:00,3.835,3.87,3.83,3.87,740.0,,,3.6271512338930103,"rgba(38, 166, 154, 1.0)",,3.6271512338930103,,0,,,0.0,0.0,0.0,0.0,74.71532926775362,20.037859555409028,True,False,True,False,True,12.039138829952147
2025-04-17 16:00:00+00:00,3.87,3.9,3.86,3.9,934.0,,,3.636935454021237,"rgba(38, 166, 154, 1.0)",,3.636935454021237,,0,,,0.0,0.0,0.0,0.0,77.39274979400595,22.53823920462601,True,False,True,False,True,13.42502515507504
2025-04-17 17:00:00+00:00,3.9,3.91,3.895,3.9,1114.0,,,3.6483208531763616,"rgba(38, 166, 154, 1.0)",,3.6483208531763616,,0,,,0.0,0.0,0.0,0.0,79.1776968115075,24.225565782649966,True,False,True,False,True,13.42502515507504
2025-04-17 18:00:00+00:00,3.9,3.93,3.9,3.92,878.0,,,3.7436318549708107,"rgba(38, 166, 154, 1.0)",,3.7436318549708107,,0,,,0.0,0.0,0.0,0.0,80.81536491202513,25.835075233004474,True,False,True,False,True,14.351710082260933
2025-04-17 19:00:00+00:00,3.92,3.93,3.92,3.93,1962.0,,,3.8003058374057224,"rgba(38, 166, 154, 1.0)",,3.8003058374057224,,0,,,0.0,0.0,0.0,0.0,82.12962862838083,27.199102628781034,True,False,True,False,True,14.813844577610478
2025-04-18 14:00:00+00:00,3.93,3.93,3.93,3.93,0.0,,,3.8003058374057224,"rgba(38, 166, 154, 1.0)",,3.8003058374057224,,0,,,0.0,0.0,0.0,0.0,83.00580443928463,28.216730653407794,True,False,True,False,True,14.813844577610478
2025-04-18 15:00:00+00:00,3.93,3.93,3.93,3.93,0.0,,,3.8003058374057224,"rgba(38, 166, 154, 1.0)",,3.8003058374057224,,0,,,0.0,0.0,0.0,0.0,83.58992164655383,29.024528508167847,True,False,True,False,True,14.813844577610478
2025-04-18 16:00:00+00:00,3.93,3.93,3.93,3.93,0.0,,,3.8003058374057224,"rgba(38, 166, 154, 1.0)",,3.8003058374057224,,0,,,0.0,0.0,0.0,0.0,83.97933311806663,29.700770172458945,True,False,True,False,True,14.813844577610478
2025-04-18 17:00:00+00:00,3.93,3.93,3.93,3.93,0.0,,,3.8003058374057224,"rgba(38, 166, 154, 1.0)",,3.8003058374057224,,0,,,0.0,0.0,0.0,0.0,84.23894076574183,30.28913089656905,True,False,True,False,True,14.813844577610478
2025-04-18 18:00:00+00:00,3.93,3.93,3.93,3.93,0.0,,,3.8003058374057224,"rgba(38, 166, 154, 1.0)",,3.8003058374057224,,0,,,0.0,0.0,0.0,0.0,84.41201253085863,30.813289848859412,True,False,True,False,True,14.813844577610478
2025-04-18 19:00:00+00:00,3.93,3.93,3.93,3.93,0.0,,,3.8003058374057224,"rgba(38, 166, 154, 1.0)",,3.8003058374057224,,0,,,0.0,0.0,0.0,0.0,84.52739370760317,31.285777615000555,True,False,True,False,True,14.813844577610478
2025-04-21 14:00:00+00:00,3.86,3.86,3.805,3.81,1.0,,,3.8151147179452614,"rgba(239, 83, 80, 1.0)",,3.8151147179452614,,0,,,0.0,0.0,0.0,0.0,69.50336916237148,23.889174848579344,True,False,True,False,False,6.255294213849403
2025-04-21 15:00:00+00:00,3.785,3.83,3.785,3.82,39.0,,,3.8069758458567784,"rgba(239, 83, 80, 1.0)",,3.8069758458567784,,0,,,0.0,0.0,0.0,0.0,60.45037332942042,16.298327711382427,False,False,True,False,False,6.807859912469791
2025-04-21 16:00:00+00:00,3.82,3.83,3.815,3.815,346.0,,,3.8089859953965712,"rgba(239, 83, 80, 1.0)",0.1576031051050036,3.8089859953965712,0.03815917585774634,0,,,0.0,0.0,0.0,0.0,54.046086790470575,11.23632681633174,False,True,False,False,False,6.4737370219607016
2025-04-21 17:00:00+00:00,3.815,3.815,3.765,3.77,107.0,,,3.801610087021784,"rgba(239, 83, 80, 1.0)",0.15749268537283256,3.801610087021784,-0.20070828652742542,0,,,0.0,0.0,0.0,0.0,46.89988560843875,5.376198963564107,False,True,False,True,False,3.5282732869845788
2025-04-21 18:00:00+00:00,3.77,3.77,3.77,3.77,0.0,,,3.801610087021784,"rgba(239, 83, 80, 1.0)",0.15749268537283256,3.801610087021784,-0.20070828652742542,0,,,0.0,0.0,0.0,0.0,42.13575148708421,1.5725126508690934,False,True,False,True,False,3.5282732869845788
2025-04-21 19:00:00+00:00,3.77,3.82,3.77,3.77,1508.0,,,3.785237897468296,"rgba(239, 83, 80, 1.0)",0.1575945304762704,3.785237897468296,-0.09669052233123342,0,,,0.0,0.0,0.0,0.0,38.95966207284784,-1.0487516709529388,False,True,False,True,False,3.5282732869845788
2025-04-22 14:00:00+00:00,3.79,3.82,3.79,3.82,100.0,,,3.7856652175723013,"rgba(239, 83, 80, 1.0)",0.15766788563991793,3.7856652175723013,0.21776649244927598,0,,,0.0,0.0,0.0,0.0,42.429809669432515,-1.0487516709529388,False,True,False,True,False,6.453765257669861
2025-04-22 15:00:00+00:00,3.82,3.825,3.82,3.825,1289.0,,,3.7926316623130365,"rgba(239, 83, 80, 1.0)",0.15781654876172888,3.7926316623130365,0.20510103624071346,0,,,0.0,0.0,0.0,0.0,45.202632886484366,-1.0487516709529388,False,True,False,True,True,6.738874963523763
2025-04-22 16:00:00+00:00,3.825,3.85,3.79,3.85,770.0,,,3.7957478579987023,"rgba(38, 166, 154, 1.0)",0.15870321897085704,3.7957478579987023,0.3418465129636735,0,,,0.0,0.0,0.0,0.0,49.23113387983299,-11.14851280741157,False,True,False,False,True,8.157363717467657
2025-04-22 17:00:00+00:00,3.85,3.9,3.85,3.9,404.0,,,3.8007280755519974,"rgba(38, 166, 154, 1.0)",0.16088877586145742,3.8007280755519974,0.617022063325824,0,,,0.0,0.0,0.0,0.0,55.19191290853457,-5.385610498825756,False,True,True,False,True,10.876755998165201
2025-04-22 18:00:00+00:00,3.9,3.905,3.89,3.9,466.0,,,3.806664772734865,"rgba(38, 166, 154, 1.0)",0.16314593036479544,3.806664772734865,0.5720965705760276,0,,,0.0,0.0,0.0,0.0,59.165765594335625,-1.51268324618448,False,False,True,False,True,10.876755998165212
2025-04-22 19:00:00+00:00,3.9,3.925,3.9,3.905,1507.0,,,3.822735832711064,"rgba(38, 166, 154, 1.0)",0.1653198646795289,3.822735832711064,0.49760606475455504,0,,,0.0,0.0,0.0,0.0,62.125125970495695,1.5132867687581282,False,False,True,False,True,11.147242623245027
2025-04-23 14:00:00+00:00,3.88,3.88,3.875,3.875,138.0,,,3.823323498402891,"rgba(38, 166, 154, 1.0)",0.16683657105515423,3.823323498402891,0.30974324915863405,0,,,0.0,0.0,0.0,0.0,60.4612759828822,1.5132867687581282,False,False,True,False,True,8.978424141705922
2025-04-23 15:00:00+00:00,3.875,3.88,3.87,3.88,418.0,,,3.824987793794352,"rgba(38, 166, 154, 1.0)",0.1683636936317727,3.824987793794352,0.32674625401106144,0,,,0.0,0.0,0.0,0.0,59.76908456523647,1.5132867687581282,False,False,True,False,True,9.259895938396152
2025-04-23 16:00:00+00:00,3.88,3.91,3.875,3.9,664.0,,,3.828612966626439,"rgba(38, 166, 154, 1.0)",0.17031229926015137,3.828612966626439,0.4191537175158294,0,,,0.0,0.0,0.0,0.0,60.91802791071957,1.761555001798719,False,False,True,False,True,10.384296342019528
2025-04-23 17:00:00+00:00,3.9,3.94,3.9,3.93,1002.0,,,3.8358708609881664,"rgba(38, 166, 154, 1.0)",0.17185296459893126,3.8358708609881664,0.5477306675012059,0,,,0.0,0.0,0.0,0.0,63.692568301288844,5.021035876391366,False,False,True,False,True,12.032726967181425
2025-04-23 18:00:00+00:00,3.93,3.94,3.915,3.93,1278.0,,,3.8438160642799635,"rgba(38, 166, 154, 1.0)",0.1735600215518573,3.8438160642799635,0.4965655970161662,0,,,0.0,0.0,0.0,0.0,65.54226189500169,7.342983317503787,False,False,True,False,True,12.032726967181425
2025-04-23 19:00:00+00:00,3.93,3.93,3.9,3.92,1407.0,,,3.84957356325226,"rgba(38, 166, 154, 1.0)",0.1741860866797141,3.84957356325226,0.40431723388583374,0,,,0.0,0.0,0.0,0.0,65.28342802839771,7.688479669675054,False,False,True,False,True,11.268867811269619
2025-04-24 14:00:00+00:00,3.93,3.93,3.91,3.93,100.0,,,3.8499869706025223,"rgba(38, 166, 154, 1.0)",0.17554874069716492,3.8499869706025223,0.4557881137723826,0,,,0.0,0.0,0.0,0.0,65.90706990163278,8.940326629951684,True,False,True,False,True,11.8345651193234
2025-04-24 15:00:00+00:00,3.93,3.935,3.92,3.935,118.0,,,3.8505240584274927,"rgba(38, 166, 154, 1.0)",0.1765193504437436,3.8505240584274927,0.4785647656200146,0,,,0.0,0.0,0.0,0.0,66.72499538438183,10.357180550999665,True,False,True,False,True,12.119334660324398
2025-04-24 16:00:00+00:00,3.935,3.945,3.935,3.945,150.0,,,3.8513187513006013,"rgba(38, 166, 154, 1.0)",0.17630701109758012,3.8513187513006013,0.531352940057211,0,,,0.0,0.0,0.0,0.0,68.07537186108667,12.210546173880623,True,False,True,False,True,12.69260249721141
2025-04-24 17:00:00+00:00,3.945,3.95,3.94,3.945,207.0,,,3.860149711911428,"rgba(38, 166, 154, 1.0)",0.17683457939121677,3.860149711911428,0.47982859676361705,0,,,0.0,0.0,0.0,0.0,68.97562284555656,13.577278140944486,True,False,True,False,True,12.69260249721141
2025-04-24 18:00:00+00:00,3.945,3.95,3.945,3.95,84.0,,,3.867399363589638,"rgba(38, 166, 154, 1.0)",0.17763303604762143,3.867399363589638,0.46500717573851336,0,,,0.0,0.0,0.0,0.0,70.02468553918987,15.0359161822591,True,False,True,False,True,12.986937208802726
2025-04-24 19:00:00+00:00,3.95,3.95,3.93,3.935,1802.0,,,3.877341751173856,"rgba(38, 166, 154, 1.0)",0.1769785704948893,3.877341751173856,0.32579226210785306,0,,,0.0,0.0,0.0,0.0,67.48831700332794,15.0359161822591,True,False,True,False,False,11.732699329799352
2025-04-25 14:00:00+00:00,3.935,3.935,3.89,3.905,747.0,,,3.876770547204434,"rgba(38, 166, 154, 1.0)",0.17604660009612655,3.876770547204434,0.16035216119000248,0,,,0.0,0.0,0.0,0.0,60.96138820405928,16.0704322375084,False,False,True,False,False,9.28084582667022
2025-04-25 15:00:00+00:00,3.905,3.92,3.905,3.915,518.0,,,3.876992878581784,"rgba(38, 166, 154, 1.0)",0.174568889832345,3.876992878581784,0.2177199010357324,0,,,0.0,0.0,0.0,0.0,58.002313452634624,13.413025964512492,False,True,True,False,False,9.906739198227566
2025-04-25 16:00:00+00:00,3.915,3.925,3.915,3.925,206.0,,,3.8773046277730683,"rgba(38, 166, 154, 1.0)",0.17352186559001131,3.8773046277730683,0.274866640378474,0,,,0.0,0.0,0.0,0.0,57.351062308494726,12.803539260505872,False,True,True,False,False,10.533235033789143
2025-04-25 17:00:00+00:00,3.925,3.925,3.86,3.86,1167.0,,,3.8754004888615707,"rgba(239, 83, 80, 1.0)",0.1687998975278289,3.8754004888615707,-0.09123517897297234,0,,,0.0,0.0,0.0,0.0,49.87436301729731,5.88314006203305,False,True,False,True,False,5.400729448437996
2025-04-25 18:00:00+00:00,3.86,3.94,3.86,3.94,509.0,,,3.878955623240551,"rgba(239, 83, 80, 1.0)",0.1655293991470462,3.878955623240551,0.36878268799381525,8,0.23155211470991435,1.8524169176793148,0.0,0.0,0.0,0.0,52.32931693075567,5.88314006203305,False,True,False,False,True,10.278210634180013
2025-04-25 19:00:00+00:00,3.94,3.94,3.86,3.89,1100.0,,,3.8794833814047287,"rgba(239, 83, 80, 1.0)",0.16063214088308997,3.8794833814047287,0.06547020127762317,9,0.2432786100994614,2.1895074908951524,0.0,0.0,0.0,0.0,50.2590869013709,5.88314006203305,False,True,False,False,True,6.629881409269007
2025-04-28 14:00:00+00:00,3.88,3.915,3.87,3.91,329.0,,,3.879571538139236,"rgba(239, 83, 80, 1.0)",0.1587977919831977,3.879571538139236,0.1916176634495245,9,0.2418153960148942,2.176338564134048,0.0,0.0,0.0,0.0,50.32292323128921,5.88314006203305,False,True,False,False,True,7.803259742009807
2025-04-28 15:00:00+00:00,3.91,3.925,3.905,3.92,143.0,,,3.8799796390360193,"rgba(239, 83, 80, 1.0)",0.15798811108195276,3.8799796390360193,0.25331248465412054,9,0.2405563104141206,2.1650067937270854,0.0,0.0,0.0,0.0,51.080103824501265,5.88314006203305,False,True,False,False,True,8.38654049880946
2025-04-28 16:00:00+00:00,3.92,3.925,3.91,3.91,120.0,,,3.8802691725275205,"rgba(239, 83, 80, 1.0)",0.1578417784587694,3.8802691725275205,0.1883584166548517,9,0.23947679555687035,2.155291160011833,0.0,0.0,0.0,0.0,50.77114289291387,5.88314006203305,False,True,False,False,True,7.65444191769226
2025-04-28 17:00:00+00:00,3.915,3.93,3.91,3.92,1004.0,,,3.8827136441416057,"rgba(239, 83, 80, 1.0)",0.15685785727016552,3.8827136441416057,0.23770792555309328,9,0.23810571475202014,2.1429514327681813,0.0,0.0,0.0,0.0,51.38975049049543,5.88314006203305,False,True,False,False,True,8.252416986143643
2025-04-28 18:00:00+00:00,3.92,3.97,3.92,3.97,2000.0,,,3.8911355544381907,"rgba(38, 166, 154, 1.0)",0.15560191179723726,3.8911355544381907,0.506834682497839,9,0.23682365636828415,2.1314129073145573,0.0,0.0,0.0,0.0,55.248258028290735,5.88314006203305,False,True,True,False,True,11.14517285425492
2025-04-28 19:00:00+00:00,3.97,3.975,3.965,3.975,2860.0,,,3.901861859247729,"rgba(38, 166, 154, 1.0)",0.15264411297271016,3.901861859247729,0.4791415753147753,9,0.23525323100182152,2.117279079016394,0.0,0.0,0.0,0.0,58.11641468489997,2.8524098636739694,False,False,True,False,True,11.426316027314826
2025-04-29 14:00:00+00:00,3.93,3.94,3.92,3.94,49.0,,,3.901899896661835,"rgba(38, 166, 154, 1.0)",0.15132379816767813,3.901899896661835,0.25177866138376587,9,0.23444854127646084,2.1100368714881474,0.0,0.0,0.0,0.0,56.64965182911294,2.8524098636739694,False,False,True,False,True,8.791173878474936
2025-04-29 15:00:00+00:00,3.94,3.95,3.94,3.945,511.0,,,3.9026288644054525,"rgba(38, 166, 154, 1.0)",0.14978437956062265,3.9026288644054525,0.2828808699467778,9,0.2336184495126407,2.1025660456137665,0.0,0.0,0.0,0.0,56.05563606298171,2.8524098636739694,False,False,True,False,True,9.084144332851107
2025-04-29 16:00:00+00:00,3.935,3.97,3.935,3.97,294.0,,,3.9032501202034693,"rgba(38, 166, 154, 1.0)",0.1485037992052012,3.9032501202034693,0.4494826405370042,9,0.23245183756224522,2.092066538060207,0.0,0.0,0.0,0.0,57.50648112239743,2.8524098636739694,False,False,True,False,True,10.539422642472235
2025-04-29 17:00:00+00:00,3.97,3.97,3.96,3.96,752.0,,,3.90495363486221,"rgba(38, 166, 154, 1.0)",0.14462050369878557,3.90495363486221,0.3806262855538125,9,0.23127006546025003,2.08143058914225,0.0,0.0,0.0,0.0,57.419566496731946,2.8615393850891735,False,False,True,False,True,9.775480727332969
2025-04-29 18:00:00+00:00,3.96,3.975,3.96,3.975,839.0,,,3.9069860798846388,"rgba(38, 166, 154, 1.0)",0.14005619850166978,3.9069860798846388,0.48561877905425554,9,0.23110193041292604,2.0799173737163343,0.0,0.0,0.0,0.0,58.518433725269674,4.222501844480249,True,False,True,False,True,10.655057245651715
2025-04-29 19:00:00+00:00,3.975,3.98,3.96,3.97,2627.0,,,3.915616114039094,"rgba(38, 166, 154, 1.0)",0.13562013058473374,3.915616114039094,0.4010015749610835,9,0.230715687261367,2.076441185352303,0.0,1.0,3.98,156.0,58.65315680131539,4.683330835899113,True,False,True,False,True,10.263963450195163
2025-04-30 14:00:00+00:00,3.97,3.97,3.89,3.95,223.0,,,3.9155594793770945,"rgba(38, 166, 154, 1.0)",0.13267093342769926,3.9155594793770945,0.2595935653205795,9,0.23160118683608694,2.0844106815247825,0.0,0.0,0.0,0.0,56.43844066216026,4.683330835899113,False,False,True,False,False,8.704022492316405
2025-04-30 15:00:00+00:00,3.95,3.95,3.945,3.945,135.0,,,3.9156143864310033,"rgba(38, 166, 154, 1.0)",0.12909009354808254,3.9156143864310033,0.22763647280223834,9,0.23181243848897054,2.086311946400735,0.0,0.0,0.0,0.0,54.40813959064947,8.18855588773625,False,False,True,False,False,8.315173765093924
2025-04-30 16:00:00+00:00,3.945,3.945,3.885,3.89,402.0,,,3.914908323364152,"rgba(38, 166, 154, 1.0)",0.1237346041018951,3.914908323364152,-0.20130442526522246,9,0.233126343642142,2.098137092779278,0.0,0.0,0.0,0.0,48.299725770247576,2.512003304505768,False,True,False,True,False,4.186124626589795
2025-04-30 17:00:00+00:00,3.895,3.895,3.845,3.855,473.0,,,3.913171143448798,"rgba(239, 83, 80, 1.0)",0.11906384085102696,3.913171143448798,-0.48857103074292585,10,0.2263021421262444,2.2630214212624438,0.0,0.0,0.0,0.0,42.19923038954859,-2.870542447703947,False,True,False,True,False,1.7172543153259383
2025-04-30 18:00:00+00:00,3.855,3.86,3.83,3.845,932.0,,,3.909379020852006,"rgba(239, 83, 80, 1.0)",0.11505384560017051,3.909379020852006,-0.5595555760537763,10,0.22842972577906767,2.284297257790677,0.0,0.0,0.0,0.0,37.61810725242488,-6.731274595392051,False,True,False,True,False,1.0261902728244152
2025-04-30 19:00:00+00:00,3.845,3.865,3.81,3.83,1899.0,,,3.8989551473023987,"rgba(239, 83, 80, 1.0)",0.11098080346951557,3.8989551473023987,-0.6213249962759491,10,0.23031830990120286,2.3031830990120286,0.0,0.0,0.0,0.0,33.806748987856295,-9.926471526352309,False,True,False,True,False,0.0
2025-05-01 14:00:00+00:00,3.83,3.88,3.83,3.875,399.0,,,3.898445122182189,"rgba(239, 83, 80, 1.0)",0.10758369882213924,3.898445122182189,-0.21792448520429833,10,0.23328143677443464,2.3328143677443465,0.0,0.0,0.0,0.0,36.48849660182445,-9.926471526352309,False,True,False,True,True,2.990213010849022
2025-05-01 15:00:00+00:00,3.875,3.89,3.845,3.85,345.0,,,3.8979729445296356,"rgba(239, 83, 80, 1.0)",0.10496194076430528,3.8979729445296356,-0.45705085272155926,10,0.23619251143108225,2.3619251143108224,0.0,0.0,0.0,0.0,36.64238422466917,-9.926471526352309,False,True,False,True,True,1.2622483105159432
2025-05-01 16:00:00+00:00,3.85,3.885,3.835,3.88,948.0,,,3.896884521524039,"rgba(239, 83, 80, 1.0)",0.10049032941684904,3.896884521524039,-0.16802135709994187,10,0.23973439417702763,2.397343941770276,0.0,0.0,0.0,0.0,39.61434714074799,-9.926471526352309,False,True,False,True,True,3.2099139563512935
2025-05-01 17:00:00+00:00,3.88,3.88,3.85,3.85,453.0,,,3.8962113319053246,"rgba(239, 83, 80, 1.0)",0.09528581944543442,3.8962113319053246,-0.4849759615258129,10,0.2431361230623918,2.431361230623918,0.0,0.0,0.0,0.0,39.57371128902284,-9.926471526352309,False,True,False,True,True,1.157287583639576
2025-05-01 18:00:00+00:00,3.85,3.875,3.85,3.875,345.0,,,3.895818856162609,"rgba(239, 83, 80, 1.0)",0.08918297821672111,3.895818856162609,-0.23343979511446347,9,0.24930826831043543,2.243774414793919,0.0,0.0,0.0,0.0,41.784819808115984,-14.508759343451118,False,True,False,True,True,2.769278999123639
2025-05-01 19:00:00+00:00,3.875,3.88,3.85,3.85,1136.0,,,3.894246320470725,"rgba(239, 83, 80, 1.0)",0.08384982285487161,3.894246320470725,-0.5276853183972371,9,0.25620112902706604,2.3058101612435946,0.0,0.0,0.0,0.0,41.549436054336425,-14.392576388097133,False,True,False,True,True,1.074671615416925
2025-05-02 14:00:00+00:00,3.85,3.895,3.85,3.855,408.0,,,3.8938253599956227,"rgba(239, 83, 80, 1.0)",0.07909385461487133,3.8938253599956227,-0.49087707489631893,9,0.26476699006434196,2.3829029105790775,0.0,0.0,0.0,0.0,41.87102561970492,-13.64046258772268,False,True,False,True,True,1.4019604486070207
2025-05-02 15:00:00+00:00,3.855,3.87,3.85,3.87,184.0,,,3.8936137758301865,"rgba(239, 83, 80, 1.0)",0.07317127876453035,3.8936137758301865,-0.3227191902191159,9,0.2224608010739473,2.0021472096655257,0.0,0.0,0.0,0.0,43.54133436026321,-11.641189682519304,False,True,False,True,True,2.3860914623345977
2025-05-02 16:00:00+00:00,3.87,3.91,3.87,3.905,355.0,,,3.893660141988609,"rgba(239, 83, 80, 1.0)",0.06546115002169416,3.893660141988609,0.17323035124853026,9,0.2247580037051135,2.0228220333460216,0.0,0.0,0.0,0.0,47.59906633179366,-7.57139288105774,False,True,False,False,True,4.626596562940012
2025-05-02 17:00:00+00:00,3.905,3.92,3.895,3.92,3049.0,,,3.895494364975082,"rgba(239, 83, 80, 1.0)",0.06304488605476459,3.895494364975082,0.3887013929033183,9,0.22577621381696605,2.0319859243526945,0.0,0.0,0.0,0.0,51.39986212822581,-3.9361368045988314,False,False,True,False,True,5.563534593662318
2025-05-02 18:00:00+00:00,3.92,3.92,3.915,3.915,1637.0,,,3.8964617317469172,"rgba(239, 83, 80, 1.0)",0.06073699022821746,3.8964617317469172,0.3052220431639072,9,0.22817406168482002,2.05356655516338,0.0,0.0,0.0,0.0,53.401153767445805,-2.027479792770734,False,False,True,False,True,5.200346813081531
2025-05-02 19:00:00+00:00,3.915,3.92,3.905,3.915,2711.0,,,3.8975201559785435,"rgba(239, 83, 80, 1.0)",0.05768718064536886,3.8975201559785435,0.3030108912569956,9,0.23193664586515006,2.0874298127863504,0.0,0.0,0.0,0.0,54.735348193592465,-0.6688456283608843,True,False,True,False,True,5.200346813081531
2025-05-05 14:00:00+00:00,3.94,3.94,3.91,3.91,41.0,,,3.89866509120614,"rgba(239, 83, 80, 1.0)",0.054730873083380316,3.89866509120614,0.2071026489307426,9,0.23837333419704793,2.1453600077734314,0.0,0.0,0.0,0.0,54.990757275591115,-0.20716826919553455,True,False,True,False,True,4.825647398635375
2025-05-05 15:00:00+00:00,3.91,3.92,3.87,3.9,912.0,,,3.897444562340995,"rgba(239, 83, 80, 1.0)",0.05207643377724301,3.897444562340995,0.04907090354796584,8,0.24423801895943614,1.9539041516754891,0.0,0.0,0.0,0.0,53.8773869610051,-0.20716826919553455,True,False,True,False,True,4.071715963224811
2025-05-05 16:00:00+00:00,3.9,3.925,3.9,3.9,334.0,,,3.8976467161557067,"rgba(239, 83, 80, 1.0)",0.048989794855669976,3.8976467161557067,0.04803620532044065,8,0.24823072774355626,1.98584582194845,0.0,0.0,0.0,0.0,53.13514008461442,-0.20716826919553455,True,False,True,False,True,4.071715963224811
2025-05-05 17:00:00+00:00,3.9,3.93,3.88,3.93,297.0,,,3.8978610738922344,"rgba(239, 83, 80, 1.0)",0.048565178642492476,3.8978610738922344,0.6617689259284554,8,0.2520462503701234,2.0163700029609872,0.0,0.0,0.0,0.0,56.00078104442147,1.3770122005109755,True,False,True,False,True,6.104309602453817
2025-05-05 18:00:00+00:00,3.93,3.935,3.88,3.88,360.0,,,3.897793807662031,"rgba(239, 83, 80, 1.0)",0.04849742261193507,3.897793807662031,-0.36690213012788436,7,0.2409655700295781,1.6867589902070468,0.0,0.0,0.0,0.0,52.127490439953284,1.3770122005109755,True,False,False,False,False,2.335264303716606
2025-05-05 19:00:00+00:00,3.88,3.885,3.84,3.855,577.0,,,3.896725167622166,"rgba(239, 83, 80, 1.0)",0.04876751244702666,3.896725167622166,-0.8555935197123204,9,0.22241929467734659,2.0017736520961193,0.0,0.0,0.0,0.0,47.52568513231853,2.671978153575324,False,False,False,True,False,0.5441141811813033
2025-05-06 14:00:00+00:00,3.855,3.87,3.84,3.85,326.0,,,3.8961252513899476,"rgba(239, 83, 80, 1.0)",0.049091567320494175,3.8961252513899476,-0.939575856049144,9,0.23161831365807017,2.0845648229226317,0.0,0.0,0.0,0.0,44.07713160967164,-0.40207402429120975,False,True,False,True,False,0.18871942041852918
2025-05-06 15:00:00+00:00,3.85,3.85,3.76,3.775,191.0,,,3.8953442829319265,"rgba(239, 83, 80, 1.0)",0.051035493743298375,3.8953442829319265,-2.3580507232327763,8,0.2358861920110789,1.8870895360886313,0.0,0.0,0.0,0.0,37.63105048428215,-6.184697951123816,False,True,False,True,False,0.0
2025-05-06 16:00:00+00:00,3.775,3.78,3.75,3.75,289.0,,,3.8938403065193548,"rgba(239, 83, 80, 1.0)",0.05359280911829321,3.8938403065193548,-2.6839478819231504,8,0.24287835485238995,1.9430268388191196,0.0,0.0,0.0,0.0,32.41426837771937,-10.702559302537672,False,True,False,True,False,0.0
2025-05-06 17:00:00+00:00,3.75,3.77,3.73,3.76,551.0,,,3.89110274531157,"rgba(239, 83, 80, 1.0)",0.05559854492879123,3.89110274531157,-2.3580247554946285,9,0.2361484120504248,2.1253357084538234,0.0,0.0,0.0,0.0,30.178855846806897,-12.542448189853303,False,True,False,True,False,0.0
2025-05-06 18:00:00+00:00,3.76,3.76,3.71,3.71,400.0,,,3.888912969524766,"rgba(239, 83, 80, 1.0)",0.059226774442066546,3.888912969524766,-3.0208123135216876,8,0.24523946306224514,1.9619157044979612,0.0,0.0,0.0,0.0,26.87350021428594,-15.555280965753774,False,True,False,True,False,0.0
2025-05-06 19:00:00+00:00,3.71,3.71,3.64,3.64,353.0,,,3.8863342743100646,"rgba(239, 83, 80, 1.0)",0.06560988993786127,3.8863342743100646,-3.7545296074016616,8,0.24812836614526662,1.985026929162133,0.0,0.0,0.0,0.0,22.980342715967943,-19.174756838801276,False,True,False,True,False,0.0
2025-05-07 14:00:00+00:00,3.66,3.66,3.535,3.59,465.0,,,3.8820966364058775,"rgba(239, 83, 80, 1.0)",0.07368871709446183,3.8820966364058775,-3.9639262009601546,8,0.24812836614526662,1.985026929162133,0.0,0.0,0.0,0.0,19.537227077722743,-22.412200690858068,False,True,False,True,False,0.0
2025-05-07 15:00:00+00:00,3.59,3.6,3.565,3.585,649.0,,,3.8763683632490773,"rgba(239, 83, 80, 1.0)",0.08094859897290545,3.8763683632490773,-3.599424411861682,8,0.24620048970999317,1.9696039176799454,0.0,0.0,0.0,0.0,17.163881479748657,-24.738604675130933,False,True,False,True,False,0.0
2025-05-07 16:00:00+00:00,3.585,3.59,3.58,3.59,749.0,,,3.8703372564663567,"rgba(239, 83, 80, 1.0)",0.08714423169159105,3.8703372564663567,-3.216934167926205,8,0.24301758899840886,1.944140711987271,0.0,0.0,0.0,0.0,16.176276138718837,-25.921307403093806,False,True,False,True,False,0.0
2025-05-07 17:00:00+00:00,3.59,3.6,3.53,3.54,1684.0,3.5566666666666666,,3.8449617198331225,"rgba(239, 83, 80, 1.0)",0.094930178229788,3.8449617198331225,-3.212484433505772,8,0.23955352029011773,1.9164281623209418,0.0,0.0,0.0,0.0,14.635408665940606,-27.74904711455886,False,True,False,True,False,0.0
2025-05-07 18:00:00+00:00,3.54,3.57,3.53,3.565,1085.0,3.5560136029854337,,3.8242280916400886,"rgba(239, 83, 80, 1.0)",0.1010241252071724,3.8242280916400886,-2.566001844692878,8,0.23819269066719195,1.9055415253375356,0.0,0.0,0.0,0.0,16.406308291746008,-27.74904711455886,False,True,False,True,False,0.0
2025-05-07 19:00:00+00:00,3.57,3.57,3.55,3.56,711.0,3.5568280651340993,,3.819816285312612,"rgba(239, 83, 80, 1.0)",0.10682245099246038,3.819816285312612,-2.4322254628940323,8,0.23709198886952512,1.896735910956201,0.0,0.0,0.0,0.0,17.44788142051595,-27.74904711455886,False,True,False,True,False,0.0
2025-05-08 14:00:00+00:00,3.59,3.6,3.59,3.59,475.0,3.5612123893805308,,3.817863204177187,"rgba(239, 83, 80, 1.0)",0.11083373636721662,3.817863204177187,-2.055901133046947,8,0.23612348885715365,1.8889879108572292,0.0,0.0,0.0,0.0,21.459627541344847,-27.74904711455886,False,True,False,True,True,0.0
2025-05-08 15:00:00+00:00,3.59,3.61,3.59,3.61,242.0,3.5636410928440947,,3.8169549010862944,"rgba(239, 83, 80, 1.0)",0.11404886735143276,3.8169549010862944,-1.8146160141036654,8,0.23503801287986742,1.8803041030389394,0.0,0.0,0.0,0.0,26.129366094666224,-30.78092868554907,False,True,False,True,True,0.0
2025-05-08 16:00:00+00:00,3.61,3.61,3.6,3.6,215.0,3.5655753248715625,,3.8161229999012463,"rgba(239, 83, 80, 1.0)",0.11742327378005513,3.8161229999012463,-1.8405465368480949,8,0.23413388419900608,1.8730710735920486,0.0,0.0,0.0,0.0,28.703740217123794,-28.26201891798984,False,True,False,True,True,0.0
2025-05-08 17:00:00+00:00,3.595,3.6,3.57,3.59,455.0,3.56754708581604,,3.8139441688457145,"rgba(239, 83, 80, 1.0)",0.1212603854565935,3.8139441688457145,-1.8468040325162745,8,0.23365779574541956,1.8692623659633565,0.0,0.0,0.0,0.0,29.86969119074361,-26.969529863462395,False,True,False,True,True,0.0
2025-05-08 18:00:00+00:00,3.6,3.6,3.575,3.585,1182.0,3.5712831321981593,,3.8083784092164152,"rgba(239, 83, 80, 1.0)",0.1250577164049983,3.8083784092164152,-1.7862025282230989,7,0.24718296442002133,1.7302807509401492,0.0,0.0,0.0,0.0,30.360406057082635,-26.173333269808147,False,True,False,True,True,0.0
2025-05-08 19:00:00+00:00,3.585,3.595,3.55,3.555,1712.0,3.57026478546579,,3.7994938122163875,"rgba(239, 83, 80, 1.0)",0.1295400734546309,3.7994938122163875,-1.8873990549497175,7,0.24050271842381996,1.6835190289667397,0.0,0.0,0.0,0.0,29.09224836540792,-26.173333269808147,False,True,False,True,True,0.0
2025-05-09 14:00:00+00:00,4.32,4.32,4.31,4.315,6330.0,3.9048169044070677,,3.8919834612480857,"rgba(38, 166, 154, 1.0)",0.14038807218140495,3.8919834612480857,3.013194299052033,7,0.22438584732237146,1.5707009312566003,0.0,0.0,0.0,0.0,48.15388199298398,-9.496603748564937,True,False,True,False,True,20.0
2025-05-09 15:00:00+00:00,4.32,4.34,4.315,4.33,4631.0,4.009576256097995,,3.955618335771617,"rgba(38, 166, 154, 1.0)",0.1508791653029771,3.955618335771617,2.4813344074153347,7,0.6463145753924289,4.524202027747002,0.0,0.0,0.0,0.0,60.94276258913227,1.393463562239738,True,False,True,False,True,20.0
2025-05-09 16:00:00+00:00,4.33,4.335,4.32,4.32,3457.0,4.058740775808949,,3.9800238812775057,"rgba(38, 166, 154, 1.0)",0.1600700297195418,3.9800238812775057,2.1239211320080695,7,0.6128275849512054,4.289793094658438,0.0,0.0,0.0,0.0,69.09010847809758,7.892806320764301,True,False,True,False,True,20.0
2025-05-09 17:00:00+00:00,4.32,4.33,4.32,4.325,229.0,4.061461829108652,,3.9815006082286515,"rgba(38, 166, 154, 1.0)",0.16881697536436246,3.9815006082286515,2.034744379408316,7,0.5844787487212638,4.091351241048847,0.0,0.0,0.0,0.0,74.55738032589952,12.206521066597304,True,False,True,False,True,20.0
2025-05-09 18:00:00+00:00,4.325,4.33,4.32,4.33,3437.0,4.096730121880442,,4.002089289221951,"rgba(38, 166, 154, 1.0)",0.17709818114753856,4.002089289221951,1.851575824513241,6,0.6347899662660584,3.808739797596351,0.0,0.0,0.0,0.0,78.2417790666273,15.27823775836427,True,False,True,False,True,20.0
2025-05-09 19:00:00+00:00,4.33,4.34,4.33,4.335,4727.0,4.13357107811069,,4.044789324037363,"rgba(38, 166, 154, 1.0)",0.18496072142070893,4.044789324037363,1.5690394897548443,6,0.6084830422139418,3.6508982532836507,0.0,0.0,0.0,0.0,80.74177336534378,17.6546577682047,True,False,True,False,True,20.0
2025-05-12 14:00:00+00:00,4.32,4.33,4.32,4.325,5108.0,4.160976317264574,,4.0651732444770925,"rgba(38, 166, 154, 1.0)",0.19194553938576103,4.0651732444770925,1.3536483127160508,6,0.5866024675471463,3.5196148052828775,0.0,0.0,0.0,0.0,81.83395297455954,19.08201649550378,True,False,True,False,True,20.0
2025-05-12 15:00:00+00:00,4.325,4.33,4.325,4.325,2523.0,4.171918828364265,,4.074221368035168,"rgba(38, 166, 154, 1.0)",0.1985434120954084,4.074221368035168,1.2630921838107747,6,0.5672653434414889,3.4035920606489336,0.0,0.0,0.0,0.0,82.56207271403672,20.461916355768793,True,False,True,False,True,20.0
2025-05-12 16:00:00+00:00,4.325,4.33,4.325,4.33,7769.0,4.198351967864497,,4.098515696821053,"rgba(38, 166, 154, 1.0)",0.20495499396099193,4.098515696821053,1.1294396818796428,5,0.6398674836317145,3.1993374181585725,0.0,0.0,0.0,0.0,83.11439623116489,21.860153052819086,True,False,True,False,True,20.0
2025-05-12 17:00:00+00:00,4.33,4.33,4.325,4.325,532.0,4.199819872125696,,4.0999858675390115,"rgba(38, 166, 154, 1.0)",0.21087522462432864,4.0999858675390115,1.0670486912905406,5,0.6220000187318678,3.1100000936593393,0.0,0.0,0.0,0.0,83.09146502891045,22.826482892623176,True,False,True,False,True,20.0
2025-05-12 18:00:00+00:00,4.325,4.33,4.325,4.325,521.0,4.201225234804182,,4.101406366502559,"rgba(38, 166, 154, 1.0)",0.216495261375853,4.101406366502559,1.032787655842799,5,0.6058151937420918,3.029075968710459,0.0,0.0,0.0,0.0,83.07617756074083,23.853393030005563,True,False,True,False,True,20.0
2025-05-12 19:00:00+00:00,4.325,4.33,4.325,4.325,14029.0,4.230049191426169,,4.133705414374929,"rgba(38, 166, 154, 1.0)",0.22183119952135186,4.133705414374929,0.8623430159410852,5,0.5910774224588042,2.955387112294021,0.0,0.0,0.0,0.0,83.06598591529442,24.878100068797195,True,False,True,False,True,20.0
2025-05-13 14:00:00+00:00,4.33,4.335,4.325,4.325,2102.0,4.233320349610489,,4.137777477046049,"rgba(38, 166, 154, 1.0)",0.22692714233411718,4.137777477046049,0.825033625454524,5,0.5775949885268624,2.887974942634312,0.0,0.0,0.0,0.0,83.0591914849968,25.86047678724205,True,False,True,False,True,20.0
2025-05-13 15:00:00+00:00,4.325,4.34,4.325,4.335,277.0,4.233757087530675,,4.151125221794284,"rgba(38, 166, 154, 1.0)",0.23202982100979735,4.151125221794284,0.7924618370409903,5,0.564630891637645,2.823154458188225,0.0,0.0,0.0,0.0,83.29614498649045,26.99475306169171,True,False,True,False,True,20.0
2025-05-13 16:00:00+00:00,4.335,4.335,4.33,4.33,208.0,4.234077088669254,,4.151465890771344,"rgba(38, 166, 154, 1.0)",0.23680858579516723,4.151465890771344,0.753917382805889,5,0.552984179238946,2.76492089619473,0.0,0.0,0.0,0.0,82.79872243535111,27.27393050712223,True,False,True,False,True,20.0
2025-05-13 17:00:00+00:00,4.33,4.335,4.33,4.335,10851.0,4.248535413198733,,4.169293612088358,"rgba(38, 166, 154, 1.0)",0.24147071894560815,4.169293612088358,0.6862380193971567,5,0.5419719358059141,2.70985967902957,0.0,0.0,0.0,0.0,82.6231433558732,27.798809194630394,True,False,True,False,True,20.0
2025-05-13 18:00:00+00:00,4.33,4.34,4.33,4.335,10553.0,4.259264565818096,,4.194538052298012,"rgba(38, 166, 154, 1.0)",0.24592374120138805,4.194538052298012,0.5711605842355955,5,0.532502638103497,2.662513190517485,0.0,0.0,0.0,0.0,82.50609063622126,28.311317540334073,True,False,True,False,True,20.0
2025-05-13 19:00:00+00:00,4.335,4.335,4.33,4.33,184096.0,4.308788559404426,,4.276667190993261,"rgba(38, 166, 154, 1.0)",0.25007701516435754,4.276667190993261,0.21326553730532688,5,0.5239133313049704,2.619566656524852,0.0,0.0,0.0,0.0,81.56331073197312,28.311317540334073,True,False,True,False,True,20.0
2025-05-14 14:00:00+00:00,4.33,4.335,4.33,4.33,515.0,4.308832252944492,,4.276758904356468,"rgba(38, 166, 154, 1.0)",0.2538547325247769,4.276758904356468,0.20973056170357432,5,0.5160601563321309,2.5803007816606542,0.0,0.0,0.0,0.0,80.93479079580769,28.311317540334073,True,False,True,False,True,20.0
2025-05-14 15:00:00+00:00,4.33,4.335,4.33,4.33,1919.0,4.3089936052042095,,4.2770979653134145,"rgba(38, 166, 154, 1.0)",0.25764916085656264,4.2770979653134145,0.2053258567220291,4,0.6018333319900357,2.407333327960143,0.0,0.0,0.0,0.0,80.51577750503074,28.311317540334073,True,False,True,False,True,20.0
2025-05-14 16:00:00+00:00,4.33,4.33,4.325,4.325,0.0,4.3089936052042095,,4.2770979653134145,"rgba(38, 166, 154, 1.0)",0.2610745639236591,4.2770979653134145,0.1834802822866833,4,0.594930821916843,2.379723287667372,0.0,0.0,0.0,0.0,79.0952472435262,28.311317540334073,True,False,True,False,False,20.0
2025-05-14 17:00:00+00:00,4.325,4.34,4.325,4.33,24503.0,4.31086999596953,,4.285302749636428,"rgba(38, 166, 154, 1.0)",0.26448569845019126,4.285302749636428,0.16899685172198217,4,0.5883933766460618,2.3535735065842474,0.0,0.0,0.0,0.0,78.51319789952865,28.311317540334073,True,False,True,False,False,20.0
2025-05-14 18:00:00+00:00,4.33,4.335,4.33,4.33,9899.0,4.311542812041427,,4.286636299097912,"rgba(38, 166, 154, 1.0)",0.26776266888206746,4.286636299097912,0.16194826964914483,3,0.726386705448154,2.179160116344462,0.0,0.0,0.0,0.0,78.12516500353027,30.55675584285737,True,False,True,False,False,20.0
2025-05-14 19:00:00+00:00,4.33,4.33,4.32,4.32,21203.0,4.312306900381033,,4.292073042008394,"rgba(38, 166, 154, 1.0)",0.27068361904929245,4.292073042008394,0.10317195436388908,3,0.718844321907986,2.156532965723958,0.0,0.0,0.0,0.0,75.17172329359013,27.686156326276105,True,False,True,False,False,19.933433697221513
2025-05-15 14:00:00+00:00,4.325,4.33,4.325,4.33,3224.0,4.312463282325072,,4.292420022886972,"rgba(38, 166, 154, 1.0)",0.27366517979208,4.292420022886972,0.13732100350354998,3,0.7109848634952057,2.132954590485617,0.0,0.0,0.0,0.0,74.280647773158,26.83663004032941,True,False,True,False,False,20.0
2025-05-15 15:00:00+00:00,4.33,4.33,4.325,4.33,1824.0,4.312550412166744,,4.292610340722853,"rgba(38, 166, 154, 1.0)",0.27660623458087463,4.292610340722853,0.135172872490749,3,0.7030837428592319,2.109251228577696,0.0,0.0,0.0,0.0,73.68659742620324,26.22633694745396,True,False,True,False,False,20.0
2025-05-15 16:00:00+00:00,4.33,4.33,4.325,4.33,1600.0,4.31262605793003,,4.29277425703555,"rgba(38, 166, 154, 1.0)",0.2794372240095493,4.29277425703555,0.1332168364339968,3,0.6956586596547999,2.0869759789643996,0.0,0.0,0.0,0.0,73.29056386156674,25.75792180104183,True,False,True,False,False,20.0
2025-05-15 17:00:00+00:00,4.33,4.33,4.325,4.33,980.0,4.312672033921928,,4.292873379731436,"rgba(38, 166, 154, 1.0)",0.2820952014882628,4.292873379731436,0.13161025098156098,3,0.6886327741002373,2.0658983223007117,0.0,0.0,0.0,0.0,73.02654148514242,25.37528313234455,True,False,True,False,False,20.0
2025-05-15 18:00:00+00:00,4.33,4.33,4.325,4.33,700.0,4.312704709475381,,4.292943623510867,"rgba(38, 166, 154, 1.0)",0.2846460264264394,4.292943623510867,0.13018406388577983,3,0.6823238619385109,2.0469715858155326,0.0,0.0,0.0,0.0,72.8505265675262,25.04700561354717,True,False,True,False,False,20.0
2025-05-15 19:00:00+00:00,4.33,4.335,4.325,4.33,962.0,4.3127541583697395,,4.293047464925817,"rgba(38, 166, 154, 1.0)",0.28713836636966905,4.293047464925817,0.12869243334278044,2,0.964876415774182,1.929752831548364,0.0,0.0,0.0,0.0,72.73318328911537,24.756089436380634,True,False,True,False,False,20.0
2025-05-16 14:00:00+00:00,4.33,4.34,4.325,4.335,2936.0,4.31293217660658,,4.297265023316102,"rgba(38, 166, 154, 1.0)",0.28958228692532584,4.297265023316102,0.13030830402146923,2,0.9563181893865778,1.9126363787731555,0.0,0.0,0.0,0.0,73.53838037460855,24.756089436380634,True,False,True,False,False,20.0
2025-05-16 15:00:00+00:00,4.335,4.34,4.335,4.335,1093.0,4.313008364194901,,4.301461612942777,"rgba(38, 166, 154, 1.0)",0.2919525291537652,4.301461612942777,0.11487616550003864,2,0.9479084832672051,1.8958169665344102,0.0,0.0,0.0,0.0,74.075178431604,24.756089436380634,True,False,True,False,True,20.0
2025-05-16 16:00:00+00:00,4.335,4.335,4.33,4.33,1897.0,4.313111738065474,,4.301432906286189,"rgba(38, 166, 154, 1.0)",0.294141643271243,4.301432906286189,0.09712019486974699,2,0.9401904590068826,1.8803809180137652,0.0,0.0,0.0,0.0,71.70996110777205,23.6308467075379,True,False,True,False,False,20.0
2025-05-16 17:00:00+00:00,4.33,4.335,4.33,4.33,5697.0,4.313415413888432,,4.301825568498556,"rgba(38, 166, 154, 1.0)",0.29617603421486366,4.301825568498556,0.09512731702324324,2,0.9329911307868539,1.8659822615737078,0.0,0.0,0.0,0.0,70.13314955855074,22.20117784973678,False,False,True,False,False,20.0
2025-05-16 18:00:00+00:00,4.33,4.335,4.33,4.33,3555.0,4.313599925683257,,4.302103066949213,"rgba(38, 166, 154, 1.0)",0.29809042403422104,4.302103066949213,0.09358547206328374,2,0.9260723773878756,1.8521447547757512,0.0,0.0,0.0,0.0,69.08194185906987,21.266541111065465,False,False,True,False,False,20.0
2025-05-16 19:00:00+00:00,4.33,4.335,4.33,4.335,4416.0,4.313844664629578,,4.302516131053443,"rgba(38, 166, 154, 1.0)",0.2996758759570604,4.302516131053443,0.108396676385159,2,0.9192517145122117,1.8385034290244233,0.0,0.0,0.0,0.0,69.85643606758421,21.266541111065465,False,False,True,False,False,20.0
2025-05-19 14:00:00+00:00,4.335,4.335,4.335,4.335,0.0,4.313844664629578,,4.302516131053443,"rgba(38, 166, 154, 1.0)",0.30086687068182616,4.302516131053443,0.10796758337978989,2,0.9126909182032555,1.825381836406511,0.0,0.0,0.0,0.0,70.3727655399271,21.266541111065465,False,False,True,False,True,20.0
2025-05-19 15:00:00+00:00,4.335,4.34,4.335,4.335,1810.0,4.313960090236599,,4.306563882040469,"rgba(38, 166, 154, 1.0)",0.3018263775122429,4.306563882040469,0.09421349516868423,2,0.9064639046903947,1.8129278093807895,0.0,0.0,0.0,0.0,70.7169851881557,21.266541111065465,False,False,True,False,True,20.0
2025-05-19 16:00:00+00:00,4.335,4.34,4.335,4.34,1078.0,4.314033287644771,,4.310081696201113,"rgba(38, 166, 154, 1.0)",0.3025561819617045,4.310081696201113,0.09888511814534229,2,0.9003086436738136,1.8006172873476272,0.0,0.0,0.0,0.0,72.47397352007883,20.22199464431276,False,False,True,False,True,20.0
2025-05-19 17:00:00+00:00,4.34,4.34,4.335,4.34,1145.0,4.314110554470969,,4.3135594400245765,"rgba(38, 166, 154, 1.0)",0.30355145607703365,4.3135594400245765,0.08710404594044656,2,0.8946207593239595,1.789241518647919,0.0,0.0,0.0,0.0,73.64529907469425,21.33210666828542,False,False,True,False,True,20.0
2025-05-19 18:00:00+00:00,4.34,4.34,4.335,4.335,758.0,4.314157935089346,,4.3168082832053205,"rgba(38, 166, 154, 1.0)",0.30412667761318934,4.3168082832053205,0.05981624807612905,2,0.889828383352968,1.779656766705936,0.0,0.0,0.0,0.0,70.15501612826492,22.763885792671687,False,True,True,False,False,20.0
2025-05-19 19:00:00+00:00,4.335,4.34,4.335,4.34,53971.0,4.317303278965155,,4.323009941475956,"rgba(38, 166, 154, 1.0)",0.30489967335307455,4.323009941475956,0.05572343957341531,2,0.885002747547594,1.770005495095188,0.0,0.0,0.0,0.0,69.78549408424134,22.51619461159288,False,True,True,False,False,20.0
2025-05-20 14:00:00+00:00,4.325,4.325,4.325,4.325,5878.0,4.317410816155776,,4.322664798522196,"rgba(38, 166, 154, 1.0)",0.3050918928176621,4.322664798522196,0.0076540922023102765,2,0.8808440900874975,1.761688180174995,0.0,0.0,0.0,0.0,61.48666985080169,15.015996532687794,False,True,True,False,False,18.937024841921634
2025-05-20 15:00:00+00:00,4.325,4.325,4.32,4.325,1511.0,4.317432011337035,,4.322569450390175,"rgba(38, 166, 154, 1.0)",0.30540001828940994,4.322569450390175,0.007958577158703021,2,0.8780747714787809,1.7561495429575618,0.0,0.0,0.0,0.0,55.95412036184194,10.406649664250686,False,True,True,False,False,18.937024841921634
2025-05-20 16:00:00+00:00,4.325,4.325,4.32,4.325,1262.0,4.3174495978136544,,4.322493459864877,"rgba(38, 166, 154, 1.0)",0.3053327530581854,4.322493459864877,0.008209208183588125,1,1.5279314557038968,1.5279314557038968,0.0,0.0,0.0,0.0,52.26575403586877,7.499868475912976,False,True,False,False,False,18.937024841921634
2025-05-20 17:00:00+00:00,4.325,4.325,4.32,4.325,1740.0,4.317473674225943,,4.3223937736075175,"rgba(38, 166, 154, 1.0)",0.30518710846163194,4.3223937736075175,0.008539765672344253,1,1.5229263420593238,1.5229263420593238,0.0,0.0,0.0,0.0,49.80684315188665,5.577698590814002,False,True,False,False,False,18.937024841921634
2025-05-20 18:00:00+00:00,4.325,4.325,4.315,4.32,4222.0,4.31749851162408,,4.322080264583719,"rgba(239, 83, 80, 1.0)",0.3050250026674092,4.322080264583719,-0.006819980544306582,1,1.517988432547444,1.517988432547444,0.0,0.0,0.0,0.0,45.812323765951945,2.095311165200883,False,True,False,True,False,18.38034738083992
2025-05-20 19:00:00+00:00,4.32,4.325,4.315,4.315,8474.0,4.317514666155149,,4.321465302512568,"rgba(239, 83, 80, 1.0)",0.30504558808612775,4.321465302512568,-0.021194545225620327,1,1.5133941706098712,1.5133941706098712,0.0,0.0,0.0,0.0,41.25259714746191,-1.9319978328042922,False,True,False,True,False,17.81906944387234
2025-05-21 14:00:00+00:00,4.315,4.325,4.315,4.315,8141.0,4.31752960777544,,4.320984259293395,"rgba(239, 83, 80, 1.0)",0.3051027444725553,4.320984259293395,-0.01961391499030852,1,1.5094337499998989,1.5094337499998989,0.0,0.0,0.0,0.0,38.212779401801896,-4.599702727577345,False,True,False,True,False,17.81906944387233
2025-05-21 15:00:00+00:00,4.315,4.32,4.315,4.32,2221.0,4.317533589872287,,4.32086798142821,"rgba(239, 83, 80, 1.0)",0.3050656700827934,4.32086798142821,-0.002845228137186832,1,1.5052848921439588,1.5052848921439588,0.0,0.0,0.0,0.0,39.804596874667276,-4.599702727577345,False,True,False,True,False,18.174710581495628
2025-05-21 16:00:00+00:00,4.32,4.32,4.315,4.32,3342.0,4.3175395080344625,,4.3207034135505245,"rgba(239, 83, 80, 1.0)",0.304931686338652,4.3207034135505245,-0.0023067906093004998,1,1.5002628718538538,1.5002628718538538,0.0,0.0,0.0,0.0,40.8658085232442,-4.599702727577345,False,True,False,True,True,18.174710581495628
2025-05-21 17:00:00+00:00,4.315,4.32,4.31,4.315,7908.0,4.317495805451281,,4.321649024967362,"rgba(239, 83, 80, 1.0)",0.30461084315199033,4.321649024967362,-0.021827932645339963,1,1.495653642292598,1.495653642292598,0.0,0.0,0.0,0.0,39.1608891236096,-4.599702727577345,False,True,False,True,True,17.575191185380096
2025-05-21 18:00:00+00:00,4.315,4.315,4.31,4.31,485.0,4.31748965964508,,4.322842017985689,"rgba(239, 83, 80, 1.0)",0.3040501084829097,4.322842017985689,-0.04223651834813023,1,1.4923176461605643,1.4923176461605643,0.0,0.0,0.0,0.0,36.126638811495,-6.980443266816579,False,True,False,True,False,16.971337650184143
2025-05-21 19:00:00+00:00,4.31,4.315,4.31,4.31,3856.0,4.317441254586454,,4.323384831860066,"rgba(239, 83, 80, 1.0)",0.30338852086820167,4.323384831860066,-0.04411779266322703,1,1.4891284429939387,1.4891284429939387,0.0,0.0,0.0,0.0,34.10380527008527,-9.139598969429613,False,True,False,True,False,16.971337650184143
2025-05-22 14:00:00+00:00,4.325,4.33,4.32,4.32,441.0,4.31744685089822,,4.3247899404772685,"rgba(239, 83, 80, 1.0)",0.3030130672411993,4.3247899404772685,-0.015807702687143228,1,1.4851873319502116,1.4851873319502116,0.0,0.0,0.0,0.0,39.452819282588194,-9.139598969429613,False,True,False,True,True,17.749012089930606
2025-05-22 15:00:00+00:00,4.32,4.33,4.32,4.325,11576.0,4.3176305835678095,,4.326586360645838,"rgba(239, 83, 80, 1.0)",0.3020257879330459,4.326586360645838,-0.005252401315446082,1,1.4815173127370942,1.4815173127370942,0.0,0.0,0.0,0.0,45.330394077822376,-12.027521552023984,False,True,False,True,True,18.13780898148017
2025-05-22 16:00:00+00:00,4.325,4.325,4.315,4.315,2510.0,4.317634270707695,,4.326319315003551,"rgba(239, 83, 80, 1.0)",0.30051542809400505,4.326319315003551,-0.03766633571974158,1,1.4781865614931748,1.4781865614931748,0.0,0.0,0.0,0.0,44.712595213994945,-12.027521552023984,False,True,False,True,True,16.86462251474181
2025-05-22 17:00:00+00:00,4.32,4.32,4.315,4.315,4570.0,4.3176251148293625,,4.325832622011739,"rgba(239, 83, 80, 1.0)",0.2987986908566674,4.325832622011739,-0.036253913899961174,1,1.4751999812066763,1.4751999812066763,0.0,0.0,0.0,0.0,44.30072930477665,-12.027521552023984,False,True,False,True,True,16.86462251474181
2025-05-22 18:00:00+00:00,4.32,4.32,4.315,4.315,11.0,4.317625093000175,,4.325831614916046,"rgba(239, 83, 80, 1.0)",0.2957038480739917,4.325831614916046,-0.03662994237848187,1,1.4729512496195807,1.4729512496195807,0.0,0.0,0.0,0.0,44.02615203196446,-12.027521552023984,False,True,False,True,True,16.86462251474181
2025-05-22 19:00:00+00:00,4.315,4.32,4.31,4.31,119111.0,4.3167760504469195,,4.32020585565315,"rgba(239, 83, 80, 1.0)",0.29188133155738527,4.32020585565315,-0.034965770502330365,1,1.4712800457066706,1.4712800457066706,0.0,0.0,0.0,0.0,41.740424228615574,-12.027521552023984,False,True,False,True,False,16.20230901462808
2025-05-23 14:00:00+00:00,4.315,4.32,4.315,4.315,7897.0,4.3167746343334725,,4.320153244529696,"rgba(239, 83, 80, 1.0)",0.2880446349295752,4.320153244529696,-0.017890437469720417,1,1.4715494493522345,1.4715494493522345,0.0,0.0,0.0,0.0,43.15544514006713,-12.027521552023984,False,True,False,True,False,16.63171311177181
2025-05-23 15:00:00+00:00,4.315,4.32,4.315,4.315,7426.0,4.316773335730452,,4.320104015344532,"rgba(239, 83, 80, 1.0)",0.28285866970454976,4.320104015344532,-0.018044401290094523,1,1.4736597958174702,1.4736597958174702,0.0,0.0,0.0,0.0,44.09879241436818,-11.699712194504436,False,True,False,True,False,16.63171311177181
2025-05-23 16:00:00+00:00,4.315,4.32,4.315,4.315,2624.0,4.316772884302746,,4.320086724647861,"rgba(239, 83, 80, 1.0)",0.27552058833160753,4.320086724647861,-0.01846223064004964,1,1.4766490762696713,1.4766490762696713,0.0,0.0,0.0,0.0,44.72769059723554,-10.677735972340983,False,True,False,True,False,16.63171311177182
2025-05-23 17:00:00+00:00,4.315,4.32,4.315,4.315,7410.0,4.316771629887703,,4.320038291454119,"rgba(239, 83, 80, 1.0)",0.2661539045381477,4.320038291454119,-0.018929992640391108,1,1.48084299592219,1.48084299592219,0.0,0.0,0.0,0.0,45.14695605248044,-9.832610054688018,False,True,False,True,True,16.63171311177182
2025-05-23 18:00:00+00:00,4.315,4.315,4.315,4.315,0.0,4.316771629887703,,4.320038291454119,"rgba(239, 83, 80, 1.0)",0.25590723614918365,4.320038291454119,-0.019687960098093402,1,1.4832280601862617,1.4832280601862617,0.0,0.0,0.0,0.0,45.42646635597704,-9.109317441313173,False,True,False,True,True,16.63171311177182
2025-05-23 19:00:00+00:00,4.315,4.32,4.31,4.315,3941.0,4.316760571634016,,4.319798402079767,"rgba(239, 83, 80, 1.0)",0.24501976386545882,4.319798402079767,-0.019583734814150395,1,1.4872290527289391,1.4872290527289391,0.0,0.0,0.0,0.0,45.61280655830811,-8.476159229001532,False,True,False,True,True,16.63171311177182
2025-05-26 14:00:00+00:00,4.315,4.315,4.315,4.315,0.0,4.316760571634016,,4.319798402079767,"rgba(239, 83, 80, 1.0)",0.2312393167729531,4.319798402079767,-0.020750805471710942,1,1.490147513318764,1.490147513318764,0.0,0.0,0.0,0.0,45.73703335986215,-7.9148329497229355,False,True,False,True,True,16.63171311177183
2025-05-26 15:00:00+00:00,4.315,4.315,4.315,4.315,0.0,4.316760571634016,,4.319798402079767,"rgba(239, 83, 80, 1.0)",0.21718095581235497,4.319798402079767,-0.022094027820343184,1,1.4949936311075334,1.4949936311075334,0.0,0.0,0.0,0.0,45.819851227564854,-7.4144785506633895,False,True,False,True,True,16.63171311177182
2025-05-26 16:00:00+00:00,4.315,4.315,4.315,4.315,0.0,4.316760571634016,,4.319798402079767,"rgba(239, 83, 80, 1.0)",0.20140938096012123,4.319798402079767,-0.023824124064593454,1,1.49895545376881,1.49895545376881,0.0,0.0,0.0,0.0,45.87506313936665,-6.968191258844257,False,True,False,True,True,16.63171311177182
2025-05-26 17:00:00+00:00,4.315,4.315,4.315,4.315,0.0,4.316760571634016,,4.319798402079767,"rgba(239, 83, 80, 1.0)",0.1852749843336124,4.319798402079767,-0.025898812497680366,1,1.5046969267544898,1.5046969267544898,0.0,0.0,0.0,0.0,45.91187108056785,-6.571045692623656,False,True,False,True,True,16.63171311177182
2025-05-26 18:00:00+00:00,4.315,4.315,4.315,4.315,0.0,4.316760571634016,,4.319798402079767,"rgba(239, 83, 80, 1.0)",0.1681335805272147,4.319798402079767,-0.028539224970529957,1,1.510632253268114,1.510632253268114,0.0,0.0,0.0,0.0,45.93640970803531,-6.219028176962858,False,True,False,True,True,16.63171311177181
2025-05-26 19:00:00+00:00,4.315,4.315,4.315,4.315,0.0,4.316760571634016,,4.319798402079767,"rgba(239, 83, 80, 1.0)",0.14780221749180886,4.319798402079767,-0.03246502089884288,1,1.516180859176664,1.516180859176664,0.0,0.0,0.0,0.0,45.95276879301363,-5.908500996638708,False,True,False,True,True,16.63171311177182
2025-05-27 14:00:00+00:00,4.32,4.32,4.315,4.315,25726.0,4.316756895228443,,4.319260939614596,"rgba(239, 83, 80, 1.0)",0.12266283532990592,4.319260939614596,-0.034737005737193745,1,1.5202709500883231,1.5202709500883231,0.0,0.0,0.0,0.0,45.963674849665836,-5.6359671730443,False,True,False,True,True,16.63171311177182
2025-05-27 15:00:00+00:00,4.315,4.315,4.315,4.315,52904.0,4.316625986660339,,4.31867522315207,"rgba(239, 83, 80, 1.0)",0.08921464146793767,4.31867522315207,-0.041195291396092217,1,1.5239685608918196,1.5239685608918196,0.0,0.0,0.0,0.0,45.97094555410064,-5.397996087301564,False,True,False,True,True,16.63171311177181
2025-05-27 16:00:00+00:00,4.32,4.32,4.315,4.315,11058.0,4.316626610509461,,4.318243520679569,"rgba(239, 83, 80, 1.0)",0.00830336955376038,4.318243520679569,-0.3906270410545956,1,1.528262187439852,1.528262187439852,0.0,0.0,0.0,0.0,45.975792690390506,-5.191227754947512,False,False,False,True,True,16.63171311177181
2025-05-27 17:00:00+00:00,4.315,4.32,4.315,4.32,8541.0,4.316646589785622,,4.31831307909429,"rgba(239, 83, 80, 1.0)",0.008248395967483902,4.31831307909429,0.20451502478302935,1,1.5327722019456975,1.5327722019456975,0.0,0.0,0.0,0.0,54.09722037308492,2.2939675427720587,True,False,True,False,True,17.203216027470148
2025-05-27 18:00:00+00:00,4.32,4.32,4.315,4.315,17719.0,4.316647065802615,,4.317873576414024,"rgba(239, 83, 80, 1.0)",0.00828925278370017,4.317873576414024,-0.3466629006264414,1,1.5380746404692491,1.5380746404692491,0.0,0.0,0.0,0.0,51.620744801395176,4.006703802048406,True,False,True,False,False,16.29111293246904
2025-05-27 19:00:00+00:00,4.315,4.32,4.315,4.315,112558.0,4.316649631522209,,4.3173578503267205,"rgba(239, 83, 80, 1.0)",0.00834233747788736,4.3173578503267205,-0.2826366510549271,1,1.5443500892915998,1.5443500892915998,0.0,0.0,0.0,0.0,49.969761086935335,2.798312048026247,False,False,False,False,False,16.29111293246904
2025-05-28 14:00:00+00:00,4.315,4.32,4.315,4.315,5178.0,4.316649733488852,,4.317178074376278,"rgba(239, 83, 80, 1.0)",0.008405810945889007,4.317178074376278,-0.2591153179982704,1,1.5510656304020647,1.5510656304020647,0.0,0.0,0.0,0.0,48.86910527729544,1.9778386355868278,False,False,False,False,False,16.29111293246904
2025-05-28 15:00:00+00:00,4.315,4.32,4.315,4.315,12732.0,4.316649979095443,,4.3170328164436285,"rgba(239, 83, 80, 1.0)",0.008436300799019757,4.3170328164436285,-0.24096064045799215,1,1.5564724873051894,1.5564724873051894,0.0,0.0,0.0,0.0,48.13533473753551,1.372412549679538,False,False,False,True,False,16.29111293246904
2025-05-28 16:00:00+00:00,4.315,4.315,4.315,4.315,5.0,4.316649969697108,,4.316829162611144,"rgba(239, 83, 80, 1.0)",0.00838918222347978,4.316829162611144,-0.21803825002447483,1,1.5653838312248003,1.5653838312248003,0.0,0.0,0.0,0.0,47.64615437769556,0.8848075638035056,False,False,False,True,False,16.29111293246904
2025-05-28 17:00:00+00:00,4.315,4.32,4.315,4.315,66692.0,4.316651148690237,,4.316791143950106,"rgba(239, 83, 80, 1.0)",0.008442705684770152,4.316791143950106,-0.21215283547512367,1,1.5767007082384958,1.5767007082384958,0.0,0.0,0.0,0.0,47.32003413780226,0.4627614597921337,False,False,False,True,False,16.29111293246904
2025-05-28 18:00:00+00:00,4.315,4.315,4.315,4.315,16600.0,4.316622630136151,,4.316510999607453,"rgba(239, 83, 80, 1.0)",0.008493770902521175,4.316510999607453,-0.1778950274022561,1,1.5891437666109078,1.5891437666109078,0.0,0.0,0.0,0.0,47.10262064454006,0.07998766994099071,False,False,False,True,False,16.29111293246904
2025-05-28 19:00:00+00:00,4.315,4.32,4.315,4.315,44855.0,4.316624593709502,,4.316528080795704,"rgba(239, 83, 80, 1.0)",0.0085064893088002,4.316528080795704,-0.1796370676823207,1,1.609346179163358,1.609346179163358,0.0,0.0,0.0,0.0,46.957678315698594,-0.27538569684929115,True,False,False,True,False,16.29111293246904
2025-05-29 14:00:00+00:00,4.325,4.325,4.325,4.325,44.0,4.316624960031279,,4.31687681814742,"rgba(38, 166, 154, 1.0)",0.0085064893088002,4.31687681814742,0.9549394065747867,1,1.633575258521913,1.633575258521913,0.0,0.0,0.0,0.0,58.1193732685917,4.481621089635603,True,False,True,False,True,17.62536890724552
2025-05-29 15:00:00+00:00,4.325,4.325,4.32,4.325,178.0,4.31662614679583,,4.317081262447245,"rgba(38, 166, 154, 1.0)",0.0085064893088002,4.317081262447245,0.9309054846589659,1,1.6585833958025267,1.6585833958025267,0.0,0.0,0.0,0.0,65.5605032371871,10.766825785967157,True,False,True,False,True,17.62536890724552
2025-05-29 16:00:00+00:00,4.32,4.325,4.32,4.325,4124.0,4.316653525316483,,4.317461739925063,"rgba(38, 166, 154, 1.0)",0.0085064893088002,4.317461739925063,0.8861775758817947,1,1.692329973916206,1.692329973916206,0.0,0.0,0.0,0.0,70.52125654958405,14.68345869092434,True,False,True,False,True,17.62536890724552
2025-05-29 17:00:00+00:00,4.32,4.325,4.32,4.325,2284.0,4.316668592438531,,4.317897176035113,"rgba(38, 166, 154, 1.0)",0.0085064893088002,4.317897176035113,0.834988878142606,1,1.7408606556395831,1.7408606556395831,0.0,0.0,0.0,0.0,73.82842542451534,17.225185531947446,True,False,True,False,True,17.62536890724551
2025-05-29 18:00:00+00:00,4.325,4.325,4.315,4.315,5687.0,4.316677889972647,,4.317637285853395,"rgba(38, 166, 154, 1.0)",0.0084363007990199,4.317637285853395,-0.31261164297279204,1,1.8059299502481378,1.8059299502481378,0.0,0.0,0.0,0.0,62.530139532969194,20.488961320690223,True,False,True,False,False,15.398011637160511
2025-05-29 19:00:00+00:00,4.315,4.32,4.315,4.315,42956.0,4.316677435678048,,4.3168536878502985,"rgba(38, 166, 154, 1.0)",0.00843790247624203,4.3168536878502985,-0.21968585860259085,1,1.8821013246674483,1.8821013246674483,0.0,0.0,0.0,0.0,54.99794893860509,14.259209327151694,True,False,True,False,False,15.398011637160511
2025-05-30 14:00:00+00:00,4.325,4.325,4.32,4.32,214.0,4.316678441573288,,4.317142539994587,"rgba(38, 166, 154, 1.0)",0.008313670496085997,4.317142539994587,0.34370618931292124,1,1.969526443913727,1.969526443913727,0.0,0.0,0.0,0.0,54.81504731488525,14.259209327151694,True,False,True,False,False,16.134956935072687
2025-05-30 15:00:00+00:00,4.32,4.325,4.32,4.325,6438.0,4.316718562517247,,4.317943467319145,"rgba(38, 166, 154, 1.0)",0.0081859030662098,4.317943467319145,0.8620347228375697,1,2.090703224349011,2.090703224349011,0.0,0.0,0.0,0.0,57.938677681223496,14.259209327151694,True,False,True,False,False,16.868390490792642
2025-05-30 16:00:00+00:00,4.325,4.325,4.32,4.325,2377.0,4.316733253725989,,4.318057421905001,"rgba(38, 166, 154, 1.0)",0.00814120871122055,4.318057421905001,0.8527699437837084,1,2.2299732673548878,2.2299732673548878,0.0,0.0,0.0,0.0,60.021097925449,14.259209327151694,True,False,True,False,True,16.868390490792642
2025-05-30 17:00:00+00:00,4.325,4.325,4.32,4.325,584.0,4.316736853196768,,4.318084291784867,"rgba(38, 166, 154, 1.0)",0.00809571124367185,4.318084291784867,0.8542434391467171,1,2.4087340649264006,2.4087340649264006,0.0,0.0,0.0,0.0,61.409378088265996,14.259209327151694,True,False,True,False,True,16.86839049079263
2025-05-30 18:00:00+00:00,4.325,4.325,4.325,4.325,284.0,4.316739044110486,,4.318105968720914,"rgba(38, 166, 154, 1.0)",0.008049397045317578,4.318105968720914,0.8564655514286349,1,2.622843846601486,2.622843846601486,0.0,0.0,0.0,0.0,62.33489819681066,14.259209327151694,True,False,True,False,True,16.86839049079263
2025-05-30 19:00:00+00:00,4.325,4.325,4.32,4.32,4093.0,4.316757802012748,,4.318177610075043,"rgba(38, 166, 154, 1.0)",0.008044358999453372,4.318177610075043,0.22654259028976878,1,2.895055490213637,2.895055490213637,0.0,0.0,0.0,0.0,57.49477652881843,14.259209327151694,True,False,True,False,False,15.643949591996893
2025-06-02 14:00:00+00:00,4.325,4.325,4.32,4.325,37760.0,4.316980890838422,,4.319312849819915,"rgba(38, 166, 154, 1.0)",0.007996620908003639,4.319312849819915,0.7111941713271805,1,3.298346403263304,3.298346403263304,0.0,0.0,0.0,0.0,58.146556772177526,14.259209327151694,True,False,True,False,False,16.440372872965785
2025-06-02 15:00:00+00:00,4.325,4.325,4.32,4.325,12069.0,4.317049037236799,,4.319549231010916,"rgba(38, 166, 154, 1.0)",0.007948029389197446,4.319549231010916,0.685801312774836,1,3.9800582027604414,3.9800582027604414,0.0,0.0,0.0,0.0,58.58107693441692,14.259209327151694,True,False,True,False,False,16.440372872965796
2025-06-02 16:00:00+00:00,4.325,4.325,4.32,4.325,14062.0,4.317126615486135,,4.319783374068897,"rgba(38, 166, 154, 1.0)",0.007954261139203644,4.319783374068897,0.6558278436940471,2,2.7919521227275386,5.583904245455077,0.0,0.0,0.0,0.0,58.87075704257652,14.259209327151694,True,False,True,False,False,16.440372872965796
2025-06-02 17:00:00+00:00,4.325,4.325,4.32,4.325,3921.0,4.317147906813435,,4.319842291468574,"rgba(38, 166, 154, 1.0)",0.007905409255432046,4.319842291468574,0.6524277699958463,8,7.191798667313837,57.5343893385107,0.0,0.0,0.0,0.0,59.06387711468292,14.259209327151694,True,False,True,False,False,16.440372872965796
2025-06-02 18:00:00+00:00,4.325,4.325,4.32,4.325,15966.0,4.317233115787972,,4.320336861504399,"rgba(38, 166, 154, 1.0)",0.007855680219566421,4.320336861504399,0.5936008550840538,7,0.4058752963538817,2.8411270744771717,0.0,0.0,0.0,0.0,59.19262382942052,14.259209327151694,True,False,True,False,False,16.440372872965796
2025-06-02 19:00:00+00:00,4.325,4.33,4.32,4.325,14813.0,4.317331131093608,4.325,4.321335904097319,"rgba(38, 166, 154, 1.0)",0.007805057265599955,4.321335904097319,0.4694515079127186,7,0.40733072278415927,2.851315059489115,1.0,0.0,4.33,306.0,59.27845497257892,14.259209327151694,True,False,True,False,False,16.440372872965796
2025-06-03 14:00:00+00:00,4.325,4.33,4.325,4.325,2708.0,4.317352618854756,4.325257595647129,4.321842431548551,"rgba(38, 166, 154, 1.0)",0.007753522884308338,4.321842431548551,0.40724306854625303,7,0.4076201790660991,2.853341253462694,0.0,0.0,0.0,0.0,59.33567573468452,13.983736787026452,True,False,True,False,False,16.440372872965796
2025-06-03 15:00:00+00:00,4.325,4.325,4.325,4.325,0.0,4.317352618854756,4.325257595647129,4.321842431548551,"rgba(38, 166, 154, 1.0)",0.0077010587782903326,4.321842431548551,0.4100174459582966,7,0.4076201790660991,2.853341253462694,0.0,0.0,0.0,0.0,59.373822909421584,13.431390713098267,True,False,True,False,False,16.440372872965806
2025-06-03 16:00:00+00:00,4.325,4.325,4.325,4.325,11586.0,4.317427193917903,4.325155060065735,4.321935371020844,"rgba(38, 166, 154, 1.0)",0.007647645813377017,4.321935371020844,0.4007284141997655,7,0.40909452562498316,2.863661679374882,0.0,0.0,0.0,0.0,59.39925435924629,12.919146916612618,True,False,True,False,False,16.440372872965806
2025-06-03 17:00:00+00:00,4.325,4.325,4.325,4.325,168.0,4.317428264579145,4.32515417022488,4.321937409396548,"rgba(38, 166, 154, 1.0)",0.007492939619703429,4.321937409396548,0.40873018586708987,7,0.41397369107557586,2.897815837529031,0.0,0.0,0.0,0.0,59.41620865912943,12.452888786550794,True,False,True,False,False,16.440372872965806
2025-06-03 18:00:00+00:00,4.325,4.325,4.32,4.32,72719.0,4.317672686294693,4.322667673261826,4.321604595964012,"rgba(38, 166, 154, 1.0)",0.007319602214393538,4.321604595964012,-0.21921901177314249,7,0.4137255742534025,2.8960790197738175,0.0,0.0,0.0,0.0,51.1051337566487,4.542198214056498,False,True,False,False,False,14.963026761083011
2025-06-03 19:00:00+00:00,4.32,4.325,4.32,4.32,11482.0,4.317708725615628,4.3225663870186946,4.32167721284864,"rgba(38, 166, 154, 1.0)",0.00724537752611101,4.32167721284864,-0.2314872955336845,8,0.38838536632815146,3.1070829306252117,0.0,0.0,0.0,0.0,45.56441715499487,-0.325683334536933,False,True,False,True,False,14.963026761083011
2025-06-04 14:00:00+00:00,4.325,4.325,4.32,4.325,217.0,4.317709684643097,4.322567850849803,4.3218489340337936,"rgba(38, 166, 154, 1.0)",0.007183564825626826,4.3218489340337936,0.4386493395264469,8,0.38991825021047555,3.1193460016838044,0.0,0.0,0.0,0.0,49.4499341619456,-0.325683334536933,False,True,False,False,True,15.95629312626166
2025-06-04 15:00:00+00:00,4.325,4.325,4.32,4.32,1495.0,4.317714327384409,4.3225561545762865,4.32185345899723,"rgba(38, 166, 154, 1.0)",0.00710411630456939,4.32185345899723,-0.26089930369495157,9,0.39298352029477474,3.536851682652973,0.0,0.0,0.0,0.0,46.68437005466065,-0.325683334536933,False,True,False,True,False,14.446271707843088
2025-06-04 16:00:00+00:00,4.32,4.325,4.32,4.325,1029.0,4.317718861509499,4.322563035815185,4.3220893771179245,"rgba(38, 166, 154, 1.0)",0.006924301116093023,4.3220893771179245,0.42034897577041797,10,0.3783289053428519,3.7832890534285193,0.0,0.0,0.0,0.0,49.54967093343116,-0.325683334536933,False,True,False,False,True,15.45498944101924
2025-06-04 17:00:00+00:00,4.32,4.325,4.32,4.32,2155.0,4.317725521725469,4.32254671712905,4.322040219508054,"rgba(38, 166, 154, 1.0)",0.006716257001372909,4.322040219508054,-0.30377329331449054,11,0.37895638582056884,4.168520244026257,0.0,0.0,0.0,0.0,47.54154002927228,-0.325683334536933,False,True,False,True,True,13.943117387462607
2025-06-04 18:00:00+00:00,4.32,4.325,4.32,4.325,1686.0,4.31773291375109,4.322557763747522,4.3222571613658936,"rgba(38, 166, 154, 1.0)",0.006518856916352675,4.3222571613658936,0.42075453861031425,12,0.36997287213506574,4.439674465620789,0.0,0.0,0.0,0.0,49.83681016054481,-5.314735502757593,False,True,False,False,True,14.966991458343522
2025-06-04 19:00:00+00:00,4.325,4.325,4.32,4.325,40299.0,4.317903976380269,4.322752670603716,4.322738698005323,"rgba(38, 166, 154, 1.0)",0.006123356554691289,4.322738698005323,0.3692912497386192,13,0.3743269366657855,4.866250176655211,0.0,0.0,0.0,0.0,51.36699024805983,-4.6728275124567205,False,True,False,False,True,14.966991458343522
2025-06-05 14:00:00+00:00,4.325,4.325,4.32,4.325,2924.0,4.3179159825542826,4.322763068983328,4.3228800780053245,"rgba(38, 166, 154, 1.0)",0.005693365824782488,4.3228800780053245,0.37234951343684125,13,0.37593902885591785,4.887207375126932,0.0,0.0,0.0,0.0,52.38711030640318,-3.5139898009681403,False,True,True,False,True,14.966991458343522
2025-06-05 15:00:00+00:00,4.325,4.325,4.32,4.325,10908.0,4.31796030696507,4.322798779869376,4.323036302641213,"rgba(38, 166, 154, 1.0)",0.005445884469766647,4.323036302641213,0.3605837343206961,13,0.38107480399949273,4.953972451993406,0.0,0.0,0.0,0.0,53.06719034529875,-2.5770944636543334,False,True,True,False,True,14.966991458343522
2025-06-05 16:00:00+00:00,4.325,4.325,4.325,4.325,72.0,4.317960687131399,4.322799689354857,4.323184066859085,"rgba(38, 166, 154, 1.0)",0.004943828621810327,4.323184066859085,0.3673131250755957,13,0.38650238884967464,5.02453105504577,0.0,0.0,0.0,0.0,53.52057703789579,-1.7789132569711938,False,True,True,False,True,14.966991458343522
2025-06-05 17:00:00+00:00,4.325,4.325,4.32,4.32,1105.0,4.317963756103434,4.322792550057214,4.322856504371521,"rgba(38, 166, 154, 1.0)",0.004902656018570561,4.322856504371521,-0.5826442566439358,13,0.38836378023059565,5.048729142997743,0.0,0.0,0.0,0.0,49.14046896673476,-1.7789132569711938,False,True,False,False,False,13.328358449969134
2025-06-05 18:00:00+00:00,4.32,4.325,4.32,4.325,72.0,4.31796404582231,4.3227927719954256,4.322922979192033,"rgba(38, 166, 154, 1.0)",0.004902656018570561,4.322922979192033,0.42365215917644056,14,0.3910618499171621,5.474865898840269,0.0,0.0,0.0,0.0,50.69220602824983,-1.7789132569711938,False,True,False,False,False,14.45363813314911
2025-06-05 19:00:00+00:00,4.325,4.325,4.32,4.325,101651.0,4.318344103385068,4.322991078678692,4.323280430614277,"rgba(38, 166, 154, 1.0)",0.004902656018570561,4.323280430614277,0.35074240966724113,15,0.3863833861043524,5.795750791565286,0.0,0.0,0.0,0.0,51.72669740259322,-1.7789132569711938,False,True,False,False,True,14.45363813314911
2025-06-06 14:00:00+00:00,4.325,4.325,4.32,4.32,28.0,4.318344168165508,4.322990944859632,4.32315100724097,"rgba(38, 166, 154, 1.0)",0.004860207981353497,4.32315100724097,-0.6483276545074921,15,0.3864319456423181,5.796479184634771,0.0,0.0,0.0,0.0,48.441564523645894,-1.7789132569711938,False,True,False,True,False,12.785825665018383
2025-06-06 15:00:00+00:00,4.325,4.325,4.325,4.325,103.0,4.318344645498017,4.3229916913161635,4.323500043240675,"rgba(38, 166, 154, 1.0)",0.004902656018570561,4.323500043240675,0.3059477870043083,16,0.39211304025004556,6.273808644000729,0.0,0.0,0.0,0.0,50.11888324385249,-1.7789132569711938,False,True,False,False,False,13.947348263664427
2025-06-06 16:00:00+00:00,4.325,4.325,4.325,4.325,72.0,4.31834497912669,4.322992212781713,4.3236118064246805,"rgba(38, 166, 154, 1.0)",0.004915502228923435,4.3236118064246805,0.28241134082930774,17,0.38360421920636056,6.52127172650813,0.0,0.0,0.0,0.0,51.237095723990215,-1.7789132569711938,False,True,False,False,True,13.947348263664427
2025-06-06 17:00:00+00:00,4.32,4.325,4.32,4.325,141.0,4.318345468785352,4.322992386149689,4.32347313322192,"rgba(38, 166, 154, 1.0)",0.004924657577196645,4.32347313322192,0.31004526794931536,17,0.383515612227546,6.519765407868282,0.0,0.0,0.0,0.0,51.982570710748696,-1.7789132569711938,False,True,True,False,True,13.947348263664427
2025-06-06 18:00:00+00:00,4.325,4.325,4.32,4.325,83.0,4.318345756979192,4.322992488120805,4.323442727362381,"rgba(38, 166, 154, 1.0)",0.0049620178981951745,4.323442727362381,0.31383857728235964,17,0.38558924782509907,6.555017213026684,0.0,0.0,0.0,0.0,52.47955403525435,-1.7789132569711938,False,True,True,False,True,13.947348263664427
2025-06-06 19:00:00+00:00,4.325,4.325,4.325,4.325,7200.0,4.31837894274096,4.323043254798935,4.324119050276103,"rgba(38, 166, 154, 1.0)",0.004998197873470912,4.324119050276103,0.17625347099064226,17,0.3877172232674657,6.591192795546917,0.0,0.0,0.0,0.0,52.81087625159146,-1.433256410586111,False,True,True,False,True,13.947348263664427
2025-06-09 14:00:00+00:00,4.325,4.325,4.32,4.32,103.0,4.3183791772838225,4.323042756978994,4.323922945534402,"rgba(38, 166, 154, 1.0)",0.004965647758152441,4.323922945534402,-0.7900168770451999,17,0.39005672279472237,6.63096428751028,0.0,0.0,0.0,0.0,48.31661543886342,2.6354163936741912,False,True,False,True,False,12.147390433038176
2025-06-09 15:00:00+00:00,4.32,4.325,4.32,4.32,262.0,4.3183797737372,4.3230414923010185,4.323697198483655,"rgba(38, 166, 154, 1.0)",0.004827660541783364,4.323697198483655,-0.7658364650239811,18,0.40251689278534875,7.245304070136277,0.0,0.0,0.0,0.0,45.3204415637114,-0.18610442486981071,False,True,False,True,False,12.147390433038176
2025-06-09 16:00:00+00:00,4.325,4.325,4.32,4.32,615.0,4.3183811729591435,4.3230385327994325,4.323415960438561,"rgba(38, 166, 154, 1.0)",0.004681764509167848,4.323415960438561,-0.7296309824793464,18,0.40518332042715827,7.293299767688849,0.0,0.0,0.0,0.0,43.32299231361005,-2.0517689541886455,False,True,False,True,False,12.147390433038176
2025-06-09 17:00:00+00:00,4.32,4.325,4.32,4.32,289.0,4.318381830068344,4.323037146470386,4.323196391630209,"rgba(38, 166, 154, 1.0)",0.004681764509167848,4.323196391630209,-0.6827322527542643,18,0.4079935648387241,7.343884167097034,0.0,0.0,0.0,0.0,41.991359480209155,-3.350905832236691,False,True,False,True,False,12.147390433038176
2025-06-09 18:00:00+00:00,4.32,4.325,4.32,4.32,595.0,4.318383182112917,4.323034301067764,4.322939110689166,"rgba(38, 166, 154, 1.0)",0.0046479676853425685,4.322939110689166,-0.6323431848363286,18,0.4160339056058342,7.488610300905016,0.0,0.0,0.0,0.0,41.103604257941896,-4.31539750835357,False,True,False,True,False,12.147390433038176
2025-06-09 19:00:00+00:00,4.325,4.325,4.32,4.32,30558.0,4.318451154934412,4.322902521930516,4.321912082892333,"rgba(38, 166, 154, 1.0)",0.0046090392972536086,4.321912082892333,-0.4148549771472475,18,0.424797887200681,7.646361969612258,0.0,0.0,0.0,0.0,40.51176744309706,-5.08040190152586,False,True,False,True,False,12.147390433038176
2025-06-10 14:00:00+00:00,4.325,4.325,4.32,4.325,20186.0,4.318517017795706,4.3229283023640965,4.322512529768753,"rgba(38, 166, 154, 1.0)",0.004601214097556769,4.322512529768753,0.54061171214963,18,0.4278966249693389,7.7021392494481,0.0,0.0,0.0,0.0,47.176940321559044,-7.6102671453195825,False,True,False,False,True,13.551130728878675
2025-06-10 15:00:00+00:00,4.325,4.325,4.32,4.32,23985.0,4.318566708171605,4.32284455041714,4.3221468684899005,"rgba(38, 166, 154, 1.0)",0.00455892353348544,4.3221468684899005,-0.47091566114925637,19,0.42945686072352796,8.159680353747031,0.0,0.0,0.0,0.0,45.93317781718392,-7.6102671453195825,False,True,False,True,True,11.578048567001296
2025-06-10 16:00:00+00:00,4.32,4.325,4.32,4.325,610.0,4.318568619947737,4.322845374241197,4.322256492742359,"rgba(38, 166, 154, 1.0)",0.004423524337895023,4.322256492742359,0.6202084691019168,20,0.42806365942771685,8.561273188554336,0.0,0.0,0.0,0.0,49.643948908595995,-5.6039499465460665,False,True,False,False,True,12.987989107217455
2025-06-10 17:00:00+00:00,4.32,4.325,4.32,4.32,2450.0,4.318573602492558,4.322837448666965,4.322040662529532,"rgba(38, 166, 154, 1.0)",0.004375402169461198,4.322040662529532,-0.46639427657069904,21,0.4387816153861859,9.214413923109904,0.0,0.0,0.0,0.0,48.062814981427444,-5.6039499465460665,False,True,False,False,True,11.036272717571709
2025-06-10 18:00:00+00:00,4.32,4.325,4.32,4.32,789.0,4.31857520366543,4.322834918948327,4.321986841766629,"rgba(38, 166, 154, 1.0)",0.0043257036089049,4.321986841766629,-0.4593106570081059,22,0.44528548728794665,9.796280720334826,0.0,0.0,0.0,0.0,47.00872569664841,-5.6039499465460665,False,True,False,True,False,11.036272717571709
2025-06-10 19:00:00+00:00,4.32,4.325,4.32,4.32,7677.0,4.31859069703476,4.32281086360812,4.321899943201319,"rgba(38, 166, 154, 1.0)",0.004274373669983818,4.321899943201319,-0.44449628132907054,22,0.45800979921440454,10.0762155827169,0.0,0.0,0.0,0.0,46.30599950679572,-5.6039499465460665,False,True,False,True,False,11.036272717571709
2025-06-11 14:00:00+00:00,4.325,4.325,4.32,4.325,3810.0,4.3186024637767035,4.322816148716519,4.322255007176423,"rgba(38, 166, 154, 1.0)",0.0042468854512943644,4.322255007176423,0.6463543354437233,22,0.4836917582929167,10.641218682444167,0.0,0.0,0.0,0.0,50.11413740908987,-5.1480429950898525,False,False,False,False,True,12.50903389865821
2025-06-11 15:00:00+00:00,4.325,4.325,4.325,4.325,18.0,4.318602538764674,4.322816253078569,4.322401815158474,"rgba(38, 166, 154, 1.0)",0.004214945523508517,4.322401815158474,0.6164219269347131,23,0.5151705269898191,11.84892212076584,0.0,0.0,0.0,0.0,52.65289601061931,-2.6977202345582256,True,False,True,False,True,12.50903389865821
2025-06-11 16:00:00+00:00,4.325,4.325,4.325,4.325,87.0,4.318602901181752,4.322816757354567,4.322414637938784,"rgba(38, 166, 154, 1.0)",0.004178451801784639,4.322414637938784,0.6187368393509238,23,0.534352759667306,12.290113472348038,0.0,0.0,0.0,0.0,54.345401744972264,-1.0170393620720688,True,False,True,False,True,12.509033898658199
2025-06-11 17:00:00+00:00,4.325,4.325,4.32,4.325,119.0,4.318603267700223,4.322816920468385,4.32243584823801,"rgba(38, 166, 154, 1.0)",0.004137283784984305,4.32243584823801,0.6197669522444479,23,0.5779655005564968,13.293206512799426,0.0,0.0,0.0,0.0,55.47373890120757,0.2053938112267346,True,False,True,False,True,12.509033898658199
2025-06-11 18:00:00+00:00,4.325,4.325,4.325,4.325,93.0,4.318603655013973,4.322817459054228,4.322498455571543,"rgba(38, 166, 154, 1.0)",0.0040913003726339575,4.322498455571543,0.6114301568249395,23,0.5779655005564968,13.293206512799426,0.0,0.0,0.0,0.0,56.22596367203111,1.153351359487786,True,False,True,False,True,12.509033898658199
2025-06-11 19:00:00+00:00,4.325,4.325,4.32,4.325,6405.0,4.318623296089517,4.322826077883594,4.322653149840905,"rgba(38, 166, 154, 1.0)",0.004040337154829954,4.322653149840905,0.5808550299545672,23,0.5779655005564968,13.293206512799426,0.0,0.0,0.0,0.0,56.72744685258013,1.9328596920436496,True,False,True,False,True,12.509033898658199
2025-06-12 14:00:00+00:00,4.325,4.325,4.325,4.325,0.0,4.318623296089517,4.322826077883594,4.322653149840905,"rgba(38, 166, 154, 1.0)",0.00398420304129295,4.322653149840905,0.5890387951548036,23,0.5779655005564968,13.293206512799426,0.0,0.0,0.0,0.0,57.06176897294615,2.6034691840789037,True,False,True,False,True,12.50903389865821
2025-06-12 15:00:00+00:00,4.325,4.325,4.325,4.325,0.0,4.318623296089517,4.322826077883594,4.322653149840905,"rgba(38, 166, 154, 1.0)",0.003922676049301121,4.322653149840905,0.5982778413510409,23,0.5779655005564968,13.293206512799426,0.0,0.0,0.0,0.0,57.28465038652349,3.1976183657215103,True,False,True,False,True,12.50903389865821
2025-06-12 16:00:00+00:00,4.325,4.325,4.325,4.325,0.0,4.318623296089517,4.322826077883594,4.322653149840905,"rgba(38, 166, 154, 1.0)",0.0038554980048285917,4.322653149840905,0.608702210753612,22,0.5809600136690453,12.781120300718996,0.0,0.0,0.0,0.0,57.43323799557505,3.732439866261764,True,False,True,False,True,12.50903389865821
2025-06-12 17:00:00+00:00,4.325,4.325,4.325,4.325,7.0,4.318623325030072,4.322826117577091,4.322653960462234,"rgba(38, 166, 154, 1.0)",0.003782367817475952,4.322653960462234,0.6202568472919404,22,0.5820374876699422,12.80482472873873,0.0,0.0,0.0,0.0,57.53229640160942,4.216814047417998,True,False,True,False,True,12.509033898658199
2025-06-12 18:00:00+00:00,4.325,4.325,4.32,4.32,155.0,4.318623630839817,4.322825648994817,4.322615474628253,"rgba(38, 166, 154, 1.0)",0.0036980637739290998,4.322615474628253,-0.7072551443518936,22,0.586097589120155,12.89414696064341,0.0,0.0,0.0,0.0,49.31271052059698,3.0709300726440034,True,False,False,True,False,10.110633800325793
2025-06-12 19:00:00+00:00,4.325,4.33,4.325,4.325,2703.0,4.318637700208297,4.322852529912936,4.3233098635433675,"rgba(38, 166, 154, 1.0)",0.0036142859686849817,4.3233098635433675,0.46762665469095877,23,0.5824594957190005,13.39656840153701,0.0,0.0,0.0,0.0,51.13460466910307,3.0709300726440034,True,False,False,False,True,11.876009381060374
2025-06-13 14:00:00+00:00,4.335,4.335,4.33,4.33,495.0,4.318641872595644,4.322863811767301,4.323524443362123,"rgba(38, 166, 154, 1.0)",0.003710224489991783,4.323524443362123,1.7453274472595255,24,0.5619085873973635,13.485806097536724,0.0,0.0,0.0,0.0,56.39700620165462,1.7585353754002213,True,False,True,False,True,13.581069730399463
2025-06-13 15:00:00+00:00,4.33,4.335,4.33,4.335,450.0,4.318646148426637,4.322875980064242,4.323743421201451,"rgba(38, 166, 154, 1.0)",0.0038811162135949915,4.323743421201451,2.900345719903683,24,0.5416658119810881,12.999979487546113,0.0,0.0,0.0,0.0,62.46341405203487,7.042216419513551,True,False,True,False,True,15.228523428109241
2025-06-13 16:00:00+00:00,4.335,4.335,4.335,4.335,177.0,4.318648020343873,4.32288152009101,4.323840759750282,"rgba(38, 166, 154, 1.0)",0.004026936331329448,4.323840759750282,2.7711489160877645,24,0.533270371442645,12.79848891462348,0.0,0.0,0.0,0.0,66.50768595228837,10.397963879031714,True,False,True,False,True,15.228523428109241
2025-06-13 17:00:00+00:00,4.335,4.335,4.33,4.335,117.0,4.318649131383464,4.32288467610049,4.323892888025567,"rgba(38, 166, 154, 1.0)",0.004150328327444469,4.323892888025567,2.6762007962084224,24,0.5265430524727346,12.63703325934563,0.0,0.0,0.0,0.0,69.20386721912405,12.628260260043483,True,False,True,False,True,15.228523428109241
2025-06-13 18:00:00+00:00,4.335,4.335,4.33,4.335,121.0,4.318650280230495,4.322887938003535,4.323945737474142,"rgba(38, 166, 154, 1.0)",0.004253244654431552,4.323945737474142,2.5990187313442994,24,0.5086305771994253,12.207133852786207,0.0,0.0,0.0,0.0,71.0013213970145,14.2108269715808,True,False,True,False,True,15.228523428109241
2025-06-13 19:00:00+00:00,4.335,4.34,4.33,4.335,17437.0,4.318832560432372,4.323409377270927,4.32829689644481,"rgba(38, 166, 154, 1.0)",0.004337143162401816,4.32829689644481,1.5455112511153704,23,0.5022581591711176,11.551937660935705,0.0,0.0,0.0,0.0,72.19962418227479,15.423391276866411,True,False,True,False,True,15.228523428109241
2025-06-16 14:00:00+00:00,4.345,4.345,4.345,4.345,0.0,4.318832560432372,4.323409377270927,4.32829689644481,"rgba(38, 166, 154, 1.0)",0.004865765682400838,4.32829689644481,3.4327800895969864,23,0.464130896323303,10.67501061543597,0.0,0.0,0.0,0.0,76.85469345172682,19.893130308405773,True,False,True,False,True,18.57714189648104
2025-06-16 15:00:00+00:00,4.345,4.345,4.335,4.34,19494.0,4.319093144049787,4.324171214908653,4.332975609069828,"rgba(38, 166, 154, 1.0)",0.005078660531394455,4.332975609069828,1.3831188138584753,23,0.44644979250533084,10.268345227622609,0.0,0.0,0.0,0.0,74.10113924764755,19.893130308405773,True,False,True,False,True,15.9767079327079
2025-06-16 16:00:00+00:00,4.34,4.345,4.34,4.345,2732.0,4.31913489303158,4.324293743392898,4.334178779065169,"rgba(38, 166, 154, 1.0)",0.005482979396588196,4.334178779065169,1.9736023340820767,23,0.42070478185140836,9.676209982582392,0.0,0.0,0.0,0.0,74.2189117621634,19.893130308405773,True,False,True,False,True,17.604240853206793
2025-06-16 17:00:00+00:00,4.34,4.345,4.34,4.34,800.0,4.319146250867175,4.324326211974316,4.334917787526859,"rgba(38, 166, 154, 1.0)",0.005752398637997526,4.334917787526859,0.8834944851649376,23,0.4135479796418071,9.511603531761564,0.0,0.0,0.0,0.0,69.9913717722126,19.893130308405773,True,False,True,False,False,15.06992875673426
2025-06-16 18:00:00+00:00,4.34,4.345,4.34,4.34,2514.0,4.319181868452986,4.32442745916837,4.335747653200053,"rgba(38, 166, 154, 1.0)",0.006003002251905267,4.335747653200053,0.7083700157862663,23,0.4027819564375424,9.263984998063474,0.0,0.0,0.0,0.0,67.17301177891207,24.09333172416136,True,False,True,False,False,15.06992875673426
2025-06-16 19:00:00+00:00,4.345,4.345,4.34,4.345,2804.0,4.319224396835314,4.3245497835198154,4.33682342065705,"rgba(38, 166, 154, 1.0)",0.006417880428110984,4.33682342065705,1.2740311126918296,23,0.3855594010113011,8.867866223259925,0.0,0.0,0.0,0.0,67.60260971547893,24.09333172416136,True,False,True,False,False,16.73035445223997
2025-06-17 14:00:00+00:00,4.345,4.345,4.345,4.345,233.0,4.319228167853196,4.324560772529284,4.337465364178646,"rgba(38, 166, 154, 1.0)",0.00679692564315192,4.337465364178646,1.10853586120143,23,0.3710005096938259,8.533011722957996,0.0,0.0,0.0,0.0,67.88900833985684,24.09333172416136,True,False,True,False,False,16.73035445223998
2025-06-17 15:00:00+00:00,4.345,4.345,4.345,4.345,224.0,4.319231792169285,4.324571325941804,4.3380998197873595,"rgba(38, 166, 154, 1.0)",0.007027616052952903,4.3380998197873595,0.9818664196574763,23,0.35854224181784344,8.246471561810399,0.0,0.0,0.0,0.0,68.07994075610878,23.920297552740536,True,False,True,False,False,16.73035445223998
2025-06-17 16:00:00+00:00,4.345,4.345,4.34,4.34,1119.0,4.319247542203046,4.324615307388528,4.337869039153548,"rgba(38, 166, 154, 1.0)",0.007078708081877584,4.337869039153548,0.30103810212304377,23,0.3531801422502178,8.12314327175501,0.0,0.0,0.0,0.0,63.55062033977339,19.30470484747626,True,False,True,False,False,14.107285902594427
2025-06-17 17:00:00+00:00,4.345,4.345,4.34,4.345,421.0,4.319253902187834,4.324633407599665,4.337931891868008,"rgba(38, 166, 154, 1.0)",0.007347243155246026,4.337931891868008,0.9620081958149074,23,0.3432925445826932,7.895728525401943,0.0,0.0,0.0,0.0,63.363197834769394,18.850646947750064,True,False,True,False,False,15.833699731776324
2025-06-17 18:00:00+00:00,4.345,4.345,4.34,4.345,8997.0,4.319389020175767,4.325012020844631,4.338705604689823,"rgba(38, 166, 154, 1.0)",0.007633496595309063,4.338705604689823,0.8245756360257095,23,0.33465252107900456,7.697007984817105,0.0,0.0,0.0,0.0,63.23824949810007,18.348048827606235,True,False,True,False,False,15.833699731776324
2025-06-17 19:00:00+00:00,4.345,4.345,4.34,4.34,24248.0,4.319720911333836,4.325873798320582,4.339261841036172,"rgba(38, 166, 154, 1.0)",0.007770352526024884,4.339261841036172,0.09499684362526982,23,0.33133357108455763,7.620672134944826,0.0,0.0,0.0,0.0,59.14195850211472,14.215299096615496,False,False,True,False,False,13.22911001557457
2025-06-18 14:00:00+00:00,4.345,4.345,4.34,4.345,52288.0,4.320455865793198,4.327626378295638,4.341003085076517,"rgba(38, 166, 154, 1.0)",0.008025859107580632,4.341003085076517,0.49800462105140275,23,0.3243136602539162,7.459214185840073,0.0,0.0,0.0,0.0,59.30458230601877,14.167918066726472,False,False,True,False,False,14.985112941499793
2025-06-18 15:00:00+00:00,4.345,4.345,4.345,4.345,3253.0,4.320503301947698,4.327734201904266,4.34110088497915,"rgba(38, 166, 154, 1.0)",0.008264762931060057,4.34110088497915,0.47177578514635954,23,0.3181179645315873,7.316713184226508,0.0,0.0,0.0,0.0,59.41299817528814,13.95823899886689,False,False,True,False,False,14.985112941499793
2025-06-18 16:00:00+00:00,4.345,4.345,4.345,4.345,0.0,4.320503301947698,4.327734201904266,4.34110088497915,"rgba(38, 166, 154, 1.0)",0.008442705684766835,4.34110088497915,0.4618323990476839,23,0.3126403543267019,7.190728149514143,0.0,0.0,0.0,0.0,59.48527542146772,13.65235357695876,False,False,True,False,False,14.985112941499793
2025-06-18 17:00:00+00:00,4.345,4.345,4.345,4.345,0.0,4.320503301947698,4.327734201904266,4.34110088497915,"rgba(38, 166, 154, 1.0)",0.008651407217739727,4.34110088497915,0.45069142195205464,23,0.3077951424531225,7.079288276421818,0.0,0.0,0.0,0.0,59.5334602522541,13.296649657028006,False,False,True,False,False,14.985112941499793
2025-06-18 18:00:00+00:00,4.345,4.345,4.345,4.345,0.0,4.320503301947698,4.327734201904266,4.34110088497915,"rgba(38, 166, 154, 1.0)",0.008847048675721182,4.34110088497915,0.4407249427201262,23,0.3035125325314979,6.980788248224452,0.0,0.0,0.0,0.0,59.56558347277836,12.922968822954758,False,False,True,False,False,14.985112941499793
2025-06-18 19:00:00+00:00,4.345,4.35,4.34,4.345,3948.0,4.320560627057775,4.327863277561489,4.341820912541612,"rgba(38, 166, 154, 1.0)",0.00903047892140038,4.341820912541612,0.3520397407554631,23,0.299735273700343,6.8939112951078885,0.0,0.0,0.0,0.0,59.58699895312786,12.55251584238976,False,False,True,False,False,14.985112941499793
2025-06-19 14:00:00+00:00,4.345,4.345,4.345,4.345,0.0,4.320560627057775,4.327863277561489,4.341820912541612,"rgba(38, 166, 154, 1.0)",0.009202428195046632,4.341820912541612,0.3454618054068233,23,0.2964161652413283,6.817571800550551,0.0,0.0,0.0,0.0,59.601275940027534,12.198804037423635,False,False,True,False,False,14.985112941499793
2025-06-19 15:00:00+00:00,4.345,4.345,4.345,4.345,0.0,4.320560627057775,4.327863277561489,4.341820912541612,"rgba(38, 166, 154, 1.0)",0.009363529018269642,4.341820912541612,0.33951808684360246,22,0.2968452957147264,6.530596505723981,0.0,0.0,0.0,0.0,59.61079393129398,11.869859877126778,False,False,True,False,False,14.985112941499793
2025-06-19 16:00:00+00:00,4.345,4.345,4.345,4.345,0.0,4.320560627057775,4.327863277561489,4.341820912541612,"rgba(38, 166, 154, 1.0)",0.009514332479098145,4.341820912541612,0.33413667909667233,21,0.29371743502287295,6.168066135480332,0.0,0.0,0.0,0.0,59.61713925880495,11.569861322555013,False,False,True,False,False,14.985112941499782
2025-06-19 17:00:00+00:00,4.345,4.345,4.345,4.345,0.0,4.320560627057775,4.327863277561489,4.341820912541612,"rgba(38, 166, 154, 1.0)",0.009655321083502198,4.341820912541612,0.32925755973247645,21,0.2915199545907305,6.12191904640534,0.0,0.0,0.0,0.0,59.62136947714559,11.300345595646775,False,False,True,False,False,14.985112941499793
2025-06-19 18:00:00+00:00,4.345,4.345,4.345,4.345,0.0,4.320560627057775,4.327863277561489,4.341820912541612,"rgba(38, 166, 154, 1.0)",0.009786919013871428,4.341820912541612,0.32483026107415464,21,0.28966130334291246,6.082887370201162,0.0,0.0,0.0,0.0,59.62418962270602,11.061091306063908,False,False,True,False,False,14.985112941499793
2025-06-19 19:00:00+00:00,4.345,4.345,4.345,4.345,0.0,4.320560627057775,4.327863277561489,4.341820912541612,"rgba(38, 166, 154, 1.0)",0.009909500401054035,4.341820912541612,0.32081208231742103,21,0.2881233954475657,6.05059130439888,0.0,0.0,0.0,0.0,59.626069719746305,10.850755706982198,False,True,True,False,False,14.985112941499793
2025-06-20 14:00:00+00:00,4.345,4.35,4.345,4.345,100.0,4.320562174361088,4.32786683743402,4.341828673535234,"rgba(38, 166, 154, 1.0)",0.010023396054669191,4.341828673535234,0.3163924130572673,21,0.2868917220999977,6.024726164099952,0.0,0.0,0.0,0.0,59.62732311777316,10.667328959804223,False,True,True,False,False,14.985112941499793
2025-06-20 15:00:00+00:00,4.345,4.345,4.345,4.345,12.0,4.320562348171257,4.327867226664848,4.341828946343065,"rgba(38, 166, 154, 1.0)",0.010070472402757533,4.341828946343065,0.31488628637387667,21,0.2859549557925288,6.005054071643104,0.0,0.0,0.0,0.0,59.62815871645773,10.508452591744927,False,True,True,False,False,14.985112941499793
2025-06-20 16:00:00+00:00,4.345,4.345,4.345,4.345,0.0,4.320562348171257,4.327867226664848,4.341828946343065,"rgba(38, 166, 154, 1.0)",0.01010619291006358,4.341828946343065,0.3137733155456836,21,0.28530465264448435,5.991397705534172,0.0,0.0,0.0,0.0,59.62871578224745,10.371637950386045,False,True,True,False,False,14.985112941499793
2025-06-20 17:00:00+00:00,4.345,4.345,4.345,4.345,0.0,4.320562348171257,4.327867226664848,4.341828946343065,"rgba(38, 166, 154, 1.0)",0.01019317913612741,4.341828946343065,0.311095646862111,21,0.2849350370044937,5.983635777094367,0.0,0.0,0.0,0.0,59.62908715944059,10.254411685997852,False,True,True,False,False,14.985112941499793
2025-06-20 18:00:00+00:00,4.345,4.345,4.345,4.345,0.0,4.320562348171257,4.327867226664848,4.341828946343065,"rgba(38, 166, 154, 1.0)",0.010208634395280108,4.341828946343065,0.31062466674299205,20,0.25439413453072224,5.087882690614444,0.0,0.0,0.0,0.0,59.62933474423602,10.154408557598487,False,True,True,False,False,14.985112941499793
2025-06-20 19:00:00+00:00,4.345,4.345,4.345,4.345,146.0,4.320564462663632,4.327871960890449,4.341832266664695,"rgba(38, 166, 154, 1.0)",0.010278991081713,4.341832266664695,0.3081755115967024,20,0.2517769637037523,5.035539274075046,0.0,0.0,0.0,0.0,59.629499800766304,10.069426710802631,False,True,True,False,False,14.985112941499803
