date,Close,High,Low,Open,Volume,aVWAP_BoS_CHoCH_bull_31,aVWAP_BoS_CHoCH_bull_82,aVWAP_BoS_CHoCH_bull_109,aVWAP_BoS_CHoCH_bull_165,aVWAP_BoS_CHoCH_bear_24,aVWAP_BoS_CHoCH_bear_73,aVWAP_BoS_CHoCH_bear_159,Peaks_Valleys_avg,color,StDev,StDev_Mean,StdDev_ZScore,MA_Cross_Count,MA_Avg_Deviation_Z,MA_Oscillation_Score,BoS,CHoCH,BoS_CHoCH_Price,BoS_CHoCH_Break_Index,QQEMOD,QQE1_Value,QQE1_Above_Upper,QQE1_Below_Lower,QQE2_Above_Threshold,QQE2_Below_Threshold,QQE2_Above_TL,banker_RSI
2021-12-31 00:00:00+00:00,24.1032937237,24.1032937237,24.0499481825,24.0766209531,1408825,,,,,,,,,#000000,,,,0,,,0.0,0.0,0.0,0.0,,,False,False,False,False,False,
2022-01-07 00:00:00+00:00,23.9165843293,24.0944028002,23.9076934058,24.0766209531,2480237,,,,,,,,,"rgba(239, 83, 80, 0.5)",,,,0,,,0.0,0.0,0.0,0.0,0.0,,False,False,False,True,False,
2022-01-14 00:00:00+00:00,23.8187841704,23.9180068771,23.8010912325,23.9165843293,2576272,,,,,,,,,"rgba(239, 83, 80, 0.5)",,,,0,,,0.0,0.0,0.0,0.0,0.0,-50.0,False,False,False,True,True,
2022-01-21 00:00:00+00:00,23.7120930879,23.8276750939,23.689865779,23.8276750939,1641953,,,,,,,,,"rgba(239, 83, 80, 0.5)",,,,0,,,0.0,0.0,0.0,0.0,0.0,-50.0,False,False,False,True,True,
2022-01-28 00:00:00+00:00,23.3734178969,23.7475351041,23.3021574765,23.7029973413,3159942,,,,,,,,,"rgba(239, 83, 80, 0.5)",,,,0,,,0.0,0.0,0.0,0.0,0.0,-50.0,False,False,False,True,True,
2022-02-04 00:00:00+00:00,23.4892160801,23.5337538428,23.311065029,23.3377876867,2860256,,,,,,,,,"rgba(239, 83, 80, 0.5)",,,,0,,,0.0,0.0,0.0,0.0,4.4348254429755185,-45.80770407343721,False,False,False,True,True,
2022-02-11 00:00:00+00:00,23.1507290831,23.4892160801,23.1061913203,23.4446783173,2080569,,,,,,,,,"rgba(239, 83, 80, 0.5)",,,,0,,,0.0,0.0,0.0,0.0,6.151885982560719,-44.36644241942011,False,False,False,True,True,
2022-02-18 00:00:00+00:00,23.132913978,23.1517089139,22.9547629269,23.1240064254,2538146,,,,,,,,,"rgba(239, 83, 80, 0.5)",,,,0,,,0.0,0.0,0.0,0.0,7.3243090719662485,-43.46119585819858,False,False,False,True,True,
2022-02-25 00:00:00+00:00,23.1147514783,23.2263091592,23.0433545626,23.1147514783,4868658,,,,,,,,,"rgba(239, 83, 80, 0.5)",,,,0,,,0.0,0.0,0.0,0.0,8.104909473607218,-42.9155680558794,False,False,False,True,True,
2022-03-04 00:00:00+00:00,23.052279177,23.2753945388,23.0165807191,23.1682991651,2529770,,,,,,,,,"rgba(239, 83, 80, 0.5)",,,,0,,,0.0,0.0,0.0,0.0,8.47076179653071,-42.733679216823305,False,False,False,True,True,
2022-03-11 00:00:00+00:00,22.7399176706,23.070128406,22.7131438272,23.0344299481,2441389,,,,,,,,,"rgba(239, 83, 80, 0.5)",,,,0,,,0.0,0.0,0.0,0.0,8.02595839033552,-42.733679216823305,False,False,False,True,True,
2022-03-18 00:00:00+00:00,22.6506715259,22.6863699837,22.4186315496,22.6506715259,3454860,,,,,,,,,"rgba(239, 83, 80, 0.5)",,,,0,,,0.0,0.0,0.0,0.0,7.560880807315098,-42.733679216823305,False,False,False,True,False,
2022-03-25 00:00:00+00:00,22.2124632968,22.5969785632,22.1766944348,22.5969785632,2782621,,,,,,,,,"rgba(239, 83, 80, 0.5)",,,,0,,,0.0,0.0,0.0,0.0,6.713466653133917,-41.706839144412584,False,False,False,True,False,
2022-04-01 00:00:00+00:00,22.2840010208,22.3108276673,22.1319833573,22.2482321588,5525253,,,,,,,,,"rgba(239, 83, 80, 0.5)",,,,0,,,0.0,0.0,0.0,0.0,7.3887996198688075,-41.706839144412584,False,False,False,True,False,
2022-04-08 00:00:00+00:00,21.9799656938,22.3018854518,21.945448742,22.2571743743,4621038,,,,,,,,,"rgba(239, 83, 80, 0.5)",,,,0,,,0.0,0.0,0.0,0.0,7.414135356601559,-41.706839144412584,False,False,False,True,False,
2022-04-15 00:00:00+00:00,21.6938147979,21.9978501248,21.6938147979,21.9978501248,3511052,,,,,,,,,"rgba(239, 83, 80, 0.5)",,,,0,,,0.0,0.0,0.0,0.0,7.109857552964013,-41.706839144412584,False,False,False,True,False,
2022-04-22 00:00:00+00:00,21.4069710569,21.7743573329,21.398010416,21.7026722059,4426907,,,,,,,,,"rgba(239, 83, 80, 0.5)",,,,0,,,0.0,0.0,0.0,0.0,6.639524809154791,-41.706839144412584,False,False,False,True,False,
2022-04-29 00:00:00+00:00,21.2904827255,21.4920971452,21.2815220846,21.4517742613,4646525,,,,,,,,,"rgba(239, 83, 80, 0.5)",,,,0,,,0.0,0.0,0.0,0.0,6.2142647481791276,-41.99815443441961,False,False,False,True,False,
2022-05-06 00:00:00+00:00,21.1023092671,21.3441569644,21.0575060627,21.2636008029,6159688,,,,,,,,,"rgba(239, 83, 80, 0.5)",,,,0,,,0.0,0.0,0.0,0.0,5.777908529026395,-42.4303435474496,False,False,False,True,False,
2022-05-13 00:00:00+00:00,20.743883632,21.0884202737,20.7349229911,21.0664667036,7133904,,,,,,,,,"rgba(239, 83, 80, 0.5)",,,,0,,,0.0,0.0,0.0,0.0,5.258238782655379,-42.9463994752458,False,False,False,True,False,
2022-05-20 00:00:00+00:00,20.8245293999,20.8782932451,20.591552737,20.7797261955,5679436,,,,,,,,,"rgba(239, 83, 80, 0.5)",,20.764791794,,0,,,0.0,0.0,0.0,0.0,5.87737063467617,-42.9463994752458,False,False,False,True,False,
2022-05-27 00:00:00+00:00,21.7136801018,21.8034802677,20.8785385595,20.8785385595,5899098,,,,,,,,,"rgba(239, 83, 80, 0.5)",,21.12165659033952,,0,,,0.0,0.0,0.0,0.0,14.22549898239564,-38.013351384119815,False,False,False,True,True,
2022-06-03 00:00:00+00:00,21.7406201516,21.8214403008,21.6328599526,21.731640135,3898800,,,,,,,,,"rgba(239, 83, 80, 0.5)",,21.503476963897924,,0,,,0.0,0.0,0.0,0.0,20.366654187520865,-32.50604078422037,False,False,False,True,True,
2022-06-10 00:00:00+00:00,21.1838591233,21.7585801848,21.1838591233,21.6328599526,5274515,,,,,,,,,"rgba(239, 83, 80, 0.5)",,21.413793765765675,,0,,,0.0,0.0,0.0,0.0,22.962569881876853,-30.492490646342,False,False,False,True,True,
2022-06-17 00:00:00+00:00,20.7258782775,20.9952787751,20.45647778,20.9862987585,6729156,,,,,,,,20.725878277533337,"rgba(239, 83, 80, 0.5)",,21.024591409647112,,0,,,-1.0,0.0,20.456478,38.0,23.689817274819546,-30.196902903625613,False,False,False,True,True,
2022-06-24 00:00:00+00:00,20.9338661873,20.9684259664,20.5288687761,20.717867568,5537022,,,,,,,,20.7640259814003,"rgba(239, 83, 80, 0.5)",,20.98526522629652,,0,,,0.0,0.0,0.0,0.0,25.511373661719716,-28.74472229855036,False,False,False,True,True,
2022-07-01 00:00:00+00:00,21.2398642313,21.4018631958,20.8438667626,20.9248662448,4918090,,,,,,,,20.877886331495453,"rgba(239, 83, 80, 0.5)",,21.030277687797255,,0,,,0.0,0.0,0.0,0.0,28.56994481580186,-26.069718588037567,False,False,False,True,True,
2022-07-08 00:00:00+00:00,21.329863656,21.4558628506,21.3028638286,21.3028638286,2851756,,,,,,,,20.946913818859684,"rgba(239, 83, 80, 0.5)",,21.06763136099614,,0,,,0.0,0.0,0.0,0.0,31.24612590658927,-23.761065233950383,False,False,False,True,True,
2022-07-15 00:00:00+00:00,21.5278623904,21.5817720458,21.3208637136,21.4378629657,5808971,,,,,,,,21.0660194139401,"rgba(239, 83, 80, 0.5)",,21.141104037142842,,0,,,0.0,0.0,0.0,0.0,34.21756805299823,-21.15527489176334,False,False,False,True,True,
2022-07-22 00:00:00+00:00,21.6551341095,21.664153324,21.429653746,21.5108266768,3485148,,,,,,,,21.12744719227823,"rgba(239, 83, 80, 0.5)",,21.183102071500745,,0,,,0.0,0.0,0.0,0.0,36.99920881703913,-18.721756598601438,False,False,False,True,True,
2022-07-29 00:00:00+00:00,21.8174799712,21.8625760439,21.5018074623,21.5739611786,3374852,,,,,,,,21.189345179473218,"rgba(239, 83, 80, 0.5)",,21.228403743291704,,0,,,0.0,0.0,0.0,0.0,39.80702001442794,-16.244638758217178,False,False,False,True,True,
2022-08-05 00:00:00+00:00,21.7272878258,21.9584502944,21.6912109676,21.8174799712,2576526,,,,,21.792316362599998,,,21.512847550451774,"rgba(239, 83, 80, 0.5)",,21.394490208217007,,0,,,0.0,1.0,21.95845,66.0,41.416429006149215,-14.881874253864687,False,False,False,True,True,
2022-08-12 00:00:00+00:00,21.7723838985,21.8625760439,21.6821917531,21.7723838985,2537390,,,,,21.78242640056646,,,21.52598434740358,"rgba(239, 83, 80, 0.5)",,21.413084616007836,,0,,,0.0,0.0,0.0,0.0,42.809430445791996,-13.655478777656377,False,False,False,True,True,
2022-08-19 00:00:00+00:00,21.3755384587,21.8174799712,21.3755384587,21.7633646839,2962710,,,,,21.687208076138965,,,21.487576438812205,"rgba(239, 83, 80, 0.5)",,21.399807745207827,,0,,,0.0,0.0,0.0,0.0,42.10701689729199,-13.655478777656377,False,False,False,True,True,
2022-08-26 00:00:00+00:00,21.1959875113,21.4219575274,21.1417547075,21.3677247236,3596642,,,,,21.553496411916928,,,21.419314005585306,"rgba(239, 83, 80, 0.5)",,21.363818278758092,,0,,,0.0,0.0,0.0,0.0,40.93005832199856,-13.655478777656377,False,False,False,True,True,
2022-09-02 00:00:00+00:00,20.8977070901,21.205026312,20.771163881,21.1417547075,3346932,,,,,21.42079507688656,,,21.341491391090685,"rgba(239, 83, 80, 0.5)",,21.315428372635793,,0,,,0.0,0.0,0.0,0.0,39.06472094718693,-13.655478777656377,False,False,False,True,False,
2022-09-09 00:00:00+00:00,20.7350086785,20.8977070901,20.7350086785,20.8977070901,2327838,,,,,21.33605036648415,,,21.28812127887355,"rgba(239, 83, 80, 0.5)",,21.279693582729887,,0,,,0.0,0.0,0.0,0.0,37.21840209481432,-13.655478777656377,False,False,False,True,False,
2022-09-16 00:00:00+00:00,20.5994266688,20.9067458907,20.5994266688,20.7892414823,3430353,,,,,21.23135145887282,,,21.21850807646494,"rgba(239, 83, 80, 0.5)",,21.2304872394249,,0,,,0.0,0.0,0.0,0.0,35.48412262313244,-7.962753082755569,False,False,False,True,False,
2022-09-23 00:00:00+00:00,20.3020759561,20.6780403257,20.2658384266,20.6191543401,3990391,,,,,21.099883887002687,,,21.1253375049452,"rgba(239, 83, 80, 0.5)",,21.160949785982623,,0,,,0.0,0.0,0.0,0.0,33.40108935371475,-10.03684314623591,False,False,False,True,False,
2022-09-30 00:00:00+00:00,20.003116337,20.2930165737,19.9849975722,20.229600897,4834384,,,,,20.93556936191544,,,21.002171687446666,"rgba(239, 83, 80, 0.5)",,21.06465848196379,,0,,,0.0,0.0,0.0,0.0,31.16634714485516,-12.24505805319098,False,False,False,True,False,
2022-10-07 00:00:00+00:00,20.4107885449,20.4651448393,20.0665320138,20.0665320138,9059529,,,,,20.789958192520967,,,20.881469837435763,"rgba(239, 83, 80, 0.5)",,20.961455670640603,,0,,,0.0,0.0,0.0,0.0,32.106821402387325,-12.24505805319098,False,False,False,True,False,
2022-10-14 00:00:00+00:00,20.3020759561,20.4651448393,20.1480664554,20.3836103977,9574579,,,,,20.693718223456862,,,20.793848089586387,"rgba(239, 83, 80, 0.5)",,20.88077041387528,,0,,,0.0,0.0,0.0,0.0,32.45406608227674,-12.24505805319098,False,False,False,True,False,
2022-10-21 00:00:00+00:00,20.0121757194,20.4379666921,19.9587253632,20.3654916329,5781773,,,,,20.63405542080602,,,20.738759654845076,"rgba(239, 83, 80, 0.5)",,20.82952815092277,,0,,,0.0,0.0,0.0,0.0,31.882630477330558,-12.24505805319098,False,False,False,True,False,
2022-10-28 00:00:00+00:00,19.751269456,19.8965661508,19.6604590217,19.878404064,5993220,19.76943154283333,,,,20.547708389157584,,,20.36372621530201,"rgba(239, 83, 80, 0.5)",,20.48324790531486,,0,,,0.0,0.0,0.0,0.0,30.80763244390848,-13.049856389513465,False,False,False,True,False,
2022-11-04 00:00:00+00:00,19.8057557166,20.0359601675,19.7058642389,19.7694315429,5294904,19.806845309784926,,,,20.49107494616167,,,20.340665372811443,"rgba(239, 83, 80, 0.5)",,20.453693557418227,,0,,,0.0,0.0,0.0,0.0,30.386002167003287,-13.663681891251379,False,False,False,True,False,
2022-11-11 00:00:00+00:00,20.4141856262,20.4141856262,19.7694315429,19.8239178034,7592056,19.964645287913676,,,,20.4606848060143,,,20.3705588843455,"rgba(239, 83, 80, 0.5)",,20.466299128987238,,0,,,0.0,0.0,0.0,0.0,33.47379122622904,-13.663681891251379,False,False,False,True,False,
2022-11-18 00:00:00+00:00,20.7683463199,20.8137515371,20.2416458011,20.3596993657,7247393,20.143078438467978,,,,20.473998303645537,,,20.432795451494183,"rgba(239, 83, 80, 0.5)",,20.510814580344757,,0,,,0.0,0.0,0.0,0.0,37.27151224860864,-18.668813414962962,False,False,False,True,True,
2022-11-25 00:00:00+00:00,20.9082693421,20.9719863144,20.7307720621,20.8081426713,3593085,20.231001184066205,,,,20.491004557113644,,,20.469716087963537,"rgba(239, 83, 80, 0.5)",,20.539402274851994,,0,,,0.0,0.0,0.0,0.0,40.570742070063645,-15.504102030396666,False,False,False,True,True,
2022-12-02 00:00:00+00:00,21.2086493544,21.3178784498,20.8929772688,20.9082693421,6027098,20.384231239150118,,,,20.53456815390698,,,20.542739959281068,"rgba(239, 83, 80, 0.5)",,20.598649741874464,,0,,,0.0,0.0,0.0,0.0,44.11878587050772,-12.15816311446261,False,False,False,True,True,
2022-12-09 00:00:00+00:00,21.2359566283,21.3543791725,21.1995469298,21.1995469298,6348771,20.516806777018147,,,,20.582703069740322,,,20.61207578387094,#000000,,20.65636708195039,,0,,,0.0,0.0,0.0,0.0,46.758858600185036,-9.719128586502343,False,False,False,False,True,0.0
2022-12-16 00:00:00+00:00,21.3633905729,21.4726196683,21.217751779,21.2996736006,8719830,20.659993703760797,,,,20.64662835891954,,,20.694100049436837,#000000,,20.858388538760963,,0,,,0.0,0.0,0.0,0.0,49.14936940816321,-7.5120501617331,False,False,False,False,True,0.0
2022-12-23 00:00:00+00:00,21.15882076,21.3139307009,21.0310831616,21.3048065867,6589870,20.71830326971298,,,,20.67745985648742,,,20.729792095511876,#000000,,20.86543178911789,,0,,,0.0,0.0,0.0,0.0,49.89356255938548,-6.844910811083004,False,False,False,False,True,0.0
2022-12-30 00:00:00+00:00,20.9307179058,21.1132001892,20.9215937916,21.0675796183,4656734,20.738577080875935,,,,20.689937670125616,,,20.7427425338439,#000000,,20.858594347222073,,0,,,0.0,0.0,0.0,0.0,49.41823599331937,-6.844910811083004,False,False,False,False,True,0.0
2023-01-06 00:00:00+00:00,21.4325441851,21.4479639381,21.0037108191,21.04933139,4143772,20.773386393559413,,,,20.710783128554848,,,20.765765162783847,#000000,,20.879667758632174,,0,,,0.0,0.0,0.0,0.0,51.12448405242557,-5.566486272016384,False,False,False,False,True,0.0
2023-01-13 00:00:00+00:00,21.7153917244,21.7792605236,21.3869236143,21.4416682993,4248802,20.824874907176348,,,,20.742063728884915,,,20.800690012925624,#000000,,20.921061448066972,,0,,,0.0,0.0,0.0,0.0,53.325732580389726,-3.3602447096428847,False,False,False,False,True,0.0
2023-01-20 00:00:00+00:00,21.8887498936,22.0119254349,21.6697711535,21.6697711535,7563200,20.92491207191972,,,,20.805917350342433,,,20.870955155946433,"rgba(38, 166, 154, 0.5)",,21.004007021273715,,0,,,0.0,0.0,0.0,0.0,55.46481873997179,-1.2298486372865511,False,False,True,False,True,0.0
2023-01-27 00:00:00+00:00,21.8582955601,21.9223156726,21.7668382565,21.8765870208,3900269,20.968916218691696,,,,20.835849273517947,,,20.90305610988878,"rgba(38, 166, 154, 0.5)",,21.03900288930677,,0,,,0.0,0.0,0.0,0.0,56.836584175335176,0.16484920556786165,False,False,True,False,True,0.0
2023-02-03 00:00:00+00:00,21.8674412904,22.0732202235,21.7942754475,21.830858369,4687795,21.019943648215484,,,,20.871711193897113,,,21.183736144494972,"rgba(38, 166, 154, 0.5)",,21.324774108663068,,0,,,0.0,0.0,0.0,101.0,57.849150600692084,1.2438443879259964,False,False,True,False,True,0.0
2023-02-10 00:00:00+00:00,21.6662352225,21.8582955601,21.6662352225,21.8582955601,3166752,21.044999813754195,,,,20.89061895697982,,,21.180026352182782,"rgba(38, 166, 154, 0.5)",,21.321375361617438,,0,,,0.0,0.0,0.0,0.0,57.4745139623802,1.2438443879259964,False,False,True,False,True,0.0
2023-02-17 00:00:00+00:00,21.1815115134,21.730255335,21.1815115134,21.7028181439,2128908,21.052399280835424,,,,20.897531521746583,,,21.15957712500815,"rgba(38, 166, 154, 0.5)",,21.298109097772503,,0,,,0.0,0.0,0.0,0.0,54.92778816594278,1.2438443879259964,False,False,True,False,True,0.0
2023-02-24 00:00:00+00:00,21.1235775092,21.2060914838,21.0502317539,21.141913948,2132933,21.054083080817094,,,,20.90083206003927,,,21.1344612889099,#000000,,21.268589608345636,,0,,,0.0,0.0,0.0,0.0,52.862467608979784,1.2438443879259964,False,False,False,False,False,0.0
2023-03-03 00:00:00+00:00,21.141913948,21.2152597032,21.0318953151,21.1694186062,2758065,21.05623743973434,,,,20.905017416737813,,,21.113522476747146,#000000,,21.298618719956316,,0,,,0.0,0.0,0.0,0.0,51.47663138142014,1.2438443879259964,True,False,False,False,False,0.0
2023-03-10 00:00:00+00:00,21.3619512137,21.4628016272,21.1052410704,21.1235775092,2075358,21.061564133975292,,,,20.91051477683535,,,21.11026588088605,#000000,,21.310877265613108,,0,,,0.0,0.0,0.0,0.0,51.547612592851216,1.2438443879259964,True,False,False,False,False,0.0
2023-03-17 00:00:00+00:00,21.6094931377,21.6736706735,21.3527829943,21.481138066,1997329,21.071143273191176,,,,20.91870087964354,,,21.11721437250352,#000000,,21.339621491892657,,0,,,0.0,0.0,0.0,0.0,52.691588923634,1.2438443879259964,True,False,False,False,False,0.0
2023-03-24 00:00:00+00:00,21.6817095948,21.6817095948,21.3600225088,21.5346526412,1911832,21.08050613847508,,,,20.926696826030746,,,21.124494889625627,#000000,,21.358882804726214,,0,,,0.0,0.0,0.0,0.0,53.815748918845955,1.2438443879259964,True,False,False,False,False,0.0
2023-03-31 00:00:00+00:00,21.7644291312,21.8287665484,21.5715087902,21.6265632372,1582444,21.090226727413008,,,,20.93463876062402,,,21.134037719615087,"rgba(38, 166, 154, 0.75)",,21.38014999314821,,0,,,0.0,0.0,0.0,0.0,54.975824030897996,1.2438443879259964,True,False,True,False,False,0.0
2023-04-07 00:00:00+00:00,22.0401609192,22.0585430384,21.7276648928,21.7368559524,1845972,21.105033525237825,,,,20.946246078512388,,,21.15071977964894,"rgba(38, 166, 154, 1.0)",,21.414786261916078,,0,,,0.0,0.0,0.0,0.0,56.92749104668702,1.2438443879259964,True,False,True,False,True,0.0
2023-04-14 00:00:00+00:00,21.9482503232,22.159644694,21.9482503232,22.0217788,1770369,21.120014096470847,,,,20.95796654187736,,,21.337711183667647,"rgba(38, 166, 154, 1.0)",,21.670980139663307,,0,,,0.0,0.0,0.0,0.0,57.75202205727021,2.172259722799623,True,False,True,False,True,0.0
2023-04-21 00:00:00+00:00,21.6265632372,22.0033966808,21.5812513134,21.9482503232,2148646,21.132053421608976,,,,20.968164988246006,,,21.315055744752396,"rgba(38, 166, 154, 1.0)",,21.642664080144236,,0,,,0.0,0.0,0.0,0.0,56.49715384121364,2.172259722799623,True,False,True,False,True,0.0
2023-04-28 00:00:00+00:00,21.8367931346,21.8736484817,21.6340887258,21.6340887258,2039666,21.143863468164295,,,,20.978147605112973,,,21.317708478833275,"rgba(38, 166, 154, 1.0)",,21.64594654440675,,0,,,0.0,0.0,0.0,0.0,56.53681514658723,2.172259722799623,True,False,True,False,True,0.0
2023-05-05 00:00:00+00:00,21.8183654611,21.8736484817,21.5695918684,21.6985855831,3424759,21.161937035206822,,,,20.99381103905097,,,21.323742324844954,"rgba(38, 166, 154, 1.0)",,21.650369489443857,,0,,,0.0,0.0,0.0,0.0,56.4590993839513,2.172259722799623,True,False,True,False,True,0.0
2023-05-12 00:00:00+00:00,21.8183654611,21.9105038288,21.7584755221,21.8091516243,1880609,21.172618026583542,,,,21.002971250835177,,,21.332053053480248,"rgba(38, 166, 154, 1.0)",,21.659748805358866,,0,,,0.0,0.0,0.0,0.0,56.403588124925626,2.172259722799623,True,False,True,False,True,0.0
2023-05-19 00:00:00+00:00,21.4129566434,21.8183654611,21.3945289699,21.8091516243,2483756,21.180265373799585,,,,21.01066606965241,,,21.325358201565066,"rgba(38, 166, 154, 0.75)",,21.64349283961237,,0,,,0.0,0.0,0.0,0.0,54.08112552882172,2.172259722799623,True,False,True,False,False,0.0
2023-05-26 00:00:00+00:00,21.4301463594,21.4670948876,21.2500222844,21.4670948876,2295726,21.184061648859522,,,,21.01550780592554,,,21.32549706159215,#000000,,21.58199063359531,,0,,,-1.0,0.0,21.250023,90.0,52.51695203207352,2.172259722799623,True,False,False,False,False,0.0
2023-06-02 00:00:00+00:00,21.6795489248,21.7072603209,21.3747235671,21.3747235671,1765720,21.189801165968515,,,,21.02117753689947,,,21.340774815872653,#000000,0.9567302143349297,21.600471496552867,0.08265384228729772,0,,,0.0,0.0,0.0,0.0,52.730235806123304,2.172259722799623,True,False,False,False,False,0.0
2023-06-09 00:00:00+00:00,21.6980231889,21.7534459812,21.6148890004,21.6518375286,1379230,21.195289547706636,,,,21.026309723403998,,,21.352710500196366,#000000,0.911111012703119,21.61548297804585,0.09059292413694435,0,,,0.0,0.0,0.0,0.0,52.97792625046742,2.172259722799623,True,False,False,False,False,0.0
2023-06-16 00:00:00+00:00,21.8273430376,21.8458173017,21.6610746606,21.7072603209,2191999,21.205302117301038,,,,21.035383634927353,,,21.371842222682105,#000000,0.8695044047375706,21.640153818113333,0.21528265810586875,0,,,0.0,0.0,0.0,0.0,53.828740991259075,2.172259722799623,True,False,False,False,False,0.0
2023-06-23 00:00:00+00:00,21.8723231132,21.9278836292,21.7982424253,21.7982424253,4326561,21.22697691880428,,,,21.05471516944409,,,21.405442091788476,"rgba(38, 166, 154, 0.75)",0.8288483379518733,21.68307671746423,0.22832451616348715,0,,,0.0,0.0,0.0,0.0,54.670405480337294,2.172259722799623,True,False,True,False,False,0.0
2023-06-30 00:00:00+00:00,21.8538029412,21.9325136722,21.7426819093,21.8723231132,2928288,21.240354763146698,,,,21.066937525586965,,,21.41993012813551,"rgba(38, 166, 154, 0.75)",0.7892650732187496,21.69922191158705,0.1958543901892759,0,,,0.0,0.0,0.0,0.0,55.13964431908883,2.172259722799623,True,False,True,False,False,0.0
2023-07-07 00:00:00+00:00,21.6500810494,21.8723231132,21.6315608774,21.8167625973,1938574,21.24712421810758,,,,21.073552381703312,,,21.423032597008586,"rgba(38, 166, 154, 0.75)",0.7583271115209805,21.699705558653562,-0.06543945020510941,0,,,0.0,0.0,0.0,0.0,54.06727852292778,2.172259722799623,True,False,True,False,False,0.0
2023-07-14 00:00:00+00:00,21.9001033712,21.9464038011,21.6408209634,21.6408209634,2734755,21.25853221192252,,,,21.084228863558376,,,21.433183784673204,"rgba(38, 166, 154, 0.75)",0.722568714223747,21.70954396793524,0.2637249572443472,0,,,0.0,0.0,0.0,0.0,54.73424081584047,2.172259722799623,True,False,True,False,False,0.0
2023-07-21 00:00:00+00:00,22.0482647471,22.085305091,21.8862132422,21.9186235432,4105750,21.27991738847689,,,,21.103389990198117,,,21.458846301059328,"rgba(38, 166, 154, 1.0)",0.6983327656678335,21.740593312544554,0.4405799780298307,0,,,0.0,0.0,0.0,0.0,55.97642308905934,2.2835524209147877,True,False,True,False,True,0.24946933195596088
2023-07-28 00:00:00+00:00,21.9174123005,22.1030744123,21.861713667,22.1030744123,2711562,21.29253301883452,,,,21.114993302523622,21.96073345993333,,21.541380777551534,"rgba(38, 166, 154, 1.0)",0.6720380952960959,21.818475868655064,0.14721848737063936,0,,,0.0,1.0,22.103075,102.0,55.93570788705274,2.3539313496928074,True,False,True,False,True,0.0
2023-08-04 00:00:00+00:00,21.6482022384,21.9359785117,21.5276146968,21.9174123005,2029131,21.298159694834247,,,,21.120898185443913,21.850816159382525,,21.526442996583572,"rgba(38, 166, 154, 1.0)",0.6427643187401079,21.78804271252194,-0.2175610407186928,0,,,0.0,0.0,0.0,0.0,54.1824406661194,2.3539313496928074,True,False,True,False,True,0.0
2023-08-11 00:00:00+00:00,21.611069816,21.7688826111,21.5646542881,21.5739373937,1950146,21.302701153304834,,,,21.125930811280913,21.791761274404966,,21.517536615246165,#000000,0.6136013194246542,21.768768903492283,-0.25700578290827336,0,,,0.0,0.0,0.0,0.0,52.70641419395138,2.3539313496928074,True,False,False,False,False,0.0
2023-08-18 00:00:00+00:00,21.4811063377,21.6946177663,21.4161245986,21.6203529216,2930598,21.307059791584443,,,,21.131652913683,21.712218984356753,,21.50186921177849,#000000,0.5928036849077835,21.737067155107006,-0.4317800714191268,0,,,0.0,0.0,0.0,0.0,50.872417374941485,4.438165788304701,True,False,False,False,False,0.0
2023-08-25 00:00:00+00:00,21.3136093277,21.4252963635,21.2856875688,21.4252963635,4580597,21.308060274891186,,,,21.136191049980678,21.592660625878278,,21.47042434721836,#000000,0.5733931643691732,21.678453006795124,-0.6362888533847657,0,,,0.0,0.0,0.0,0.0,48.61829808750967,2.2808597120178646,True,False,False,False,False,0.0
2023-09-01 00:00:00+00:00,21.3601455926,21.4997543874,21.3043020748,21.3229165807,3077999,21.309590793394488,,,,21.139798324489245,21.556217530333537,,21.458591271028222,#000000,0.5643801410764625,21.655098531303718,-0.5226139568645084,0,,,0.0,0.0,0.0,0.0,47.34720095748641,1.0961707956926858,False,False,False,False,False,0.0
2023-09-08 00:00:00+00:00,21.3508383397,21.4252963635,21.2484585569,21.4159891105,1973887,21.3099778794305,,,,21.14163423560052,21.53420815353315,,21.45076880164422,#000000,0.553364723789978,21.6400798187785,-0.5226959121960147,0,,,0.0,0.0,0.0,0.0,46.38325185512339,0.19251629475576948,False,False,False,False,False,0.0
2023-09-15 00:00:00+00:00,21.2949948218,21.4159891105,21.2856875688,21.3973746046,3113042,21.310395094465736,,,,21.14433103133309,21.506095901588427,,21.439834829302082,"rgba(239, 83, 80, 0.5)",0.5480020713447806,21.619047865116915,-0.5913354351411466,0,,,0.0,0.0,0.0,0.0,45.346118681530214,-0.801255361058935,False,False,False,True,False,0.0
2023-09-22 00:00:00+00:00,21.0281005236,21.3639530608,20.9627958636,21.3452945865,2689128,21.307332353560387,,,,21.14401649443686,21.464474158896483,,21.423421071124807,"rgba(239, 83, 80, 1.0)",0.5471556670298724,21.59057171501447,-1.0279911646857929,0,,,0.0,0.0,0.0,0.0,43.08567914514282,-2.9650757288355365,False,True,False,True,False,0.0
2023-09-29 00:00:00+00:00,20.6735895121,20.9441373893,20.6082848521,20.9441373893,4946877,21.29122505278892,,,,21.135280410332264,21.345353559300456,,21.373834311089762,"rgba(239, 83, 80, 1.0)",0.5518418842747207,21.510133898942968,-1.5159131821652627,0,,,0.0,0.0,0.0,0.0,39.862283437085665,-5.999924888234773,False,True,False,True,False,0.0
2023-10-06 00:00:00+00:00,20.4496878207,20.7015772236,20.4170354907,20.6362725636,5365048,21.268191126502625,,,,21.12117717514332,21.22057366406505,,21.31619859447921,"rgba(239, 83, 80, 1.0)",0.5604132192915258,21.419722001409536,-1.7309266578969233,0,,,0.0,0.0,0.0,0.0,36.7203966387183,-8.890286795917064,False,True,False,True,False,0.0
2023-10-13 00:00:00+00:00,20.8321865436,20.9907835751,20.4963340064,20.4963340064,3297862,21.25923414892845,,,,21.11631945974451,21.18240818140832,,21.295006614227876,"rgba(239, 83, 80, 1.0)",0.5624610186957646,21.386484431972328,-0.9854867625451367,0,,,0.0,0.0,0.0,0.0,37.41578818473859,-8.890286795917064,False,True,False,True,False,0.0
2023-10-20 00:00:00+00:00,20.4030416349,20.8228573065,20.3004200264,20.8041988322,15224109,21.201388687795216,,,,21.079547067464823,20.992103890154645,,21.18269859840884,"rgba(239, 83, 80, 1.0)",0.5682022742024269,21.218722297028663,-1.4355462819532296,0,,,0.0,0.0,0.0,0.0,36.2555577873889,-9.076723796752866,False,True,False,True,False,0.0
2023-10-27 00:00:00+00:00,20.3267531129,20.4483581706,20.3080446425,20.3641700537,5950461,21.17681206247662,,,,21.062942390819472,20.929352858095687,,21.141468231326776,"rgba(239, 83, 80, 1.0)",0.5763935995677502,21.159670291472196,-1.445049319070888,0,,,0.0,0.0,0.0,0.0,35.16535027737138,-10.091138751642838,False,True,False,True,False,0.0
2023-11-03 00:00:00+00:00,20.7851106382,20.9347784016,20.289336172,20.3454615833,10580171,21.151747330613617,20.669741737266666,,,21.04742301853195,20.890348229481482,,21.05004591540859,"rgba(239, 83, 80, 1.0)",0.576690521278148,20.968308633417635,-0.31767124386162143,0,,,0.0,0.0,0.0,0.0,37.284151165345435,-10.091138751642838,False,True,False,True,False,0.0
2023-11-10 00:00:00+00:00,21.1125088706,21.177988517,20.7289852269,20.775756403,5136116,21.14834352872866,20.779793159508362,,,21.046653553796602,20.898243478134507,,21.06114813400493,"rgba(239, 83, 80, 0.75)",0.5741252091095775,20.994212240900346,0.20604674350238325,0,,,0.0,0.0,0.0,0.0,40.48801306061926,-14.531212418245836,False,True,False,True,True,0.0
2023-11-17 00:00:00+00:00,21.3557189861,21.4586155734,20.9909973552,21.177988517,5429740,21.151246881620494,20.90526575349803,,,21.050975702180363,20.923063578676334,,21.08283430581611,"rgba(239, 83, 80, 0.75)",0.574206797700373,21.03475388999454,0.5589712580744186,0,,,0.0,0.0,0.0,0.0,43.89182401879411,-11.369819350970111,False,True,False,True,True,0.0
2023-11-24 00:00:00+00:00,21.4887201755,21.6106552965,21.3761646792,21.3761646792,3538085,21.1565289139795,20.989343046150392,,,21.05650382369936,20.9468720801817,,21.101596898701978,#000000,0.5715336671565844,21.066951802082627,0.7379589299011828,0,,,0.0,0.0,0.0,0.0,46.901400279380546,-8.628217312201578,False,False,False,False,True,0.0
2023-12-01 00:00:00+00:00,21.9764606596,22.0139791584,21.535618299,21.6012756718,4386910,21.169461247885625,21.11801462508887,,,21.06852954413073,20.991038830001266,,21.136008200055933,#000000,0.5761318292052884,21.122657620010152,1.4819577678386175,2,0.16889612202907375,0.3377922440581475,0.0,0.0,0.0,0.0,50.9151879157548,-4.952701175902398,True,False,False,False,True,1.9416977992605027
2023-12-08 00:00:00+00:00,22.0983957807,22.2297105264,21.9014236621,21.9577014102,3413902,21.182585324028786,21.218744712755086,,,21.08039698976072,21.03117614137098,,21.166452775898048,"rgba(38, 166, 154, 1.0)",0.5839041796719721,21.17024386133022,1.5895620406265956,2,0.17600539566138107,0.35201079132276214,0.0,0.0,0.0,0.0,54.19420990721818,-2.020304049785011,True,False,True,False,True,2.943707499126596
2023-12-15 00:00:00+00:00,22.5767566401,22.5861362648,22.0608772819,22.089016156,5419549,21.210098674808034,21.388772459650117,,,21.1047536770683,21.107511046600937,,21.22382053799901,"rgba(38, 166, 154, 1.0)",0.6026131665607055,21.25712871278318,2.1898425068412175,2,0.1821922731150341,0.3643845462300682,0.0,0.0,0.0,0.0,57.980181986763895,1.390339799708201,True,False,True,False,True,6.693973890266122
2023-12-22 00:00:00+00:00,22.6559121744,22.7405544366,22.4772229543,22.5618652165,4482035,21.235885688630173,21.51944746828923,,,21.12746989432822,21.174024627060394,,21.27299602339993,"rgba(38, 166, 154, 1.0)",0.622067194779416,21.329440345733666,2.132361005046569,2,0.18799231790891408,0.37598463581782815,0.0,0.0,0.0,0.0,60.90087334595998,3.9669114582370426,True,False,True,False,True,7.289017631384638
2023-12-29 00:00:00+00:00,22.7405544366,22.8346013946,22.580674608,22.6935309576,3666990,21.25767652812303,21.61493028153841,,,21.14669245058629,21.22751191241522,,21.312077582249245,"rgba(38, 166, 154, 1.0)",0.6423142811803283,21.72260008061823,1.5848228597862721,2,0.19147642073031307,0.38295284146062614,0.0,0.0,0.0,0.0,63.22298113355701,6.006905484872178,True,False,True,False,True,7.9265764357506185
2024-01-05 00:00:00+00:00,22.6935309576,22.7875779156,22.6324004349,22.7123403492,4055451,21.280816212404755,21.703112318386808,,,21.167231610881064,21.281990296267658,,21.35134568083688,"rgba(38, 166, 154, 1.0)",0.6590032306101501,21.766847620262105,1.4061893694814038,2,0.19627170465072663,0.39254340930145326,0.0,0.0,0.0,0.0,64.5814422848508,7.187833625728828,True,False,True,False,True,7.486280907330521
2024-01-12 00:00:00+00:00,22.7029356534,22.8346013946,22.6418051307,22.7593638282,7595556,21.322859904974358,21.8378123537693,,,21.204806744028293,21.3753286709098,,21.41811532195005,"rgba(38, 166, 154, 1.0)",0.6760778586122619,21.843972843922437,1.270508712178058,2,0.19884994837731787,0.39769989675463574,0.0,0.0,0.0,0.0,65.581515611198,8.112816866224279,True,False,True,False,True,7.559357141705934
2024-01-19 00:00:00+00:00,22.3643666047,22.6841262618,22.3596642568,22.6088886954,2434480,21.33344864427555,21.863379009056874,,,21.214499456024033,21.397527975663028,,21.43347079372107,"rgba(38, 166, 154, 1.0)",0.6843961012887819,21.85170936624531,0.7490651064336984,2,0.2029575368906647,0.4059150737813294,0.0,0.0,0.0,0.0,64.12847003990936,8.112816866224279,True,False,True,False,True,4.4022217470971405
2024-01-26 00:00:00+00:00,22.4506230124,22.526055597,22.3421886719,22.4223357931,3127158,21.346417616807205,21.891861924708632,,,21.22644394755391,21.423999296171267,,21.451727539659423,"rgba(38, 166, 154, 1.0)",0.6957836376999582,22.100840515326766,0.502717336425884,2,0.2068429292357817,0.4136858584715634,0.0,0.0,0.0,0.0,63.423733123026594,8.112816866224279,True,False,True,False,True,5.09714977313309
2024-02-02 00:00:00+00:00,22.6109172548,22.8457954653,22.4411939393,22.4600520855,4414381,21.367358160195398,21.94017799611817,,,21.2455343949953,21.465838539448708,,21.609319246940448,"rgba(38, 166, 154, 1.0)",0.7097865608926518,22.442658222750346,0.23705581553706248,2,0.209664503887306,0.419329007774612,1.0,0.0,22.845795,132.0,63.528371848378086,8.112816866224279,True,False,True,False,True,6.378041388898254
2024-02-09 00:00:00+00:00,22.5071974509,22.577915499,22.3940485739,22.5637718894,13448145,21.420552310422845,22.031824446432232,,,21.295080698362874,21.563832630048427,,21.659082409576556,"rgba(38, 166, 154, 1.0)",0.7187245092673883,22.416555325549766,0.12611525581982638,2,0.21097172516114332,0.42194345032228664,0.0,0.0,0.0,0.0,62.9277326260883,8.112816866224279,True,False,True,False,True,5.405250274592834
2024-02-16 00:00:00+00:00,22.4883393047,22.6027139612,22.3469032085,22.5354846701,7148451,21.446495214766536,22.06806137437616,,,21.319564535516886,21.60801583084566,,21.68572544089239,"rgba(38, 166, 154, 1.0)",0.7246446341982702,22.415533511761762,0.10047103021577915,2,0.2118572908896491,0.4237145817792982,0.0,0.0,0.0,0.0,62.37292030475615,8.112816866224279,True,False,True,False,True,5.227321621489029
2024-02-23 00:00:00+00:00,22.6097704206,22.6381271561,22.4964380011,22.6003181754,2666812,21.456775938191875,22.083115684179315,,,21.329222872187415,21.625232157366316,,21.697654757522873,"rgba(38, 166, 154, 1.0)",0.7301777913035179,22.42266198390387,0.2562505172365005,2,0.2100072695091766,0.4200145390183532,0.0,0.0,0.0,0.0,62.50183083286427,8.112816866224279,True,False,True,False,True,6.227281526800976
2024-03-01 00:00:00+00:00,22.694840627,22.7231028401,22.5057957239,22.6286749109,2589073,21.46710166154694,22.098565216235244,,,21.33890035361941,21.642383333147713,,21.710077062089876,"rgba(38, 166, 154, 1.0)",0.7307382039072208,22.43245090135384,0.3590748701014641,2,0.20800453963723042,0.41600907927446085,0.0,0.0,0.0,0.0,62.95672492883911,8.112816866224279,True,False,True,False,True,6.924723421305291
2024-03-08 00:00:00+00:00,22.751554098,22.8177198141,22.5814136851,22.6475794012,3406669,21.481274837706348,22.12029468744633,,,21.352145585313743,21.665731373138513,,21.727679453409607,"rgba(38, 166, 154, 1.0)",0.7234469328230421,22.598413045754594,0.21168249569849912,2,0.20482866770142594,0.4096573354028519,0.0,0.0,0.0,0.0,63.52598925570213,8.112816866224279,True,False,True,False,True,7.391144415359005
2024-03-15 00:00:00+00:00,22.7610063431,22.7799108335,22.6003181754,22.751554098,2421412,21.4911298516849,22.13475696891066,,,21.36138496625669,21.681671377035073,,21.739544319787587,"rgba(38, 166, 154, 1.0)",0.7248430915078107,22.60486534231041,0.21541351862067953,2,0.20131668599149014,0.40263337198298027,0.0,0.0,0.0,0.0,63.97501917852627,8.295619594796513,True,False,True,False,True,7.4698325360688465
2024-03-22 00:00:00+00:00,22.6886077612,22.7075623207,22.5464485647,22.7075623207,2600966,21.500977765430473,22.147837620287287,,,21.370691728182045,21.697197653149118,,21.750563768276507,"rgba(38, 166, 154, 1.0)",0.7208141582228351,22.603182298904738,0.11851246444142907,2,0.19829390085885976,0.3965878017177195,0.0,0.0,0.0,0.0,63.67104068565048,8.295619594796513,True,False,True,False,True,6.72640779831206
2024-03-29 00:00:00+00:00,22.5843576838,22.6222668028,22.5118564936,22.6033122433,1573373,21.506471045290386,22.154295958628417,,,21.375930855092864,21.70563030324055,,21.756217838411654,"rgba(38, 166, 154, 1.0)",0.7051928832582541,22.5984598103827,-0.01999754523548534,2,0.19598390272562005,0.3919678054512401,0.0,0.0,0.0,0.0,62.568365528419406,8.295619594796513,True,False,True,False,True,5.6580666541182225
2024-04-05 00:00:00+00:00,22.2716074515,22.5085394456,22.2289596925,22.4990621659,2715832,21.51374832025184,22.1589498275287,,,21.383102045684556,21.71594376215221,,21.76135584166282,"rgba(38, 166, 154, 0.75)",0.6735127344789031,22.570724431268538,-0.44411480949942966,2,0.195114658350264,0.390229316700528,0.0,0.0,0.0,0.0,59.44452577740064,8.295619594796513,True,False,True,False,False,2.5545779986023014
2024-04-12 00:00:00+00:00,22.3663802491,22.451675767,22.1815732937,22.3095165705,3364695,21.52255521468952,22.164298789483702,22.333209769933333,,21.391810450480506,21.728200082139576,,21.82423161006377,"rgba(38, 166, 154, 0.75)",0.6419222926684457,22.486506309343397,-0.1871348940757885,2,0.1948106834269805,0.389621366853961,0.0,0.0,0.0,0.0,57.80049399865987,12.76995382626508,True,False,True,False,False,3.406376132235007
2024-04-19 00:00:00+00:00,22.3095165705,22.413766648,22.2431756122,22.3474256896,2541182,21.528993126668613,22.167875344274957,22.328452236354472,,21.398206365553442,21.736975451604263,,21.82788877780546,"rgba(38, 166, 154, 0.75)",0.6276233857611059,22.47234114327947,-0.25943037890790677,2,0.19455398647151784,0.3891079729430357,0.0,0.0,0.0,0.0,56.21822320304563,11.146346009098394,True,False,True,False,False,2.845990282671611
2024-04-26 00:00:00+00:00,22.2459695102,22.4151187017,22.207958456,22.3790082002,2773152,21.535618637303198,22.170814421519864,22.31606431357062,,21.404844732422642,21.745745454803213,,21.830645101748026,"rgba(38, 166, 154, 0.75)",0.6202125860868969,22.455841121670836,-0.3383865728926587,2,0.19366555090994858,0.38733110181989716,0.0,0.0,0.0,0.0,54.62721753895019,9.53369789128751,True,False,True,False,False,2.2166562648317587
2024-05-03 00:00:00+00:00,22.4170192544,22.4645330723,22.1984556924,22.3219916188,3199529,21.543820484123977,22.175938558023226,22.327899256441075,,21.412980976515488,21.756788500765502,,21.837662568233505,"rgba(38, 166, 154, 0.75)",0.6170492881927877,22.45041491967416,-0.05412155222149102,2,0.19232610101323178,0.38465220202646355,0.0,0.0,0.0,0.0,54.64313750423878,9.457254720546658,True,False,True,False,False,3.797685709591555
2024-05-10 00:00:00+00:00,22.5405551808,22.6070745258,22.426522018,22.4455275451,2843062,21.55241622079474,22.1841354319514,22.3659090498152,,21.421332697075112,21.76886321391875,,21.849049708326,"rgba(38, 166, 154, 0.75)",0.6198733606822636,22.46187944663475,0.12692227018540328,2,0.19079869304703662,0.38159738609407323,0.0,0.0,0.0,0.0,55.42463134879286,9.457254720546658,True,False,True,False,False,4.919573603934239
2024-05-17 00:00:00+00:00,22.5500579444,22.7068535432,22.5405551808,22.5785662351,2134239,21.55925703014869,22.191330402994456,22.395442032405878,,21.427937633063124,21.77854928062058,,21.85839062744965,"rgba(38, 166, 154, 0.75)",0.6226689456923025,22.49681325461433,0.08551043078994233,2,0.19031846880592207,0.38063693761184414,0.0,0.0,0.0,0.0,56.042246405041666,9.457254720546658,True,False,True,False,False,5.006139309723032
2024-05-24 00:00:00+00:00,22.3630267868,22.571411702,22.3106208868,22.5345370051,2573080,21.56594699913847,22.195910048086027,22.398034821508432,,21.434566295014083,21.787376813323114,,21.863763779619884,"rgba(38, 166, 154, 0.5)",0.6238086195284608,22.469946415332487,-0.1713981262607573,1,0.15101741588825507,0.15101741588825507,0.0,0.0,0.0,0.0,54.94872630319164,9.43786321144276,False,False,True,False,False,3.0694140399645207
2024-05-31 00:00:00+00:00,22.3058567141,22.3819881943,22.2248657777,22.3153850596,2010717,21.57042980862784,22.197615843966613,22.38923798798377,,21.439106253943383,21.792918602992778,,21.86570708177985,#000000,0.6215034077072624,22.44907765171937,-0.2304427229895915,1,0.15048559456633795,0.15048559456633795,0.0,0.0,0.0,0.0,53.72541740071114,8.132498758529465,False,False,False,False,False,2.484371392023384
2024-06-07 00:00:00+00:00,22.5250086596,22.6774621869,22.3439700959,22.3630267868,2766436,21.578259326874402,22.204356374263533,22.40366581531682,,21.44678202349889,21.80342277472749,,21.873855099676284,"rgba(38, 166, 154, 0.5)",0.6174917894030195,22.459217208712666,0.10654627643056024,1,0.14943404661065984,0.14943404661065984,0.0,0.0,0.0,0.0,54.38140296817572,8.132498758529465,False,False,True,False,False,4.549472713086132
2024-06-14 00:00:00+00:00,22.8108590233,22.8299157142,22.4487818959,22.5250086596,2498184,21.586563366042633,22.213603920898052,22.43106220812846,,21.454778401898935,21.814995206866158,,21.88467624935797,"rgba(38, 166, 154, 1.0)",0.6252455506103765,22.48360083747335,0.5234074604884033,1,0.1475620029529551,0.1475620029529551,0.0,0.0,0.0,0.0,56.504819782660846,8.132498758529465,True,False,True,False,True,7.122263335628553
2024-06-21 00:00:00+00:00,22.8013306778,22.8489724051,22.6966141613,22.7346322596,2043358,21.593782324755722,22.222211854041436,22.456028307852737,,21.461689885938558,21.82513977907183,,21.894455221976063,"rgba(38, 166, 154, 1.0)",0.6340761935908944,22.505333175501733,0.4668169303470873,1,0.14581394714789328,0.14581394714789328,0.0,0.0,0.0,0.0,57.93886525642145,8.132498758529465,True,False,True,False,True,7.020381993999322
2024-06-28 00:00:00+00:00,22.6258058074,22.8551214068,22.6019187658,22.8551214068,1909063,21.599954808025714,22.22879446381681,22.470864912577788,,21.46765633143548,21.83357312457579,,21.901820209445663,"rgba(38, 166, 154, 1.0)",0.6397943445193847,22.51664180672315,0.1706235786733203,1,0.14465007490917034,0.14465007490917034,0.0,0.0,0.0,0.0,57.476326147858344,8.132498758529465,True,False,True,False,True,5.151253522446787
2024-07-05 00:00:00+00:00,22.769128057,22.8073473236,22.501593191,22.5493672742,1489436,21.60471571867143,22.233786913476884,22.481142775913316,,21.47226535238247,21.840027991682184,,21.907349112293986,"rgba(38, 166, 154, 1.0)",0.6476551450563539,22.524263476316477,0.37807864656462525,1,0.14314768988210866,0.14314768988210866,0.0,0.0,0.0,0.0,58.00582861937916,8.132498758529465,True,False,True,False,True,6.452789068817442
2024-07-12 00:00:00+00:00,22.87423104,22.8933406733,22.7117991571,22.7404636071,2278440,21.612804542261344,22.2433860260857,22.503997892875827,,21.4800146852024,21.85123665386617,,21.91777398775919,"rgba(38, 166, 154, 1.0)",0.6571531673568294,22.543142849852142,0.5038219498804927,1,0.1414468004169277,0.1414468004169277,0.0,0.0,0.0,0.0,58.98081215405287,4.8898658461234135,True,False,True,False,True,7.395435412586327
2024-07-19 00:00:00+00:00,22.8264569568,22.9027999418,22.7787784218,22.8455665901,2072037,21.62012535081096,22.251988203487944,22.522847453015736,,21.487034871217688,21.86130875745499,,21.926985897715067,"rgba(38, 166, 154, 1.0)",0.6646618450307022,22.558502397422657,0.4031441873498344,0,,,0.0,0.0,0.0,0.0,59.24903942961369,5.259254518951636,True,False,True,False,True,6.873217098960378
2024-07-26 00:00:00+00:00,22.8526288241,22.9005378992,22.7280652288,22.9005378992,2514698,21.628828856542288,22.261943799718072,22.542458336901596,,21.49540200171781,21.873149716017178,,21.93753800401943,"rgba(38, 166, 154, 1.0)",0.666980544431355,22.574190073863527,0.41746157749453183,0,,,0.0,0.0,0.0,0.0,59.60232662296956,5.733013402932798,True,False,True,False,True,7.1137348494556605
2024-08-02 00:00:00+00:00,23.1784105348,23.1879923498,22.814301564,22.8813742691,2328046,21.638321411111697,22.274535780977345,22.57161717333442,,21.50439549576899,21.88647264241878,,21.950564837620423,"rgba(38, 166, 154, 1.0)",0.6743276714839664,22.599414851736277,0.8586266106943983,0,,,0.0,0.0,0.0,0.0,61.64382435321471,7.815560883253241,True,False,True,False,True,10.02730865042562
2024-08-09 00:00:00+00:00,22.8909560842,23.274228685,22.7855561189,23.274228685,2800581,21.648968522896034,22.28773959012742,22.597755319983964,,21.514552069565642,21.901087658808713,,21.964113815139683,"rgba(38, 166, 154, 1.0)",0.6749418287786418,22.72351200168629,0.2480866874360273,0,,,0.0,0.0,0.0,0.0,60.617173397727925,7.815560883253241,True,False,True,False,True,6.86391751924198
2024-08-16 00:00:00+00:00,22.9963560494,23.068219662,22.8717924541,22.8909560842,2755726,21.659244849392053,22.30017434181253,22.620145994666967,,21.524378590390466,21.915031446867477,,21.97676752238664,"rgba(38, 166, 154, 1.0)",0.6800825147182546,22.738580066193105,0.37903633401556563,0,,,0.0,0.0,0.0,0.0,60.46749471327616,7.815560883253241,True,False,True,False,True,7.799351790357434
2024-08-23 00:00:00+00:00,22.9979495333,23.0267690189,22.8826715908,22.9595235525,2012519,21.666595704953266,22.308851133209945,22.63450631307094,,21.531424905952466,21.924898398525844,,21.985557070183457,"rgba(38, 166, 154, 1.0)",0.6872758060613703,22.747670533506433,0.36416093449857295,0,,,0.0,0.0,0.0,0.0,60.36956796139603,7.815560883253241,True,False,True,False,True,7.8135815886466915
2024-08-30 00:00:00+00:00,22.892278086,22.9979495333,22.8769076936,22.9979495333,2335166,21.67471985958531,22.31794787731464,22.647624683554124,,21.53925214422216,21.935615866660882,,21.994785632206014,"rgba(38, 166, 154, 0.75)",0.6926828228110585,22.753111329533255,0.2009097842241523,0,,,0.0,0.0,0.0,0.0,59.38863422356229,7.815560883253241,True,False,True,False,False,6.643726679376574
2024-09-06 00:00:00+00:00,23.1036209806,23.1756696947,22.9787365429,23.0171625237,2027632,21.68260334550612,22.32771043773632,22.664310733804605,,21.5467730910423,21.94624928003798,,22.00452613935195,"rgba(38, 166, 154, 0.75)",0.7019759195486006,22.77013588797211,0.47506628552491315,0,,,0.0,0.0,0.0,0.0,59.943474893384305,7.815560883253241,True,False,True,False,False,8.559170419491632
2024-09-13 00:00:00+00:00,23.1900794375,23.2429151612,23.074801495,23.074801495,3994454,21.6987852530982,22.348268293110323,22.69953299572111,,21.562167431176913,21.968121343668443,,22.024818155028647,"rgba(38, 166, 154, 0.75)",0.7134504967149697,22.807017869982584,0.5369140105462041,0,,,0.0,0.0,0.0,0.0,60.812784492839164,7.815560883253241,True,False,True,False,False,9.327361466364131
2024-09-20 00:00:00+00:00,23.1996859327,23.2381119136,23.1036209806,23.2188989231,4234034,21.71568534404479,22.369273166988734,22.732644113885506,,21.578280932503375,21.99067554859898,,22.045427898681133,"rgba(38, 166, 154, 1.0)",0.7243987302088676,22.83849405609842,0.4986092072489376,0,,,0.0,0.0,0.0,0.0,61.48734487858113,8.216510754595731,True,False,True,False,True,9.41333823843981
2024-09-27 00:00:00+00:00,23.2718108919,23.2814432639,23.136957683,23.2140166595,3605145,21.73025132372319,22.38738342865926,22.760188931808,,21.59216721783827,22.010001976527597,,22.06307842783761,"rgba(38, 166, 154, 1.0)",0.7341947923904846,22.864574185479857,0.5546711998517587,0,,,0.0,0.0,0.0,0.0,62.381536928294636,9.169651524562752,True,False,True,False,True,10.064625456773413
2024-10-04 00:00:00+00:00,23.2236490316,23.3873993565,23.2236490316,23.2718108919,3796008,21.745771516950594,22.406690501910333,22.78873000235482,,21.606961118157802,22.030488659028027,,22.081793066163563,"rgba(38, 166, 154, 1.0)",0.7438858135816342,23.021240348951757,0.27209644135259675,0,,,0.0,0.0,0.0,0.0,62.5166981674229,9.392739456803596,True,False,True,False,True,9.492924435684849
2024-10-11 00:00:00+00:00,23.127325311,23.2236490316,23.0791634507,23.1947519154,13939818,21.795401504655356,22.460999113013134,22.84840793678205,,21.654920663105745,22.092808825604106,,22.135375903214104,"rgba(38, 166, 154, 1.0)",0.7511458348648199,23.024363500376722,0.13707299680601573,0,,,0.0,0.0,0.0,0.0,61.621599666491974,9.392739456803596,True,False,True,False,True,8.34970925454067
2024-10-18 00:00:00+00:00,23.1562224272,23.2525461477,23.0406339625,23.0984281948,3061222,21.805881708469236,22.47197253492074,22.859148481428917,,21.665098203378243,22.105649192459513,,22.14629658160543,"rgba(38, 166, 154, 1.0)",0.7584181229226068,23.028783206962025,0.16803293115792142,0,,,0.0,0.0,0.0,0.0,61.184620296749046,9.392739456803596,True,False,True,False,True,8.624631426294375
2024-10-25 00:00:00+00:00,22.9002307106,23.1416924431,22.7505244364,23.1320339738,4007761,21.817163540027522,22.481347168129496,22.86234309372096,,21.676280380912893,22.11856738106153,,22.156236889239658,"rgba(38, 166, 154, 0.75)",0.7572001064050757,23.015534968692727,-0.15227712875022226,0,,,0.0,0.0,0.0,0.0,58.43416144760313,11.461819435531247,True,False,True,False,False,5.61863479338508
2024-11-01 00:00:00+00:00,22.8905722413,23.0064738729,22.8181337215,22.9292061185,3528244,21.826684468626734,22.488833622841423,22.86395609931844,,21.685763596280175,22.12925957243844,,22.164351148594612,"rgba(38, 166, 154, 0.5)",0.7555873566234319,23.00484422819718,-0.1512359701303607,0,,,0.0,0.0,0.0,0.0,56.38546069536142,9.513205551076183,False,False,True,False,False,5.507219344262204
2024-11-08 00:00:00+00:00,23.0934000966,23.0934000966,22.5959889276,23.0354492808,3701843,21.836701386127093,22.496819387709078,22.86638133608506,,21.695738338443075,22.140486651050416,,22.241607026870135,"rgba(38, 166, 154, 0.5)",0.759248611663345,23.012581432784724,0.10644558656250913,0,,,0.0,0.0,0.0,0.0,56.506968692269936,9.513205551076183,False,False,True,False,False,7.506014412787557
2024-11-15 00:00:00+00:00,23.0547662194,23.1030585659,22.963010761,22.9871569343,3309480,21.846412718188482,22.50552071809561,22.87211070433752,,21.705324541354805,22.151658840813134,,22.254726982979182,"rgba(38, 166, 154, 0.5)",0.7620588726146998,23.025090198364083,0.03894190081941671,0,,,0.0,0.0,0.0,0.0,56.22529029955527,9.379773614880285,False,False,True,False,False,7.047336647029528
2024-11-22 00:00:00+00:00,23.1145675388,23.1823521944,23.0354531623,23.0467828833,3524800,21.857185810122893,22.515669159624185,22.880202168615632,,21.715916654910394,22.164177096660644,,22.26820699786538,"rgba(38, 166, 154, 0.5)",0.7664636075143259,23.0386002615778,0.09911400421027974,0,,,0.0,0.0,0.0,0.0,56.48517655942794,9.379773614880285,False,False,True,False,False,7.638827608415312
2024-11-29 00:00:00+00:00,23.385706161,23.4050732054,23.1629851499,23.1629851499,2208446,21.864942474529457,22.524009327570834,22.889306135364173,,21.723445570478695,22.173535253569273,,22.28035923503396,"rgba(38, 166, 154, 1.0)",0.7752956933177272,23.05862583391827,0.42187816842120507,0,,,0.0,0.0,0.0,0.0,58.505968476319964,9.379773614880285,True,False,True,False,True,10.246536888688311
2024-12-06 00:00:00+00:00,23.4922249054,23.5696930831,23.0758334499,23.0758334499,4116248,21.87978319898505,22.54026603013498,22.907590452684218,,21.737823781108634,22.191491835085255,,22.391485640700157,"rgba(38, 166, 154, 1.0)",0.7853937470331528,23.189394915460884,0.3855772866578902,0,,,0.0,0.0,0.0,0.0,60.567134257451144,7.336123228321597,True,False,True,False,True,11.236076413913601
2024-12-13 00:00:00+00:00,23.211402761,23.4922249054,23.0952973296,23.472857861,3820532,21.892281711783205,22.552853335344654,22.919599784879356,,21.75004438850795,22.206146416696388,,22.3993621475239,"rgba(38, 166, 154, 1.0)",0.787869356545896,23.186119300251672,0.03209093048011406,0,,,0.0,0.0,0.0,0.0,59.34425147680309,7.336123228321597,True,False,True,False,True,7.830883833318051
2024-12-20 00:00:00+00:00,22.8337453944,23.3082379832,22.6497584723,23.1339345833,6005776,21.906789039893464,22.56287447265398,22.920148784102224,,21.764697572851894,22.221347460794014,,22.390395024729827,"rgba(38, 166, 154, 0.5)",0.7880590572267451,23.077984175385964,-0.30992446409468694,0,,,0.0,0.0,0.0,0.0,55.71474803653825,9.23895775564614,False,False,True,False,False,3.5732534226049673
2024-12-27 00:00:00+00:00,22.8375356491,22.9152143418,22.8084061394,22.8957946686,4639595,21.91690090150126,22.56871563329571,22.917678458602996,,21.775040784865052,22.231434739718097,,22.387028951017502,#000000,0.789091551355351,23.036085480098595,-0.25161824462264637,0,,,0.0,0.0,0.0,0.0,53.150287973933764,6.920633361904372,False,True,False,False,False,3.6108330384955494
2025-01-03 00:00:00+00:00,22.9540536881,23.0705717272,22.8957946686,22.8957946686,3560858,21.925489897610408,22.574859832735854,22.919226694340033,,21.783713459011548,22.240409407100078,,22.390630857167817,#000000,0.7901027706561717,23.03229829654344,-0.09903092527882147,0,,,0.0,0.0,0.0,0.0,52.18780768263311,6.140324686320206,False,True,False,False,False,4.769912928644583
2025-01-10 00:00:00+00:00,22.6627585906,23.0141575766,22.653048754,22.9928930345,3540770,21.93231491209228,22.577860497846746,22.915398462458924,,21.79080747599137,22.246781862361374,,22.388784088397983,#000000,0.785980702131741,23.004721984700907,-0.43507861347413906,0,,,0.0,0.0,0.0,0.0,49.61281364431191,3.783867699570024,False,True,False,False,False,1.597360596584572
2025-01-17 00:00:00+00:00,22.7889864662,22.8957946686,22.5171110418,22.7210176101,11344535,21.95239412153685,22.584959469646112,22.901025994893697,,21.81191377769155,22.26465064754403,,22.41237462932926,#000000,0.7817772949558456,22.866844998504735,-0.09959170317057099,0,,,-1.0,0.0,22.51711,169.0,48.715803326366625,3.0380573438830183,False,True,False,False,False,2.865906757917493
2025-01-24 00:00:00+00:00,22.8229170887,22.910547743,22.7683913482,22.832653828,5680646,21.963313829793606,22.590503191446363,22.898466922913208,,21.82323952893456,22.274917871009414,,22.418764993591374,#000000,0.775447217035624,22.86857401831205,-0.05887819133143283,0,,,0.0,0.0,0.0,0.0,48.326507648134296,2.7182785251343233,False,True,False,False,False,3.2062301770615775
2025-01-31 00:00:00+00:00,22.8423905674,23.0273886155,22.8131803493,22.988441658,7134299,21.977575228549274,22.5987674346522,22.898277296845773,,21.83794141190869,22.288636476944937,,22.42910129563361,#000000,0.7656622759643794,22.877986011403525,-0.04648974504939852,0,,,0.0,0.0,0.0,0.0,48.19898123046498,2.582328634020328,False,True,False,False,False,3.4040479754513697
2025-02-07 00:00:00+00:00,23.0273886155,23.1236849679,22.8521273068,22.9008110036,5392895,21.989290833628157,22.606872795740834,22.901711440186656,,21.849885836761715,22.300367604973758,,22.44027713727219,#000000,0.7576606961278325,22.894588600918297,0.1752763674563083,0,,,0.0,0.0,0.0,0.0,49.48461228079319,2.582328634020328,False,True,False,False,False,5.266635776639909
2025-02-14 00:00:00+00:00,22.988441658,23.0858090517,22.7742333918,23.066335573,5024791,21.999423703886382,22.613186101927067,22.903153979912574,,21.86030750422303,22.310176284195137,,22.4477708387295,#000000,0.7483544862762066,22.901154967248225,0.11663816059433418,0,,,0.0,0.0,0.0,0.0,50.09534661928313,2.582328634020328,False,True,False,False,False,4.820544953504452
2025-02-21 00:00:00+00:00,23.0760723123,23.0955457911,22.8618640461,22.8618640461,3096681,22.005961025401806,22.61765470282076,22.90512674555621,,21.866990452548063,22.316643867736477,,22.453405050774577,#000000,0.7378747852816198,22.90795375426542,0.22784158150954248,0,,,0.0,0.0,0.0,0.0,51.18031581735912,2.582328634020328,False,True,False,False,True,5.7047402442944595
2025-02-28 00:00:00+00:00,23.1961096384,23.2253976557,23.0496695523,23.0496695523,3720808,22.01482904254921,22.62483514652045,22.910537040769302,,21.875929310543583,22.32585854670786,23.1570589488,22.4632610960385,#000000,0.720871093848095,22.972325964110087,0.31043507805997367,0,,,0.0,1.0,23.225397,198.0,52.80424119083362,-1.4903948148375008,False,True,False,False,True,6.903947711308657
2025-03-07 00:00:00+00:00,22.9032294662,23.1961096384,22.8447510585,23.1765842936,8855199,22.032231157776202,22.635783442192714,22.913980899946925,,21.8938625981799,22.342528562849232,23.033345662304757,22.47554628306046,#000000,0.687657753075038,22.94916057953646,-0.06679356573974297,0,,,0.0,0.0,0.0,0.0,51.62174248151064,-1.4903948148375008,False,True,False,False,True,3.5207840508480075
2025-03-14 00:00:00+00:00,22.6786880009,23.0399068799,22.5712986044,23.0399068799,12537955,22.05040461735101,22.64109664477057,22.904275169226555,,21.91338484990521,22.357152683597118,22.898526329961047,22.477652140274664,#000000,0.6409416024986587,22.896060315211155,-0.33914527230522656,0,,,0.0,0.0,0.0,0.0,49.30474404156376,-1.4903948148375008,False,True,False,False,False,1.062844266954329
2025-03-21 00:00:00+00:00,22.7470267077,22.8788227852,22.6201119664,22.7177386905,5233782,22.057575895490316,22.642935453494378,22.900200438200745,,21.92114117910125,22.36275144713449,22.872679267123356,22.478585749339892,#000000,0.6064018694253487,22.88258775013188,-0.22354984254969534,0,,,0.0,0.0,0.0,0.0,48.18843224599648,2.562522493839687,False,True,False,False,False,1.7746998575926192
2025-03-28 00:00:00+00:00,22.4986110685,22.802117136,22.3468580347,22.7335835078,8112365,22.065279393442175,22.640515563411007,22.88651062416807,,21.930052713652707,22.366794577781057,22.804447034715626,22.473076441493884,"rgba(239, 83, 80, 1.0)",0.5476059246638869,22.842701707183426,-0.6283544848325443,0,,,0.0,0.0,0.0,0.0,45.898909199580594,0.35602636160602685,False,True,False,True,False,0.0
2025-04-04 00:00:00+00:00,22.8706507641,23.0762516486,22.4653233062,22.5965162515,8624636,22.07738540906384,22.644884557325035,22.8832285630725,,21.943041506960814,22.376648839173846,22.804378932037118,22.4778399452233,#000000,0.4749164715612791,22.839420042016336,0.06576045252966808,0,,,0.0,0.0,0.0,0.0,46.92711990095572,0.35602636160602685,False,True,False,False,False,2.925349295973515
2025-04-11 00:00:00+00:00,21.7545316772,22.7335835078,21.0365929698,22.7335835078,30081431,22.064636582485694,22.576420551970095,22.75621667747874,21.841569384933333,21.93804111591806,22.33765648490067,22.42905012272378,22.350897015289352,"rgba(239, 83, 80, 1.0)",0.4335792414840585,22.36491138328075,-1.4077696708715501,0,,,0.0,0.0,0.0,0.0,42.94194264700327,-2.3648714936226582,False,True,False,True,False,0.0
2025-04-18 00:00:00+00:00,22.0384567081,22.1167808545,21.940551525,21.9699230799,7505977,22.06420124560684,22.56508254281881,22.734831057725337,21.87958318241515,21.939181552624344,22.332196675340544,22.39384637881733,22.342080493125053,"rgba(239, 83, 80, 1.0)",0.399316336240071,22.349490575046943,-0.778915958900183,1,0.8086856931430682,0.8086856931430682,0.0,0.0,0.0,0.0,41.691930673557785,-3.4775145201347897,False,True,False,True,False,0.0
2025-04-25 00:00:00+00:00,22.1437027328,22.2517207949,21.736180044,21.9669459039,11987189,22.06377802071433,22.54830742867547,22.703716364498504,21.919307387270496,21.94117366765457,22.32420147581906,22.350443862336636,22.328773998338363,"rgba(239, 83, 80, 1.0)",0.37233760523672355,22.326848379827716,-0.49188060634185715,1,0.8151240082995799,0.8151240082995799,0.0,0.0,0.0,0.0,41.361651685585606,-3.760035694804934,False,True,False,True,False,0.0
2025-05-02 00:00:00+00:00,22.2124414996,22.3793785047,22.1142432613,22.1437027328,5532070,22.06541046172124,22.543727116591903,22.694181168043418,21.951034842655858,21.943734680618054,22.32307885743258,22.344213565401898,22.327381993075814,"rgba(239, 83, 80, 1.0)",0.34826818930320536,22.327957819752488,-0.33168783052970024,1,0.8187611890928475,0.8187611890928475,0.0,0.0,0.0,0.0,41.4984450780605,-3.760035694804934,False,True,False,True,False,0.0
2025-05-09 00:00:00+00:00,22.2811802664,22.3597388571,22.133882909,22.2222613235,5243007,22.067133953737223,22.539821668106995,22.68592950205304,21.977726323309895,21.946308555994353,22.322311912481855,22.34001922392591,22.326367047910818,"rgba(239, 83, 80, 1.0)",0.3409148059035006,22.32933364105033,-0.14124753110300478,1,0.8224471801814341,0.8224471801814341,0.0,0.0,0.0,0.0,41.977754201151996,-3.760035694804934,False,True,False,True,False,0.0
2025-05-16 00:00:00+00:00,22.2713604426,22.3204595617,22.1044234375,22.2222613235,6566722,22.068959753934415,22.5346372489396,22.675418514308625,22.0026869834489,21.949207781612998,22.320994124994993,22.333801748061912,22.324227332852953,"rgba(239, 83, 80, 1.0)",0.33703631351016644,22.328553070999895,-0.16969277821800968,1,0.8249004675980997,0.8249004675980997,0.0,0.0,0.0,0.0,42.2769092128821,-3.760035694804934,False,True,False,True,False,0.0
2025-05-23 00:00:00+00:00,22.0232697345,22.2596554561,21.9247756838,22.1808602156,8570436,22.068963654066284,22.524624484077464,22.657633285250693,22.010242390340455,21.95077625734236,22.316285084253263,22.315302645549295,22.316191298656374,"rgba(239, 83, 80, 1.0)",0.34676704086917937,22.315184489088345,-0.8418180512676555,1,0.825991917928624,0.825991917928624,0.0,0.0,0.0,0.0,41.42601440341361,-4.031222006940432,False,True,False,True,False,0.0
2025-05-30 00:00:00+00:00,22.0134203294,22.1513120004,21.9690980066,22.1119143801,7480299,22.068664670793712,22.515777094576553,22.642327133267408,22.0133409768754,21.95183442204873,22.311921154055018,22.29973300403933,22.308938557141403,"rgba(239, 83, 80, 1.0)",0.3566946784770983,22.30310928605124,-0.8121482436689605,1,0.8271911679504398,0.8271911679504398,0.0,0.0,0.0,0.0,40.7770223495208,-4.803180407785334,False,True,False,True,False,0.0
2025-06-06 00:00:00+00:00,21.8459804432,22.028194437,21.8262816331,21.9740227091,5616428,22.067125548151683,22.507373804021892,22.628669660290786,22.006164512244492,21.951400497084705,22.307014148966896,22.283191063790824,22.300986695812412,"rgba(239, 83, 80, 1.0)",0.37109034946841757,22.150013784061375,-0.8192973525097081,1,0.8292640036924209,0.8292640036924209,0.0,0.0,0.0,0.0,39.61246174888137,-6.067259541879579,False,True,False,True,False,0.0
2025-06-13 00:00:00+00:00,22.0035709243,22.09221557,21.8459804432,21.8755286584,6003876,22.066288804242127,22.499797687037677,22.616166943300893,22.00454112189425,21.951660139563938,22.302908134146143,22.270367195382608,22.29450276563722,"rgba(239, 83, 80, 1.0)",0.3802114449690795,22.15319343928097,-0.39352449001932827,1,0.8300249406295028,0.8300249406295028,0.0,0.0,0.0,0.0,39.85549622506103,-6.067259541879579,False,True,False,True,False,0.0
2025-06-20 00:00:00+00:00,22.0331191395,22.09221557,21.9887968167,22.0035709243,4961218,22.066064914479032,22.494374560748092,22.607095351467752,22.006210800924144,21.95229047542084,22.300183388208357,22.262506729635977,22.290292787828754,"rgba(239, 83, 80, 1.0)",0.3881967015321466,22.156441517831812,-0.31768012928775874,1,0.8299351635818258,0.8299351635818258,0.0,0.0,0.0,0.0,40.22979493774628,-6.067259541879579,False,True,False,True,False,0.0
2025-06-27 00:00:00+00:00,22.0797165604,22.1785072385,22.0204421535,22.1488700351,6756143,22.066351371947675,22.488054387236414,22.596337414899356,22.011719564128903,21.9536738384576,22.297319477269497,22.255035790036505,22.285956805025474,"rgba(239, 83, 80, 1.0)",0.392910170718909,22.162210518047576,-0.2099562795654678,1,0.8310121247631543,0.8310121247631543,0.0,0.0,0.0,0.0,40.82571491304763,-6.067259541879579,False,True,False,True,False,0.0
2025-07-04 00:00:00+00:00,22.1093537638,22.1883863063,22.0698374926,22.0797165604,4100412,22.066713117218047,22.484595160211963,22.590396602967832,22.0158348721823,21.954676156868555,22.295866030510098,22.251585758332663,22.283790118380754,"rgba(239, 83, 80, 1.0)",0.39776813640070546,22.103330596521523,0.015142407667391498,1,0.8350307777903885,0.8350307777903885,0.0,0.0,0.0,0.0,41.468012208686794,-6.067259541879579,False,True,False,True,False,0.0
2025-07-11 00:00:00+00:00,22.0402002892,22.1686281707,21.9814198357,22.1192328316,5184755,22.06668648766014,22.47961481710104,22.582172205013396,22.017969114592514,21.955486262624824,22.293447445761707,22.2455884303123,22.280202830801038,"rgba(239, 83, 80, 1.0)",0.4047794300289803,22.095704133814444,-0.13712120848252696,1,0.839237850431786,0.839237850431786,0.0,0.0,0.0,0.0,41.535242947002956,-6.067259541879579,False,True,False,True,False,0.0
2025-07-18 00:00:00+00:00,21.6746747801,22.0698374926,21.6647957123,22.0105630857,7391907,22.063685825128374,22.468398874010575,22.56521490280675,22.005054423691753,21.95388474903311,22.286279962864498,22.226355886343267,22.238571947039613,"rgba(239, 83, 80, 1.0)",0.4208600465440579,21.93964970529104,-0.6296034212962568,1,0.8419784599508142,0.8419784599508142,0.0,0.0,0.0,0.0,39.76412457981658,-6.705049898034922,False,True,False,True,False,0.0
2025-07-25 00:00:00+00:00,21.7529154901,21.8519185087,21.6736337936,21.8024665505,6068482,22.06086915336163,22.458879609397425,22.55107002059773,21.993506932906083,21.952221830115178,22.28003332719461,22.210270666863803,22.22887810280846,"rgba(239, 83, 80, 1.0)",0.4336514159424854,21.910783142433527,-0.3640427461545823,1,0.8486635265401009,0.8486635265401009,0.0,0.0,0.0,0.0,39.124051541450214,-7.426933771344821,False,True,False,True,False,0.0
2025-08-01 00:00:00+00:00,22.0601320642,22.0700422763,21.7132746418,21.7529154901,16416849,22.05810648699075,22.440965286734844,22.523719153628033,21.988350473129525,21.95212218538523,22.26970745327507,22.187893986963488,22.221656123878365,"rgba(239, 83, 80, 1.0)",0.4392170156475701,21.935550928808674,0.28364369082479274,1,0.8574985997849847,0.8574985997849847,0.0,0.0,0.0,0.0,40.890824245375285,-7.426933771344821,False,True,False,True,False,0.0
2025-08-08 00:00:00+00:00,21.9709401556,22.0997729125,21.9015686711,22.0997729125,11401049,22.05698264628956,22.430266237373182,22.5074503368331,21.988525637597068,21.9527197215279,22.263813498515812,22.176874155480416,22.216559403836964,"rgba(239, 83, 80, 0.75)",0.44630042183761587,21.948757629048934,0.049703127009675274,1,0.8661988673828018,0.8661988673828018,0.0,0.0,0.0,0.0,41.669837291964974,-7.426933771344821,False,True,False,True,True,0.0
2025-08-15 00:00:00+00:00,21.9907605798,22.0898627004,21.9659850496,22.030401428,5630619,22.056643857865488,22.425455135370747,22.500144586095917,21.9894615559802,21.953195850972595,22.261249455106174,22.172539689405788,22.214358450601175,"rgba(239, 83, 80, 0.75)",0.45253270851019023,21.955145587199496,0.07870147711035973,1,0.8766103636054551,0.8766103636054551,0.0,0.0,0.0,0.0,42.36811576726795,-7.426933771344821,False,True,False,True,True,0.0
2025-08-22 00:00:00+00:00,22.0394751859,22.0692985624,21.9002994292,22.0494163114,9285444,22.055930686018893,22.417525535995306,22.488260251012786,21.990194666919066,21.953811002199846,22.25692532224244,22.16534806163096,22.210147479674387,"rgba(239, 83, 80, 0.75)",0.45753544581013417,21.96177012484514,0.1698339697316179,1,0.8948484036565145,0.8948484036565145,0.0,0.0,0.0,0.0,43.22872429420342,-10.106709798783513,False,True,False,True,True,0.0
2025-08-29 00:00:00+00:00,22.0593574369,22.0991219388,21.9798284331,22.0295340605,6443290,22.05584080756135,22.412749704570665,22.48104501984075,21.992215852408734,21.954594912403323,22.254503704158246,22.161937981897687,22.208135936562666,"rgba(239, 83, 80, 0.75)",0.46217166160074213,21.96852819269375,0.1965270737103653,1,0.9273705180040627,0.9273705180040627,0.0,0.0,0.0,0.0,43.99656992328795,-9.303934707765187,False,True,False,True,True,0.0
2025-09-05 00:00:00+00:00,22.4271790796,22.4321496423,21.9897695586,22.0593574369,4388170,22.057247046166736,22.411623632513997,22.47886860806581,21.999204044113924,21.95648389554612,22.25472514983931,22.16425136141369,22.21007888143229,#000000,0.4626938726223985,21.983812407812373,0.9582289674050954,1,0.9776879782081497,0.9776879782081497,0.0,0.0,0.0,0.0,47.0610643577598,-6.328716558525258,False,True,False,False,True,0.3760422906037242
2025-09-12 00:00:00+00:00,22.8546474752,22.8997801849,22.4868258325,22.496766958,4693016,22.061783495139924,22.41470942352498,22.48198481851669,22.017942166082054,21.961317125594903,22.25877874381024,22.17592081827311,22.218736814846203,#000000,0.46168515741433347,22.02088750782464,1.8059059382476825,2,0.6920816646768618,1.3841633293537237,0.0,0.0,0.0,0.0,51.430660836238836,-2.213469216526768,False,False,False,False,True,4.402324542430378
2025-09-19 00:00:00+00:00,23.0335877338,23.1329989886,22.8645886007,22.8645886007,12928493,22.078662806696343,22.42943143004715,22.498372753848003,22.08202053193582,21.978692309154283,22.27544769305585,22.21954189014213,22.249782168435623,"rgba(38, 166, 154, 1.0)",0.4630374989480695,22.135924490590423,1.9386404886189421,2,0.7391563526986942,1.4783127053973883,0.0,0.0,0.0,0.0,55.30781963025698,1.3138609304000468,True,False,True,False,True,5.992697431496033
2025-09-26 00:00:00+00:00,22.9216956998,23.0313688849,22.8768293967,23.0213985954,5732197,22.085430817955007,22.43500127089163,22.504407857575842,22.105990161353905,21.985724141225663,22.281950736912037,22.235936449776585,22.2610614080467,"rgba(38, 166, 154, 1.0)",0.4626164109627576,22.174894754235574,1.6142984292542695,3,0.5714590101799999,1.7143770305399997,0.0,0.0,0.0,0.0,57.241983394131196,2.9368181601933543,True,False,True,False,True,4.845015865395947
2025-10-03 00:00:00+00:00,23.0712500432,23.1111312014,22.9516065685,22.961576858,8438997,22.096358934629183,22.444577076121575,22.514985254993704,22.142935780661265,21.996968197849554,22.292729929693483,22.262035931691674,22.278852542173407,"rgba(38, 166, 154, 1.0)",0.46285410194717497,22.2321883506592,1.812799517193347,3,0.6079840386538654,1.8239521159615961,0.0,0.0,0.0,0.0,59.27913802606555,4.691566602318389,True,False,True,False,True,6.17514748773149
2025-10-10 00:00:00+00:00,23.1609826492,23.2008638075,22.9915874296,23.0612797536,5189642,22.103465412360574,22.451017651551236,22.52215693858647,22.165974479545895,22.004239581491042,22.29983896896637,22.278689299366967,22.290137367157154,"rgba(38, 166, 154, 1.0)",0.4656647490820369,22.26645211893863,1.9209754056426966,2,0.8961868181890345,1.792373636378069,0.0,0.0,0.0,0.0,61.115383982421136,6.28285642235906,True,False,True,False,True,6.964905884546059
2025-10-17 00:00:00+00:00,23.3205072822,23.3504181509,23.1360569253,23.1510123597,3562096,22.10900475856449,22.45635376547824,22.528206046299562,22.183580941633636,22.00984640825216,22.305536868719244,22.291742496923405,22.299005151300502,"rgba(38, 166, 154, 1.0)",0.4715388753821127,22.29234398538667,2.180442272082355,2,0.9208217745922636,1.841643549184527,0.0,0.0,0.0,0.0,63.079260423093885,8.027297071442383,True,False,True,False,True,8.35225518375082
2025-10-24 00:00:00+00:00,23.4,23.44,23.345,23.38,3154422,22.11439446464545,22.461745130311698,22.53437897854422,22.20046596063404,22.015262941256623,22.311179646813457,22.30447163963997,22.307670022921553,"rgba(38, 166, 154, 1.0)",0.47866559653146074,22.31696904089295,2.26260455515287,2,0.9383564347881239,1.8767128695762478,0.0,0.0,0.0,0.0,64.79593971218803,9.561026861348097,True,False,True,False,True,9.036217065857343
2025-10-31 00:00:00+00:00,23.36,23.4613,23.215,23.42,3958187,22.120834615437673,22.468068571473953,22.541562516889854,22.220146941268226,22.02175797572565,22.317858018891616,22.319327268326024,22.317745102517144,"rgba(38, 166, 154, 1.0)",0.48339795337081926,22.344893618852137,2.0999393441146097,2,0.936941722076527,1.873883444153054,0.0,0.0,0.0,0.0,65.66351532047484,10.322881731534956,True,False,True,False,True,8.595726020455015
