date,Close,High,Low,Open,Volume,aVWAP_BoS_CHoCH_bear_74,aVWAP_BoS_CHoCH_bear_110,aVWAP_BoS_CHoCH_bear_136,Peaks_Valleys_avg,color,StDev,StDev_Mean,StdDev_ZScore,MA_Cross_Count,MA_Avg_Deviation_Z,MA_Oscillation_Score,BoS,CHoCH,BoS_CHoCH_Price,BoS_CHoCH_Break_Index,QQEMOD,QQE1_Value,QQE1_Above_Upper,QQE1_Below_Lower,QQE2_Above_Threshold,QQE2_Below_Threshold,QQE2_Above_TL,banker_RSI
2021-12-31 00:00:00+00:00,11.34260241,12.5498372971,11.1263812361,11.5227867215,9721446,,,,,#000000,,,,0,,,0.0,0.0,0.0,0.0,,,False,False,False,False,False,
2022-01-07 00:00:00+00:00,12.5858741594,12.7480400398,11.2750332931,11.4417037813,12916571,,,,,"rgba(38, 166, 154, 0.5)",,,,0,,,0.0,0.0,0.0,0.0,100.0,,False,False,True,False,False,
2022-01-14 00:00:00+00:00,14.2705974721,14.3471758045,12.3336161233,12.4597451414,13010342,,,,,"rgba(38, 166, 154, 0.5)",,,,0,,,0.0,0.0,0.0,0.0,100.0,50.0,False,False,True,False,True,
2022-01-21 00:00:00+00:00,12.8741690578,14.6579937419,12.7660584709,14.4868186459,10255565,,,,,"rgba(38, 166, 154, 0.5)",,,,0,,,0.0,0.0,0.0,0.0,90.15318676727115,40.69168436593601,False,False,True,False,False,
2022-01-28 00:00:00+00:00,14.018339436,14.4958278615,12.1083857339,12.36064377,10581814,,,,,"rgba(38, 166, 154, 0.5)",,,,0,,,0.0,0.0,0.0,0.0,85.40692620461911,36.608858126802645,False,False,True,False,False,
2022-02-04 00:00:00+00:00,14.8652057001,15.2976480477,13.7480629687,14.081403945,10945233,,,,,"rgba(38, 166, 154, 0.5)",,,,0,,,0.0,0.0,0.0,0.0,83.19263101238617,35.00481892055481,False,False,True,False,False,
2022-02-11 00:00:00+00:00,15.8111733356,15.8832470602,13.635447774,14.8201596222,10850388,,,,,"rgba(38, 166, 154, 0.5)",,,,0,,,0.0,0.0,0.0,0.0,82.61288698500087,34.89569144787187,False,False,True,False,False,
2022-02-18 00:00:00+00:00,15.3246756945,16.3768619816,14.7120490353,15.5228784371,10168596,,,,,"rgba(38, 166, 154, 0.5)",,,,0,,,0.0,0.0,0.0,0.0,80.352979333116,33.084019475661066,False,False,True,False,False,
2022-02-25 00:00:00+00:00,16.3156894078,16.3292032312,14.9012425624,16.0003668627,9349370,,,,,"rgba(38, 166, 154, 0.5)",,,,0,,,0.0,0.0,0.0,0.0,79.8085215070549,32.869844626985895,False,False,True,False,False,
2022-03-04 00:00:00+00:00,17.7481546844,17.9283389959,16.3156894078,16.3156894078,12677150,,,,,"rgba(38, 166, 154, 0.5)",,,,0,,,0.0,0.0,0.0,0.0,80.56793263092709,32.869844626985895,False,False,True,False,False,
2022-03-11 00:00:00+00:00,20.2256889677,21.5590528729,18.1445601697,18.180597032,21458696,,,,19.97643400343333,"rgba(38, 166, 154, 0.5)",,19.97643400343333,,0,,,0.0,0.0,0.0,0.0,82.39691006342755,32.869844626985895,False,False,True,False,True,
2022-03-18 00:00:00+00:00,17.9553666426,19.6310807397,16.7163292245,19.5499977995,15117688,,,,19.201252075715644,"rgba(38, 166, 154, 0.5)",,19.201252075715644,,0,,,0.0,0.0,0.0,0.0,78.69956634721699,32.57292610962274,False,False,True,False,False,
2022-03-25 00:00:00+00:00,21.1176013097,21.3608501303,18.5319564395,18.8022329067,12766054,,,,19.49504582078845,"rgba(38, 166, 154, 0.5)",,19.49504582078845,,0,,,0.0,0.0,0.0,0.0,78.07514696348376,32.1735264341211,False,False,True,False,False,
2022-04-01 00:00:00+00:00,19.5037795503,20.6040760219,18.0184311516,20.4148824948,14625385,,,,19.467697017578164,"rgba(38, 166, 154, 0.5)",,19.467697017578164,,0,,,0.0,0.0,0.0,0.0,75.17681618489536,29.541941654872858,False,False,True,False,False,
2022-04-08 00:00:00+00:00,19.3593071092,20.7227657722,18.0861437219,19.9552559288,9227189,,,,19.457827351704378,"rgba(38, 166, 154, 0.5)",,19.457827351704378,,0,,,0.0,0.0,0.0,0.0,72.8999715661499,27.525634296491447,False,False,True,False,False,
2022-04-15 00:00:00+00:00,19.6753405742,19.8739901807,18.0680846668,18.5917972658,8914825,,,,19.430464809157794,"rgba(38, 166, 154, 0.5)",,19.430464809157794,,0,,,0.0,0.0,0.0,0.0,71.5017189419531,26.331046472485056,False,False,True,False,False,
2022-04-22 00:00:00+00:00,18.1312913598,21.2825964815,17.9145826981,19.9552559288,14004081,,,,19.38369786008314,"rgba(38, 166, 154, 0.5)",,19.38369786008314,,0,,,0.0,0.0,0.0,0.0,68.30692346068038,23.391438989075652,False,False,True,False,False,
2022-04-29 00:00:00+00:00,17.5895197056,18.8355945102,16.3253858458,17.1651319098,12532520,,,,19.176042497943104,"rgba(38, 166, 154, 0.5)",,19.176042497943104,,0,,,0.0,0.0,0.0,0.0,65.32250034480477,20.686159268082406,False,False,True,False,False,
2022-05-06 00:00:00+00:00,19.2328937232,20.0726397872,16.8310393897,17.2915452958,10984731,,,,19.133450886265017,"rgba(38, 166, 154, 0.5)",,19.133450886265017,,0,,,0.0,0.0,0.0,0.0,64.59901809435395,20.13215444423372,False,False,True,False,False,
2022-05-13 00:00:00+00:00,17.2644567131,18.6008267934,15.7294370262,18.5195610453,16343865,,,,18.90084331383727,"rgba(38, 166, 154, 0.5)",,18.049541745701966,,0,,,0.0,0.0,0.0,0.0,61.74071139131976,17.4734622882971,False,False,True,False,False,
2022-05-20 00:00:00+00:00,17.4450472645,18.9620078962,16.9217861418,17.3276634061,10573383,,,,18.81970675652911,"rgba(38, 166, 154, 0.5)",,18.122503665648615,,0,,,0.0,0.0,0.0,0.0,59.86339203007637,15.762064484478017,False,False,True,False,False,
2022-05-27 00:00:00+00:00,19.8107834877,20.0455512045,17.3908700991,17.6256378159,10775001,,,,18.837698592746694,"rgba(38, 166, 154, 0.5)",,18.368355510989648,,0,,,0.0,0.0,0.0,0.0,60.45594035604158,15.762064484478017,False,False,True,False,False,
2022-06-03 00:00:00+00:00,20.497027583,21.020740182,19.2554675422,20.5060571106,9197165,,,,18.91612975015476,"rgba(38, 166, 154, 0.5)",,18.63889892827588,,0,,,0.0,0.0,0.0,0.0,61.366535327003206,15.762064484478017,False,False,True,False,False,
2022-06-10 00:00:00+00:00,20.9846220718,22.9432168969,20.4518799451,20.7769429377,15995222,,,,19.13905987232553,"rgba(38, 166, 154, 0.5)",,19.91623217805271,,0,,,0.0,0.0,0.0,0.0,62.359649393407494,15.762064484478017,False,False,True,False,False,
2022-06-17 00:00:00+00:00,16.9213346654,20.7588838825,16.7226850589,19.7024291569,19226465,,,,19.043304246083526,"rgba(38, 166, 154, 0.5)",,19.199942664619215,,0,,,0.0,0.0,0.0,0.0,58.85366143467739,14.868605505563394,False,False,True,False,False,
2022-06-24 00:00:00+00:00,16.1267362393,18.5060167539,15.0935776948,17.7610807294,14763514,,,,18.87502100174455,"rgba(38, 166, 154, 0.5)",,18.722992155196803,,0,,,0.0,0.0,0.0,0.0,55.69817291052074,11.848169686498544,False,False,True,False,False,
2022-07-01 00:00:00+00:00,17.5763486703,19.5041356254,16.4879173421,16.7226850589,15424762,,,,18.807258942627566,"rgba(38, 166, 154, 0.5)",,18.599041786286715,,0,,,0.0,0.0,0.0,0.0,54.662220777465514,10.876177213431035,False,False,True,False,False,
2022-07-08 00:00:00+00:00,18.1827417501,18.8615399737,15.0240673495,17.8388173168,13693167,,,,18.04123809931171,"rgba(38, 166, 154, 0.5)",,18.18729321540978,,0,,,0.0,0.0,0.0,0.0,54.40584936973643,10.58570216242827,False,False,True,False,False,
2022-07-15 00:00:00+00:00,18.2008430361,18.218944322,15.8476758608,17.766412173,12107065,,,,18.02618577353857,"rgba(38, 166, 154, 0.5)",,18.129649957583048,,0,,,0.0,0.0,0.0,0.0,54.237630660080924,10.304012111689822,False,False,True,False,False,
2022-07-22 00:00:00+00:00,19.8028068438,21.0925234687,18.6624258281,18.6624258281,15132276,,,,18.514813755391028,"rgba(38, 166, 154, 0.5)",,18.47184416546025,,0,,,0.0,0.0,0.0,0.0,55.39265518276349,10.304012111689822,False,False,True,False,False,
2022-07-29 00:00:00+00:00,23.4049627505,23.5497730382,19.8752119877,20.1195793482,10609297,,,,18.990576203286295,"rgba(38, 166, 154, 0.5)",,18.859198718599767,,0,,,0.0,0.0,0.0,0.0,58.46881882128406,10.304012111689822,False,False,True,False,True,
2022-08-05 00:00:00+00:00,20.7802762858,22.9343293155,19.3774266237,22.671860669,10306479,,,,19.187996525582157,"rgba(38, 166, 154, 0.5)",,19.038274025356586,,0,,,0.0,0.0,0.0,0.0,58.237225768720805,10.304012111689822,False,False,True,False,True,
2022-08-12 00:00:00+00:00,23.0429370313,24.2254035368,20.481514561,20.7531243569,13663634,,,,19.553680496371143,"rgba(38, 166, 154, 0.5)",,19.377379063292214,,0,,,0.0,0.0,0.0,0.0,59.35525025584377,10.304012111689822,False,False,True,False,True,
2022-08-19 00:00:00+00:00,23.0881902462,23.4140133935,21.1686393762,21.7215431559,11484038,,,,19.78427903264967,"rgba(38, 166, 154, 0.5)",,19.603709267436525,,0,,,0.0,0.0,0.0,0.0,60.178368114724776,10.304012111689822,False,False,True,False,True,
2022-08-26 00:00:00+00:00,26.4188268634,27.115726373,22.5813542392,22.8166709567,15092917,,,,20.29491279329404,"rgba(38, 166, 154, 0.5)",,20.097036877593492,,0,,,0.0,0.0,0.0,0.0,62.403387985812074,6.843981461513593,False,False,True,False,True,
2022-09-02 00:00:00+00:00,24.0385077592,27.3057898756,22.9433799585,26.3011685046,15274022,,,,22.020271468201315,"rgba(38, 166, 154, 0.5)",,21.713019797987105,,0,,,0.0,0.0,0.0,0.0,61.9714310595148,6.843981461513593,False,False,True,False,True,
2022-09-09 00:00:00+00:00,22.3188855927,24.5237127295,20.8345801437,24.4367360504,12324152,,,,21.75587497264318,"rgba(38, 166, 154, 0.5)",,21.55549755920469,,0,,,0.0,0.0,0.0,0.0,60.36572201333276,6.843981461513593,False,False,True,False,True,
2022-09-16 00:00:00+00:00,20.9341372165,23.6221781821,20.4997063534,22.7080632409,13817613,,,,21.546690854018355,"rgba(38, 166, 154, 0.5)",,21.419723448038656,,0,,,0.0,0.0,0.0,0.0,58.245659914607494,6.843981461513593,False,False,True,False,False,
2022-09-23 00:00:00+00:00,17.766412173,21.1332513621,17.517519491,19.9747690605,13269521,,,,21.107946897994363,"rgba(38, 166, 154, 0.5)",,21.05410868374875,,0,,,0.0,0.0,0.0,0.0,54.77951533389481,10.20376082387196,False,False,True,False,False,
2022-09-30 00:00:00+00:00,19.4386059492,19.7743801883,16.5626766564,17.5763486703,18588495,,,,20.17063670073559,#000000,,20.323989989442033,,0,,,0.0,0.0,0.0,0.0,53.350817912285876,8.832336766990537,False,False,False,False,False,
2022-10-07 00:00:00+00:00,20.3551788721,21.7890256228,20.2644290777,20.6728031523,15443089,,,,20.408311364070595,#000000,,20.558355985085107,,0,,,0.0,0.0,0.0,0.0,52.8814330664264,8.346822592653737,False,False,False,False,False,
2022-10-14 00:00:00+00:00,18.703532615,20.5911283374,18.204408746,20.2009042217,13048760,,,,20.280589038869962,#000000,,20.4202457093847,,0,,,0.0,0.0,0.0,0.0,51.526252114786644,6.9680073708440275,False,False,False,False,False,
2022-10-21 00:00:00+00:00,20.4459286664,20.6637281729,18.3859083347,19.1391316278,10705275,,,,20.258559502357855,#000000,,20.392920377730448,,0,,,0.0,0.0,0.0,0.0,51.63080075500249,6.9680073708440275,False,False,False,False,False,
2022-10-28 00:00:00+00:00,20.4277787076,21.4895513014,19.8289208147,20.2190541806,7040824,,,,20.28452292063514,#000000,,20.417304366763485,,0,,,0.0,0.0,0.0,0.0,51.69351073273703,6.88320942195319,False,False,False,False,False,
2022-11-04 00:00:00+00:00,21.9796001909,22.79634834,20.0738545096,20.2462791189,9665347,,,,20.381161351502115,#000000,,20.818108566412853,,0,,,0.0,0.0,0.0,0.0,52.685516057068845,6.88320942195319,False,False,False,False,False,
2022-11-11 00:00:00+00:00,19.3387811754,22.7064152938,17.578235165,22.3425993683,18991396,,,,20.329274584188518,#000000,,20.47753095770336,,0,,,0.0,0.0,0.0,0.0,51.63608393432802,6.54790753119898,False,False,False,False,False,
2022-11-18 00:00:00+00:00,17.7143598566,19.2117314633,16.6525872627,19.0030069363,14148145,,,,20.14604066055957,#000000,,20.093568313678897,,0,,,0.0,0.0,0.0,0.0,49.92758119478625,4.754545554371134,False,False,False,False,False,
2022-11-25 00:00:00+00:00,17.5691601856,17.8504845481,16.6525872627,17.1063362344,7384340,,,,20.04425547843693,#000000,,19.91822141287113,,0,,,0.0,0.0,0.0,0.0,48.62223312731247,3.380192037671655,False,False,False,False,False,
2022-12-02 00:00:00+00:00,17.4874853707,18.3768333553,16.7161121188,17.0700363167,8770484,,,,19.941655910950754,#000000,,19.76035623796097,,0,,,0.0,0.0,0.0,0.0,47.63915336960912,2.323699049179922,False,False,False,False,False,
2022-12-09 00:00:00+00:00,15.4819149156,18.0501340957,15.4637649568,17.8777094864,9941927,,,,19.782980818343262,"rgba(239, 83, 80, 0.5)",,19.521201337612432,,0,,,0.0,0.0,0.0,0.0,45.73252392894427,0.3919353749857777,False,False,False,True,False,0.0
2022-12-16 00:00:00+00:00,15.6906394426,16.5418725136,15.3548652035,15.6997144221,9130607,,,,19.632726751004977,"rgba(239, 83, 80, 0.5)",,19.306485961982286,,0,,,0.0,0.0,0.0,0.0,44.544316896686006,-0.8233382865861216,False,False,False,True,False,0.0
2022-12-23 00:00:00+00:00,16.3077380442,16.3440379619,15.2323529812,15.8358391136,6908425,,,,19.5306599716639,"rgba(239, 83, 80, 0.5)",,19.168518704278185,,0,,,0.0,0.0,0.0,0.0,44.222873536442776,-1.2203059888956744,False,False,False,True,False,0.14947643066103566
2022-12-30 00:00:00+00:00,16.1161051545,16.5890624067,15.4878502078,16.3894128591,4548959,,,,19.468939483609113,"rgba(239, 83, 80, 0.5)",,19.088101675576002,,0,,,0.0,0.0,0.0,0.0,43.86425288679962,-1.6883382160725944,False,False,False,True,False,0.0
2023-01-06 00:00:00+00:00,13.7214522417,15.8543322601,13.3299310431,15.7883199649,13307598,,,,19.212317091283587,"rgba(239, 83, 80, 0.5)",,18.742818700108906,,0,,,0.0,0.0,0.0,0.0,42.10761501766026,-3.502168954810301,False,False,False,True,False,0.0
2023-01-13 00:00:00+00:00,14.149394017,14.3588123326,13.2479847457,14.0856580079,9681257,,,,19.029789285819998,"rgba(239, 83, 80, 0.5)",,18.506092278927923,,0,,,0.0,0.0,0.0,0.0,41.25980713850638,-4.415997756789324,False,False,False,True,False,0.0
2023-01-20 00:00:00+00:00,14.3132866118,14.6911500942,13.6531636606,14.2950763235,6880457,,,,18.916027613394643,"rgba(239, 83, 80, 0.5)",,18.364416170448507,,0,,,0.0,0.0,0.0,0.0,40.81587375836536,-4.953766347752897,False,False,False,True,False,0.0
2023-01-27 00:00:00+00:00,14.0947631521,14.7230180988,13.6395059443,14.5318100715,7152439,,,,18.802472148032912,"rgba(239, 83, 80, 0.5)",,18.225702270395345,,0,,,0.0,0.0,0.0,0.0,40.35009666257338,-5.532013215246678,False,False,False,True,False,0.0
2023-02-03 00:00:00+00:00,12.9839355652,14.09021058,12.9110944119,13.8125036833,9617587,,,,18.632658972502163,"rgba(239, 83, 80, 0.5)",,18.01703534240547,,0,,,0.0,0.0,0.0,0.0,39.27147166296913,-6.702102612303314,False,False,False,True,False,0.0
2023-02-10 00:00:00+00:00,13.4574030612,13.5256916424,12.624282371,12.9930407093,6909007,,,,18.5150264662658,"rgba(239, 83, 80, 0.5)",,17.875067632535536,,0,,,0.0,0.0,0.0,0.0,39.036107209893764,-7.05753590309947,False,False,False,True,False,0.0
2023-02-17 00:00:00+00:00,12.1735777354,13.5120339262,12.1052891542,13.3026156106,7406523,,,,18.380922891772784,"rgba(239, 83, 80, 0.5)",,17.713069136703538,,0,,,0.0,0.0,0.0,0.0,38.0000989098542,-8.189852029470089,False,False,False,True,False,0.0
2023-02-24 00:00:00+00:00,12.565098934,12.565098934,11.7456359601,12.155367447,6134417,,,,18.26911210677424,"rgba(239, 83, 80, 0.5)",,17.578980872011787,,0,,,0.0,0.0,0.0,0.0,37.72450449570651,-8.583642570201846,False,False,False,True,False,0.0
2023-03-03 00:00:00+00:00,12.8655686911,12.974830421,12.1280520146,12.6015195106,5711586,,,,18.17540561361706,"rgba(239, 83, 80, 1.0)",,17.46924347128168,,0,,,0.0,0.0,0.0,0.0,37.89236127856809,-8.583642570201846,False,True,False,True,False,0.0
2023-03-10 00:00:00+00:00,12.3829960509,13.1023024392,12.0643160055,12.7563069613,10463809,,,,18.00820535688142,"rgba(239, 83, 80, 1.0)",,17.275685253109877,,0,,,0.0,0.0,0.0,0.0,37.64326467157791,-8.952194152202992,False,True,False,True,False,0.0
2023-03-17 00:00:00+00:00,11.0263295718,12.9657252769,10.862436977,11.9368439873,11964778,,,,17.79956235836806,"rgba(239, 83, 80, 1.0)",,15.323843783396693,,0,,,0.0,0.0,0.0,0.0,36.4903450829485,-10.20881102224726,False,True,False,True,False,0.0
2023-03-24 00:00:00+00:00,11.272168464,12.0552108613,10.9625935627,11.0081192835,8648135,,,,17.653411561561697,"rgba(239, 83, 80, 1.0)",,15.17277734315402,,0,,,0.0,0.0,0.0,0.0,36.0003432670136,-10.802984780812793,False,True,False,True,False,0.0
2023-03-31 00:00:00+00:00,11.8783454124,12.0789126942,11.1355913017,11.3996404822,7716849,,,,17.534665136006588,"rgba(239, 83, 80, 1.0)",,15.080120092853866,,0,,,0.0,0.0,0.0,0.0,36.477525846405015,-10.802984780812793,False,True,False,True,False,0.0
2023-04-07 00:00:00+00:00,12.0615118798,12.7025945158,12.0019827779,12.5560613418,6352151,,,,17.45012271895251,"rgba(239, 83, 80, 1.0)",,15.040637114014693,,0,,,0.0,0.0,0.0,0.0,37.070658906286816,-10.802984780812793,False,True,False,True,False,0.0
2023-04-14 00:00:00+00:00,12.3362615809,12.7025945158,11.9813765503,12.1530951135,5696633,,,,17.378048245736657,"rgba(239, 83, 80, 0.75)",,15.004176216066366,,0,,,0.0,0.0,0.0,0.0,37.88514646122413,-10.802984780812793,False,True,False,True,True,0.0
2023-04-21 00:00:00+00:00,11.8508704423,12.8079152346,11.7501288852,12.3362615809,6510133,,,,17.294972207428952,"rgba(239, 83, 80, 0.75)",,13.734958487272277,,0,,,0.0,0.0,0.0,0.0,38.00573415863089,-10.802984780812793,False,True,False,True,True,0.0
2023-04-28 00:00:00+00:00,11.6035957112,12.2309408622,10.9991463688,11.8233954722,6372695,,,,17.20799286853631,"rgba(239, 83, 80, 0.75)",,13.615479926127609,,0,,,0.0,0.0,0.0,0.0,37.85553499085282,-10.802984780812793,False,True,False,True,True,0.0
2023-05-05 00:00:00+00:00,11.4845375074,11.6585456515,10.3946970263,11.4021125971,7637390,,,,17.09938794952817,"rgba(239, 83, 80, 0.75)",,13.470345359173688,,0,,,0.0,0.0,0.0,0.0,37.63027861082968,-10.802984780812793,False,True,False,True,True,0.0
2023-05-12 00:00:00+00:00,10.7701882845,11.8700113381,10.7060800209,11.7318122384,4412076,,,,17.03788032766999,"rgba(239, 83, 80, 0.75)",,13.403884227469632,,0,,,0.0,0.0,0.0,0.0,36.76895388471647,-10.802984780812793,False,True,False,True,True,0.0
2023-05-19 00:00:00+00:00,11.0357796622,11.125805981,10.3855387029,10.8984048117,4251371,,,,16.97717677041995,"rgba(239, 83, 80, 0.75)",,13.33262635777778,,0,,,0.0,0.0,0.0,0.0,36.63325754755906,-10.940045342413526,False,True,False,True,True,0.0
2023-05-26 00:00:00+00:00,10.5778634937,11.2830543933,10.358155316,11.0083046921,3770594,,,,16.92342734522971,"rgba(239, 83, 80, 1.0)",,13.271605232409605,,0,,,0.0,0.0,0.0,0.0,36.06687341039662,-11.585357532899664,False,True,False,True,False,0.0
2023-06-02 00:00:00+00:00,10.733554991,10.7885049312,9.8459302899,10.4954385833,5862046,,,,15.56154258857951,"rgba(239, 83, 80, 1.0)",3.8656731926793233,11.906026628681182,-0.30330335215650617,0,,,-1.0,0.0,9.84593,109.0,35.965241438115555,-11.77854468903356,False,True,False,True,False,0.0
2023-06-09 00:00:00+00:00,11.3837959503,11.4753791841,10.6786050508,10.9991463688,5467153,,,,15.576611075394663,"rgba(239, 83, 80, 1.0)",3.8649113805948576,11.969491735873689,-0.15154184091112155,0,,,0.0,0.0,0.0,0.0,37.13593084546829,-11.77854468903356,False,True,False,True,False,0.0
2023-06-16 00:00:00+00:00,11.3471626569,11.5669624178,10.6557092423,11.1182045726,6979615,,,,15.53825741142506,"rgba(239, 83, 80, 0.75)",3.885121273057001,11.978755414026413,-0.16256706360917403,0,,,0.0,0.0,0.0,0.0,37.92556089344442,-11.77854468903356,False,True,False,True,True,0.0
2023-06-23 00:00:00+00:00,10.660288404,11.5120124775,10.579145659,11.2097878063,4584070,,,,15.49134894427477,"rgba(239, 83, 80, 0.75)",3.936855468839282,11.950144305767846,-0.3276360821415017,0,,,0.0,0.0,0.0,0.0,37.62811810872681,-11.77854468903356,False,True,False,True,True,0.0
2023-06-30 00:00:00+00:00,11.4710214162,11.5907991498,10.7060800209,10.733554991,3999112,,,,15.464085543845608,"rgba(239, 83, 80, 0.75)",3.9580224573075062,11.950173871751254,-0.1210585489899428,0,,,0.0,0.0,0.0,0.0,38.988663063739175,-13.180941646598832,False,True,False,True,True,0.0
2023-07-07 00:00:00+00:00,11.8948503199,11.9962007099,10.9274147788,11.5078761034,3859027,,,,15.44729712656573,"rgba(239, 83, 80, 0.75)",3.984030472972548,11.968395913464608,-0.018460098150236987,0,,,0.0,0.0,0.0,0.0,40.72722548413822,-11.513836660978285,False,True,False,True,True,0.0
2023-07-14 00:00:00+00:00,11.7658589144,12.760935471,11.7290042271,11.9317050072,7448577,,,,15.432506262566113,"rgba(239, 83, 80, 0.75)",4.017585903373492,12.038013136214873,-0.067740734948903,0,,,0.0,0.0,0.0,0.0,41.776364649215225,-10.541765296476278,False,True,False,True,True,0.0
2023-07-21 00:00:00+00:00,12.3463202391,12.3738691178,11.5861923139,11.7566452426,5864546,,,,15.41328409820061,"rgba(239, 83, 80, 0.75)",4.045440537622552,12.078634192707218,0.0661698136218553,0,,,0.0,0.0,0.0,0.0,43.59466657451481,-8.845686012130308,False,True,False,True,True,0.0
2023-07-28 00:00:00+00:00,12.5213800037,12.7286876196,12.1251921154,12.4384569573,5503683,,,,15.402631018944533,"rgba(239, 83, 80, 0.75)",4.068898063675039,12.129981200528178,0.0961928259314289,0,,,0.0,0.0,0.0,0.0,45.20875572554791,-7.375313561858121,False,True,False,True,True,0.0
2023-08-04 00:00:00+00:00,13.1755507029,13.5164565603,12.0699100845,12.6872260964,7796211,,,,15.399573021674223,#000000,4.086070266840499,12.223544107904292,0.23298830730383777,0,,,0.0,0.0,0.0,0.0,47.50020538766111,-5.278834569546085,False,False,False,False,True,0.0
2023-08-11 00:00:00+00:00,13.6270206221,14.2351229622,12.5121663318,13.1479096874,7952871,,,,15.408370142936826,#000000,4.095051618157121,12.206521232096994,0.3468819254205804,0,,,0.0,0.0,0.0,0.0,49.87016482775337,-3.1443342060690256,False,False,False,False,True,0.0
2023-08-18 00:00:00+00:00,13.120268672,13.580952263,12.8438585174,13.5164565603,5293830,,,,15.402944220041807,#000000,4.0856489885858585,12.234729533345233,0.2167438125812354,0,,,0.0,0.0,0.0,0.0,50.57620398503623,-2.6100783733301114,False,False,False,False,True,0.0
2023-08-25 00:00:00+00:00,12.6964397683,13.3506104675,12.2081151618,13.2861147647,3989687,,,,15.390056647638852,#000000,4.100651788666578,12.225598594992967,0.11482105713251446,0,,,0.0,0.0,0.0,0.0,50.29458436519245,-2.6100783733301114,False,False,False,False,True,0.0
2023-09-01 00:00:00+00:00,13.8665760894,13.9679264794,12.7701491428,12.8070038301,3900722,,,,15.389618799280663,#000000,4.067410322949009,12.285072703206112,0.38882317263905797,0,,,0.0,0.0,0.0,0.0,52.0312210139564,-1.3702377824779575,True,False,False,False,True,0.0
2023-09-08 00:00:00+00:00,13.682302653,14.1798409313,13.4079195062,13.9771401513,4918261,,,,15.391743726975772,#000000,4.0563013019034875,12.366800035405518,0.3243108733015373,0,,,0.0,0.0,0.0,0.0,52.914151304008996,-0.5728188792193052,True,False,False,False,True,0.0
2023-09-15 00:00:00+00:00,14.1153452286,14.7234475687,13.7606188635,13.940285464,7320190,14.199803886933333,,,15.203116320997665,"rgba(38, 166, 154, 1.0)",4.0424475254799965,13.054797482293115,0.26235287894824505,0,,,0.0,0.0,0.0,0.0,54.22353003743953,0.6539674583255746,True,False,True,False,True,0.0
2023-09-22 00:00:00+00:00,12.8807132047,14.2904049931,12.8162175019,14.2811913213,5292931,13.834429400347473,,,15.133332793214812,#000000,4.033064950884551,12.981823327794025,-0.025070293765502075,0,,,0.0,0.0,0.0,0.0,52.872291908991464,0.6539674583255746,True,False,False,False,True,0.0
2023-09-29 00:00:00+00:00,13.561774824,13.8493363968,12.8991405483,12.8991405483,4733375,13.72591394337285,,,15.108298287122272,#000000,4.032194179161386,12.975785818163986,0.14532757595465995,0,,,0.0,0.0,0.0,0.0,53.00397409883158,0.6539674583255746,True,False,False,False,True,0.0
2023-10-06 00:00:00+00:00,12.4208047122,13.4968415656,11.7529197688,13.4968415656,7268398,13.38070899753024,,,15.021411585506991,#000000,4.044639918055351,12.946863741737726,-0.13006325413280612,0,,,0.0,0.0,0.0,0.0,51.268623871234524,0.6539674583255746,True,False,False,False,False,0.0
2023-10-13 00:00:00+00:00,13.8493363968,13.9499829473,12.8660613412,12.9217184198,6613567,13.41764723959016,,,15.019175030629595,#000000,4.028658982525376,13.095832843019108,0.18703582433987895,0,,,0.0,0.0,0.0,0.0,52.132325701962856,0.6539674583255746,True,False,False,False,False,0.0
2023-10-20 00:00:00+00:00,14.0997932506,14.4346633403,13.6267080823,13.9049934754,4360580,13.49558283077984,,,15.031937737460552,#000000,4.027759587525864,13.566209216802518,0.13247663426834438,0,,,0.0,0.0,0.0,0.0,53.08089986233458,0.6539674583255746,True,False,False,False,False,0.0
2023-10-27 00:00:00+00:00,13.5710510037,14.0719647113,13.1536229141,13.9606505541,4469740,13.50710862949618,,,15.02789460441933,#000000,4.028311106600034,13.530093075676154,0.010167518580364621,0,,,0.0,0.0,0.0,0.0,52.89782676529412,0.6539674583255746,True,False,False,False,False,0.0
2023-11-03 00:00:00+00:00,13.0608611164,13.7380222396,12.8382328019,13.5803271835,6725547,13.464738357547201,,,15.004996843800951,#000000,4.006601681965842,13.440677113165277,-0.0947975433831796,0,,,0.0,0.0,0.0,0.0,51.97038637819897,0.6539674583255746,True,False,False,False,False,0.0
2023-11-10 00:00:00+00:00,12.1796240382,13.2185561725,11.7204531396,13.1721752736,5766743,13.344921973162815,,,14.959792414671824,#000000,3.9796045980030734,13.272747245369583,-0.2746813609869939,0,,,0.0,0.0,0.0,0.0,50.03702141720081,3.7305061020013994,True,False,False,False,False,0.0
2023-11-17 00:00:00+00:00,12.2074525775,12.5135665099,11.5302914543,12.1610716787,4901405,13.237330166292912,,,14.917576775989446,#000000,3.9397412697676915,13.140514281274609,-0.23683324357734464,0,,,0.0,0.0,0.0,0.0,48.70335911896405,2.427472342211523,False,False,False,False,False,0.0
2023-11-24 00:00:00+00:00,11.9662719035,12.3836999931,11.4931867352,12.2816620157,2469424,13.184184397859172,,,14.895923823786594,#000000,3.9521271657217514,13.078927099726148,-0.28153324768408644,0,,,0.0,0.0,0.0,0.0,47.39692271240953,1.1577423822756003,False,False,False,False,False,0.0
2023-12-01 00:00:00+00:00,11.5952247127,12.0868622405,11.5210152745,11.8456815665,5263985,13.067106676495543,,,14.84710692921419,"rgba(239, 83, 80, 0.5)",3.971440066390535,12.9478204783958,-0.34058068183945006,8,0.34515713484934074,2.761257078794726,0.0,0.0,0.0,0.0,45.920877859024074,-0.26824070233962516,False,False,False,True,False,0.0
2023-12-08 00:00:00+00:00,10.5470163987,11.5117390948,10.2687310056,11.4468058364,7333729,12.835395421556207,,,14.753456311759015,"rgba(239, 83, 80, 0.5)",3.9946140508997185,12.690085276961025,-0.53648959597945,8,0.34314696721745325,2.745175737739626,0.0,0.0,0.0,0.0,43.47542897743873,-2.6011705789772535,False,False,False,True,False,0.0
2023-12-15 00:00:00+00:00,11.1870728028,11.4560820161,9.9394266237,10.4449784212,8827264,12.621131006901093,,,14.656132065225037,"rgba(239, 83, 80, 1.0)",4.000643683470302,11.982127980303956,-0.19873181428002024,8,0.34102845523183956,2.7282276418547164,0.0,0.0,0.0,0.0,42.98392990419508,-3.0409465654208034,False,True,False,True,False,0.0
2023-12-22 00:00:00+00:00,11.6137770722,11.9477195439,11.381872578,11.4560820161,6216745,12.552026802430563,,,14.613158150334542,"rgba(239, 83, 80, 0.5)",3.9993534101660932,12.018072258679384,-0.10109013758366352,8,0.34003792943963607,2.7203034355170885,0.0,0.0,0.0,0.0,43.42680331278801,-3.0409465654208034,False,False,False,True,False,0.0
2023-12-29 00:00:00+00:00,11.2570495545,12.0080147125,11.2570495545,11.7529197688,4425503,12.501769490759035,,,14.581650541912884,"rgba(239, 83, 80, 0.5)",3.97672366827678,12.002297107604175,-0.18740239837361153,8,0.33815870250442714,2.705269620035417,0.0,0.0,0.0,0.0,43.22167838382069,-3.0409465654208034,False,False,False,True,False,0.0
2024-01-05 00:00:00+00:00,11.3783942014,11.6677545134,11.1450391112,11.3503915906,4674717,12.448345253924852,,,14.547775751619405,"rgba(239, 83, 80, 0.5)",3.861423149438954,11.972211306950669,-0.15378193028053583,8,0.33623284734604275,2.689862778768342,0.0,0.0,0.0,0.0,43.31605558041595,-3.0409465654208034,False,False,False,True,False,0.0
2024-01-12 00:00:00+00:00,11.0610312787,11.341057387,10.7530025595,11.0890338895,6205881,12.36408885602822,,,14.497162100967145,"rgba(239, 83, 80, 1.0)",3.8116350623276825,11.89868408013949,-0.21976206739161297,8,0.3340329667235966,2.672263733788773,0.0,0.0,0.0,0.0,42.89063817698969,-3.385064153699396,False,True,False,True,False,0.0
2024-01-19 00:00:00+00:00,9.9875978634,10.8463445956,9.8242493002,10.8276761884,6278667,12.24071732238196,,,14.430558800087146,"rgba(239, 83, 80, 1.0)",3.708372292564509,11.758292922500273,-0.47748578605514186,8,0.3307755556439397,2.6462044451515174,0.0,0.0,0.0,0.0,41.08680223307607,-5.2316967925463445,False,True,False,True,False,0.0
2024-01-26 00:00:00+00:00,10.2302871573,10.286292379,9.7262401623,9.8755874201,5591975,12.135458625942608,,,14.371729738040111,"rgba(239, 83, 80, 1.0)",3.5884768416442028,11.644217439865024,-0.3940196202902556,8,0.32802798351491586,2.624223868119327,0.0,0.0,0.0,0.0,40.33303587771673,-6.034531222629944,False,True,False,True,False,0.0
2024-02-02 00:00:00+00:00,9.5862271082,10.4076370259,9.5488902937,10.1742819356,6457587,12.013557687432476,,,14.302304781435431,"rgba(239, 83, 80, 1.0)",3.321251124364073,11.51412547376171,-0.580473530417201,8,0.325218135114126,2.601745080913008,0.0,0.0,0.0,0.0,38.94430521303391,-7.441640187855775,False,True,False,True,False,0.0
2024-02-09 00:00:00+00:00,9.8475848093,9.9035900309,9.1615208439,9.5115534793,6266936,11.896739693109843,,,13.577539566804237,"rgba(239, 83, 80, 1.0)",3.130664206265827,10.82680632413767,-0.31278394945003046,8,0.3247787597887465,2.598230078309972,-1.0,0.0,9.161521,135.0,38.55262448316617,-7.882441367273209,False,True,False,True,False,0.0
2024-02-16 00:00:00+00:00,10.0436030851,10.2442884627,9.5862271082,9.8662532165,5976391,11.809911763438997,,,13.551808006150122,"rgba(239, 83, 80, 1.0)",2.988578378338982,10.806385232888847,-0.25523243871314877,7,0.32509872509449267,2.275691075661449,0.0,0.0,0.0,0.0,38.72760908600672,-7.882441367273209,False,True,False,True,False,0.0
2024-02-23 00:00:00+00:00,10.0622714923,10.2956265826,9.7355743659,10.0156004743,4099659,11.756892741911189,,,13.529264015949057,"rgba(239, 83, 80, 1.0)",2.883904419755552,10.7873224681293,-0.25141297016034847,6,0.31359611976750074,1.8815767186050043,0.0,0.0,0.0,0.0,38.89770134997116,-7.882441367273209,False,True,False,True,False,0.0
2024-03-01 00:00:00+00:00,10.6503263198,10.6763687479,9.8942558273,10.0529372887,6106979,11.6995033505232,,,13.511816313264317,"rgba(239, 83, 80, 1.0)",2.8529925758127597,10.79721714052658,-0.051486576576433844,6,0.3137993328495768,1.8827959970974608,0.0,0.0,0.0,0.0,40.41521940351315,-7.882441367273209,False,True,False,True,False,0.0
2024-03-08 00:00:00+00:00,10.2676239718,11.1450391112,10.1089425104,10.7530025595,12141561,11.60658050800348,,,13.46661543619695,"rgba(239, 83, 80, 0.75)",2.779261833118526,10.80265796992451,-0.1925093892733971,6,0.31369970162186805,1.8821982097312082,0.0,0.0,0.0,0.0,40.827638783639,-7.882441367273209,False,True,False,True,True,0.0
2024-03-15 00:00:00+00:00,10.5569842837,10.8276761884,10.2209529537,10.2676239718,7017255,11.560402327053037,,,13.437026437770129,"rgba(239, 83, 80, 0.75)",2.6622285935315966,10.799633596542368,-0.09114518318672223,6,0.31430174361827196,1.8858104617096316,0.0,0.0,0.0,0.0,41.80812686101764,-7.882441367273209,False,True,False,True,True,0.0
2024-03-22 00:00:00+00:00,10.8930156137,11.1917101292,10.5663184873,10.6036553017,5488971,11.538331047881465,,,13.423176106503064,"rgba(239, 83, 80, 0.5)",2.5872561558107976,10.817185440847943,0.029309109065890813,5,0.31463974477895607,1.5731987238947802,0.0,0.0,0.0,0.0,43.286684544064954,-9.903045657834916,False,False,False,True,True,0.0
2024-03-29 00:00:00+00:00,11.6952324565,11.8080482037,10.9210182245,10.9210182245,4849129,11.536550840641437,,,13.423785230046402,#000000,2.4343240197074483,10.859883313233205,0.34315445951487805,5,0.3146527353406828,1.5732636767034138,0.0,0.0,0.0,0.0,46.02572760100174,-7.257817943409371,True,False,False,False,True,0.0
2024-04-05 00:00:00+00:00,11.9396665754,12.0144070079,11.5260088358,11.7704429546,5318594,11.545197735004091,,,13.430437031453538,#000000,2.2646624966790023,10.918614914412819,0.4508626174913459,5,0.3161229917197951,1.5806149585989755,0.0,0.0,0.0,0.0,48.453466397410445,-4.983368084908008,True,False,False,False,True,0.0
2024-04-12 00:00:00+00:00,11.5448114603,12.0242783858,11.5072062113,11.9678705122,4058750,11.548464374930134,11.6920986858,,13.213621710656136,#000000,1.987434799822199,11.046018661113326,0.250973163613366,4,0.29297315508906646,1.1718926203562658,0.0,0.0,0.0,0.0,49.29777785104902,-4.248891218189385,True,False,False,False,True,0.0
2024-04-19 00:00:00+00:00,11.1499563452,11.6294232707,10.9713314122,11.5542127726,3800395,11.54238147380494,11.47843054431529,,13.18005722536735,#000000,1.825724243898293,11.006790624044598,0.07841585148133536,4,0.29280805569314305,1.1712322227725722,0.0,0.0,0.0,0.0,49.05380517513373,-4.248891218189385,True,False,False,False,True,0.0
2024-04-26 00:00:00+00:00,11.3661865273,11.4507983377,10.8866255887,11.0841471594,3208029,11.537170839885054,11.407733350319937,,13.164980367363395,#000000,1.7202964216285785,10.999685669333516,0.21304517835334627,3,0.3115729246784641,0.9347187740353923,0.0,0.0,0.0,0.0,49.361647740102256,-4.219970665157248,True,False,False,False,True,0.0
2024-05-03 00:00:00+00:00,11.1029497839,11.6200219584,10.4166539886,11.3661865273,7687003,11.51804746571363,11.259687414579458,,13.12588242762867,#000000,1.6122590029690036,10.946553487309309,0.0970044492247735,3,0.31444708213802036,0.9433412464140611,0.0,0.0,0.0,0.0,48.99511157589752,-4.219970665157248,True,False,False,False,True,0.0
2024-05-10 00:00:00+00:00,11.1969629065,11.6106206462,11.1499563452,11.2063642188,4545649,11.513567056950212,11.271294035878721,,13.119197772718088,#000000,1.4945277158557924,10.988108998955571,0.1397457573577584,3,0.318324799642068,0.9549743989262041,0.0,0.0,0.0,0.0,48.96212420922721,-4.219970665157248,True,False,False,False,True,0.0
2024-05-17 00:00:00+00:00,11.5918180216,11.6294232707,11.0277392858,11.319179966,3660427,11.511834342187301,11.290985322269153,,13.116060032927589,#000000,1.4439386811840336,11.02004316258973,0.39598278407599247,2,0.20559464150464965,0.4111892830092993,0.0,0.0,0.0,0.0,49.88658287384909,-3.4999224414042445,True,False,False,False,True,0.0
2024-05-24 00:00:00+00:00,11.2345681556,11.9208639509,11.178160282,11.6388245829,5204700,11.510171248333043,11.315830940044325,,13.111336368694344,#000000,1.3845286396644163,11.213988854504272,0.014863759770773411,2,0.20534515526105007,0.41069031052210014,0.0,0.0,0.0,0.0,49.66408936085877,-3.4999224414042445,True,False,False,False,True,0.0
2024-05-31 00:00:00+00:00,11.6388245829,11.8080482037,11.3426832466,11.4319957131,3697037,11.511660710685788,11.344767230297112,,13.110889178216036,#000000,1.2917959320753947,11.256891317365533,0.2956606814211396,2,0.20583771947579255,0.4116754389515851,0.0,0.0,0.0,0.0,50.47885097581017,-2.7360407366531803,True,False,False,False,True,0.0
2024-06-07 00:00:00+00:00,10.5764762971,11.7422390179,10.5482723603,11.7422390179,7874876,11.491955891999918,11.274708460152311,,13.078240935927925,#000000,1.207457307957145,11.154740895680426,-0.47891100974722883,2,0.20630543280932329,0.41261086561864657,0.0,0.0,0.0,0.0,48.680609098423396,-2.7360407366531803,True,False,False,False,True,0.0
2024-06-14 00:00:00+00:00,10.2286277433,11.2063642188,10.1534172452,10.6234828584,4917806,11.471115103907554,11.199382919570802,,13.048319396115408,#000000,1.203666585618166,11.068349228491584,-0.69763628501852,2,0.2067027308385995,0.413405461677199,0.0,0.0,0.0,0.0,46.730621446141456,-0.01883137962568071,False,False,False,False,False,0.0
2024-06-21 00:00:00+00:00,10.3414434905,10.7033940127,10.073506091,10.2098251188,4651308,11.449072983133318,11.127256317638974,,13.018408920039409,"rgba(239, 83, 80, 0.5)",1.1857541151761082,10.878378270298146,-0.4528213505026723,2,0.20843816398739265,0.4168763279747853,0.0,0.0,0.0,0.0,45.63662677743524,-1.0674103868982598,False,False,False,True,False,0.0
2024-06-28 00:00:00+00:00,10.4335763507,10.8303117282,10.3414434905,10.4448579254,4057597,11.433347509556581,11.08537104609552,,12.9971522381964,"rgba(239, 83, 80, 0.5)",1.1591413899439784,10.86128393967175,-0.3689865556370327,2,0.21474093907042052,0.42948187814084104,0.0,0.0,0.0,0.0,45.10801527571339,-1.583841500641853,False,False,False,True,False,0.0
2024-07-05 00:00:00+00:00,10.4809586229,10.8315874376,10.3672411695,10.5378173497,3587013,11.420261545336993,11.054448176028357,,12.979622276669925,"rgba(239, 83, 80, 0.5)",1.1353238033313082,10.844573479965415,-0.32027414205399746,2,0.2181754570270082,0.4363509140540164,0.0,0.0,0.0,0.0,44.86641993768286,-1.8545887219474366,False,False,False,True,False,0.0
2024-07-12 00:00:00+00:00,10.6325818942,10.670487712,10.1587591716,10.3861940784,5820448,11.398117870221043,11.005007658890198,,12.950672570533488,"rgba(239, 83, 80, 0.5)",1.1319691044523126,10.806080485512119,-0.15327149003423066,2,0.22543716001602299,0.45087432003204597,0.0,0.0,0.0,0.0,45.14309527849386,-1.8545887219474366,False,False,False,True,False,0.0
2024-07-19 00:00:00+00:00,10.376717624,10.8789697099,10.3530264879,10.6515348031,3772182,11.385061319390811,10.979940973622934,,12.933579679636445,"rgba(239, 83, 80, 0.5)",1.122191840273107,10.67906592754623,-0.26942657457984004,2,0.2337335005190251,0.4674670010380502,0.0,0.0,0.0,0.0,44.70519744331735,-2.1453381114890036,False,False,False,True,False,0.0
2024-07-26 00:00:00+00:00,9.8176068114,10.4856968502,9.6754599946,10.3293353517,5869450,11.353002225666753,10.904125495635622,,12.895059596521017,"rgba(239, 83, 80, 1.0)",1.1396605632773689,10.526033187294336,-0.621611731353664,2,0.2522753515644945,0.504550703128989,0.0,0.0,0.0,0.0,43.12113361931003,-3.746422771608252,False,True,False,True,False,0.0
2024-08-02 00:00:00+00:00,8.926820093,10.2250943528,8.8699613663,9.8176068114,10770928,11.27140836174446,10.710965902121652,,12.803599149866306,"rgba(239, 83, 80, 1.0)",1.1749300557706654,10.226071683226433,-1.1058118599019258,2,0.26673523667896465,0.5334704733579293,0.0,0.0,0.0,0.0,40.3300174984948,-6.446875738606494,False,True,False,True,False,0.0
2024-08-09 00:00:00+00:00,9.3911663611,9.4859309056,8.2492535997,8.443520916,7018472,11.21402589337363,10.58662925427169,,12.330622780022944,"rgba(239, 83, 80, 1.0)",1.1908216611436855,9.711662028077578,-0.2691382575874281,2,0.27912120211981495,0.5582424042396299,-1.0,0.0,8.249253,165.0,39.79320416451695,-6.935279159411579,False,True,False,True,False,0.0
2024-08-16 00:00:00+00:00,9.6659835401,9.8839419925,9.4480250878,9.4480250878,4532989,11.188710968192337,10.544361827307512,,12.332978992020792,"rgba(239, 83, 80, 1.0)",1.2050117496563546,9.760233168452695,-0.07821469656173377,1,0.35783654063577064,0.35783654063577064,0.0,0.0,0.0,0.0,40.22341595900244,-6.935279159411579,False,True,False,True,False,0.0
2024-08-23 00:00:00+00:00,9.6849364491,9.8649890836,9.41011927,9.6849364491,4321096,11.165144402934168,10.507002048758215,,12.321019377178144,"rgba(239, 83, 80, 1.0)",1.221517699241718,9.773568148415055,-0.07255866973526051,1,0.3620610771263589,0.3620610771263589,0.0,0.0,0.0,0.0,40.58785488810036,-6.935279159411579,False,True,False,True,False,0.0
2024-08-30 00:00:00+00:00,9.7417951758,9.9408007192,9.5048838145,9.893418447,4258585,11.143745770233357,10.476134836168557,,12.30802577797731,"rgba(239, 83, 80, 1.0)",1.2372342053073118,9.785814730787997,-0.03557899935126957,1,0.3721439319268963,0.3721439319268963,0.0,0.0,0.0,0.0,41.02923921455897,-6.935279159411579,False,True,False,True,False,0.0
2024-09-06 00:00:00+00:00,8.6899087317,9.5285749506,8.6614793683,9.49540736,3786655,11.115188646504992,10.424460181712039,,12.272628651965517,"rgba(239, 83, 80, 1.0)",1.2758338741620132,9.72440941907568,-0.8108427815926715,1,0.38573749072939895,0.38573749072939895,0.0,0.0,0.0,0.0,39.21656996113738,-7.557360936905184,False,True,False,True,False,0.0
2024-09-13 00:00:00+00:00,8.7372910039,8.9836788197,8.2634682814,8.6899087317,6190401,11.063830485645243,10.331413962263577,,12.209204103870837,"rgba(239, 83, 80, 1.0)",1.3094385084812972,9.262781821693416,-0.40131003814977706,1,0.3941773033781805,0.3941773033781805,0.0,0.0,0.0,0.0,38.07966737531726,-8.671510091179606,False,True,False,True,False,0.0
2024-09-20 00:00:00+00:00,9.2111137265,9.305878271,8.7704585945,8.8699613663,5400859,11.028536614192594,10.277023699794068,,12.17407537160046,"rgba(239, 83, 80, 1.0)",1.3270488196720158,9.288533323243614,-0.0583396749207373,1,0.4140094438194525,0.4140094438194525,0.0,0.0,0.0,0.0,38.805288151533226,-8.671510091179606,False,True,False,True,False,0.0
2024-09-27 00:00:00+00:00,9.2006896266,9.6091248134,8.9742023652,9.2584959988,5780511,10.995255129276652,10.231324063536649,,12.143573581435785,"rgba(239, 83, 80, 1.0)",1.347379112310101,9.3124952921933,-0.08298010899219693,1,0.43810404089130167,0.43810404089130167,0.0,0.0,0.0,0.0,39.30089974454393,-8.671510091179606,False,True,False,True,False,0.0
2024-10-04 00:00:00+00:00,9.8606143503,10.0997175111,9.1528689944,9.1528689944,6768993,10.967401664865386,10.20495104943353,,12.123655689197285,"rgba(239, 83, 80, 0.75)",1.3564994830167643,9.402715545649126,0.33755914424127736,1,0.4861401336962525,0.4861401336962525,0.0,0.0,0.0,0.0,41.6439626653422,-11.655392343059447,False,True,False,True,True,0.0
2024-10-11 00:00:00+00:00,9.7554089596,10.0595481801,9.4302286609,9.9179991089,4617211,10.949720211368266,10.189878663640707,,12.110427265332113,"rgba(239, 83, 80, 0.75)",1.3670090539620379,9.444621727866961,0.22734833454999923,0,,,0.0,0.0,0.0,0.0,43.051483850911936,-10.321600685820002,False,True,False,True,True,0.0
2024-10-18 00:00:00+00:00,9.3345873966,9.6262932528,8.9998429715,9.6215111896,5255897,10.923252542318556,10.158381461491599,,12.085125084450215,"rgba(239, 83, 80, 0.75)",1.3833587762854092,9.41203799424687,-0.05598735409395362,0,,,0.0,0.0,0.0,0.0,43.025471749844016,-10.321600685820002,False,True,False,True,True,0.0
2024-10-25 00:00:00+00:00,9.4876134195,9.5449981781,9.076355983,9.3824080288,4258952,10.90306970560944,10.135893347414349,,12.066041085595735,"rgba(239, 83, 80, 0.75)",1.3973492368396534,9.402648802219602,0.060804139037253686,0,,,0.0,0.0,0.0,0.0,43.484637259336154,-9.869896152092245,False,True,False,True,True,0.0
2024-11-01 00:00:00+00:00,8.8563810751,9.3058950173,8.7703039372,9.1624331209,5562015,10.870946400064916,10.09430944781511,,12.032970920357617,"rgba(239, 83, 80, 0.75)",1.4213256052095502,9.241246001317515,-0.2707788594020113,0,,,0.0,0.0,0.0,0.0,42.3499318438807,-9.869896152092245,False,True,False,True,True,0.0
2024-11-08 00:00:00+00:00,9.4206645345,9.7745372125,8.9711505923,8.9807147187,7171628,10.839735558547002,10.063097110654361,,12.003502349494381,"rgba(239, 83, 80, 0.75)",1.4346484657862444,9.303719914030014,0.08151447776852873,0,,,0.0,0.0,0.0,0.0,43.25008135341699,-9.869896152092245,False,True,False,True,True,0.0
2024-11-15 00:00:00+00:00,9.4684851667,9.7458448332,8.8229066326,9.3632797759,6053700,10.813643477447902,10.03727295008878,,11.978352606749253,"rgba(239, 83, 80, 0.5)",1.447253749800287,9.314404924322542,0.10646387504521664,0,,,0.0,0.0,0.0,0.0,44.03174941660461,-9.287969629973773,False,False,False,True,True,0.0
2024-11-22 00:00:00+00:00,10.2240511547,10.3770771776,9.5449981781,9.564126431,7332162,10.797797986904905,10.037750743664922,10.048708836800001,11.77474656911858,#000000,1.4506270856420451,9.601144534507704,0.4294050665106661,0,,,0.0,0.0,0.0,0.0,46.61229309152225,-6.7838797927638765,False,False,False,False,True,0.0
2024-11-29 00:00:00+00:00,9.7936654653,10.306302642,9.6215111896,10.2144870283,3912737,10.788060277114006,10.034902640264619,9.999455901040466,11.762215920985716,#000000,1.4576130046989197,9.618193371133373,0.12038318374009874,0,,,0.0,0.0,0.0,0.0,47.33286739618181,-6.108181663568395,True,False,False,False,True,0.0
2024-12-06 00:00:00+00:00,9.1337407416,9.831921971,9.0954842359,9.7936654653,4001414,10.772199923927174,10.020041167378226,9.82998056081378,11.730892174958768,#000000,1.4742175325575382,9.566526558929967,-0.2935698482564851,0,,,0.0,0.0,0.0,0.0,46.324978617753374,-6.108181663568395,False,False,False,False,True,0.0
2024-12-13 00:00:00+00:00,9.009407098,9.5784726206,8.942458213,9.2389461323,4064591,10.754478972326796,10.001758404969932,9.692493681738691,11.700728699517196,"rgba(239, 83, 80, 0.5)",1.4896385311121836,9.514260284960594,-0.33890986062482115,0,,,0.0,0.0,0.0,0.0,45.33691004392633,-6.108181663568395,False,False,False,True,False,0.0
2024-12-20 00:00:00+00:00,8.4833801443,8.9615864658,8.2634052364,8.9328940865,7203144,10.712298915365436,9.948762186086048,9.387395308855048,11.629830816909866,"rgba(239, 83, 80, 0.5)",1.5153959516132596,9.358980775012006,-0.5778032003977964,0,,,0.0,0.0,0.0,0.0,43.54697501375509,-2.8853618274301454,False,False,False,True,False,0.0
2024-12-27 00:00:00+00:00,8.5312007764,8.7894321901,7.8617119263,8.38773888,6369111,10.673393898590772,9.899510851993027,9.195007686704704,11.28441198656647,"rgba(239, 83, 80, 1.0)",1.532682688106633,9.029344652630245,-0.3250143556104336,0,,,0.0,0.0,0.0,0.0,42.4172611935738,-3.9601528500697043,False,True,False,True,False,0.0
2025-01-03 00:00:00+00:00,9.5241483825,9.5916955341,8.5312007764,8.6268420407,5085584,10.654118185318287,9.882639624426302,9.197776773405472,11.301792651620547,"rgba(239, 83, 80, 0.5)",1.529550471095054,9.119636264695945,0.2644647074080869,0,,,0.0,0.0,0.0,0.0,44.3681634167348,-3.9601528500697043,False,False,False,True,False,0.0
2025-01-10 00:00:00+00:00,9.8425849546,10.1127735612,9.6592426858,9.6592426858,4347460,10.645370707137678,9.882410230053113,9.266996864710134,11.32913071247073,#000000,1.5103810308901302,9.232626265628443,0.40384424625094906,0,,,0.0,0.0,0.0,0.0,46.51641580324485,-7.328290121531474,True,False,False,False,True,0.0
2025-01-17 00:00:00+00:00,9.7653882098,10.1224231542,9.6640674823,9.9004825131,5502006,10.634284982739057,9.881600545555662,9.334149788740717,11.344800580620534,#000000,1.4795934409986966,9.44099129409003,0.21924733289639933,0,,,0.0,0.0,0.0,0.0,47.8531416787517,-6.104110872387928,True,False,False,False,True,0.0
2025-01-24 00:00:00+00:00,9.4180028585,9.9487304786,9.3456309103,9.7750378029,3452135,10.625058096776575,9.876710798199296,9.350083119246783,11.342346512350996,#000000,1.462405202467104,9.431758927653233,-0.009406468966348386,0,,,0.0,0.0,0.0,0.0,47.924112222203554,-6.06135797022894,True,False,False,False,True,0.0
2025-01-31 00:00:00+00:00,8.8969248315,9.3890540792,8.8293776798,9.3408061137,4926863,10.605652537792416,9.858302846925941,9.3227621375956,11.319066457231571,#000000,1.4594907570737945,9.34646953429405,-0.3080147651605307,0,,,0.0,0.0,0.0,0.0,46.758321294780686,-6.06135797022894,True,False,False,False,True,0.0
2025-02-07 00:00:00+00:00,8.7328817489,9.0085706236,8.5640138698,8.7328817489,5101447,10.582677175013895,9.834073684392536,9.276633941641686,11.288384682702983,"rgba(239, 83, 80, 0.5)",1.4284772410763402,9.259521683491778,-0.3686722612360004,0,,,0.0,0.0,0.0,0.0,45.56245355158727,-6.06135797022894,True,False,False,True,False,0.0
2025-02-14 00:00:00+00:00,8.7039329696,9.4421268412,8.6074370387,8.8583264591,5678451,10.55982008542165,9.811947030501825,9.24621402969761,11.262359578911816,"rgba(239, 83, 80, 0.5)",1.3996303489655906,9.214551336470484,-0.36482373167162346,0,,,0.0,0.0,0.0,0.0,44.64195171967444,-6.06135797022894,False,False,False,True,False,0.0
2025-02-21 00:00:00+00:00,8.5977874456,8.9741215762,8.5688386663,8.7232321558,3017627,10.546447563904348,9.798029891390316,9.223251114490482,11.245915457344859,"rgba(239, 83, 80, 0.5)",1.354156052731895,9.183090073224571,-0.4322268666478823,0,,,0.0,0.0,0.0,0.0,43.730797120355106,-2.2480180278220843,False,False,False,True,False,0.0
2025-02-28 00:00:00+00:00,8.2021541288,8.6170866318,7.9850382842,8.5688386663,5003798,10.519408213880821,9.7665465381,9.159524289601409,11.208709650984488,"rgba(239, 83, 80, 1.0)",1.3498260613425028,9.098272415545745,-0.6638768597003442,0,,,0.0,0.0,0.0,0.0,42.16487150413441,-3.799442879274359,False,True,False,True,False,0.0
2025-03-07 00:00:00+00:00,7.285442785,8.4047955837,6.8415615027,8.2311029081,12029829,10.435941894743827,9.66019965928983,8.931595393992449,11.088765844682454,"rgba(239, 83, 80, 1.0)",1.3468191578240782,8.44706276356521,-0.8624914279077557,0,,,0.0,0.0,0.0,0.0,39.28745873656177,-6.57145257585379,False,True,False,True,False,0.0
2025-03-14 00:00:00+00:00,7.4880842399,7.912666336,7.0152541784,7.2950923781,8320563,10.38014300841181,9.591105482621138,8.80422486908947,11.015774244653143,"rgba(239, 83, 80, 1.0)",1.3638673857100014,8.32840188261503,-0.6161285558401832,0,,,0.0,0.0,0.0,0.0,37.94457115715277,-7.824906275278188,False,True,False,True,False,0.0
2025-03-21 00:00:00+00:00,7.9319655222,8.0284614531,7.497733833,7.497733833,4136629,10.356398001609447,9.563722626750854,8.76327511193424,10.987916484475035,"rgba(239, 83, 80, 1.0)",1.3244910657137516,8.309962697603494,-0.28539050597506005,0,,,0.0,0.0,0.0,0.0,38.468166333117864,-7.824906275278188,False,True,False,True,False,0.0
2025-03-28 00:00:00+00:00,7.8740679636,8.1780301461,7.8354695913,7.9898630808,3741293,10.336488803225748,9.54164888136342,8.73425310782168,10.96577695961109,"rgba(239, 83, 80, 1.0)",1.2700711949596422,8.302818471975083,-0.337579901092637,0,,,0.0,0.0,0.0,0.0,38.71753291478136,-7.824906275278188,False,True,False,True,False,0.0
2025-04-04 00:00:00+00:00,5.962139284,8.0064407243,5.8548012609,7.9039817022,7049929,10.278955570764195,9.467365035616108,8.598309816763381,10.890398843333099,"rgba(239, 83, 80, 1.0)",1.2932539337667066,8.133501655507096,-1.6789915072462436,0,,,0.0,0.0,0.0,0.0,35.75355999128873,-9.940525643995556,False,True,False,True,False,0.0
2025-04-11 00:00:00+00:00,5.9426232798,6.5085874017,5.0156130802,5.6108512084,11574328,10.168847310202509,9.321890448393518,8.334621249139063,10.336289344702607,"rgba(239, 83, 80, 1.0)",1.3267115990557168,7.179208901516467,-0.9320681469858279,0,,,0.0,0.0,0.0,0.0,33.61175414079466,-11.97613315297751,False,True,False,True,False,0.0
2025-04-18 00:00:00+00:00,6.3622173702,6.4939503986,5.9182282746,6.1572993261,6470665,10.115567804090706,9.2550247848144,8.229913633022937,10.290549835774055,"rgba(239, 83, 80, 1.0)",1.3618131139630707,7.1372779913007465,-0.569138755644091,0,,,0.0,0.0,0.0,0.0,33.4266424885086,-12.13875266759377,False,True,False,True,False,0.0
2025-04-25 00:00:00+00:00,6.2548793471,6.5866514185,6.059719305,6.2646373492,4937389,10.076314819095625,9.206627150932917,8.158423783180893,10.254245648391054,"rgba(239, 83, 80, 1.0)",1.3945863126909168,7.103296841086653,-0.6083649941677638,0,,,0.0,0.0,0.0,0.0,33.12805978455486,-12.473076787707498,False,True,False,True,False,0.0
2025-05-02 00:00:00+00:00,6.147541324,6.3231853618,5.8391884575,6.2158473387,5462710,10.031597520560878,9.151386146712161,8.077495533930966,10.207409939107395,"rgba(239, 83, 80, 1.0)",1.431167039594831,7.046437773205908,-0.6280863269883505,0,,,0.0,0.0,0.0,0.0,32.742944042186785,-12.933228275720708,False,True,False,True,False,0.0
2025-05-09 00:00:00+00:00,6.2743953513,6.3036693576,5.7523422388,6.0109292945,7896841,9.96881484105262,9.07509079385427,7.971534100884112,10.14297439022601,"rgba(239, 83, 80, 1.0)",1.4661653358388016,6.975516457449116,-0.4782005746630208,0,,,0.0,0.0,0.0,0.0,32.91574043816169,-12.933228275720708,False,True,False,True,False,0.0
2025-05-16 00:00:00+00:00,6.5281034059,6.936963694,6.4500393891,6.6647154353,9685582,9.90467598624558,9.002352567642358,7.888922921631443,10.091140431307245,"rgba(239, 83, 80, 1.0)",1.5041998090573303,6.966585904026909,-0.29150548716111224,0,,,0.0,0.0,0.0,0.0,33.93284978973763,-12.933228275720708,False,True,False,True,False,0.0
2025-05-23 00:00:00+00:00,6.2353633429,6.4793133954,6.0694773071,6.440281387,7823846,9.848867125252452,8.937815776739953,7.81133958331388,10.037194385421808,"rgba(239, 83, 80, 1.0)",1.53966589342499,6.922506658507512,-0.44629378265888564,0,,,0.0,0.0,0.0,0.0,34.08789054205229,-12.933228275720708,False,True,False,True,False,0.0
2025-05-30 00:00:00+00:00,6.3524593681,6.5281034059,6.2158473387,6.2841533534,5686751,9.810509878202554,8.894533797080022,7.762920387993355,10.001761776185587,"rgba(239, 83, 80, 1.0)",1.561066797837191,6.899977817009376,-0.3507335174048581,0,,,0.0,0.0,0.0,0.0,34.6284934093834,-12.933228275720708,False,True,False,True,False,0.0
2025-06-06 00:00:00+00:00,7.0257615131,7.1038255299,6.4744343944,6.5768934164,10502930,9.751860438585984,8.833455670320376,7.710794583680399,9.957647093499675,"rgba(239, 83, 80, 0.75)",1.5700184875661878,6.911989477269885,0.07246541154205265,0,,,0.0,0.0,0.0,0.0,37.28142282190092,-16.54705313022744,False,True,False,True,True,0.0
2025-06-13 00:00:00+00:00,8.0405937317,8.1869637632,6.9525764973,7.0745515236,9232109,9.71699047951709,8.804891912157462,7.7115698155592485,9.94575485128099,"rgba(239, 83, 80, 0.5)",1.559252443140999,7.058209381597979,0.6300354727186318,0,,,0.0,0.0,0.0,0.0,41.84858208407342,-12.156913087693837,False,False,False,True,True,0.0
2025-06-20 00:00:00+00:00,7.9332557085,8.167447759,7.8307966865,7.9625297148,6080517,9.697481171994989,8.791057091510229,7.719825005662502,9.941538159478243,"rgba(239, 83, 80, 0.5)",1.5537069734450206,7.132131038403887,0.5156214677467695,0,,,0.0,0.0,0.0,0.0,44.82857166062482,-9.412836169087257,True,False,False,True,True,0.0
2025-06-27 00:00:00+00:00,7.2209215551,8.0503517338,7.1428575383,8.0210777274,6092510,9.672747674764897,8.7693201324793,7.712321286812446,9.926655661256307,"rgba(239, 83, 80, 0.5)",1.5692554118216753,7.131130165087003,0.057219104893041176,0,,,0.0,0.0,0.0,0.0,45.21683614002504,-9.160153534803996,True,False,False,True,True,0.0
2025-07-04 00:00:00+00:00,7.4238893392,7.5820547579,7.1026158325,7.2854945979,2893698,9.660657068917327,8.758454156968568,7.707473375018367,9.918602940416749,#000000,1.5786378879826846,7.129284302346466,0.1866197682801116,0,,,0.0,0.0,0.0,0.0,46.022261744281835,-8.434189029778452,True,False,False,False,True,0.0
2025-07-11 00:00:00+00:00,7.7797615312,7.8489589019,7.1816985419,7.3448066299,5334518,9.640939937036295,8.742159366173615,7.704830894269515,9.907448455718832,#000000,1.5863930364239724,7.147936749884335,0.39827758115978434,0,,,0.0,0.0,0.0,0.0,47.4974908213031,-7.03084190366102,True,False,False,False,True,0.0
2025-07-18 00:00:00+00:00,7.7896468699,7.9280416113,7.3152494673,7.7698761926,5643018,9.62123427131819,8.726506002724623,7.704119349361368,9.896653879777736,#000000,1.5923658001113024,7.172006470310327,0.3878759513338591,0,,,0.0,0.0,0.0,0.0,48.576340609853986,-5.995271132754702,True,False,False,False,True,0.0
2025-07-25 00:00:00+00:00,8.2246017713,8.4025378673,7.6413667899,7.8094175472,4312213,9.6095753317839,8.719427612832108,7.711676440501509,9.893283784761254,#000000,1.5923660946455362,7.209726277138396,0.6373380452988842,0,,,0.0,0.0,0.0,0.0,50.436317605526426,-4.198715693438956,True,False,False,False,True,0.0
2025-08-01 00:00:00+00:00,7.8588442406,8.5112765926,7.7896468699,8.323455158,4767398,9.596588092315967,8.711343040957887,7.718924483067989,9.888734555893707,#000000,1.595107800899798,7.418379608736209,0.27613471115577615,0,,,0.0,0.0,0.0,0.0,50.728350182149754,-3.8987883821389815,True,False,False,False,True,0.0
2025-08-08 00:00:00+00:00,7.4238893392,8.0713790219,7.2953799365,7.7599908539,4429487,9.581202937264987,8.698916853836968,7.716564926309473,9.878762501324882,#000000,1.596036838663498,7.370981379499387,0.03314958553520422,0,,,0.0,0.0,0.0,0.0,49.79876053562431,-3.8987883821389815,True,False,False,False,True,0.0
2025-08-15 00:00:00+00:00,7.1174438405,7.5029720486,7.0630744779,7.4436600166,4348618,9.563560587530834,8.68298811929607,7.707461034001493,9.864693653099897,#000000,1.604975348948881,7.316311930545931,-0.12390725513396329,0,,,0.0,0.0,0.0,0.0,48.38586445979742,-3.8987883821389815,True,False,False,False,True,0.0
2025-08-22 00:00:00+00:00,7.5128573872,7.5276853952,6.9235923493,7.0482464699,4673316,9.545641096656162,8.6673261954476,7.699883985758016,9.656315244070614,#000000,1.6037543245465498,7.367428454388183,0.09068030594582248,0,,,0.0,0.0,0.0,0.0,48.49402058901779,-3.8987883821389815,True,False,False,False,True,0.0
2025-08-29 00:00:00+00:00,7.4634306939,7.6314814512,7.3843479846,7.4634306939,3159978,9.534608753840137,8.658263793859055,7.697175676853398,9.654393395585437,#000000,1.5969754545206103,7.383550858898514,0.05001945069059653,0,,,0.0,0.0,0.0,0.0,48.44019088126396,-3.8987883821389815,True,False,False,False,True,0.0
2025-09-05 00:00:00+00:00,7.2064118885,7.6809081446,7.1619278645,7.4832013712,3320101,9.522339500670974,8.647738723354891,7.692459954492777,9.644752967082152,#000000,1.5755811782437155,7.3724190181376095,-0.10536247318126511,0,,,0.0,0.0,0.0,0.0,47.714319987445165,-3.8987883821389815,True,False,False,False,False,0.0
2025-09-12 00:00:00+00:00,7.3052652752,7.5721694192,7.1372145179,7.2854945979,4255312,9.506731860026884,8.63437630178533,7.6864026807320815,9.632719376147891,#000000,1.5437820371611461,7.361199870391779,-0.03623218423673137,0,,,0.0,0.0,0.0,0.0,47.50671992370472,-3.8987883821389815,True,False,False,False,False,0.0
2025-09-19 00:00:00+00:00,7.4337746779,7.8539015713,7.2261825659,7.2953799365,4739919,9.490921386048688,8.621679676431903,7.683005065338392,9.62466393491044,#000000,1.5177583951082578,7.372225067439956,0.04055296986557174,0,,,0.0,0.0,0.0,0.0,47.77117338056614,-3.8987883821389815,True,False,False,False,False,0.0
2025-09-26 00:00:00+00:00,8.4618498993,8.5804739633,7.3645773072,7.4337746779,8781215,9.471379611338493,8.611766448250275,7.698153335679663,9.634668204492055,#000000,1.491710215159731,7.4917743561379035,0.6503109875521113,0,,,0.0,0.0,0.0,0.0,50.74982144273093,-3.1609754019196714,True,False,False,False,True,0.0
2025-10-03 00:00:00+00:00,8.37,8.41,7.78,8.4,6231284,9.458367718366121,8.605701723927565,7.709485866154808,9.637650508515861,#000000,1.459355736116336,7.5549458353086205,0.5585027313905078,0,,,0.0,0.0,0.0,0.0,52.581421250198915,-1.3489685204596213,True,False,False,False,True,0.0
2025-10-10 00:00:00+00:00,7.55,8.66,7.54,8.49,6684407,9.441797553148124,8.595315666114034,7.714516355462738,9.630950125987452,#000000,1.4367717816315329,7.779479263659169,-0.15971865997993318,0,,,0.0,0.0,0.0,0.0,51.51337520645656,-1.3489685204596213,True,False,False,False,True,0.0
2025-10-17 00:00:00+00:00,7.21,7.79,7.1048,7.77,4783982,9.425969193395886,8.582219687754792,7.708602174121196,9.615952457747436,#000000,1.4137730415988137,7.7010566405107985,-0.34733767447954045,0,,,0.0,0.0,0.0,0.0,49.90317703092039,-1.3489685204596213,True,False,False,False,False,0.0
2025-10-24 00:00:00+00:00,7.58,7.72,7.165,7.25,4379405,9.412523015333765,8.571635652230926,7.705211034129787,9.604713946235773,#000000,1.3731492941643084,7.676599477190904,-0.07034885252567817,0,,,0.0,0.0,0.0,0.0,49.77537135748938,-1.3489685204596213,True,False,False,False,False,0.0
2025-10-31 00:00:00+00:00,7.46,7.67,7.45,7.67,689300,9.41046544649232,8.570046685631672,7.70477943468844,9.603069280766132,#000000,1.3409201750543733,7.674242161976397,-0.15977249500904098,0,,,0.0,0.0,0.0,0.0,49.36675001525318,-1.3489685204596213,True,False,False,False,False,0.0
