date,Close,High,Low,Open,Volume,aVWAP_BoS_CHoCH_bull_33,aVWAP_BoS_CHoCH_bull_82,aVWAP_BoS_CHoCH_bear_19,aVWAP_BoS_CHoCH_bear_141,Peaks_Valleys_avg,color,StDev,StDev_Mean,StdDev_ZScore,MA_Cross_Count,MA_Avg_Deviation_Z,MA_Oscillation_Score,BoS,CHoCH,BoS_CHoCH_Price,BoS_CHoCH_Break_Index,QQEMOD,QQE1_Value,QQE1_Above_Upper,QQE1_Below_Lower,QQE2_Above_Threshold,QQE2_Below_Threshold,QQE2_Above_TL,banker_RSI
2021-12-31 00:00:00+00:00,254.7734431987,259.1125668022,252.462388236,256.231251524,149675,,,,,,#000000,,,,0,,,0.0,0.0,0.0,0.0,,,False,False,False,False,False,
2022-01-07 00:00:00+00:00,248.6935249481,259.7514298624,239.046263972,257.2688680379,320654,,,,,,"rgba(239, 83, 80, 0.5)",,,,0,,,0.0,0.0,0.0,0.0,0.0,,False,False,False,True,False,
2022-01-14 00:00:00+00:00,243.7970040438,253.3242102166,236.9624556012,248.0417988732,246649,,,,,,"rgba(239, 83, 80, 0.5)",,,,0,,,0.0,0.0,0.0,0.0,0.0,-50.0,False,False,False,True,True,
2022-01-21 00:00:00+00:00,224.2537971421,245.057579478,224.0281798654,241.3530312632,347084,,,,,,"rgba(239, 83, 80, 0.5)",,,,0,,,0.0,0.0,0.0,0.0,0.0,-50.0,False,False,False,True,True,
2022-01-28 00:00:00+00:00,213.8303942332,226.2432767389,206.1775714571,219.3401255516,378031,,,,,,"rgba(239, 83, 80, 0.5)",,215.41708080973328,,0,,,0.0,0.0,0.0,0.0,0.0,-50.0,False,False,False,True,True,
2022-02-04 00:00:00+00:00,232.5181215537,235.5637206968,213.5715614449,213.5715614449,363938,,,,,,"rgba(239, 83, 80, 0.5)",,221.20536925435312,,0,,,0.0,0.0,0.0,0.0,9.881236825870587,-40.65914331304421,False,False,False,True,True,
2022-02-11 00:00:00+00:00,221.0777123076,234.2868122742,219.6368764524,231.241213131,268702,,,,,,"rgba(239, 83, 80, 0.5)",,222.2143527489958,,0,,,0.0,0.0,0.0,0.0,15.112216852475614,-36.11951761083024,False,False,False,True,True,
2022-02-18 00:00:00+00:00,217.7905358953,228.4113079782,215.1504414539,220.9569236731,200506,,,,,,"rgba(239, 83, 80, 0.5)",,221.9223966008262,,0,,,0.0,0.0,0.0,0.0,18.414858944454195,-33.50756106187949,False,False,False,True,True,
2022-02-25 00:00:00+00:00,214.1841323773,220.2710167839,198.5592597193,217.0226652898,217597,,,,,,"rgba(239, 83, 80, 0.5)",,220.2596874365871,,0,,,0.0,0.0,0.0,0.0,20.32018319941203,-32.20520253339639,False,False,False,True,True,
2022-03-04 00:00:00+00:00,190.1385663376,212.8813406759,187.9384876365,211.4146215418,316750,,,,,,"rgba(239, 83, 80, 0.5)",,216.03637178634312,,0,,,0.0,0.0,0.0,0.0,19.542546839208875,-32.20520253339639,False,False,False,True,True,
2022-03-11 00:00:00+00:00,182.5979044364,191.2946861257,175.7992298619,189.2153960591,288655,,,,,,"rgba(239, 83, 80, 0.5)",,197.30587995457591,,0,,,0.0,0.0,0.0,0.0,18.52889406937548,-32.20520253339639,False,False,False,True,False,
2022-03-18 00:00:00+00:00,205.7806945149,206.1603159378,183.0034091382,184.6340557049,304953,,,,,,"rgba(239, 83, 80, 0.5)",,200.32873637890302,,0,,,0.0,0.0,0.0,0.0,23.346068033845498,-30.49864272270335,False,False,False,True,True,
2022-03-25 00:00:00+00:00,210.9746058015,214.3483186428,204.020631554,209.0851264464,210724,,,,,,"rgba(239, 83, 80, 0.5)",,202.79586837888357,,0,,,0.0,0.0,0.0,0.0,27.75623728026521,-26.64481493645875,False,False,False,True,True,
2022-04-01 00:00:00+00:00,206.8332811876,215.1461275741,205.0387071882,210.2757572729,166666,,,,,,"rgba(239, 83, 80, 0.5)",,205.6015577876955,,0,,,0.0,0.0,0.0,0.0,30.430647874715095,-24.4738436609531,False,False,False,True,True,
2022-04-08 00:00:00+00:00,175.8337409003,209.0419876484,170.2343249119,207.2215303702,283733,,,,,,"rgba(239, 83, 80, 0.5)",,198.80385044630623,,0,,,0.0,0.0,0.0,0.0,29.62474295378608,-24.4738436609531,False,False,False,True,True,
2022-04-15 00:00:00+00:00,175.1435201313,179.5868163317,170.1739305946,175.8337409003,181131,,,,,,"rgba(239, 83, 80, 0.5)",,195.52911449654485,,0,,,0.0,0.0,0.0,0.0,29.001188482706773,-24.4738436609531,False,False,False,True,True,
2022-04-22 00:00:00+00:00,169.6562650179,184.4356172339,168.9142776912,173.4179682089,213847,,,,,,"rgba(239, 83, 80, 0.5)",,192.892308502798,,0,,,0.0,0.0,0.0,0.0,28.17014581014302,-24.4738436609531,False,False,False,True,True,
2022-04-29 00:00:00+00:00,154.095444097,170.9331734405,153.1647479738,168.3966121144,307342,,,,,,"rgba(239, 83, 80, 0.5)",,187.78950981194325,,0,,,0.0,0.0,0.0,0.0,26.60728855981428,-24.4738436609531,False,False,False,True,False,
2022-05-06 00:00:00+00:00,152.02529758,160.9321464598,147.8676083568,154.8260840441,448458,,,,,,"rgba(239, 83, 80, 0.5)",,181.8610279691604,,0,,,0.0,0.0,0.0,0.0,25.37295498916839,-18.867544725662555,False,False,False,True,False,
2022-05-13 00:00:00+00:00,150.398753888,154.2650569418,140.304615094,150.2508862797,337527,,,,,148.32280864126665,"rgba(239, 83, 80, 0.5)",,170.6455419677813,,0,,,-1.0,0.0,140.30461,39.0,24.395224485273218,-19.841362722721726,False,False,False,True,False,
2022-05-20 00:00:00+00:00,159.6535265522,159.9022050771,145.9453294481,148.9113797099,388011,,,,,151.98302965362046,"rgba(239, 83, 80, 0.5)",,169.7023187135295,,0,,,0.0,0.0,0.0,0.0,25.57497904183866,-19.841362722721726,False,False,False,True,False,
2022-05-27 00:00:00+00:00,168.7082430404,169.6998258259,152.4515042158,162.1150873267,231497,,,,,154.79785960327902,"rgba(239, 83, 80, 0.5)",,169.92444812281082,,0,,,0.0,0.0,0.0,0.0,28.07436622049366,-19.841362722721726,False,False,False,True,True,
2022-06-03 00:00:00+00:00,167.5340002682,170.030353421,161.9672197183,167.3513402814,186052,,,,,156.70424531462743,"rgba(239, 83, 80, 0.5)",,170.16405786534148,,0,,,0.0,0.0,0.0,0.0,29.750335601548265,-19.841362722721726,False,False,False,True,True,
2022-06-10 00:00:00+00:00,158.3053218878,172.9268189259,152.2166556614,168.830016365,182876,,,,,157.31734573188567,"rgba(239, 83, 80, 0.5)",,163.75229150621834,,0,,,0.0,0.0,0.0,0.0,30.115378735727916,-19.841362722721726,False,False,False,True,True,
2022-06-17 00:00:00+00:00,148.4329845064,158.2357371309,144.644964304,152.8342203786,329621,,,,,155.94767114801024,"rgba(239, 83, 80, 0.5)",,160.8911572944712,,0,,,0.0,0.0,0.0,0.0,29.582332069436827,-19.841362722721726,False,False,False,True,True,
2022-06-24 00:00:00+00:00,165.489948035,168.0993764178,150.6075081587,152.1905613775,363204,,,,,156.92842008200785,"rgba(239, 83, 80, 0.5)",,161.6504302139351,,0,,,0.0,0.0,0.0,0.0,32.11642217206315,-23.49955217298446,False,False,False,True,True,
2022-07-01 00:00:00+00:00,151.1293938352,166.9164355509,144.5536343106,166.7946622264,288915,,,,,156.58681063890248,"rgba(239, 83, 80, 0.5)",,157.461791460169,,0,,,0.0,0.0,0.0,0.0,32.67758215868668,-22.86107813028643,False,False,False,True,True,
2022-07-08 00:00:00+00:00,152.1731651883,157.3920219538,146.3193475163,149.2766996834,204786,,,,,156.20981535707375,"rgba(239, 83, 80, 0.5)",,156.83455504577444,,0,,,0.0,0.0,0.0,0.0,33.24368217838827,-22.18020156421503,False,False,False,True,True,
2022-07-15 00:00:00+00:00,157.0180038857,157.9747942927,144.7797847705,149.955151063,368471,,,,,155.83222163697758,"rgba(239, 83, 80, 0.5)",,156.4231557981719,,0,,,0.0,0.0,0.0,0.0,34.428689290247824,-20.88737555199273,False,False,False,True,True,
2022-07-22 00:00:00+00:00,165.4203632782,168.7430354189,154.2781040837,158.0269828603,249742,,,,,156.38915803647055,"rgba(239, 83, 80, 0.5)",,157.35536555326993,,0,,,0.0,0.0,0.0,0.0,36.56483437261757,-18.702438545064844,False,False,False,True,True,
2022-07-29 00:00:00+00:00,180.7892027712,181.7793724064,165.2811937644,167.0382088755,216199,,,,,157.65272030501995,"rgba(239, 83, 80, 0.5)",,159.15012026058633,,0,,,0.0,0.0,0.0,0.0,40.145593698054824,-15.19784453865882,False,False,False,True,True,
2022-08-05 00:00:00+00:00,179.7289326309,190.0424694505,174.900760339,178.3006348385,274692,,,,,159.4658508345507,"rgba(239, 83, 80, 0.5)",,161.48565085505936,,0,,,0.0,0.0,0.0,0.0,42.576073986693665,-12.87510399073956,False,False,False,True,True,
2022-08-12 00:00:00+00:00,191.1290272802,191.8037446423,175.0365800677,181.7968975327,227856,,,,,161.03585145401658,"rgba(239, 83, 80, 0.5)",,163.37498672677486,,0,,,0.0,0.0,0.0,0.0,45.699747532885404,-9.919569924696212,False,False,False,True,True,
2022-08-19 00:00:00+00:00,185.240584848,194.9933176264,183.6195106665,189.7007294879,218355,,,187.95113771363333,,175.21588525594422,#000000,,170.78024120869466,,0,,,0.0,1.0,194.99332,57.0,47.17049114996988,-8.570187553384947,False,False,False,False,True,
2022-08-26 00:00:00+00:00,174.5239701238,183.9262003765,173.8667778881,181.9721487956,225717,,,182.60792293874695,,172.93746959697643,#000000,,170.10389317563056,,0,,,0.0,0.0,0.0,0.0,46.936531931734365,-8.570187553384947,False,False,False,False,True,
2022-09-02 00:00:00+00:00,162.9223365222,178.38826047,161.6955776821,173.3585492258,267587,,,176.9907169624486,,170.2579843592557,"rgba(239, 83, 80, 0.5)",,168.77149616810016,,0,,,0.0,0.0,0.0,0.0,45.537584152871034,-8.570187553384947,False,False,False,True,True,
2022-09-09 00:00:00+00:00,172.70135699,175.2249751753,160.3636680843,162.8609985802,166479,,,175.55734249813838,,169.6452631246331,"rgba(239, 83, 80, 0.5)",,168.51744804276018,,0,,,0.0,0.0,0.0,0.0,45.82162005652955,-8.570187553384947,False,False,False,True,True,
2022-09-16 00:00:00+00:00,162.8697611433,176.4079211996,159.4655053622,174.9708608441,325412,,,173.04023903656758,,168.46767947587273,"rgba(239, 83, 80, 0.5)",,167.86578337340785,,0,,,0.0,0.0,0.0,0.0,45.000224125369925,-8.570187553384947,False,False,False,True,True,
2022-09-23 00:00:00+00:00,150.1465194593,170.1514511153,146.5538685706,161.3100249038,240793,,,170.13557813268108,,166.82708643490957,"rgba(239, 83, 80, 0.5)",,166.657585415116,,0,,,0.0,0.0,0.0,0.0,43.22922513824353,-8.570187553384947,False,False,False,True,False,
2022-09-30 00:00:00+00:00,139.7804072609,153.1345534912,139.3159914143,150.128994333,292840,,,165.74283500223856,,164.12116982787956,"rgba(239, 83, 80, 0.5)",,164.4711096594583,,0,,,0.0,0.0,0.0,0.0,41.102776970170865,-3.4084084297773103,False,False,False,True,False,
2022-10-07 00:00:00+00:00,137.2305013862,149.1914000767,135.5480892627,141.8396095995,337557,,,161.66135357883283,,161.45813263763128,"rgba(239, 83, 80, 0.5)",,162.18763528433206,,0,,,0.0,0.0,0.0,0.0,39.3786904143388,-5.140731103981835,False,False,False,True,False,
2022-10-14 00:00:00+00:00,129.6771719567,138.8953883834,124.2531453711,137.8000679905,310081,130.94190190373334,,157.6671257961747,,149.45207554751812,"rgba(239, 83, 80, 0.5)",,152.53413680489115,,0,,,0.0,0.0,0.0,0.0,37.54723799401664,-6.9639657869727785,False,False,False,True,False,
2022-10-21 00:00:00+00:00,141.8921849784,142.4267013301,127.0396404506,132.0343014423,309232,134.0264710517432,,155.30860476412892,,149.33764607013896,"rgba(239, 83, 80, 0.5)",,151.97227412827021,,0,,,0.0,0.0,0.0,0.0,38.03930690624901,-6.9639657869727785,False,False,False,True,False,
2022-10-28 00:00:00+00:00,154.9659291881,156.151170884,141.5767327052,143.9513873171,353910,140.16173818251963,,154.7964670317041,,151.07895857800077,"rgba(239, 83, 80, 0.5)",,153.09676012853652,,0,,,0.0,0.0,0.0,0.0,40.07917145005427,-6.9639657869727785,False,False,False,True,False,
2022-11-04 00:00:00+00:00,148.5974663448,155.3816482904,141.7513687882,154.17871642,294340,142.1158008052887,,154.24873434284737,,151.41537802679105,"rgba(239, 83, 80, 0.5)",,153.18055412433026,,0,,,0.0,0.0,0.0,0.0,40.91236184311302,-6.9639657869727785,False,False,False,True,True,
2022-11-11 00:00:00+00:00,178.8742001125,179.1130174691,146.5188708334,149.9949901354,364954,147.94000255226956,,155.61905901607878,,153.97915992861135,"rgba(239, 83, 80, 0.5)",,157.6586892581986,,0,,,0.0,0.0,0.0,0.0,44.72497866599601,-10.734608446599104,False,False,False,True,True,
2022-11-18 00:00:00+00:00,166.1372744258,177.0698023069,163.0503389642,176.8575202121,338282,151.51240326666988,,156.7172556165439,,155.68419377967288,#000000,,159.03823933683478,,0,,,0.0,0.0,0.0,0.0,46.18082323247236,-9.339359458105797,False,False,False,False,True,
2022-11-25 00:00:00+00:00,171.3204955733,171.435481708,163.793326296,164.014453478,153605,152.76598115873756,,157.1610638172195,,156.31377559654135,#000000,,159.54023578516714,,0,,,0.0,0.0,0.0,0.0,47.7142184679685,-7.849962409403837,False,False,False,False,True,
2022-12-02 00:00:00+00:00,175.3892357232,178.7282561724,163.7225655977,170.1440989648,346738,155.55086274116073,,158.33969002716415,,157.82216458119922,#000000,,161.00121006540695,,0,,,0.0,0.0,0.0,0.0,49.19900218729215,-6.393123585286048,False,False,False,False,True,
2022-12-09 00:00:00+00:00,169.2772804111,174.7258541771,165.8984570692,174.7258541771,371046,157.43290687149758,,159.21713627684514,,158.88860160770665,#000000,,161.8381436812357,,0,,,0.0,0.0,0.0,0.0,49.604640222984244,-5.9436872248663235,False,False,False,False,True,0.0
2022-12-16 00:00:00+00:00,167.4551924309,183.6770825069,156.71725647,169.3922665458,498039,159.19982174052572,,160.14295557055817,,159.95224641057044,#000000,,166.85348488651397,,0,,,0.0,0.0,0.0,0.0,49.696985373743956,-5.736166490796521,False,False,False,False,True,0.0
2022-12-23 00:00:00+00:00,168.0035878424,172.6207234038,161.5997446499,168.649279214,369053,160.0164922769645,,160.60650744590205,,160.4670230788896,#000000,,166.57396714219715,,0,,,0.0,0.0,0.0,0.0,49.82563707990067,-5.441476120965021,False,False,False,False,True,0.0
2022-12-30 00:00:00+00:00,169.3303509348,171.8512008103,163.1034094879,168.994237618,332963,160.68192477677368,,161.01412450869776,,160.90618854690425,#000000,,166.64978217687838,,0,,,0.0,0.0,0.0,0.0,50.07750706233109,-4.993958282559234,False,False,False,False,True,0.0
2023-01-06 00:00:00+00:00,181.3242892897,181.9965159232,169.8256758226,172.1961592143,332077,161.97503009604125,,161.8741165958857,,161.8033102192044,#000000,,168.21362383045303,,0,,,0.0,0.0,0.0,0.0,51.639178357721235,-3.2886563503906814,False,False,False,False,True,0.0
2023-01-13 00:00:00+00:00,189.974784652,191.7349570212,180.2009632049,182.5626015093,347974,163.84142654455633,,163.1759767932523,,163.13985832789047,#000000,,170.67817818444473,,0,,,0.0,0.0,0.0,0.0,53.64979864633427,-1.2010272352134521,False,False,False,False,True,0.0
2023-01-20 00:00:00+00:00,192.8140576696,192.8140576696,182.8279541278,188.5065001631,297484,165.36114690979818,,164.27916935818902,,164.25955854602964,"rgba(38, 166, 154, 0.5)",,172.4982816633305,,0,,,0.0,0.0,0.0,0.0,55.371485434012456,0.5612588435009727,False,False,True,False,True,0.0
2023-01-27 00:00:00+00:00,189.6032909861,194.4194410114,182.8898697387,192.6990715349,320625,166.7786179475836,,165.34681911694446,,165.3330230704221,"rgba(38, 166, 154, 0.5)",,174.01377860493045,,0,,,0.0,0.0,0.0,0.0,56.115892642309305,1.3711999052704513,False,False,True,False,True,0.0
2023-02-03 00:00:00+00:00,218.4148099011,221.2898619907,185.786311769,188.3181405858,479506,170.21582150056776,,167.96767889461526,,178.09401950087016,"rgba(38, 166, 154, 0.5)",,187.8427149902926,,0,,,0.0,0.0,0.0,0.0,59.22760491200863,4.43705059080181,False,False,True,False,True,4.449430936593036
2023-02-10 00:00:00+00:00,189.9406506022,212.7538546241,187.0433112872,212.7538546241,496510,172.2881534488535,,169.66064433332767,,177.83285508313796,"rgba(38, 166, 154, 0.5)",,187.7948251509313,,0,,,0.0,0.0,0.0,0.0,57.901596787843495,4.43705059080181,False,False,True,False,True,0.0
2023-02-17 00:00:00+00:00,193.1232664036,195.4233080752,188.4429490486,191.1887352302,382541,173.43262471973046,,170.6490411589903,,177.84706524244388,"rgba(38, 166, 154, 0.5)",,187.6942740509894,,0,,,0.0,0.0,0.0,0.0,57.236215541103256,4.43705059080181,False,False,True,False,True,0.0
2023-02-24 00:00:00+00:00,185.5723544042,191.313543693,182.4922598401,189.7356081276,273151,173.94298275401275,,171.1264019000877,,177.64375078808126,"rgba(38, 166, 154, 0.5)",,187.25411408003515,,0,,,0.0,0.0,0.0,0.0,55.93030594874387,4.43705059080181,False,False,True,False,False,0.0
2023-03-03 00:00:00+00:00,185.5901841846,189.0045871312,180.1387288272,188.3092256956,224333,174.28489128722313,,171.45994911963098,,177.5073078646685,"rgba(38, 166, 154, 0.75)",,186.90371719445255,,0,,,0.0,0.0,0.0,0.0,54.99930307875819,4.43705059080181,True,False,True,False,False,0.0
2023-03-10 00:00:00+00:00,162.616512139,188.5766724016,160.4680236008,185.9289500122,354958,174.10950618632242,,171.4265330761332,,176.45268725625328,#000000,,185.18213046841743,,0,,,0.0,0.0,0.0,0.0,52.009658400565286,6.832066013448099,True,False,False,False,False,0.0
2023-03-17 00:00:00+00:00,152.8725371504,161.5110657542,147.0956883008,158.3551946234,646269,172.510476034443,,170.31925643433618,,169.53370658505187,#000000,,174.51863980034335,,0,,,0.0,0.0,0.0,0.0,49.03957496297795,3.996773284342666,True,False,False,False,False,0.0
2023-03-24 00:00:00+00:00,149.9930276158,158.8009391334,147.0956883008,155.2795575044,408186,171.53589524310726,,169.6177340604939,,165.48036887034502,#000000,,165.71870741329926,,0,,,0.0,0.0,0.0,0.0,46.6761815349579,1.788370846827597,True,False,False,False,False,0.0
2023-03-31 00:00:00+00:00,169.7305945187,170.4348708445,153.7551112802,156.0373231714,462178,171.18443627384093,,169.41127648279775,,166.77803118903782,#000000,,167.5684757911398,,0,,,0.0,0.0,0.0,0.0,47.18803104418274,1.788370846827597,True,False,False,False,False,0.0
2023-04-07 00:00:00+00:00,159.763747275,169.2046159969,158.2393010508,169.0530628635,411231,170.80345931729545,,169.1618215632716,,166.80523926626367,#000000,,167.56604859832993,,0,,,0.0,0.0,0.0,0.0,46.64367790059243,1.788370846827597,True,False,False,False,False,0.0
2023-04-14 00:00:00+00:00,164.2033625947,165.7099790385,157.8292161016,159.3982367768,252163,170.59039326264573,,169.02126141355956,,166.77069294505358,#000000,,167.49332303437384,,0,,,0.0,0.0,0.0,0.0,46.73022694388559,1.788370846827597,True,False,False,False,False,0.0
2023-04-21 00:00:00+00:00,168.5449141221,170.3724666131,163.2316395629,164.2033625947,298647,170.49489285416888,,168.98084280366743,,167.03782823007143,#000000,,167.83678473263774,,0,,,0.0,0.0,0.0,0.0,47.26006916069841,1.788370846827597,True,False,False,False,False,0.0
2023-04-28 00:00:00+00:00,163.9431163769,168.7321268163,157.3396845141,168.2239780749,308587,170.2812841245825,,168.84057405495142,,166.9657185762038,#000000,,167.70796162600286,,0,,,0.0,0.0,0.0,0.0,47.16827629812096,1.788370846827597,True,False,False,False,False,0.0
2023-05-05 00:00:00+00:00,151.8594982827,166.0665220882,148.7463695704,164.4289803956,301215,169.86445268295037,,168.52589120707458,,166.43625254879854,"rgba(239, 83, 80, 0.5)",,166.95939669866908,,0,,,0.0,0.0,0.0,0.0,45.935741492799835,0.6448196988869555,True,False,False,True,False,0.0
2023-05-12 00:00:00+00:00,154.2888183761,155.7464104321,148.458450152,152.8042338746,215138,169.52686734422235,,168.26474793302816,,165.99346588149544,"rgba(239, 83, 80, 0.5)",,161.09852405708452,,0,,,0.0,0.0,0.0,0.0,45.35575688586659,-0.07504392585357067,True,False,False,True,False,0.0
2023-05-19 00:00:00+00:00,165.1307839781,167.2092022802,153.3170903387,154.7836798766,202259,169.38709543444372,,168.16649785992755,,165.9293476974011,#000000,,162.17279430227833,,0,,,0.0,0.0,0.0,0.0,46.23746212338559,-0.07504392585357067,True,False,False,False,False,0.0
2023-05-26 00:00:00+00:00,174.8660593153,175.82429113,165.4007084329,166.5703810705,253168,169.4462609526359,,168.23957900254794,,166.26731471225892,#000000,,164.0245648658862,,0,,,0.0,0.0,0.0,0.0,47.930527388911756,-0.07504392585357067,True,False,False,False,False,0.0
2023-06-02 00:00:00+00:00,181.6501606132,183.2427148966,170.7362151566,175.2619485158,167849,169.5792845440479,,168.3671832156684,,166.63841129405478,#000000,26.499018230914878,165.27471980491606,0.6179640568411571,0,,,0.0,0.0,0.0,0.0,49.83876936779668,-0.07504392585357067,True,False,False,False,True,0.0
2023-06-09 00:00:00+00:00,189.1540604572,192.9689927521,175.1719736975,179.9496365478,278039,169.96207936612043,,168.7169228760759,,167.49017412848042,#000000,24.927358457472646,167.5274828297867,0.8675840107289888,0,,,0.0,0.0,0.0,0.0,51.94282050937272,-2.4273361092347585,True,False,False,False,True,0.0
2023-06-16 00:00:00+00:00,190.4407003586,195.3263329908,181.9830674408,187.9753903379,291455,170.42868548779984,,169.14067693997987,,168.42533655767195,#000000,23.49670366471059,173.5464648624698,0.7190044925962715,0,,,0.0,0.0,0.0,0.0,53.57273545629802,-0.8413312386254432,True,False,False,False,True,0.0
2023-06-23 00:00:00+00:00,177.0434499176,190.2157633129,175.198966143,190.1887708674,174359,170.57691752013355,,169.28310581698463,,168.73701146850368,#000000,22.08407017998678,173.24154457517727,0.17215600708732168,0,,,0.0,0.0,0.0,0.0,53.02638164183408,-0.8413312386254432,True,False,False,False,True,0.0
2023-06-30 00:00:00+00:00,177.6732736455,182.8198332508,176.602573308,176.6745531627,152256,170.68094847951357,,169.38583243598973,,168.95711827225873,#000000,21.300934406857262,173.11175760327006,0.2141462883788548,0,,,0.0,0.0,0.0,0.0,52.70800182866299,-0.8413312386254432,True,False,False,False,True,0.0
2023-07-07 00:00:00+00:00,173.8763363143,180.5229560899,169.3775954006,177.1514196995,146393,170.72667991539865,,169.43805319139346,,169.07377877810362,#000000,20.775989995922025,175.00642161904662,-0.05439381251956857,0,,,0.0,0.0,0.0,0.0,51.998250340475415,-0.8413312386254432,True,False,False,False,True,0.0
2023-07-14 00:00:00+00:00,185.8969720357,186.5267957636,172.7516510859,173.16553525,164702,170.86947829802799,,169.57515856764542,,169.345522660501,#000000,19.641637140535067,176.17197548614172,0.4951214850359139,0,,,0.0,0.0,0.0,0.0,52.904204635356436,-0.8413312386254432,True,False,False,False,True,0.0
2023-07-21 00:00:00+00:00,193.2569121705,196.5949779285,184.8082767346,184.9612339257,144247,171.1020310513471,,169.78786596562597,,169.74584461296897,"rgba(38, 166, 154, 1.0)",18.96300318685633,177.96424490385715,0.8064475397674624,0,,,0.0,0.0,0.0,0.0,54.33503931555363,0.16915051507237422,True,False,True,False,True,0.7229460933487175
2023-07-28 00:00:00+00:00,183.0357728146,200.7338195691,180.9312877669,192.9959851975,183328,171.34338078118168,,170.011995524712,,172.7389133570532,#000000,18.243352481828875,183.6626734951617,-0.03436323894887865,0,,,1.0,0.0,200.73383,102.0,53.97635521331625,0.16915051507237422,True,False,False,False,True,0.0
2023-08-04 00:00:00+00:00,186.8184032668,189.8299939385,182.1649514156,184.033589001,206806,171.57690377481202,,170.23184305092428,,172.92426816058244,"rgba(38, 166, 154, 1.0)",17.64555124313518,183.76772185537664,0.17288671628267807,0,,,0.0,0.0,0.0,0.0,54.14950557213898,0.17629367189015,True,False,True,False,True,0.0
2023-08-11 00:00:00+00:00,181.8383933909,191.8346973676,180.3779533362,186.7276927044,214776,171.78643812331276,,170.4319739023201,,173.09035618966135,#000000,17.551653315713118,183.66509010995577,-0.10407547860009432,0,,,0.0,0.0,0.0,0.0,53.59909810932501,0.17629367189015,True,False,False,False,True,0.0
2023-08-18 00:00:00+00:00,179.1533607438,185.7389475742,175.7879988787,181.1399220604,205747,171.91374910908854,,170.56021009496314,,173.04912827969287,#000000,17.525914771058616,183.2606521757491,-0.2343553238505801,0,,,0.0,0.0,0.0,0.0,52.84245608886752,0.17629367189015,True,False,False,False,True,0.0
2023-08-25 00:00:00+00:00,182.1377382468,184.7320603315,176.1236279596,179.8609031306,127710,171.99801087551813,,170.64434809642694,,173.09129839790356,#000000,17.1021891062724,183.089413828773,-0.055646419067132254,0,,,0.0,0.0,0.0,0.0,52.6971031456287,0.17629367189015,True,False,False,False,True,0.0
2023-09-01 00:00:00+00:00,191.018302306,192.7599451041,181.9245684252,182.8362095773,193567,172.2277344738931,,170.86069013361328,,173.49626609933233,#000000,16.61768996235901,185.32949908968337,0.3423341769645745,0,,,0.0,0.0,0.0,0.0,53.71649052011902,0.2122201610554555,True,False,False,False,True,0.3947251570830339
2023-09-08 00:00:00+00:00,181.729540716,190.4921810441,178.9175132816,189.0408120456,125432,172.33000028675227,,170.9604374309931,,173.61053311041155,#000000,16.122922035511177,184.82137084875842,-0.19176611571702554,0,,,0.0,0.0,0.0,0.0,53.0845077299182,0.2122201610554555,True,False,False,False,True,0.0
2023-09-15 00:00:00+00:00,187.544087766,187.5531588222,179.3619950373,182.6820016213,236046,172.53583166970463,,171.15994075966677,,173.8705293864853,#000000,16.23415792821349,184.727849069642,0.1734761179983122,0,,,0.0,0.0,0.0,0.0,53.377121082263095,0.2122201610554555,True,False,False,False,True,0.0
2023-09-22 00:00:00+00:00,182.2284488092,188.224416984,180.5140191798,188.224416984,161269,172.65963904283146,,171.28163573399434,,174.00800265006978,#000000,16.282705088803308,184.5529482274203,-0.1427587987096038,0,,,0.0,0.0,0.0,0.0,52.81363379153295,0.2122201610554555,True,False,False,False,True,0.0
2023-09-29 00:00:00+00:00,183.2262649957,185.5121711682,177.8097558935,182.7001437337,151975,172.758520731725,,171.38077283681545,,174.0988465061505,#000000,16.34858601090865,184.27230208848812,-0.06398333728006445,0,,,0.0,0.0,0.0,0.0,52.549288714908904,0.2122201610554555,True,False,False,False,True,0.0
2023-10-06 00:00:00+00:00,174.9534617046,183.4915933907,170.5812125968,183.2081228832,148596,172.79453724337577,,171.424500200909,,174.05410800699727,#000000,16.2398697136641,183.48695690582085,-0.5254657427479755,0,,,0.0,0.0,0.0,0.0,51.156547598275026,0.2122201610554555,True,False,False,False,False,0.0
2023-10-13 00:00:00+00:00,164.7666655469,178.1554538468,162.4898304306,173.1664636253,159131,172.74849477088554,,171.39688090208847,,173.83345492896487,#000000,16.105328440762225,182.07234838268798,-1.0745315067271584,0,,,0.0,0.0,0.0,0.0,48.843589589845685,1.87955957317444,False,False,False,False,False,0.0
2023-10-20 00:00:00+00:00,155.0606353699,169.302193667,154.2170271395,167.1342112256,221502,172.5553822939204,,171.24437332147033,,173.29089031126483,#000000,16.033115871004483,179.4932776271834,-1.5238860901310678,0,,,0.0,0.0,0.0,0.0,46.08532810759667,-0.7506223698925041,False,True,False,False,False,0.0
2023-10-27 00:00:00+00:00,157.8545206918,165.2927868088,153.101287222,155.7772488128,246725,172.33437460490472,158.74953157419998,171.06808388159055,,170.9887553785697,"rgba(239, 83, 80, 1.0)",16.051928495860434,172.10333553584476,-0.8876699673636935,0,,,0.0,0.0,0.0,0.0,44.583907782471826,-2.121311147590049,False,True,False,True,False,0.0
2023-11-03 00:00:00+00:00,184.2834127849,185.5851212173,158.5334199225,160.4126468847,200706,172.38321862272457,166.54774858942446,171.1255673863461,,171.99664833752246,#000000,16.120433502150746,174.03954297211106,0.635458705959876,0,,,0.0,0.0,0.0,0.0,47.14165357014081,-2.121311147590049,False,True,False,False,True,0.0
2023-11-10 00:00:00+00:00,177.1515172894,184.3292475889,175.2264555232,183.5500559216,197181,172.4645241591416,170.32692716617774,171.21130664758778,,172.5601969624936,#000000,16.127806108032395,175.1413667429004,0.12463880908752085,0,,,0.0,0.0,0.0,0.0,48.07447335481187,-5.5496927845853605,False,False,False,False,True,0.0
2023-11-17 00:00:00+00:00,182.4866884699,190.9569602409,174.6397700326,176.5235804752,295026,172.65192254557547,174.21006892069883,171.39765601463708,,173.2873315564683,#000000,16.102308877563214,176.61064235839422,0.3649194755972795,0,,,0.0,0.0,0.0,0.0,49.37494330727148,-4.371589687282508,False,False,False,False,True,0.0
2023-11-24 00:00:00+00:00,181.5424915084,186.8593287672,177.6832010153,181.4233210181,149600,172.73821745047073,175.28385942179807,171.48442003938388,,173.5271303243131,#000000,15.905275347204197,177.06487519949906,0.2815176858719395,0,,,0.0,0.0,0.0,0.0,50.177321457419815,-3.6482391376598926,False,False,False,False,True,0.0
2023-12-01 00:00:00+00:00,184.4667520008,184.9801018051,175.7398053276,180.3324526839,213121,172.85457049061267,176.33853834665456,171.6021649056334,,173.7967016478211,#000000,15.94707223356738,177.54528627270724,0.43402736419062515,16,0.3561683959865838,5.698694335785341,0.0,0.0,0.0,0.0,51.12157719513003,-2.7563535079600854,True,False,False,False,True,0.0
2023-12-08 00:00:00+00:00,189.242738573,191.8415719572,182.6791946465,182.6791946465,224370,173.05708788052874,178.04073611936113,171.7972667273104,,174.2743184028409,#000000,15.863619958514684,178.48306955854878,0.6782606392859307,16,0.3762828923825562,6.020526278120899,0.0,0.0,0.0,0.0,52.399166934764324,-1.5281351539217312,True,False,False,False,True,0.6253234038211062
2023-12-15 00:00:00+00:00,201.5998017195,207.9800064301,187.551434307,188.2985416115,297370,173.51193056085785,181.46470899032846,172.2222608267034,,175.3205428339057,"rgba(38, 166, 154, 1.0)",16.011962725082043,180.6058673191966,1.311140599110771,16,0.39460174397348624,6.31362790357578,0.0,0.0,0.0,0.0,54.729453367382064,0.6982778674510541,True,False,True,False,True,3.221874228396217
2023-12-22 00:00:00+00:00,220.3095686942,220.5754105572,199.1980579922,201.7006382882,264630,174.12309575993993,185.50578793122855,172.78548154170565,,176.65790370775457,"rgba(38, 166, 154, 1.0)",16.771956029449736,183.3115130708341,2.2059475685722836,16,0.3964466079993336,6.343145727989338,0.0,0.0,0.0,0.0,58.12335560177047,3.8900351100983457,True,False,True,False,True,6.895336837528756
2023-12-29 00:00:00+00:00,221.6204440874,227.2214571308,219.4570413407,221.9504546759,113008,174.4396131376726,187.41824956994066,173.07599709727435,,177.32443586998932,"rgba(38, 166, 154, 1.0)",17.59514822558523,194.36678969281155,1.5489300826098586,16,0.3931802822077129,6.290884515323406,0.0,0.0,0.0,0.0,60.656221888101655,6.195763644776385,True,False,True,False,True,7.143616517057971
2024-01-05 00:00:00+00:00,214.6902217292,220.2362330079,209.7125620196,219.5120431054,144633,174.77361083855837,189.11100388695291,173.38468509568875,,177.97296120070752,"rgba(38, 166, 154, 1.0)",18.165085491355306,194.2617529575052,1.1246007502368562,16,0.4018921582465461,6.430274531944738,0.0,0.0,0.0,0.0,61.30559283954449,6.705414441254703,True,False,True,False,True,5.559308074309907
2024-01-12 00:00:00+00:00,217.4036421234,218.916190654,211.4267836876,214.2960424152,161571,175.1497285568392,190.83785292922968,173.73265172753352,,178.67321379347666,"rgba(38, 166, 154, 1.0)",18.787653286926258,195.0781577537913,1.1883061726045543,16,0.40359288293813,6.45748612701008,0.0,0.0,0.0,0.0,62.03200570116147,7.3570061433305725,True,False,True,False,True,6.09030266794672
2024-01-19 00:00:00+00:00,220.1445634,222.2346304604,207.1733138805,214.6352199645,160116,175.52114043865387,192.37894548592197,174.07675424589655,,179.33631478235876,"rgba(38, 166, 154, 1.0)",19.387881434153392,195.97944781124215,1.246403103445277,16,0.4025073991645194,6.44011838663231,0.0,0.0,0.0,0.0,62.82076865615706,8.118395542042293,True,False,True,False,True,6.6291927230852465
2024-01-26 00:00:00+00:00,225.4705676197,227.4838155486,217.861990163,220.7312488906,184501,176.01350990543932,194.39864946537995,174.53154591388014,,180.21153454442248,"rgba(38, 166, 154, 1.0)",20.170584995075647,197.6350842452948,1.3800037718886606,16,0.39733060892832317,6.357289742853171,0.0,0.0,0.0,0.0,63.90316342959254,9.194113552183723,True,False,True,False,True,7.673160095440146
2024-02-02 00:00:00+00:00,213.3931433417,227.6205847109,212.5709080937,224.9480508546,212998,176.5024275676415,196.02887572921904,174.98605383121162,,181.01239405305833,"rgba(38, 166, 154, 1.0)",20.597110869001654,205.70466838439822,0.37327929175119573,16,0.3913444836694622,6.261511738711395,0.0,0.0,0.0,0.0,62.55643056847465,9.194113552183723,True,False,True,False,True,4.851868079380264
2024-02-09 00:00:00+00:00,216.2755860087,219.1949830689,209.1156723326,211.3976061107,210743,176.94077808988442,197.24029326672112,175.39565220710534,,181.68315285965352,"rgba(38, 166, 154, 1.0)",20.998476979650313,205.74762353299602,0.5013679080586019,16,0.3839457316124866,6.143131705799785,0.0,0.0,0.0,0.0,61.91740143578377,9.194113552183723,True,False,True,False,True,5.430051272875232
2024-02-16 00:00:00+00:00,215.4810665556,220.9318395477,208.5336406402,216.1739614275,223033,177.3953458196604,198.37108815132322,175.8213624418037,,182.35328353561005,"rgba(38, 166, 154, 1.0)",21.419044085717996,206.06354945902055,0.43967961683495255,16,0.38092787650365645,6.094846024058503,0.0,0.0,0.0,0.0,61.32113585374997,9.194113552183723,True,False,True,False,True,5.244022626166107
2024-02-23 00:00:00+00:00,217.5782283678,220.118842898,209.9471461789,212.1736483672,267768,177.93965910155012,199.61573330014875,176.33198074639554,,183.1319530109318,"rgba(38, 166, 154, 0.75)",21.792433529674327,206.61471908384735,0.5030878845643306,16,0.3787050763585499,6.059281221736798,0.0,0.0,0.0,0.0,61.152646477004595,9.194113552183723,True,False,True,False,False,5.675886756931924
2024-03-01 00:00:00+00:00,218.1787372568,218.9547795133,210.9911077858,215.684315718,311904,178.55718868244404,200.87174464178463,176.912934577639,,183.981109064641,"rgba(38, 166, 154, 0.75)",21.961891585234078,207.2110069182333,0.4993982552004205,16,0.37515692627266833,6.002510820362693,0.0,0.0,0.0,0.0,61.10897199175204,9.194113552183723,True,False,True,False,False,5.801064335068165
2024-03-08 00:00:00+00:00,231.4453644036,234.3185684724,207.702166794,215.7397473078,501594,179.72394178415792,203.45789672296996,178.00654878454844,,185.61688814437431,"rgba(38, 166, 154, 0.75)",22.209685979707974,216.21617470784986,0.6857003610795932,16,0.36302890298476254,5.808462447756201,0.0,0.0,0.0,0.0,62.62931412448124,9.194113552183723,True,False,True,False,False,8.507692723065645
2024-03-15 00:00:00+00:00,213.7164942819,232.2398838567,213.5917732049,229.5144973607,561399,180.8331991695823,205.24750578788863,179.05605922387275,,187.02573635888552,"rgba(38, 166, 154, 0.75)",21.88894190042692,216.20089216370894,-0.11350013596410934,16,0.3580382355923179,5.728611769477086,0.0,0.0,0.0,0.0,60.5603154034964,9.194113552183723,True,False,True,False,False,4.279224509085516
2024-03-22 00:00:00+00:00,224.86748242,228.3411953776,211.3883675124,215.1854314103,221090,181.27152056044673,205.91883852241602,179.47153034463975,,187.57139310705085,"rgba(38, 166, 154, 0.75)",21.522217277514393,216.45478917093368,0.39088413338599526,16,0.35032191605441027,5.605150656870564,0.0,0.0,0.0,0.0,60.36645882925896,9.194113552183723,True,False,True,False,False,6.505200144568203
2024-03-29 00:00:00+00:00,229.0987604376,243.3354404051,219.5645270005,225.7728650525,215205,181.78395944179707,206.8735689484345,179.95435265120872,,192.95650414491226,"rgba(38, 166, 154, 0.75)",21.567024677708023,223.36525810621148,0.26584577228748363,16,0.34369009613607937,5.49904153817727,0.0,0.0,0.0,0.0,60.67895440477879,9.194113552183723,True,False,True,False,False,7.329912052349467
2024-04-05 00:00:00+00:00,223.001285565,228.8724147794,218.8531549321,227.8977426596,176201,182.13595224836772,207.38498113016942,180.28860605898953,,192.98367559382552,"rgba(38, 166, 154, 0.75)",21.706075979073507,222.679433734809,0.01482772982556921,16,0.33991631058445054,5.438660969351209,0.0,0.0,0.0,0.0,59.8965644076604,9.194113552183723,True,False,True,False,False,5.897616082248302
2024-04-12 00:00:00+00:00,208.4504932556,224.5718472746,208.3488686744,220.2297060775,172375,182.39464310980338,207.57127422908238,180.53787499463047,,192.76272236857955,"rgba(38, 166, 154, 0.75)",21.404393324420948,221.25587054484308,-0.5982592963582392,16,0.34012763116076106,5.442042098572177,0.0,0.0,0.0,0.0,57.22339344736066,11.144359397683068,True,False,True,False,False,2.609838389535504
2024-04-19 00:00:00+00:00,208.1825739052,212.7279642647,200.1727091862,211.1296867602,230585,182.6610222859206,207.55092023895406,180.7989321086625,,192.44753236587343,"rgba(38, 166, 154, 0.75)",21.521941192830877,216.28988162367128,-0.3766996501770891,16,0.3390761359206942,5.425218174731107,0.0,0.0,0.0,0.0,55.27769327387121,9.248422852392956,True,False,True,False,False,2.550621803064349
2024-04-26 00:00:00+00:00,210.2520199225,222.0681871376,201.3644883659,207.3049070674,232047,182.96855631068374,207.6844688918717,181.0977500160451,,192.53317155007764,"rgba(38, 166, 154, 0.5)",21.53708486061951,216.03899991520348,-0.2686983883916871,16,0.33685226965062415,5.389636314409986,0.0,0.0,0.0,0.0,54.176584613428304,8.183588699993734,False,False,True,False,False,2.983714888123398
2024-05-03 00:00:00+00:00,211.1368106139,212.6555793751,203.6501192049,210.4100378324,322327,183.35425845795638,207.75472925701573,181.47521825020453,,192.64434784825653,#000000,21.612435613069298,215.06002201620268,-0.18152564905411545,16,0.33471660743636056,5.355465718981769,0.0,0.0,0.0,0.0,53.51842571498365,7.52658609767613,False,False,False,False,False,3.1710445310787883
2024-05-10 00:00:00+00:00,214.9383913169,222.5042823239,208.1076589311,212.4505921804,217583,183.6676994087831,207.98799039777683,181.77866898627653,,192.93711686411405,#000000,21.77079758327837,215.2980584336782,-0.01652062196630018,16,0.33309419972243737,5.329507195558998,0.0,0.0,0.0,0.0,53.60979039315918,7.52658609767613,False,False,False,False,False,3.9809756507075456
2024-05-17 00:00:00+00:00,217.4168728537,220.3332815793,214.6495457243,216.8019112693,145785,183.88924552112053,208.18329727610373,181.9926373065239,,193.17067374732054,"rgba(38, 166, 154, 0.5)",21.890771270628417,215.5628300588885,0.08469517916434205,15,0.3339339302575173,5.009008953862759,0.0,0.0,0.0,0.0,54.040812133086106,7.52658609767613,False,False,True,False,False,4.509753147147368
2024-05-24 00:00:00+00:00,216.7646408703,221.1765243578,213.3730345568,216.5876064748,186159,184.1649563582847,208.41201572195143,182.25941172633438,,193.4494934724758,"rgba(38, 166, 154, 0.5)",21.95579331473151,215.78939609721368,0.0444185622949902,14,0.3294853310766139,4.612794635072595,0.0,0.0,0.0,0.0,54.22650249817306,7.52658609767613,False,False,True,False,False,4.351102606631564
2024-05-31 00:00:00+00:00,212.9910129666,216.5223832765,209.5900890533,216.5223832765,169779,184.38186538422104,208.5176254487753,182.47119303951405,,193.61550774955634,#000000,21.9529693508863,215.659722389215,-0.12156484983691977,13,0.33781253841711867,4.3915629994225425,0.0,0.0,0.0,0.0,53.642095421786124,7.285993540502602,False,False,False,False,False,3.427215609156182
2024-06-07 00:00:00+00:00,203.1236748183,216.1683144855,201.9496572482,215.5067649024,202290,184.58326484941927,208.4795421111912,182.67133247893597,,193.68091775846304,#000000,21.85085440895326,215.06343092016564,-0.546420559965536,13,0.3398657741655689,4.418255064152396,0.0,0.0,0.0,0.0,51.52632304586617,5.142396394756716,False,False,False,False,False,1.0642292245277218
2024-06-14 00:00:00+00:00,198.1201237459,213.7503973472,195.6323246094,200.5426996841,222246,184.75624092177557,208.31040075598503,182.846940000443,,193.6587628030913,#000000,21.832777845537066,210.72081055709126,-0.5771453774842038,13,0.34168820487087653,4.441946663321395,0.0,0.0,0.0,0.0,49.24510816069859,2.908130963147343,False,True,False,False,False,0.0
2024-06-21 00:00:00+00:00,204.2511043895,206.4500579334,195.6789126082,198.0269477483,218430,184.9195056430518,208.14311180134175,183.01329847646528,,193.646379359652,#000000,21.88083077917624,210.03686561911837,-0.2644214604102063,13,0.34175761733564985,4.442849025363448,0.0,0.0,0.0,0.0,48.76221705786203,2.430358911589394,False,True,False,False,False,1.3109395787165283
2024-06-28 00:00:00+00:00,210.4379906317,211.5747378027,204.3768919863,205.9655427458,428848,185.35213069504783,208.1760676031687,183.44281159942648,,193.92118908537878,#000000,21.986638246498345,210.50546838352852,-0.003069034523241887,13,0.33989153248881077,4.41858992235454,0.0,0.0,0.0,0.0,49.486649906410406,2.430358911589394,False,True,False,False,False,2.7127046316543897
2024-07-05 00:00:00+00:00,206.347564336,211.3045274096,206.3289291365,209.6273594524,74955,185.42360687615871,208.17447381712915,183.5140870901276,,193.96374679185504,#000000,22.0469122192918,210.49123480071984,-0.1879478823839095,13,0.3387038123101003,4.403149560031304,0.0,0.0,0.0,0.0,49.29882824813187,2.430358911589394,False,True,False,False,False,1.7280213296294882
2024-07-12 00:00:00+00:00,215.1713313109,219.1033584106,205.40648676,206.6923155272,188731,185.6428662804484,208.28324755289856,183.72971206237654,,194.1578074204109,#000000,21.997966529384797,210.86789739216718,0.1956287147261685,13,0.3362216150327996,4.370880995426395,0.0,0.0,0.0,0.0,50.62795989100151,2.430358911589394,False,True,False,False,False,3.7161971728149936
2024-07-19 00:00:00+00:00,223.9019222882,231.7380236883,214.7706745212,215.8887864926,248693,186.03190778823708,208.70218863879367,184.10613261579564,,197.50644968934415,#000000,22.29874863186921,214.2660208828392,0.43212745093638355,13,0.33209614246961555,4.317249852105002,0.0,0.0,0.0,0.0,52.83942311387982,-0.774271529692939,False,False,False,False,True,5.616984723984412
2024-07-26 00:00:00+00:00,218.4790792266,231.4025900969,215.3530245063,224.3678022763,253555,186.4024987102302,209.05897865019804,184.46613893444342,,197.79190603646617,#000000,22.49762567005141,214.85768699956077,0.16096775189303555,13,0.3296579915496659,4.285553890145657,0.0,0.0,0.0,0.0,53.41832024074874,-0.20437323079062963,False,False,False,False,True,4.277159596851462
2024-08-02 00:00:00+00:00,194.7119312803,217.1000744617,192.2032170183,216.3919368798,232349,186.54318721995259,208.870174993617,184.61273655920385,,197.10825980237388,#000000,22.481761377254358,212.51506601183422,-0.7918923447673595,12,0.3335336354026233,4.00240362483148,0.0,0.0,0.0,0.0,50.38566354086378,-0.20437323079062963,False,True,False,False,False,0.0
2024-08-09 00:00:00+00:00,185.5602919874,188.078402183,180.7683658689,184.5549270959,184417,186.53026879381738,208.4119180011096,184.61403524967292,,196.26812373969395,#000000,22.48189643003362,209.76057361302182,-1.0764341745339863,11,0.35303790465324414,3.8834169511856853,0.0,0.0,0.0,0.0,47.20252729054076,1.1459276623040324,False,True,False,False,False,0.0
2024-08-16 00:00:00+00:00,195.5481693676,196.101965692,179.8757521802,185.2972058476,201109,186.56220523782127,208.04774268094909,184.65773527001454,,195.78104210342235,#000000,22.198458300995842,203.01476329194077,-0.33635641822954043,10,0.366945103211871,3.66945103211871,0.0,0.0,0.0,0.0,46.467149446889856,0.5457766307660279,False,True,False,False,False,0.0
2024-08-23 00:00:00+00:00,203.6474641012,205.5313487811,194.4864288747,195.1065604901,138354,186.6427192059264,207.95353884961648,184.7417865129013,,195.73260221124642,#000000,21.710628200367342,203.82820056988282,-0.008324792217655204,11,0.3462218989813683,3.8084408887950514,0.0,0.0,0.0,0.0,47.07287966336983,0.5457766307660279,False,True,False,False,False,0.8340172447733707
2024-08-30 00:00:00+00:00,198.8743298499,207.1427513876,191.7428162736,206.6541628422,168240,186.72638204017852,207.80994245357033,184.83077980537053,,195.64482852593352,#000000,21.09021869349327,203.79556168330947,-0.23334190626139745,12,0.352216521902676,4.226598262832112,0.0,0.0,0.0,0.0,46.90596718759616,0.5457766307660279,False,True,False,False,False,0.0
2024-09-06 00:00:00+00:00,185.1374749769,197.53071135,184.8931807042,197.53071135,108889,186.73690304497686,207.61310948755747,184.8480024953888,,195.45563187767897,"rgba(239, 83, 80, 1.0)",20.916468439291265,202.9142968598719,-0.8498959532565463,12,0.3612713742622649,4.335256491147179,0.0,0.0,0.0,0.0,45.22568840261223,-0.5955617372479693,False,True,False,True,False,0.0
2024-09-13 00:00:00+00:00,191.6582528715,192.0716739484,178.9173669565,186.001900865,163509,186.74208424058313,207.29964441401413,184.86394314230864,,194.47751825152707,"rgba(239, 83, 80, 1.0)",20.50932028726672,196.8458213223429,-0.2529371221562928,13,0.3819383485519233,4.9651985311750035,-1.0,0.0,178.91737,164.0,44.97587750132966,-0.876259394385805,False,True,False,True,False,0.0
2024-09-20 00:00:00+00:00,194.6931394132,198.5172843744,191.9965064798,192.8985161021,227038,186.81519471916351,207.03995284964674,184.94688867798072,,194.7411646385209,"rgba(239, 83, 80, 1.0)",20.180326800055138,197.64893021961365,-0.14646892667791603,13,0.3915462899308014,5.090101769100419,0.0,0.0,0.0,0.0,45.232399438870665,-0.876259394385805,False,True,False,True,False,0.0
2024-09-27 00:00:00+00:00,195.2756872942,198.3904392712,191.8555674764,195.8676311089,98683,186.84697261471317,206.93144325847314,184.98289173986709,,194.75072747951052,"rgba(239, 83, 80, 1.0)",19.92517212725875,197.70234536988167,-0.12178856273777772,12,0.41481836311025355,4.977820357323043,0.0,0.0,0.0,0.0,45.50214951434805,-0.876259394385805,False,True,False,True,False,0.0
2024-10-04 00:00:00+00:00,195.8018595739,196.7978285319,190.737451382,193.8381094587,121942,186.88250328054366,206.79193280666746,185.02387790268133,,194.71878398767367,"rgba(239, 83, 80, 1.0)",19.563366490462563,197.63205686710242,-0.09355226740217058,11,0.44958060623592444,4.945386668595169,0.0,0.0,0.0,0.0,45.77764048387796,-0.876259394385805,False,True,False,True,False,0.0
2024-10-11 00:00:00+00:00,195.3508547628,195.5763571683,189.7978580255,194.1857590006,108978,186.91035332542245,206.66125765428794,185.0568501539435,,194.66384704560323,"rgba(239, 83, 80, 1.0)",18.848451299567227,197.48604728629172,-0.1132821200827651,10,0.3748552357760965,3.748552357760965,0.0,0.0,0.0,0.0,45.90908623575724,-0.876259394385805,False,True,False,True,False,0.0
2024-10-18 00:00:00+00:00,210.6098508733,211.7937385026,193.8287135251,193.8287135251,133540,187.00421347688393,206.64628889307104,185.1525690478627,,194.9132191014345,#000000,18.225028008033547,198.3268599030758,0.6739628035035043,10,0.37618821647774225,3.7618821647774228,0.0,0.0,0.0,0.0,48.32835453058852,-0.876259394385805,False,True,False,False,True,2.5541939465931307
2024-10-25 00:00:00+00:00,200.8286840315,210.140054195,194.4958248083,210.140054195,129018,187.07648787483234,206.59112851858887,185.22796154903077,,195.0213881611827,#000000,17.816345197692705,198.6963307545775,0.11968522462163766,10,0.37779390293106746,3.7779390293106747,0.0,0.0,0.0,0.0,48.59322394463456,-0.876259394385805,False,True,False,False,True,0.3395437850011547
2024-11-01 00:00:00+00:00,206.0689608064,213.9923869569,202.5105561398,202.5105561398,158477,187.19826806086365,206.6040471692809,185.35114624543394,,195.27894935583328,#000000,17.620608621952083,199.52199245608875,0.37155177160878117,10,0.37826163851901484,3.782616385190148,0.0,0.0,0.0,0.0,49.52601259638876,-3.9869237509180877,False,True,False,False,True,1.4871700229712168
2024-11-08 00:00:00+00:00,224.6670025561,230.3062250162,202.7651739106,204.464535561,184833,187.41934474210154,206.80499515343047,185.56816081539634,,195.8584877463403,#000000,17.75113902946835,201.3002830333818,1.316350431593574,10,0.37618933627243367,3.7618933627243365,0.0,0.0,0.0,0.0,52.43705374648256,-1.133261526523242,False,False,False,False,True,5.363609422000426
2024-11-15 00:00:00+00:00,225.9486440243,233.1543171678,225.9391503838,226.6416797812,139321,187.63105861976396,207.060043837126,185.77362321787024,,196.41964709068597,"rgba(38, 166, 154, 0.5)",17.96918022687635,202.96704994260577,1.27894504877417,10,0.3744711769666806,3.744711769666806,0.0,0.0,0.0,0.0,54.65341098561849,0.9737441122498964,False,False,True,False,True,5.620869246030583
2024-11-22 00:00:00+00:00,229.831542991,232.0435612287,220.1575233162,225.3885192345,129124,187.82054418337816,207.2802033876936,185.95784765572887,,196.8719627339822,"rgba(38, 166, 154, 1.0)",18.260355175525586,204.2638889121415,1.4001728790646357,10,0.37181328629625837,3.718132862962584,0.0,0.0,0.0,0.0,56.65971447245484,2.8441003530185043,True,False,True,False,True,6.404291895403489
2024-11-29 00:00:00+00:00,234.4644395575,238.2808830406,226.9075017154,231.6258410465,155033,188.07913069710045,207.6138610449073,186.20797727058292,,197.48484845559432,"rgba(38, 166, 154, 1.0)",18.466615548210296,205.97776401639996,1.542604028698742,10,0.36778678302564705,3.6778678302564707,0.0,0.0,0.0,0.0,58.59000485588675,4.624362341452056,True,False,True,False,True,7.334552576104276
2024-12-06 00:00:00+00:00,233.1163426058,240.0182192531,230.8378688845,234.5451355018,121543,188.28620818345988,207.88387559675064,186.4081801810013,234.65747691446668,201.00813230154094,"rgba(38, 166, 154, 1.0)",18.618932145560958,214.1790748855386,1.0170974131175592,10,0.362688211536776,3.62688211536776,0.0,0.0,0.0,0.0,59.71585839018893,5.6357434349645175,True,False,True,False,True,7.004345000822653
2024-12-13 00:00:00+00:00,227.5625629102,237.103671618,226.9359826369,234.7967169752,205729,188.60175459948653,208.26030339388672,186.71466793362706,232.06543149124067,201.3612009162746,"rgba(38, 166, 154, 1.0)",18.55518549555617,214.86399385062336,0.6843676697609871,10,0.3587953804351985,3.5879538043519847,0.0,0.0,0.0,0.0,59.48310720585412,5.6357434349645175,True,False,True,False,True,5.644710317382515
2024-12-20 00:00:00+00:00,209.8094551655,227.9755362722,203.8094743662,227.5625629102,376290,188.94222468088756,208.42564053042676,187.0552615310365,222.33109767267774,200.84808626348308,"rgba(38, 166, 154, 0.75)",18.46761126951335,212.84417791828992,-0.16432676151244804,10,0.358087769000616,3.58087769000616,0.0,0.0,0.0,0.0,56.52629288889232,5.6357434349645175,True,False,True,False,False,1.5071254021924148
2024-12-27 00:00:00+00:00,211.6322341425,215.0404510838,206.7050347203,207.7018669733,106471,189.026496469919,208.44799360302895,187.14039919888643,220.85828373362068,200.77696461706572,"rgba(38, 166, 154, 0.5)",18.45809833515491,212.50635234440358,-0.04735689376184236,10,0.35732722617753787,3.5732722617753785,0.0,0.0,0.0,0.0,54.67463712641446,9.047784417541024,False,False,True,False,False,1.9000611974090909
2025-01-03 00:00:00+00:00,208.95502752,212.619572755,204.896496204,209.818948806,146806,189.12965282867356,208.4522335590005,187.24563390379302,219.0118401084139,200.66187973029227,#000000,18.316147787753533,212.00739807024152,-0.1666491549212328,10,0.3586051079511499,3.586051079511499,0.0,0.0,0.0,0.0,52.959975625213616,7.458858991192933,False,False,False,False,False,1.2887551515285693
2025-01-10 00:00:00+00:00,194.0500119268,211.0341347906,192.5832444687,209.2967985782,137202,189.17856435002042,208.3559027771389,187.29971266435035,216.53008483777094,200.37260772580683,#000000,18.245402252931566,211.0694026973283,-0.9328043599473779,10,0.3587386533125275,3.587386533125275,0.0,0.0,0.0,0.0,49.78044906954305,4.47918442375132,False,True,False,False,False,0.0
2025-01-17 00:00:00+00:00,199.4423997338,204.9676985078,191.1069833702,191.1069833702,148543,189.22724609213242,208.2458422632003,187.35422673440843,214.37538374115576,200.1019203572778,#000000,18.072562463059544,210.19333641858094,-0.594876166938471,11,0.3527519045060204,3.880270949566224,0.0,0.0,0.0,0.0,48.36809988617168,3.2236670249238486,False,True,False,False,False,0.0
2025-01-24 00:00:00+00:00,198.2651883111,201.777835298,196.6322821442,200.3158146602,167584,189.28382167796795,208.12939564466635,187.41720277332735,212.53531492494085,199.86011811347763,#000000,17.85157534459251,209.39874548228136,-0.6236736509953937,11,0.35318022986706094,3.8849825285376705,0.0,0.0,0.0,0.0,47.20629949661633,2.169608692670735,False,True,False,False,False,0.0
2025-01-31 00:00:00+00:00,191.5341971929,204.3790927965,187.3568315518,196.4329156936,234723,189.32561921407816,207.8945116261936,187.4703595051333,209.95077336831378,199.44760154545256,"rgba(239, 83, 80, 1.0)",17.727142567382295,208.13692558233421,-0.9365710421928358,11,0.3535391108131394,3.888930218944533,0.0,0.0,0.0,0.0,45.51358103948134,0.5743990825939775,False,True,False,True,False,0.0
2025-02-07 00:00:00+00:00,181.5014535304,190.5501242499,180.5509830782,187.0794669925,159337,189.29748275610302,207.62204580149327,187.45360662006468,207.6767176707984,199.00482511534463,"rgba(239, 83, 80, 1.0)",17.85730760827335,206.89882812463884,-1.4222398556024287,10,0.32796894597795506,3.2796894597795507,0.0,0.0,0.0,0.0,43.1465115168693,-1.6676413963948775,False,True,False,True,False,0.0
2025-02-14 00:00:00+00:00,179.3892969699,182.1927047684,174.3969269177,182.1927047684,209514,189.2212360188454,207.19063285441894,187.39475312104815,204.65771950390217,198.35133536874648,"rgba(239, 83, 80, 1.0)",17.899105711378976,205.14115065117852,-1.4387229226154767,10,0.33405553107803165,3.3405553107803163,0.0,0.0,0.0,0.0,41.225295361948525,-3.4690945420496746,False,True,False,True,False,0.0
2025-02-21 00:00:00+00:00,173.0720287116,180.368569557,172.236766799,179.3892969699,158616,189.14570274221066,206.8341858194493,187.33340795720778,202.5087297006668,197.8445591933672,"rgba(239, 83, 80, 1.0)",18.156947863151427,203.81758665880233,-1.6933219271725075,10,0.3405473224696063,3.405473224696063,0.0,0.0,0.0,0.0,39.177408382801524,-5.396194305805345,False,True,False,True,False,0.0
2025-02-28 00:00:00+00:00,180.2725624407,180.9062094088,172.2175653758,174.7425525367,202469,189.0680673834232,206.42668957965762,187.27244635546325,200.40205035383107,197.31168387107755,"rgba(239, 83, 80, 1.0)",18.189986184499894,202.4467794432743,-1.2190342959946532,9,0.36445559456202975,3.280100351058268,0.0,0.0,0.0,0.0,39.09865529530883,-5.4629503300322995,False,True,False,True,False,0.0
2025-03-07 00:00:00+00:00,174.3873262061,184.3336634638,168.0254146387,182.096697652,240129,188.95951519501835,205.92169004690683,187.18446636235834,198.12286037536035,196.68651728968902,"rgba(239, 83, 80, 1.0)",18.35399042683623,200.88604239958812,-1.4437577647824806,8,0.3708964207415366,2.967171365932293,0.0,0.0,0.0,0.0,38.370610806315256,-6.226969546575262,False,True,False,True,False,0.0
2025-03-14 00:00:00+00:00,166.3995341227,172.3135724921,160.4566936183,172.3135724921,194351,188.8134310375244,205.40469827513613,187.0585703885172,195.927540999997,196.04713743172576,"rgba(239, 83, 80, 1.0)",18.561300875896016,199.3455706301043,-1.7749853163680203,8,0.3715454522871976,2.972363618297581,0.0,0.0,0.0,0.0,37.00685893846765,-7.628097191916034,False,True,False,True,False,0.0
2025-03-21 00:00:00+00:00,168.5020899716,172.1023568361,164.3389333837,164.5946003346,313138,188.60186058945928,204.63929526732804,186.87749449571558,193.15833131393404,195.16726994650745,"rgba(239, 83, 80, 1.0)",18.460094432079064,197.28616063828667,-1.5592591236514541,8,0.37153403352594516,2.9722722682075613,0.0,0.0,0.0,0.0,36.455408487526014,-8.26183483642776,False,True,False,True,False,0.0
2025-03-28 00:00:00+00:00,166.3323291412,173.695978961,162.988881313,170.8734657463,249770,188.43096734429307,204.04066636149162,186.7306413658431,191.27066343227867,194.5156274835068,"rgba(239, 83, 80, 1.0)",18.100542924693226,195.81043337900303,-1.6285756930300823,7,0.40396861878685714,2.827780331508,0.0,0.0,0.0,0.0,35.82058916765298,-9.007481680385553,False,True,False,True,False,0.0
2025-04-04 00:00:00+00:00,152.200081609,168.0412558129,145.7100005412,164.9210245303,312039,188.09658956388145,203.07449582240332,186.43339063903903,188.2255666416695,193.43838269332232,"rgba(239, 83, 80, 1.0)",18.305631798833073,193.4368987932658,-2.2526847277073787,7,0.40412451878264355,2.828871631478505,0.0,0.0,0.0,0.0,33.96199229935646,-10.930100248573908,False,True,False,True,False,0.0
2025-04-11 00:00:00+00:00,145.2299649592,154.3602417277,138.3750568492,146.4972588956,301061,187.69030625441005,202.00282798334888,186.06748475803892,185.03486346005724,192.2554390957638,"rgba(239, 83, 80, 1.0)",19.39280803935292,190.90457539928045,-2.3552344945298835,7,0.3998410560121752,2.798887392085226,0.0,0.0,0.0,0.0,32.04342879567044,-12.872569978570375,False,True,False,True,False,0.0
2025-04-18 00:00:00+00:00,143.0122005707,150.0687236252,140.5472178575,146.353248221,150310,187.48345150139303,201.46927404186852,185.88076586736332,183.56316934304573,191.68206457462375,"rgba(239, 83, 80, 1.0)",20.390484478493548,189.70588032273625,-2.2899740220143108,7,0.39082782265422067,2.735794758579545,0.0,0.0,0.0,0.0,30.490165497889237,-14.43862991342558,False,True,False,True,False,0.0
2025-04-25 00:00:00+00:00,147.1597079986,154.2786356788,136.5029180796,141.7833094809,256275,187.14696187023878,200.6044770599671,185.5771956240325,181.37015061816646,187.33557587833218,"rgba(239, 83, 80, 1.0)",21.257337223635474,176.4031880708051,-1.3756887687555732,6,0.3783619418757687,2.2701716512546124,0.0,0.0,0.0,0.0,30.323269591254792,-14.685433697123948,False,True,False,True,False,0.0
2025-05-02 00:00:00+00:00,155.1116150861,156.6069132658,143.670392206,147.150107287,264983,186.8530781304154,199.8304252882377,185.3135246781812,179.68735853545314,186.8627429140367,"rgba(239, 83, 80, 1.0)",21.819450677317796,175.98364570043861,-0.9565791056342197,6,0.3721711557373452,2.233026934424071,0.0,0.0,0.0,0.0,31.896968016012345,-14.685433697123948,False,True,False,True,False,0.0
2025-05-09 00:00:00+00:00,160.9466874616,166.5625793223,153.8549801337,154.6829954124,204632,186.68468249973796,199.3540222671841,185.1645828884652,178.87781514001378,186.71981907252024,"rgba(239, 83, 80, 0.75)",22.240504864321032,176.1902030603617,-0.6853943150911057,6,0.36741768432965044,2.2045061059779028,0.0,0.0,0.0,0.0,34.163576288009146,-14.685433697123948,False,True,False,True,True,0.0
2025-05-16 00:00:00+00:00,172.9870037492,175.417472126,166.0511581208,169.2463229608,270033,186.55780469547932,198.9160676211912,185.05727638168278,178.4888005611597,186.82549411105123,"rgba(239, 83, 80, 0.75)",22.442177171088368,173.32153740936707,-0.014906470865849794,6,0.3654777575901506,2.1928665455409035,0.0,0.0,0.0,0.0,37.86431362174724,-17.20983908806072,False,True,False,True,True,0.0
2025-05-23 00:00:00+00:00,162.6416834439,174.4482071821,161.1902213671,169.6749426345,170937,186.4502356514919,198.59276796556227,184.9635729055321,178.08920723835573,186.68310913076266,"rgba(239, 83, 80, 0.75)",22.88669516702898,172.89687202678493,-0.448085165116314,6,0.3626398692314605,2.175839215388763,0.0,0.0,0.0,0.0,39.15754036542167,-16.007450729014067,False,True,False,True,True,0.0
2025-05-30 00:00:00+00:00,166.28495067,169.2755470295,162.2958652981,165.0770224988,342085,186.23685509500336,197.96179580965241,184.7774208776794,177.35364808218944,186.34827751362624,"rgba(239, 83, 80, 0.75)",23.119658930692143,172.52353505104594,-0.269838945278038,6,0.36063042521723926,2.1637825513034357,0.0,0.0,0.0,0.0,40.681460106706304,-14.555715500961014,False,True,False,True,True,0.0
2025-06-06 00:00:00+00:00,166.1193476143,168.5254626006,163.4599573663,165.1257292799,449543,185.96422720627254,197.17084338923794,184.53931802610495,176.51870231695233,185.88509786826464,"rgba(239, 83, 80, 0.75)",23.314697241432274,172.20786815189538,-0.26114516841228946,6,0.3591750319103057,2.155050191461834,0.0,0.0,0.0,0.0,41.74744024800236,-13.521466547715207,False,True,False,True,True,0.0
2025-06-13 00:00:00+00:00,169.0807199051,175.9678587524,166.0901235456,166.1583130392,526088,185.72192541091817,196.41599028765904,184.3318884251848,176.0308432308542,185.54843074316585,"rgba(239, 83, 80, 0.75)",23.508142613389712,172.57961502343466,-0.14883758261453425,6,0.35698374292636664,2.1419024575581997,0.0,0.0,0.0,0.0,43.030557569267714,-12.250487227124452,False,True,False,True,True,0.0
2025-06-20 00:00:00+00:00,170.4737338445,173.4545888477,166.5771913566,170.7123970719,456690,185.51480349153587,195.78933972735103,184.1540370465833,175.65253142819256,185.23595521809165,"rgba(239, 83, 80, 0.75)",23.633998874797243,172.68637877258442,-0.09362126738712549,6,0.3548010941846707,2.1288065651080244,0.0,0.0,0.0,0.0,44.197226850105025,-11.074397004405782,False,True,False,True,True,0.0
2025-06-27 00:00:00+00:00,178.4519045884,181.4132768792,167.5513269786,169.7333907718,1368632,185.1421903608156,194.45498960693604,183.85126041983173,175.67732107539575,184.8517804761839,#000000,23.60364115026076,174.07054290195288,0.1856222799929628,6,0.35433547752524847,2.1260128651514907,0.0,0.0,0.0,0.0,46.40341934722455,-8.89927362811784,False,False,False,False,True,0.0
2025-07-04 00:00:00+00:00,193.9504023339,197.3696183671,174.9498870274,179.6500914034,629589,185.20489248180704,194.28517625021337,183.93175545834688,176.58470301702556,185.16974415128087,#000000,23.382937716647913,175.71650709375416,0.7797948855315936,6,0.3545827039074126,2.1274962234444756,0.0,0.0,0.0,0.0,50.16395094882806,-5.285328816373976,False,False,False,False,True,0.9353429651705056
2025-07-11 00:00:00+00:00,199.4932340229,200.4576282887,188.3296397952,191.427391073,836055,185.45008062541942,194.35401317803652,184.1911187186031,178.230364708402,185.8608072569473,#000000,23.30884817541916,178.2221798072456,0.9125742317068349,7,0.3597766020794517,2.518436214556162,0.0,0.0,0.0,0.0,53.513609589924,-2.1459401468679786,True,False,False,False,True,2.1812460853410123
2025-07-18 00:00:00+00:00,201.9675385027,207.1694227241,195.63565696,198.2950472079,460355,185.6477585918931,194.50258769058627,184.39306858469388,179.26725463350573,186.3310041304853,"rgba(38, 166, 154, 1.0)",23.20846818093972,179.66391373348728,0.9610123595976868,7,0.3606096895432473,2.524267826802731,0.0,0.0,0.0,0.0,56.197367160166934,0.3184919488911149,True,False,True,False,True,2.7349744774174845
2025-07-25 00:00:00+00:00,192.576871107,209.4976068606,186.6882212722,202.776071069,349993,185.74560523420794,194.52950803022836,184.49681637738743,179.8217773429736,187.2523728010078,"rgba(38, 166, 154, 1.0)",23.111840208456968,183.53831745397719,0.3910789262775995,7,0.36124439685160653,2.528710777961246,0.0,0.0,0.0,0.0,56.35185431347605,0.3884669447781448,True,False,True,False,True,0.5112426689846252
2025-08-01 00:00:00+00:00,186.9049824476,197.0286708994,184.2639123593,193.8529887717,343542,185.7783920675879,194.45326560833743,184.53854802419735,180.1191317088238,187.08895050872002,"rgba(38, 166, 154, 1.0)",23.00758039582374,183.03332395845544,0.16827751647658357,7,0.3610401338694165,2.5272809370859157,0.0,0.0,0.0,0.0,55.49486934057196,0.3884669447781448,True,False,True,False,True,0.0
2025-08-08 00:00:00+00:00,187.3484457088,190.3295042973,183.22916475,189.1025892749,288870,185.78730911348657,194.36089613139563,184.5558214384057,180.29340907586493,186.99323002521353,"rgba(38, 166, 154, 1.0)",22.885347640447705,184.4673238003712,0.12589373575154686,7,0.3614977200409774,2.530484040286842,0.0,0.0,0.0,0.0,54.949028784282206,0.3884669447781448,True,False,True,False,True,0.0
2025-08-15 00:00:00+00:00,191.2706318848,196.661174192,186.1363127951,186.1363127951,371807,185.84047625078205,194.31390935229575,184.61746215151592,180.64418997164492,187.10701409334007,"rgba(38, 166, 154, 1.0)",22.50740902938166,185.39414304088234,0.26109130714452117,7,0.36167298377286283,2.53171088641004,0.0,0.0,0.0,0.0,55.156074085015504,0.3884669447781448,True,False,True,False,True,0.2389452651165307
2025-08-22 00:00:00+00:00,197.3510059315,198.1640219102,185.9589274906,189.4573598838,384295,185.91849512205667,194.3061276671617,184.70292337697387,181.0624536743706,187.29747234150116,"rgba(38, 166, 154, 1.0)",22.405453974983566,186.2791408245728,0.494159373842159,7,0.3623553513809732,2.5364874596668123,0.0,0.0,0.0,0.0,56.18496057185931,0.4978975712735334,True,False,True,False,True,1.666300851038013
2025-08-29 00:00:00+00:00,198.5040104104,200.1990255417,194.0792325384,196.1684372352,430477,186.04491223057096,194.36368207810582,184.8355794711175,181.6299338856114,187.60846633343,"rgba(38, 166, 154, 1.0)",22.136878537867577,187.484685591311,0.49778132902700056,7,0.3629461727023391,2.5406232089163736,0.0,0.0,0.0,0.0,57.08410100997459,1.5331135004696392,True,False,True,False,True,1.9362198899050362
2025-09-05 00:00:00+00:00,191.1622297543,197.094782714,188.1604762135,196.6808836703,358205,186.09932909745754,194.3317454187625,184.89758775803918,181.92178152658312,187.69475591189686,"rgba(38, 166, 154, 1.0)",21.77112762497863,187.6314494155799,0.16217719171647904,7,0.36452218557635374,2.551655299034476,0.0,0.0,0.0,0.0,56.25451093705748,1.5331135004696392,True,False,True,False,True,0.13924871772909952
2025-09-12 00:00:00+00:00,195.1731085825,200.6523435419,188.3881206876,193.2711439293,307396,186.16501987335573,194.3366879336968,184.96876392262513,182.22009885218813,187.82068265560355,"rgba(38, 166, 154, 1.0)",21.509454385621446,191.2518701871768,0.1823030154565173,6,0.361437000525256,2.168622003151536,0.0,0.0,0.0,0.0,56.295076433729065,1.5331135004696392,True,False,True,False,True,1.1014331862618931
2025-09-19 00:00:00+00:00,187.9003111004,195.793957148,186.2447149256,195.6362813219,358863,186.19858670189996,194.27565058577508,185.0107225878539,182.42537905346128,187.8484184482952,"rgba(38, 166, 154, 1.0)",21.451680832774407,190.47433708904094,-0.11999180897322946,6,0.3678206229072072,2.206923737443243,0.0,0.0,0.0,0.0,54.940105661296045,1.5331135004696392,True,False,True,False,True,0.0
2025-09-26 00:00:00+00:00,189.4475051447,192.1674131461,184.7369398378,188.1269701005,573028,186.23441004080448,194.1554929403868,185.0605075632599,182.6830987634932,187.8556131996244,"rgba(38, 166, 154, 1.0)",21.388205216622822,189.82222372231513,-0.017519870125610702,6,0.37381049019312523,2.2428629411587515,0.0,0.0,0.0,0.0,54.238050099156304,1.5331135004696392,True,False,True,False,True,0.0
2025-10-03 00:00:00+00:00,189.0237513618,190.891224428,182.0170318363,189.693873623,484615,186.2468759020815,194.03113735153676,185.085338922429,182.83646328536793,187.82667101386434,#000000,21.301389789663062,189.33024516222895,-0.014388441479892135,5,0.33417170074737657,1.6708585037368828,0.0,0.0,0.0,0.0,53.65256555691829,1.5331135004696392,True,False,False,False,False,0.0
2025-10-10 00:00:00+00:00,181.2976358794,192.1674131461,181.2089432272,190.5709454061,339123,186.23597722123714,193.91639761172962,185.08385221224432,182.8830389514212,187.7657346179861,#000000,21.237322021321692,188.87207874902555,-0.35665715583259616,5,0.3347310756212509,1.6736553781062544,0.0,0.0,0.0,0.0,51.763318683353006,1.5331135004696392,True,False,False,False,False,0.0
2025-10-17 00:00:00+00:00,181.2187979663,192.1674131461,178.1736835734,183.9288512287,434373,186.2116897981877,193.75714507924116,185.0718911289605,182.91041303879652,187.6716745012855,#000000,21.115434347320228,188.3150059565832,-0.33606734645189945,6,0.32929056738706153,1.9757434043223692,0.0,0.0,0.0,0.0,50.39937605128321,4.957655593473014,True,False,False,False,False,0.0
2025-10-24 00:00:00+00:00,163.9631497397,183.2390194892,158.9470875197,182.2239813582,460746,186.02455056613496,193.343744960614,184.9049832149364,182.49798409144157,187.2313968498093,#000000,21.15449748035222,186.4266973915461,-1.0618804664450057,6,0.3261790304601309,1.9570741827607856,0.0,0.0,0.0,0.0,46.71717039700115,1.3496880748693982,False,False,False,False,False,0.0
2025-10-31 00:00:00+00:00,162.82,171.4379693742,160.18,165.3526679579,351159,185.8530207363975,192.9892142637042,184.74991545166856,182.11481796347496,186.85151007540085,"rgba(239, 83, 80, 1.0)",21.200095251337213,184.98811675428624,-1.0456611864933942,6,0.3226272497008667,1.9357634982052003,0.0,0.0,0.0,0.0,43.93574782703963,-1.2951699643852237,False,True,False,True,False,0.0
2025-11-07 00:00:00+00:00,159.87,163.16,158.58,161.84,130557,185.77713607649602,192.8399764479291,184.6806372919459,181.94239292710813,186.68864842311956,"rgba(239, 83, 80, 1.0)",21.334189233530612,184.4050852671902,-1.150035982085918,6,0.3182137363516819,1.9092824181100911,0.0,0.0,0.0,0.0,41.552144707559776,-3.5183794789550404,False,True,False,True,False,0.0
