date,Close,High,Low,Open,Volume,aVWAP_peak_48,aVWAP_peak_15,aVWAP_peak_10,aVWAP_valley_26,aVWAP_valley_16,aVWAP_valley_7,Peaks_Valleys_avg,color,StDev,StDev_Mean,StdDev_ZScore,QQEMOD,QQE1_Value,QQE1_Above_Upper,QQE1_Below_Lower,QQE2_Above_Threshold,QQE2_Below_Threshold,QQE2_Above_TL,banker_RSI,OB,OB_High,OB_Low,OB_Mitigated_Index,TTM_squeeze_Active,VI_plus,VI_minus,VI_Regular_Bullish,VI_Regular_Bearish,VI_Hidden_Bullish,VI_Hidden_Bearish,Fisher,Fisher_Signal,Fisher_Regular_Bullish,Fisher_Regular_Bearish,Fisher_Hidden_Bullish,Fisher_Hidden_Bearish,OBV,OBV_Smoothed,OBV_Regular_Bullish,OBV_Regular_Bearish,OBV_Hidden_Bullish,OBV_Hidden_Bearish,Volume_MA,Vol_Regular_Bullish,Vol_Regular_Bearish,Vol_Hidden_Bullish,Vol_Hidden_Bearish
2024-10-11 00:00:00+00:00,23.4227867072,24.7082657061,22.4262921218,24.7082657061,21147,,,,,,,,#000000,,,,,,False,False,False,False,False,,0.0,0.0,0.0,0.0,0,,,False,False,False,False,,,False,False,False,False,0,0.0,False,False,False,False,21147.0,False,False,False,False
2024-10-18 00:00:00+00:00,22.9869494248,24.2164610543,21.5710438323,23.9508865423,119798,,,,,,,,#000000,,,,0.0,,False,False,False,True,False,,0.0,0.0,0.0,0.0,0,,,False,False,False,False,,,False,False,False,False,-119798,-8873.925925925925,False,False,False,False,28454.48148148148,False,False,False,False
2024-10-25 00:00:00+00:00,21.0387144772,23.3410487741,20.5082539798,22.6230139825,96142,,,,,,,,#000000,,,,0.0,-50.0,False,False,False,True,True,,0.0,0.0,0.0,0.0,0,,,False,False,False,False,,,False,False,False,False,-215940,-24212.153635116596,False,False,False,False,33468.37174211248,False,False,False,False
2024-11-01 00:00:00+00:00,19.9519245577,22.8590802153,19.7016943508,21.3039939064,129032,,,,,,,,#000000,,,,0.0,-50.0,False,False,False,True,True,,0.0,0.0,0.0,0.0,0,,,False,False,False,False,,,False,False,False,False,-344972,-47972.142254737584,False,False,False,False,40547.15902047452,False,False,False,False
2024-11-08 00:00:00+00:00,23.4689179836,23.872197798,19.8872030655,20.0853019792,96060,,,,,,,,#000000,,,,15.264833910950841,-35.56996169355428,False,False,False,True,True,,0.0,0.0,0.0,0.0,0,,,False,False,False,False,,,False,False,False,False,-248912,-62856.57616179406,False,False,False,False,44659.22131525419,False,False,False,False
2024-11-15 00:00:00+00:00,18.8840199368,23.4590818905,18.649232396,23.4590818905,156312,,,,,,,,#000000,,,,19.64497146021172,-32.05545961989745,False,False,False,True,True,,0.0,0.0,0.0,0.0,0,,,False,False,False,False,,,False,False,False,False,-405224,-88217.12607573523,False,False,False,False,52929.79751412425,False,False,False,False
2024-11-22 00:00:00+00:00,18.6885767681,19.1607092339,17.8731646555,18.6885767681,160944,,,,,,,,#000000,,,,22.606292413917842,-29.892268831229774,False,False,False,True,True,,0.0,0.0,0.0,0.0,0,,,False,False,False,False,,,False,False,False,False,-566168,-123620.89451456965,False,False,False,False,60930.84955011505,False,False,False,False
2024-11-29 00:00:00+00:00,18.0787389999,19.0033317453,17.1356543996,18.9049708149,164965,,,,,,18.072575048266668,18.072575048266668,#000000,,18.072575048266668,,24.205768070948718,-28.952292887344903,False,False,False,True,True,,0.0,0.0,0.0,0.0,0,,,False,False,False,False,,,False,False,False,False,-731133,-168621.7912171941,False,False,False,False,68637.08291677319,False,False,False,False
2024-12-06 00:00:00+00:00,22.1213732377,22.3771116566,18.5803797447,18.6672324463,387384,,,,,,20.1441298453371,20.1441298453371,#000000,,20.1441298453371,,31.488676226399733,-22.52325353704919,False,False,False,True,True,,0.0,0.0,0.0,0.0,0,,,False,False,False,False,,,False,False,False,False,-343749,-181594.1770529575,False,False,False,False,92247.96566367887,False,False,False,False
2024-12-13 00:00:00+00:00,33.0197643214,33.9345209737,19.7115304439,22.0131762143,1365513,,,,,,26.370174700618957,26.370174700618957,#000000,,26.370174700618957,,43.355329279844575,-11.896614973857751,False,False,False,True,True,,0.0,0.0,0.0,0.0,0,,,False,False,False,False,,,False,False,False,False,1021764,-92456.53430829398,False,False,False,False,186563.894133036,False,False,False,False
2024-12-20 00:00:00+00:00,31.3082841332,40.8136877211,30.3443470156,34.8787859052,3260486,,,34.155439623300005,,,31.27207532349958,32.713757473399795,#000000,,32.713757473399795,,50.32153903061971,-6.17869428396429,False,False,False,False,True,,0.0,0.0,0.0,0.0,0,,,False,False,False,False,,,False,False,False,False,-2238722,-251439.16139656847,False,False,False,False,414261.82790095924,False,False,False,False
2024-12-27 00:00:00+00:00,37.4299244711,39.1353173954,32.639051863,33.0530778909,2611756,,,35.15437360611891,,,32.99177330177125,34.07307345394508,#000000,,34.07307345394508,,57.29894730969519,-0.43701818684791505,False,False,True,False,True,,0.0,0.0,0.0,0.0,0,,,False,False,False,False,,,False,False,False,False,373034,-205181.89018200783,False,False,False,False,577039.1739823696,False,False,False,False
2025-01-03 00:00:00+00:00,34.3641603124,36.5624413651,33.4572461562,35.0936347425,1853520,,,35.06806263500171,,,33.33828254925685,34.20317259212928,#000000,,34.20317259212928,,60.05437404822824,1.3424881609926658,False,False,True,False,True,,0.0,0.0,0.0,0.0,0,,,False,False,False,False,,,False,False,False,False,-1480486,-299648.86127963685,False,False,False,False,671593.3092429348,False,False,False,False
2025-01-10 00:00:00+00:00,31.909577433,37.1539071192,31.1012409024,35.7639625971,1422543,,,34.80685388166483,,,33.344704755637814,34.07577931865132,#000000,,34.07577931865132,,60.45106650242448,1.3424881609926658,False,False,True,False,True,,0.0,0.0,0.0,0.0,0,,,False,False,False,False,,,False,False,False,False,-2903029,-492491.83451818227,False,False,False,False,727219.2122619767,False,False,False,False
2025-01-17 00:00:00+00:00,35.6949582591,35.9857622549,30.6280682991,30.6280682991,1271539,,,34.72095363482511,,,33.422848331593336,34.07190098320922,#000000,,34.07190098320922,,62.0512070243221,2.2806067555150378,False,False,True,False,True,,0.0,0.0,0.0,0.0,0,,,False,False,False,False,,,False,False,False,False,-1631490,-576862.0689983169,False,False,False,False,767539.1965388673,False,False,False,False
2025-01-24 00:00:00+00:00,37.7453728733,39.3028993591,35.2907899938,36.9567518678,1813865,,37.4463540754,35.125042735697406,,,33.938557594260345,35.50331813511925,#000000,,35.50331813511925,,63.82337746086293,3.7824058893905885,False,False,True,False,True,,0.0,0.0,0.0,0.0,0,,,False,False,False,False,,,False,False,False,False,182375,-520622.28610955266,False,False,False,False,845044.8116100623,False,False,False,False
2025-01-31 00:00:00+00:00,29.4155635032,30.8055080253,22.8995824457,27.7594593918,4866625,,30.35131383836202,33.01389136552243,,27.706884658066667,32.343915531306344,30.85400134831437,#000000,,30.85400134831437,,60.79531824446714,3.7824058893905885,False,False,True,False,True,,0.0,0.0,0.0,0.0,0,,,False,False,False,False,,,False,False,False,False,-4684250,-829039.1538051413,False,False,False,False,1142939.6403796873,False,False,False,False
2025-02-07 00:00:00+00:00,30.2041845087,33.764611193,27.3552911265,27.7693171544,2953436,,30.378919644931496,32.63501996010361,,28.73962655588504,32.088173523796755,30.960434921179225,#000000,,30.960434921179225,,58.92438999781434,3.7824058893905885,False,False,True,False,True,,0.0,0.0,0.0,0.0,0,,,False,False,False,False,,,False,False,False,False,-1730814,-895837.2905603161,False,False,False,False,1277050.4818330437,False,False,False,False
2025-02-14 00:00:00+00:00,32.2250258352,33.6839746952,30.8449390756,30.9435167013,1702823,,30.660160308725683,32.60498838792895,,29.367564561829184,32.099907605795984,31.18315521606995,#000000,,31.18315521606995,,58.327746032831925,3.7824058893905885,False,False,True,False,True,,0.0,0.0,0.0,0.0,0,,,False,False,False,False,,,False,False,False,False,-27991,-831552.3801484408,False,False,False,False,1308589.186882448,False,False,False,False
2025-02-21 00:00:00+00:00,28.2424897576,31.771568757,27.8235348485,31.47583588,1238010,,30.524201805612027,32.42593063159415,,29.357398217839584,31.959734123890396,31.066816194734038,#000000,,31.066816194734038,,56.168354132976546,3.7824058893905885,False,False,True,False,False,,0.0,0.0,0.0,0.0,0,,,False,False,False,False,,,False,False,False,False,-1266001,-863733.7593967044,False,False,False,False,1303361.0989652297,False,False,False,False
2025-02-28 00:00:00+00:00,23.2840351859,28.508649347,21.8349440884,28.4100717213,1645906,,29.831881979086482,31.899345924641263,,28.718651780406752,31.500067392759703,30.48748676922355,#000000,,30.48748676922355,,52.81803214601945,13.01800955032681,False,False,False,False,False,,0.0,0.0,0.0,0.0,0,,,False,False,False,False,,,False,False,False,False,-2911907,-1015450.2957376892,False,False,False,False,1328734.7953381757,False,False,False,False
2025-03-07 00:00:00+00:00,21.8349440884,24.3289580181,18.2418882099,24.3289580181,5190683,,27.59550136564927,30.084376133853578,,26.580122237260742,29.860012731115777,28.53000311696984,#000000,,28.53000311696984,,49.94801978451115,10.11692330280593,False,False,False,False,False,,0.0,0.0,0.0,0.0,0,,,False,False,False,False,,,False,False,False,False,-8102590,-1540423.607164527,False,False,False,False,1614805.0327205332,False,False,False,False
2025-03-14 00:00:00+00:00,21.7955130381,22.7389009159,18.5917402035,20.4844306165,2722437,,26.789432511962467,29.328172901948896,,25.838138558459473,29.163601188285597,27.77983629016411,#000000,,27.77983629016411,,47.88464331760417,7.983707674981176,False,False,False,False,False,,0.0,0.0,0.0,0.0,0,,,False,False,False,False,,,False,False,False,False,-10825027,-2228172.0066338214,False,False,False,False,1696851.8451116048,False,False,False,False
2025-03-21 00:00:00+00:00,20.9280299321,22.2325076527,19.8781782186,20.0605468261,1844359,,26.34511163326909,28.882323025541844,,25.436615799847406,28.749654953316266,27.353426352993655,#000000,,27.353426352993655,,46.10396465354535,6.089141387201387,False,False,False,False,False,,0.0,0.0,0.0,0.0,0,,,False,False,False,False,,,False,False,False,False,-12669386,-3001595.2654016865,False,False,False,False,1707778.3010292638,False,False,False,False
2025-03-28 00:00:00+00:00,16.2018270151,22.002526052,15.6958299681,21.568784499,2409233,,25.580144387349154,28.167837883482882,,24.704254020688648,28.078808509234317,26.63276120018875,#000000,,26.63276120018875,,43.30936640008019,3.2041591273478645,False,False,False,True,False,,0.0,0.0,0.0,0.0,0,,,False,False,False,False,,,False,False,False,False,-15078619,-3896189.6161126727,False,False,False,False,1759737.9083604296,False,False,False,False
2025-04-04 00:00:00+00:00,11.866126828,16.9853287172,10.6755455409,15.3088910498,4335540,,23.829656054242054,26.587993584075136,,22.97529210082886,26.578292225145354,24.99280849107285,#000000,,24.99280849107285,,40.153873460040316,-0.0025741837882264917,False,False,False,True,False,,0.0,0.0,0.0,0.0,0,,,False,False,False,False,-0.34282825441539394,-0.34282825441539394,False,False,False,False,-19414159,-5045668.829733957,False,False,False,False,1950538.0632966938,False,False,False,False
2025-04-11 00:00:00+00:00,17.6404460704,18.8508703789,10.5961734551,11.5486384848,5840962,,22.53030351334863,25.23389242486094,15.695829968133333,21.751722472986017,25.27845606421843,22.09804088870947,#000000,,21.30293709483223,,40.56077263606096,-0.0025741837882264917,False,False,False,True,False,,0.0,0.0,0.0,0.0,0,0.9068761991730221,0.9665493671820146,False,False,False,False,-0.3148928231306807,-0.32886053877303734,False,False,False,False,-13573197,-5677337.583086997,False,False,False,False,2238717.6141636055,False,False,False,False
2025-04-18 00:00:00+00:00,15.5470073073,18.4540099499,14.8227370243,18.3845593748,2571401,,22.11926872691568,24.768996550774432,15.872737532850458,21.374354214279208,24.828655781129108,21.79280256118978,#000000,,21.033839256204946,,40.24914078610202,-0.34294219949198634,False,False,False,True,False,,0.0,0.0,0.0,0.0,0,0.9420555489059628,0.9661280084911802,False,False,False,False,-0.25650742456456277,-0.29268398166880005,False,False,False,False,-16144598,-6452690.206562035,False,False,False,False,2263360.8279292644,False,False,False,False
2025-04-25 00:00:00+00:00,19.4461610225,19.7004493424,13.8690814133,14.7929724921,4268801,,21.681868755979714,24.206122242516187,16.47838026721257,20.994335703400466,24.2805790225868,21.52825719833915,#000000,,20.840176742277237,,41.61552406305502,-0.34294219949198634,False,False,False,True,False,,0.0,0.0,0.0,0.0,0,0.9439406610338019,0.9526650710523367,False,False,False,False,-0.2521180236698562,-0.2724010026693281,False,False,False,False,-11875797,-6854401.820890773,False,False,False,False,2411911.951786356,False,False,False,False
2025-05-02 00:00:00+00:00,21.7479515108,22.1646549613,17.8487977956,19.1981232543,3260577,,21.605376938515242,23.99941136743229,17.318747099446327,20.96473288135453,24.076472634125132,21.592948184174702,#000000,,20.972067071687096,,43.45406967496568,-0.34294219949198634,False,False,False,True,False,,0.0,0.0,0.0,0.0,0,0.9760209630447366,0.9335451356042886,False,False,False,False,-0.15758147076093873,-0.21499123671513343,False,False,False,False,-8615220,-6984832.797121086,False,False,False,False,2474776.029431811,False,False,False,False
2025-05-09 00:00:00+00:00,22.6805735191,23.3346987212,20.1208237518,21.1129748244,2166675,,21.624899482567788,23.927956538836447,17.88428776055117,21.014530954534173,24.004528567509194,21.691240660799753,#000000,,21.11291868412239,,45.112958196382344,-0.34294219949198634,False,False,False,True,False,,0.0,0.0,0.0,0.0,0,0.9897665699029441,0.9321614809784062,False,False,False,False,-0.10830682309100557,-0.1616490299030695,False,False,False,False,-6448545,-6945107.775112117,False,False,False,False,2451953.7309553805,False,False,False,False
2025-05-16 00:00:00+00:00,27.1551748564,28.7243609928,24.3920341193,25.250244797,2576229,,21.882098134400053,24.04584525089675,18.9893890584648,21.312843152211045,24.115775824050875,22.0691902840047,#000000,,21.55754389899316,,47.84776582783543,-0.34294219949198634,False,False,False,False,True,,0.0,0.0,0.0,0.0,0,1.0149526977877814,0.8971740268590199,False,False,False,False,0.027979512215240056,-0.06683475884391472,False,False,False,False,-3872316,-6717493.569548256,False,False,False,False,2461159.306440167,False,False,False,False
2025-05-23 00:00:00+00:00,27.0559597491,29.0104973621,25.468518033,25.468518033,1193272,,22.002245265179855,24.105157536183945,19.43603249468335,21.450656363958952,24.17205140766639,22.233228613534497,#000000,,21.748522915001523,,49.761617394765956,-8.548552114410754,False,False,False,False,True,,0.0,0.0,0.0,0.0,0,1.026768842014778,0.8688966540324614,False,False,False,False,0.047169224178566185,-0.00983276733267427,False,False,False,False,-5065588,-6595130.194026163,False,False,False,False,2367241.7281853403,False,False,False,False
2025-05-30 00:00:00+00:00,30.3201367779,31.2825233183,27.7504654999,28.1572474397,2168344,,22.31034437063966,24.294062004534624,20.369182426483487,21.791894442053167,24.353395673604073,22.623775783463,#000000,,22.191370810927733,,52.19332815352607,-5.998954681146046,False,False,False,False,True,,0.0,0.0,0.0,0.0,0,1.0412409428313885,0.8508871988048575,False,False,False,False,0.11163669709237102,0.050901964879848376,False,False,False,False,-2897244,-6321212.698172374,False,False,False,False,2352508.5631345743,False,False,False,False
2025-06-06 00:00:00+00:00,31.3420523826,36.2720510623,30.5979390782,30.6078605889,5426526,,23.25031848615693,24.94289515255962,22.646407494662938,22.80926194297263,24.980633971244696,23.72590340951936,#000000,,23.412220769088027,,54.24933825785729,-3.837121224936098,False,False,True,False,True,,0.0,0.0,0.0,0.0,0,1.0511078768538171,0.8436354691585226,False,False,False,False,0.22511126062995518,0.13800661275490178,False,False,False,False,2529282,-5665620.498307753,False,False,False,False,2580213.5584579394,False,False,False,False
2025-06-13 00:00:00+00:00,31.6297761937,34.0576690834,29.8935118167,30.8558983571,3267025,,23.693556390894482,25.248777796188353,23.565840976378496,23.28891441124656,25.277150779930796,24.214848070927737,#000000,,23.94927239367697,,55.81084382125918,-2.1536385638319544,False,False,True,False,True,,0.0,0.0,0.0,0.0,0,1.0421717575890928,0.9261264812143126,False,False,False,False,0.18233210097671543,0.1601693568658086,False,False,False,False,5796307,-4816588.831766439,False,False,False,False,2631088.4800536474,False,False,False,False
2025-06-20 00:00:00+00:00,32.0762441763,33.3412367939,30.5780960568,32.1357732407,1490605,,23.884145972342726,25.38226305188355,23.933052453123942,23.494532074879444,25.40677660753589,24.42015403195311,#000000,,24.173498388057418,,57.07745045678119,-0.7384657259947218,False,False,True,False,True,,0.0,0.0,0.0,0.0,0,0.9735205394641426,0.9762514558608832,False,False,False,False,0.18186921634214517,0.1710192866039769,False,False,False,False,7286912,-3920033.214598554,False,False,False,False,2546608.222271896,False,False,False,False
2025-06-27 00:00:00+00:00,36.8657645531,37.7108044808,31.1535436789,31.8282064082,1574959,,24.153058832312816,25.584098225126034,24.43055561682465,23.780464285450677,25.60321401926493,24.71027819579582,#000000,,24.487044239928544,,59.47261338233852,1.7615814160746623,False,False,True,False,True,,0.0,0.0,0.0,0.0,0,0.9704817081175249,0.9420749613121305,False,False,False,False,0.25480516796904124,0.21291222728650905,False,False,False,False,8861871,-2973225.4949986613,False,False,False,False,2474634.205807311,False,False,False,False
2025-07-04 00:00:00+00:00,38.4616850965,39.3095178852,35.1401754655,38.5315066203,1414395,,24.433763025124264,25.801647888152264,24.932420803688654,24.076837218877742,25.815229734419876,25.01197973405256,#000000,,24.81116723396073,,61.62504343344081,3.997087301497203,False,False,True,False,True,,0.0,0.0,0.0,0.0,0,0.9995373789156965,0.9184038774482131,False,False,False,False,0.3405575159715979,0.27673487162905347,False,False,False,False,10276266,-1991781.680554316,False,False,False,False,2396097.9683401026,False,False,False,False
2025-07-11 00:00:00+00:00,38.2123225116,40.0077331229,37.3545152195,38.3220420489,1235819,,24.685489209454804,25.99918443638115,25.369230922777874,24.341889281319393,26.00791286111982,25.28074134221061,#000000,,25.098948462483307,,63.02013967984283,5.49868097213718,False,False,True,False,True,,0.0,0.0,0.0,0.0,0,1.0332047244276235,0.9155732087931773,False,False,False,False,0.34282825143496276,0.3097815615320081,False,False,False,False,9040447,-1174579.556068811,False,False,False,False,2310151.3780926876,False,False,False,False
2025-07-18 00:00:00+00:00,40.6461013403,42.0394397197,36.8557900497,38.0926284708,1082567,,24.91909609589095,26.184994266086754,25.76563975183464,24.587121204190073,26.18929397267483,25.52922905813545,#000000,,25.3642128295006,,64.7070193385739,7.29236928227148,False,False,True,False,True,,0.0,0.0,0.0,0.0,0,1.033058826310102,0.8918547598909092,False,False,False,False,0.3428282515241402,0.32630490652807415,False,False,False,False,10123014,-337720.7741377881,False,False,False,False,2219219.201937674,False,False,False,False
2025-07-25 00:00:00+00:00,42.4415119517,43.0599311622,37.6338013146,40.815667898,1023154,,25.150554960056112,26.371082392384086,26.15106175947185,24.82951273860762,26.371061574550048,25.77465468501394,#000000,,25.625552962629914,,66.39092727058454,9.081817780110612,False,False,True,False,True,,0.0,0.0,0.0,0.0,0,1.0043501938297572,0.9097421947884455,False,False,False,False,0.34282825162219116,0.33456657907513265,False,False,False,False,11146168,512937.6535761221,False,False,False,False,2130621.7795719206,False,False,False,False
2025-08-01 00:00:00+00:00,41.7532712173,47.2990951057,39.7982685516,43.0000841419,1231230,,25.452772885445412,26.617210648900343,26.64597345409147,25.145074908327455,26.611627110991932,26.09453180155132,#000000,,25.965257974191168,,67.15645940499608,10.00049420742262,False,False,True,False,True,,0.0,0.0,0.0,0.0,0,1.1012412751943599,0.8598987440095568,False,False,False,False,0.3428282519231281,0.33869741549913035,False,False,False,False,9914938,1209382.1236815944,False,False,False,False,2064000.166270297,False,False,False,False
2025-08-08 00:00:00+00:00,46.501134834,48.1469278944,42.601104006,42.8803901011,885454,,25.697620183773775,26.819320003803277,27.042325034847032,25.39993201121464,26.80927320424493,26.35369408757673,#000000,,26.23979930840968,,68.92362330582512,11.900079387889065,False,False,True,False,True,,0.0,0.0,0.0,0.0,0,1.081955368916171,0.869631855873453,False,False,False,False,0.34282825206734835,0.34076283378323935,False,False,False,False,10800392,1919827.2997051799,False,False,False,False,1976700.450250275,False,False,False,False
2025-08-15 00:00:00+00:00,46.7405229155,50.186713839,44.7855202498,46.600879868,800589,,25.930023291456614,27.012493946972267,27.414188652004285,25.64145095380744,26.99825901557927,26.599283171963975,#000000,,26.49953921106015,,70.24228403111873,13.357753770708328,False,False,True,False,True,,0.0,0.0,0.0,0.0,0,1.0757050215601571,0.8602847872919459,False,False,False,False,0.34282825221470264,0.34179554299897097,False,False,False,False,11600981,2636949.796023315,False,False,False,False,1889581.0835650696,False,False,False,False
2025-08-22 00:00:00+00:00,42.8404920875,46.6507523849,39.3992884158,45.6632765487,1104787,,26.179914452522564,27.21806109230657,27.799504718564247,25.901847684924622,27.199507292819355,26.859767048227475,#000000,,26.7748319870795,,68.77924491652904,13.357753770708328,False,False,True,False,True,,0.0,0.0,0.0,0.0,0,1.0591650750255361,0.878120996346206,False,False,False,False,0.2474459149926668,0.29462072899581887,False,False,False,False,10496194,3219116.033354921,False,False,False,False,1831448.1884861756,False,False,False,False
2025-08-29 00:00:00+00:00,43.6783503728,47.8177692823,42.3617159245,42.650976523,1204074,,26.470102059503834,27.4590860989757,28.241814883022137,26.203564267740806,27.435581009452818,27.16202966373906,#000000,,27.09364182731062,,67.99002526535779,13.357753770708328,False,False,True,False,True,,0.0,0.0,0.0,0.0,0,1.1268924407847094,0.8437558195273372,False,False,False,False,0.2909470372826717,0.2927838831392453,False,False,False,False,11700268,3847349.512365667,False,False,False,False,1784976.0263760886,False,False,False,False
2025-09-05 00:00:00+00:00,54.7600236462,61.3631448946,40.7358718709,41.0849794897,2823489,,27.388901312764716,28.24010684135835,29.638403382818243,27.153570238849177,28.200985963381964,28.12439354783449,#000000,,28.105245443947624,,70.01616782843016,13.548887320809328,False,False,True,False,True,,0.0,0.0,0.0,0.0,0,1.1277192182698177,0.7391769526106761,False,False,False,False,0.34282825242539894,0.3178060677823221,False,False,False,False,14523757,4638194.511449692,False,False,False,False,1861902.913311193,False,False,False,False
2025-09-12 00:00:00+00:00,62.5600853022,67.6770055445,55.0492842447,57.4531395632,3100490,61.76212503046667,28.681734313085517,29.359439073665904,31.564462849510118,28.4845407735042,29.298946589536904,34.858541438294885,#000000,,37.62321574164162,,72.65573267308059,16.235764994653493,False,False,True,False,True,,0.0,0.0,0.0,0.0,0,1.2079193364936902,0.7014489044165829,False,False,False,False,0.3428282528571875,0.3303171603197548,False,False,False,False,17624247,5600124.3254163815,False,False,False,False,1953650.1049177712,False,False,False,False
2025-09-19 00:00:00+00:00,57.1738534681,64.4352919407,54.4907120545,62.480289275,1677737,60.68693120328519,29.28049107315195,29.880169678866476,32.417186775612265,29.100514223659815,29.810374955542144,35.19594465168631,#000000,,37.8712808189273,,72.04472179179265,16.235764994653493,False,False,True,False,True,20.0,0.0,0.0,0.0,0.0,0,1.1870624351964911,0.7319217297905856,False,False,False,False,0.3134981931142546,0.3219076767170047,False,False,False,False,15946510,6366523.264274427,False,False,False,False,1933212.0971460845,False,False,False,False
2025-09-26 00:00:00+00:00,53.85,57.9418902297,51.54,56.6551792915,2165929,58.73970752487719,29.91219660704149,30.430372528690555,33.27594578920987,29.750400793898155,30.35141047599069,35.41000561995133,#000000,,37.91956267875668,,70.2394507568153,16.235764994653493,False,False,True,False,True,18.591294810896493,0.0,0.0,0.0,0.0,0,1.194453839925269,0.7702171567909213,False,False,False,False,0.24270551832735587,0.2823065975221803,False,False,False,False,13780581,6915712.726180025,False,False,False,False,1950450.3862463746,False,False,False,False
2025-10-03 00:00:00+00:00,54.94,57.86,50.7,54.23,2049037,57.773719406124286,30.48259177277236,30.929826823036816,34.03090684205101,30.33658714255231,30.842956458397712,35.73276474082242,#000000,,38.155951290874995,,69.17827879338431,16.235764994653493,False,False,True,False,True,19.223231875772687,0.0,0.0,0.0,0.0,0,1.2187763104956333,0.7415027494217106,False,False,False,False,0.23394241719920014,0.2581245073606902,False,False,False,False,15829618,7576002.005722245,False,False,False,False,1957753.0983762727,False,False,False,False
2025-10-10 00:00:00+00:00,50.29,58.8164,50.11,54.06,2322415,56.808766040892756,31.061329812051447,31.43862250330494,34.76883745753273,30.93095896052724,31.344236145162597,36.05879181991195,#000000,,38.39247306775104,,66.58984699280767,16.235764994653493,False,False,True,False,False,14.841891788517291,0.0,0.0,0.0,0.0,0,1.2150943592540706,0.7477006911516858,False,False,False,False,0.23226659481679673,0.24519555108874347,False,False,False,False,13507203,8015350.227520598,False,False,False,False,1984765.0910891413,False,False,False,False
2025-10-17 00:00:00+00:00,59.2,62.115,54.45,59.0,2438669,57.12428793924399,31.782466347853745,32.078275245802445,35.70025202755548,31.669909671138363,31.97443590479437,36.721604522731404,#000000,,39.0692289964479,,66.62191282811087,16.235764994653493,False,False,True,False,False,19.85549422620205,0.0,0.0,0.0,0.0,0,1.181655047579846,0.7143811101489178,False,False,False,False,0.29245178370381275,0.2688236673962781,False,False,False,False,15945872,8602796.284741296,False,False,False,False,2018387.602860316,False,False,False,False
