date,Open,High,Low,Close,Volume,aVWAP_peak_51,aVWAP_peak_23,aVWAP_valley_80,Peaks_Valleys_avg,color,StDev,StDev_Mean,StdDev_ZScore,QQEMOD,QQE1_Value,QQE1_Above_Upper,QQE1_Below_Lower,QQE2_Above_Threshold,QQE2_Below_Threshold,QQE2_Above_TL,banker_RSI,OB,OB_High,OB_Low,OB_Mitigated_Index,TTM_squeeze_Active,VI_plus,VI_minus,VI_Regular_Bullish,VI_Regular_Bearish,VI_Hidden_Bullish,VI_Hidden_Bearish,Fisher,Fisher_Signal,Fisher_Regular_Bullish,Fisher_Regular_Bearish,Fisher_Hidden_Bullish,Fisher_Hidden_Bearish,OBV,OBV_Smoothed,OBV_Regular_Bullish,OBV_Regular_Bearish,OBV_Hidden_Bullish,OBV_Hidden_Bearish,Volume_MA,Vol_Regular_Bullish,Vol_Regular_Bearish,Vol_Hidden_Bullish,Vol_Hidden_Bearish
2025-05-29 16:00:00+00:00,45.44,45.62,45.35,45.35,1460.0,,,,,#000000,,,,,,False,False,False,False,False,,0.0,0.0,0.0,0.0,0,,,False,False,False,False,,,False,False,False,False,0.0,0.0,False,False,False,False,1460.0,False,False,False,False
2025-05-30 16:00:00+00:00,45.84,45.965,45.625,45.84,1417.0,,,,,#000000,,,,100.0,,False,False,True,False,False,,0.0,0.0,0.0,0.0,0,,,False,False,False,False,,,False,False,False,False,1417.0,21.968992248062015,False,False,False,False,1459.3333333333333,False,False,False,False
2025-06-02 16:00:00+00:00,45.55,45.62,45.375,45.58,398.0,,,,,#000000,,,,87.53993610223631,6.389776357827088,False,False,True,False,True,,0.0,0.0,0.0,0.0,0,,,False,False,False,False,,,False,False,False,False,1019.0,37.42683732948741,False,False,False,False,1442.878552971576,False,False,False,False
2025-06-03 16:00:00+00:00,45.115,45.385,45.115,45.365,430.0,,,,,#000000,,,,73.84752438176105,6.389776357827088,False,False,True,False,True,,0.0,0.0,0.0,0.0,0,,,False,False,False,False,,,False,False,False,False,589.0,45.978359231355824,False,False,False,False,1427.1750095146524,False,False,False,False
2025-06-04 16:00:00+00:00,45.185,45.5,45.07,45.16,1166.0,,,,,#000000,,,,61.36194984216624,6.389776357827088,False,False,True,False,False,,0.0,0.0,0.0,0.0,0,,,False,False,False,False,,,False,False,False,False,-577.0,36.31978001846659,False,False,False,False,1423.1257845609368,False,False,False,False
2025-06-05 16:00:00+00:00,44.64,44.88,44.62,44.74,1093.0,,,,,#000000,,,,48.996766678159176,30.378130833846342,False,False,False,True,False,,0.0,0.0,0.0,0.0,0,,,False,False,False,False,,,False,False,False,False,-1670.0,9.865209785622145,False,False,False,False,1418.0075553429378,False,False,False,False
2025-06-06 16:00:00+00:00,44.285,44.355,44.035,44.155,1108.0,,,,,#000000,,,,37.97885696673407,19.2269032524313,False,False,False,True,False,,0.0,0.0,0.0,0.0,0,,,False,False,False,False,,,False,False,False,False,-2778.0,-33.357506645162694,False,False,False,False,1413.2012366554504,False,False,False,False
2025-06-09 16:00:00+00:00,44.42,44.42,44.145,44.155,359.0,,,,,#000000,,,,30.633583825783997,11.280912137354768,False,False,False,True,False,,0.0,0.0,0.0,0.0,0,,,False,False,False,False,,,False,False,False,False,-2778.0,-75.91010344136171,False,False,False,False,1396.857031435986,False,False,False,False
2025-06-10 16:00:00+00:00,44.32,44.54,44.175,44.335,922.0,,,,,#000000,,,,29.03828987124477,8.23479494236571,False,False,False,True,False,,0.0,0.0,0.0,0.0,0,,,False,False,False,False,,,False,False,False,False,-1856.0,-103.50839641126308,False,False,False,False,1389.4949069175987,False,False,False,False
2025-06-11 16:00:00+00:00,44.295,44.43,44.22,44.275,401.0,,,,,#000000,,,,27.610158084650404,4.853089257698045,False,False,False,True,False,,0.0,0.0,0.0,0.0,0,,,False,False,False,False,,,False,False,False,False,-2257.0,-136.8958631335691,False,False,False,False,1374.1694044847675,False,False,False,False
2025-06-12 16:00:00+00:00,44.535,44.915,44.535,44.915,352.0,,,,,#000000,,,,35.10534647621432,4.853089257698045,False,False,False,True,False,,0.0,0.0,0.0,0.0,0,,,False,False,False,False,,,False,False,False,False,-1905.0,-164.30833037180832,False,False,False,False,1358.3218168183369,False,False,False,False
2025-06-13 16:00:00+00:00,45.29,45.39,45.1,45.12,578.0,,,,,#000000,,,,41.90246521619773,4.853089257698045,False,False,False,True,True,,0.0,0.0,0.0,0.0,0,,,False,False,False,False,,,False,False,False,False,-1327.0,-182.33455780790433,False,False,False,False,1346.2238041544867,False,False,False,False
2025-06-16 16:00:00+00:00,45.265,45.265,44.925,45.185,2237.0,,,,,#000000,,,,46.98527824336606,4.853089257698045,False,False,False,False,True,,0.0,0.0,0.0,0.0,0,,,False,False,False,False,,,False,False,False,False,910.0,-165.39913830700658,False,False,False,False,1360.0342878110064,False,False,False,False
2025-06-17 16:00:00+00:00,44.84,45.03,44.69,45.03,5817.0,,,,,#000000,,,,48.646438959136105,4.853089257698045,False,False,False,False,True,,0.0,0.0,0.0,0.0,0,,,False,False,False,False,,,False,False,False,False,-4907.0,-238.9123299611615,False,False,False,False,1429.1345314108357,False,False,False,False
2025-06-18 16:00:00+00:00,44.605,44.635,44.47,44.49,875.0,,,,,#000000,,,,45.21175645768761,4.853089257698045,False,False,False,True,True,,0.0,0.0,0.0,0.0,0,,,False,False,False,False,,,False,False,False,False,-5782.0,-324.8516736826939,False,False,False,False,1420.5432983657065,False,False,False,False
2025-06-19 16:00:00+00:00,44.49,44.49,44.49,44.49,0.0,,,,,#000000,,,,42.92196812338862,4.853089257698045,False,False,False,True,True,,0.0,0.0,0.0,0.0,0,,,False,False,False,False,,,False,False,False,False,-5782.0,-409.458624478311,False,False,False,False,1398.5193712592613,False,False,False,False
2025-06-20 16:00:00+00:00,44.245,44.41,44.105,44.23,4580.0,,,,,#000000,,44.24833333333332,,39.634663991665,4.853089257698045,False,False,False,True,True,,0.0,0.0,0.0,0.0,0,,,False,False,False,False,,,False,False,False,False,-10362.0,-563.7615915406627,False,False,False,False,1447.8446523250093,False,False,False,False
2025-06-23 16:00:00+00:00,44.655,45.005,44.655,44.8,3776.0,,,,,#000000,,44.50666427317695,,43.10201029954182,4.853089257698045,False,False,False,True,True,,0.0,0.0,0.0,0.0,0,,,False,False,False,False,,,False,False,False,False,-6586.0,-657.1296288811175,False,False,False,False,1483.9400840719084,False,False,False,False
2025-06-24 16:00:00+00:00,44.97,45.255,44.8,44.855,13358.0,,,,,#000000,,44.79169875042215,,45.85978752461336,4.853089257698045,False,False,False,True,True,,0.0,0.0,0.0,0.0,0,,,False,False,False,False,,,False,False,False,False,6772.0,-541.9493245573792,False,False,False,False,1668.03403625684,False,False,False,False
2025-06-25 16:00:00+00:00,44.315,44.86,44.295,44.75,14129.0,,,,,#000000,,44.729929460889615,,46.766496411013804,4.853089257698045,False,False,False,True,True,,0.0,0.0,0.0,0.0,0,,,False,False,False,False,,,False,False,False,False,-7357.0,-647.6090249518385,False,False,False,False,1861.2273070125477,False,False,False,False
2025-06-26 16:00:00+00:00,45.01,45.04,44.715,44.835,3131.0,,,,,#000000,,44.7406465421392,,48.18021879755227,4.853089257698045,False,False,False,False,True,,0.0,0.0,0.0,0.0,0,,,False,False,False,False,,,False,False,False,False,-4226.0,-703.0879547975463,False,False,False,False,1880.9137053534384,False,False,False,False
2025-06-27 16:00:00+00:00,45.12,45.165,44.55,44.945,1840.0,,,,,#000000,,44.74722950458175,,50.17304776350527,4.853089257698045,False,False,False,False,True,,0.0,0.0,0.0,0.0,0,,,False,False,False,False,,,False,False,False,False,-2386.0,-729.1796144130882,False,False,False,False,1880.279384340207,False,False,False,False
2025-06-30 16:00:00+00:00,45.66,45.825,45.445,45.815,1946.0,,,,,#000000,,44.79036237137511,,57.06335880490025,-3.622440266337982,False,False,True,False,True,,0.0,0.0,0.0,0.0,0,,,False,False,False,False,,,False,False,False,False,-440.0,-724.6962095384666,False,False,False,False,1881.298308614002,False,False,False,False
2025-07-01 16:00:00+00:00,46.07,46.32,45.86,46.0,1886.0,,46.06,,46.06,#000000,,45.45199810733324,,62.435348067151445,1.906197378527537,False,False,True,False,True,,0.0,0.0,0.0,0.0,0,,,False,False,False,False,,,False,False,False,False,1446.0,-691.0420047394206,False,False,False,False,1881.3712030540948,False,False,False,False
2025-07-02 16:00:00+00:00,45.27,45.585,45.195,45.38,638.0,,45.88979926043317,,45.88979926043317,#000000,,45.37072054194405,,60.35878717132126,1.906197378527537,False,False,True,False,True,,0.0,0.0,0.0,0.0,0,,,False,False,False,False,,,False,False,False,False,808.0,-667.8010434256311,False,False,False,False,1862.0941301385274,False,False,False,False
2025-07-03 16:00:00+00:00,45.525,45.56,45.4,45.4,416.0,,45.828040816326535,,45.828040816326535,#000000,,45.34257987205823,,59.09626569943096,1.906197378527537,False,False,True,False,True,,0.0,0.0,0.0,0.0,0,,,False,False,False,False,,,False,False,False,False,1224.0,-638.47079469035,False,False,False,False,1839.6740661053718,False,False,False,False
2025-07-04 16:00:00+00:00,45.4,45.4,45.4,45.4,0.0,,45.828040816326535,,45.828040816326535,#000000,,45.34257987205823,,58.254584718170754,1.906197378527537,False,False,True,False,False,,0.0,0.0,0.0,0.0,0,,,False,False,False,False,,,False,False,False,False,1224.0,-609.5952784936003,False,False,False,False,1811.1519875611025,False,False,False,False
2025-07-07 16:00:00+00:00,45.64,45.64,45.425,45.56,1278.0,,45.74127311522049,,45.74127311522049,#000000,,45.30850731626323,,58.82157945377694,1.906197378527537,False,False,True,False,False,,0.0,0.0,0.0,0.0,0,,,False,False,False,False,,,False,False,False,False,2502.0,-561.3534912301335,False,False,False,False,1802.8860652733335,False,False,False,False
2025-07-08 16:00:00+00:00,45.29,45.45,45.11,45.425,548.0,,45.69379283815918,,45.69379283815918,#000000,,45.28737648963747,,57.823066907178365,1.906197378527537,False,False,True,False,False,,0.0,0.0,0.0,0.0,0,,,False,False,False,False,,,False,False,False,False,1954.0,-522.3557626839298,False,False,False,False,1783.4304673621189,False,False,False,False
2025-07-09 16:00:00+00:00,45.37,45.63,45.37,45.6,1284.0,,45.65973829201102,,45.65973829201102,#000000,,45.27892990882734,,58.50140769959698,1.906197378527537,False,False,True,False,False,,0.0,0.0,0.0,0.0,0,,,False,False,False,False,,,False,False,False,False,3238.0,-464.0556733399929,False,False,False,False,1775.6873593410007,False,False,False,False
2025-07-10 16:00:00+00:00,45.86,45.995,45.69,45.745,3356.0,,45.71335069813595,,45.71335069813595,#000000,,45.33506809210622,,60.00282866060616,3.5191420353723615,False,False,True,False,False,,0.0,0.0,0.0,0.0,0,,,False,False,False,False,,,False,False,False,False,6594.0,-354.62845359828754,False,False,False,False,1800.1883305140084,False,False,False,False
2025-07-11 16:00:00+00:00,45.76,46.06,45.62,46.055,5457.0,,45.78616306712418,,45.78616306712418,#000000,,45.41668874480297,,62.96039347826209,6.803312497543061,False,False,True,False,True,,0.0,0.0,0.0,0.0,0,,,False,False,False,False,,,False,False,False,False,12051.0,-162.29312873629854,False,False,False,False,1856.8830850796828,False,False,False,False
2025-07-14 16:00:00+00:00,45.865,45.865,45.585,45.685,1751.0,,45.77831166486096,,45.77831166486096,#000000,,45.42256073188142,,60.899838948412906,6.803312497543061,False,False,True,False,True,,0.0,0.0,0.0,0.0,0,,,False,False,False,False,,,False,False,False,False,10300.0,-0.08703371713113484,False,False,False,False,1855.241486861393,False,False,False,False
2025-07-15 16:00:00+00:00,45.465,45.625,45.365,45.51,1187.0,,45.759753384641314,,45.759753384641314,#000000,,45.417526871478856,,57.90858333193407,6.803312497543061,False,False,True,False,False,,0.0,0.0,0.0,0.0,0,,,False,False,False,False,,,False,False,False,False,9113.0,141.20113734825074,False,False,False,False,1844.8811537317588,False,False,False,False
2025-07-16 16:00:00+00:00,45.74,45.805,45.46,45.545,1328.0,,45.748894174638856,,45.748894174638856,#000000,,45.417762471851944,,56.21675090841824,11.902709242562757,False,False,True,False,False,,0.0,0.0,0.0,0.0,0,,,False,False,False,False,,,False,False,False,False,10441.0,300.8879414203709,False,False,False,False,1836.8674924335921,False,False,False,False
2025-07-17 16:00:00+00:00,45.1,45.315,45.01,45.125,1431.0,,45.70721044098573,,45.70721044098573,#000000,,45.31509110754834,,51.51382106842285,7.362534001348095,False,False,False,False,False,,0.0,0.0,0.0,0.0,0,,,False,False,False,False,,,False,False,False,False,9010.0,435.91293457664415,False,False,False,False,1830.5749731710557,False,False,False,False
2025-07-18 16:00:00+00:00,45.48,45.77,45.41,45.665,530.0,,45.704893156314206,,45.704893156314206,#000000,,45.35766855436815,,52.75861886746513,7.362534001348095,False,False,True,False,False,,0.0,0.0,0.0,0.0,0,,,False,False,False,False,,,False,False,False,False,9540.0,577.0615712498744,False,False,False,False,1810.411020098636,False,False,False,False
2025-07-21 16:00:00+00:00,46.055,46.25,46.035,46.2,1286.0,,45.73114497676082,,45.73114497676082,#000000,,45.49042378222314,,56.600381201921344,7.362534001348095,False,False,True,False,True,,0.0,0.0,0.0,0.0,1,,,False,False,False,False,,,False,False,False,False,10826.0,735.9598414630547,False,False,False,False,1802.280616686254,False,False,False,False
2025-07-22 16:00:00+00:00,46.9,46.975,46.76,46.84,2985.0,,45.863815504120495,,45.863815504120495,#000000,,45.756793883609724,,61.70533406391214,5.349897141149832,False,False,True,False,True,,0.0,0.0,0.0,0.0,0,,,False,False,False,False,,,False,False,False,False,13811.0,938.6736423706042,False,False,False,False,1820.6173513112733,False,False,False,False
2025-07-23 16:00:00+00:00,46.655,46.76,46.495,46.61,1730.0,,45.91221100488477,,45.91221100488477,#000000,,45.814085566908,,63.202504219644936,6.717977009792676,False,False,True,False,True,,0.0,0.0,0.0,0.0,0,,,False,False,False,False,,,False,False,False,False,12081.0,1111.4228882253235,False,False,False,False,1819.2124311359048,False,False,False,False
2025-07-24 16:00:00+00:00,46.705,46.855,46.635,46.7,899.0,,45.93847725378111,,45.93847725378111,#000000,,45.843600486952965,,64.58169602792552,8.136012941901726,False,False,True,False,True,,0.0,0.0,0.0,0.0,0,,,False,False,False,False,,,False,False,False,False,12980.0,1295.4318356946983,False,False,False,False,1804.945571738449,False,False,False,False
2025-07-25 16:00:00+00:00,46.345,46.735,46.295,46.72,653.0,,45.9531786125755,,45.9531786125755,#000000,,45.85797192437919,,65.59243302845023,9.328363805065138,True,False,True,False,True,,0.0,0.0,0.0,0.0,0,,,False,False,False,False,,,False,False,False,False,13633.0,1486.711962273075,False,False,False,False,1787.0859504711862,False,False,False,False
2025-07-28 16:00:00+00:00,46.38,46.4,46.15,46.28,1270.0,,45.96691276925306,,45.96691276925306,#000000,,45.865065722769856,,62.39313408277426,9.328363805065138,True,False,True,False,False,,0.0,0.0,0.0,0.0,0,,,False,False,False,False,,,False,False,False,False,12363.0,1655.3365830130274,False,False,False,False,1779.0691140297724,False,False,False,False
2025-07-29 16:00:00+00:00,46.54,46.68,46.33,46.64,1549.0,,45.99562048397008,,45.99562048397008,#000000,,45.89172788020793,,62.26362616826343,9.328363805065138,True,False,True,False,False,,0.0,0.0,0.0,0.0,0,,,False,False,False,False,,,False,False,False,False,13912.0,1845.3623724236782,False,False,False,False,1775.5021510215588,False,False,False,False
2025-07-30 16:00:00+00:00,46.89,47.05,46.68,46.95,821.0,,46.01845052607668,,46.01845052607668,#000000,,45.915858973807474,,63.65717999622972,9.328363805065138,True,False,True,False,False,,0.0,0.0,0.0,0.0,0,,,False,False,False,False,,,False,False,False,False,14733.0,2045.1707077349388,False,False,False,False,1760.7036680599842,False,False,False,False
2025-07-31 16:00:00+00:00,47.04,47.2,46.73,46.965,3967.0,,46.12203567816092,,46.12203567816092,#000000,,46.02077120786572,,64.65691176804397,9.328363805065138,True,False,True,False,False,,0.0,0.0,0.0,0.0,0,,,False,False,False,False,,,False,False,False,False,18700.0,2303.3851153669552,False,False,False,False,1794.9098127412249,False,False,False,False
2025-08-01 16:00:00+00:00,46.91,46.98,46.65,46.755,2200.0,,46.16054078890334,,46.16054078890334,#000000,,46.055909946136666,,63.31182560335054,9.328363805065138,True,False,True,False,False,,0.0,0.0,0.0,0.0,0,,,False,False,False,False,,,False,False,False,False,16500.0,2523.487671717855,False,False,False,False,1801.1902807607407,False,False,False,False
2025-08-04 16:00:00+00:00,47.755,47.755,47.135,47.36,975.0,,46.19160541111816,,46.19160541111816,#000000,,46.08767328085696,,65.39291537192022,10.45264246422034,True,False,True,False,True,,0.0,0.0,0.0,0.0,0,,,False,False,False,False,,,False,False,False,False,17475.0,2755.2940644044,False,False,False,False,1788.3811291210393,False,False,False,False
2025-08-05 16:00:00+00:00,47.43,47.455,46.86,47.06,1085.0,,46.216604994651526,,46.216604994651526,#000000,,46.11195764011223,,64.17574490496494,10.45264246422034,True,False,True,False,True,,0.0,0.0,0.0,0.0,0,,,False,False,False,False,,,False,False,False,False,16390.0,2966.6848541035565,False,False,False,False,1777.475995336217,False,False,False,False
2025-08-06 16:00:00+00:00,47.35,47.405,47.05,47.225,3245.0,,46.291514150763724,,46.291514150763724,#000000,,46.18469851637621,,64.19312843725707,10.45264246422034,True,False,True,False,True,14.241818010459017,0.0,0.0,0.0,0.0,0,,,False,False,False,False,,,False,False,False,False,19635.0,3225.1083447376095,False,False,False,False,1800.228305486043,False,False,False,False
2025-08-07 16:00:00+00:00,47.585,48.11,47.585,48.085,2833.0,,46.39094720385794,,46.39094720385794,#000000,,46.28470521089081,,67.49495269402573,13.09094021859761,True,False,True,False,True,19.880794624713875,0.0,0.0,0.0,0.0,0,,,False,False,False,False,,,False,False,False,False,22468.0,3523.4477502455534,False,False,False,False,1816.2402697420732,False,False,False,False
2025-08-08 16:00:00+00:00,48.55,48.91,48.37,48.72,1879.0,48.66666666666667,46.479173767718244,,47.57292021719246,#000000,,46.94719115701022,,71.30610174876871,16.725417321452483,True,False,True,False,True,20.0,0.0,0.0,0.0,0.0,0,,,False,False,False,False,,,False,False,False,False,24347.0,3846.2935215595758,False,False,False,False,1817.2132888158394,False,False,False,False
2025-08-11 16:00:00+00:00,48.03,48.07,47.64,47.81,4451.0,48.08538809899947,46.59363458558525,,47.33951134229236,#000000,,46.88465373074001,,67.76571753295428,16.725417321452483,True,False,True,False,False,14.892018205764487,0.0,0.0,0.0,0.0,0,,,False,False,False,False,,,False,False,False,False,19896.0,4095.1261801400474,False,False,False,False,1858.0471913148185,False,False,False,False
2025-08-12 16:00:00+00:00,47.39,47.68,47.255,47.34,2560.0,47.895220097487815,46.631997458452,,47.26360877796991,#000000,,46.863586579691066,,63.01041629638311,18.337613220179293,True,False,True,False,False,10.940887941780407,0.0,0.0,0.0,0.0,0,,,False,False,False,False,,,False,False,False,False,17336.0,4300.411045564233,False,False,False,False,1868.9301805967593,False,False,False,False
2025-08-13 16:00:00+00:00,47.31,47.41,47.06,47.065,1827.0,47.77300752698205,46.64941575778728,,47.21121164238467,#000000,,46.84451696739293,,58.550840833502065,14.406991524415488,False,False,True,False,False,8.743236961898162,0.0,0.0,0.0,0.0,0,,,False,False,False,False,,,False,False,False,False,15509.0,4474.187618501222,False,False,False,False,1868.2801002774297,False,False,False,False
2025-08-14 16:00:00+00:00,47.53,47.675,47.425,47.53,1816.0,47.73972831724248,46.67687392522679,,47.20830112123464,#000000,,46.855610751418084,,57.6077684751095,13.662510785180672,False,False,True,False,False,11.543069947021259,0.0,0.0,0.0,0.0,0,,,False,False,False,False,,,False,False,False,False,17325.0,4673.425019764769,False,False,False,False,1867.4695560870819,False,False,False,False
2025-08-15 16:00:00+00:00,47.705,47.89,47.555,47.875,3132.0,47.7464471752314,46.73203770634883,,47.239242440790115,#000000,,46.89700952566662,,58.332025666230194,13.662510785180672,False,False,True,False,False,13.510252601833862,0.0,0.0,0.0,0.0,0,,,False,False,False,False,,,False,False,False,False,20457.0,4918.131608605625,False,False,False,False,1887.0746792485224,False,False,False,False
2025-08-18 16:00:00+00:00,47.79,47.835,47.5,47.76,2560.0,47.73968879743941,46.77020469144565,,47.254946744442535,#000000,,46.92274199585693,,58.15263202880436,13.662510785180672,False,False,True,False,False,12.58671088821312,0.0,0.0,0.0,0.0,0,,,False,False,False,False,,,False,False,False,False,17897.0,5119.354374363677,False,False,False,False,1897.5076299578477,False,False,False,False
2025-08-19 16:00:00+00:00,47.48,47.745,47.475,47.61,3320.0,47.71970426239653,46.81112642429758,,47.26541534334706,#000000,,46.94713293530886,,57.137260952028626,12.610632704420851,False,False,True,False,False,11.386994358025856,0.0,0.0,0.0,0.0,0,,,False,False,False,False,,,False,False,False,False,14577.0,5265.9845391022245,False,False,False,False,1919.561775229819,False,False,False,False
2025-08-20 16:00:00+00:00,48.06,48.15,47.89,47.905,2982.0,47.7515537299031,46.86020961353677,,47.30588167171993,#000000,,46.99097016088737,,57.85625439382199,12.610632704420851,False,False,True,False,False,13.088816662159921,0.0,0.0,0.0,0.0,0,,,False,False,False,False,,,False,False,False,False,17559.0,5456.573926092888,False,False,False,False,1936.033685691372,False,False,False,False
2025-08-21 16:00:00+00:00,48.295,48.415,48.155,48.22,3614.0,47.817278881347505,46.92806665863766,,47.37267276999258,#000000,,47.29849748049868,,59.70281957783131,12.610632704420851,False,False,True,False,False,14.842379789771748,0.0,0.0,0.0,0.0,0,,,False,False,False,False,,,False,False,False,False,21173.0,5700.23944661858,False,False,False,False,1962.04866730856,False,False,False,False
2025-08-22 16:00:00+00:00,48.18,48.32,47.91,47.96,2134.0,47.83462257087807,46.95958584321022,,47.397104207044144,#000000,,47.305639434601325,,59.12577737382246,12.610632704420851,False,False,True,False,False,12.749079244630238,0.0,0.0,0.0,0.0,0,,,False,False,False,False,,,False,False,False,False,19039.0,5907.041935818291,False,False,False,False,1964.7145794433109,False,False,False,False
2025-08-25 16:00:00+00:00,47.67,47.75,47.395,47.59,6276.0,47.79061635340575,47.00629387732192,,47.39845511536384,#000000,,47.2605897872614,,56.41298463478651,10.935179629447724,False,True,True,False,False,9.87734385593767,0.0,0.0,0.0,0.0,0,,,False,False,False,False,,,False,False,False,False,12763.0,6013.335859293976,False,False,False,False,2031.5562138705463,False,False,False,False
2025-08-26 16:00:00+00:00,47.675,47.885,47.595,47.655,22425.0,47.760596570356306,47.156136482765596,,47.45836652656095,#000000,,47.3250910057269,,54.98441584282491,9.40595805195207,False,True,True,False,False,10.25716498601994,0.0,0.0,0.0,0.0,0,,,False,False,False,False,,,False,False,False,False,35188.0,6465.656233568488,False,False,False,False,2347.733636911313,False,False,False,False
2025-08-27 16:00:00+00:00,47.165,47.505,47.14,47.47,4214.0,47.734659703539585,47.16440994552643,,47.449534824533,#000000,,47.31700729891229,,52.82779738370541,7.223721967637644,False,True,True,False,False,8.837076399458923,0.0,0.0,0.0,0.0,0,,,False,False,False,False,,,False,False,False,False,30974.0,6845.630555528666,False,False,False,False,2376.6679991297424,False,False,False,False
2025-08-28 16:00:00+00:00,47.245,47.325,47.11,47.245,4096.0,47.70373589354893,47.16664929366377,,47.435192593606345,#000000,,47.303505095911966,,49.98937595216093,4.476910415765566,False,True,False,False,False,7.139147673715737,0.0,0.0,0.0,0.0,0,,,False,False,False,False,,,False,False,False,False,26878.0,7156.20992676078,False,False,False,False,2403.324309220754,False,False,False,False
2025-08-29 16:00:00+00:00,47.72,47.805,47.55,47.62,1705.0,47.70261384335155,47.1739025255453,,47.43825818444843,#000000,,47.307775783364576,,50.69048822960471,4.476910415765566,False,True,False,False,False,9.398680120139595,0.0,0.0,0.0,0.0,0,,,False,False,False,False,,,False,False,False,False,28583.0,7488.408222469915,False,False,False,False,2392.497575744463,False,False,False,False
2025-09-01 16:00:00+00:00,47.62,47.62,47.62,47.62,0.0,47.70261384335155,47.1739025255453,,47.43825818444843,#000000,,47.307775783364576,,51.15789641456723,4.476910415765566,False,True,False,False,False,9.398680120139595,0.0,0.0,0.0,0.0,0,,,False,False,False,False,,,False,False,False,False,28583.0,7815.456157005265,False,False,False,False,2355.404590074006,False,False,False,False
2025-09-02 16:00:00+00:00,47.11,47.315,46.915,47.28,2671.0,47.68276215660555,47.17381437632136,,47.428288266463454,#000000,,47.29863592071102,,49.07031987679267,3.277234850159701,False,True,False,False,False,6.82657253425403,0.0,0.0,0.0,0.0,0,,,False,False,False,False,,,False,False,False,False,25912.0,8096.022728214485,False,False,False,False,2360.297542165882,False,False,False,False
2025-09-03 16:00:00+00:00,47.22,47.26,47.0,47.17,5041.0,47.6473103398824,47.1725680976984,,47.4099392187904,#000000,,47.282266035358205,,46.962057555211885,1.1688705101578307,False,True,False,True,False,6.011515640155494,0.0,0.0,0.0,0.0,0,,,False,False,False,False,,,False,False,False,False,20871.0,8294.084391342943,False,False,False,False,2401.8588205819146,False,False,False,False
2025-09-04 16:00:00+00:00,47.01,47.21,46.86,47.015,2208.0,47.629990812434265,47.17003046505019,,47.40001063874223,#000000,,47.273213616086935,,44.55134817215428,-1.1691057445813584,False,True,False,True,False,4.867643784525061,0.0,0.0,0.0,0.0,0,,,False,False,False,False,,,False,False,False,False,18663.0,8454.84277287251,False,False,False,False,2398.8532574721175,False,False,False,False
2025-09-05 16:00:00+00:00,46.93,47.02,46.64,46.795,2583.0,47.60426485385427,47.162937870530854,,47.383601362192564,#000000,,47.25767247693545,,41.60340426779114,-3.946887899714966,False,True,False,True,False,3.2670739706968597,0.0,0.0,0.0,0.0,0,,,False,False,False,False,,,False,False,False,False,16080.0,8573.062264765958,False,False,False,False,2401.7082457283636,False,False,False,False
2025-09-08 16:00:00+00:00,46.655,46.74,46.56,46.675,1958.0,47.58207085110802,47.15534008766533,,47.368705469386676,#000000,,47.2433931513729,,38.941895673787755,-6.4113304281108725,False,True,False,True,False,2.4037019483103315,0.0,0.0,0.0,0.0,0,,,False,False,False,False,,,False,False,False,False,14122.0,8659.092307172688,False,False,False,False,2394.8290481201716,False,False,False,False
2025-09-09 16:00:00+00:00,46.825,46.95,46.695,46.705,2722.0,47.55684092649755,47.14771288722174,,47.35227690685964,#000000,,47.22810806880511,,37.52568015897346,-7.745673065379002,False,True,False,True,False,2.607418759005977,0.0,0.0,0.0,0.0,0,,,False,False,False,False,,,False,False,False,False,16844.0,8785.990100859934,False,False,False,False,2399.9014659787736,False,False,False,False
2025-09-10 16:00:00+00:00,46.63,46.66,46.38,46.49,894.0,47.54609213488308,47.143447344925285,,47.34476973990418,"rgba(239, 83, 80, 0.5)",1.1927662979148277,47.22090633102397,-0.6127825143129242,35.24667551475447,-9.933524474572451,False,True,False,True,False,1.046843507570042,0.0,0.0,0.0,0.0,0,,,False,False,False,False,,,False,False,False,False,15950.0,8897.060021776833,False,False,False,False,2376.554156428715,False,False,False,False
2025-09-11 16:00:00+00:00,46.63,46.7,46.45,46.56,2073.0,47.52339282709415,47.13468903722369,,47.32904093215892,"rgba(239, 83, 80, 0.5)",1.1891040915498283,47.20599420600835,-0.5432612759463173,34.664520013890126,-10.591918355360939,False,True,False,True,False,1.5376157597892082,0.0,0.0,0.0,0.0,0,,,False,False,False,False,,,False,False,False,False,18023.0,9038.547463299672,False,False,False,False,2371.847890437572,False,False,False,False
2025-09-12 16:00:00+00:00,46.66,46.84,46.51,46.78,2957.0,47.497277139568716,47.125634010162045,,47.31145557486538,#000000,1.189893628374759,47.18981999367457,-0.34441733605576863,37.056832840432875,-10.591918355360939,False,True,False,True,True,3.0684952177947906,0.0,0.0,0.0,0.0,0,,,False,False,False,False,,,False,False,False,False,20980.0,9223.686262318282,False,False,False,False,2380.920016167222,False,False,False,False
2025-09-15 16:00:00+00:00,46.775,46.87,46.58,46.865,3143.0,47.4733316358851,47.11778992072614,,47.29556077830562,#000000,1.1894790971356008,47.17555917159661,-0.2610883809093156,39.654005991951166,-15.160644495556227,False,True,False,True,True,3.6546493381827325,0.0,0.0,0.0,0.0,0,,,False,False,False,False,,,False,False,False,False,24123.0,9454.683374530401,False,False,False,False,2392.735209715017,False,False,False,False
2025-09-16 16:00:00+00:00,46.68,46.68,46.27,46.28,2767.0,47.44331124329986,47.104245599232804,,47.27377842126633,"rgba(239, 83, 80, 0.5)",1.1848643819457165,47.155003546451596,-0.7384841335298761,37.11183600091935,-15.160644495556227,False,True,False,True,False,0.0,0.0,0.0,0.0,0.0,0,,,False,False,False,False,,,False,False,False,False,21356.0,9639.199911359387,False,False,False,False,2398.537764603156,False,False,False,False
2025-09-17 16:00:00+00:00,46.39,46.52,46.22,46.285,2594.0,47.41490558504469,47.090806304776144,,47.25285594491042,"rgba(239, 83, 80, 0.5)",1.1777002708363147,47.135256515365676,-0.7219634200830151,35.479165370590664,-15.160644495556227,False,True,False,True,False,0.0,0.0,0.0,0.0,0.0,0,,,False,False,False,False,,,False,False,False,False,23950.0,9861.072780950713,False,False,False,False,2401.5681868573706,False,False,False,False
2025-09-18 16:00:00+00:00,46.08,46.12,45.79,45.845,4035.0,47.357194937418555,47.059522268143496,45.91833333333333,46.77835017963179,"rgba(239, 83, 80, 0.5)",1.1649323028701157,46.89669246466078,-0.9027927735110978,32.09866137462819,-12.783304177344505,False,True,False,True,False,0.0,0.0,0.0,0.0,0.0,0,,,False,False,False,False,,,False,False,False,False,19915.0,10016.947621556128,False,False,False,False,2426.89271109214,False,False,False,False
2025-09-19 16:00:00+00:00,46.23,46.635,46.175,46.23,3414.0,47.325266093480536,47.04378439462231,46.11464559001208,46.82789869270497,"rgba(239, 83, 80, 0.5)",1.1375865554634388,46.911001923490005,-0.5986374577120213,34.166320832254044,-12.783304177344505,False,True,False,True,False,0.0,0.0,0.0,0.0,0.0,0,,,False,False,False,False,,,False,False,False,False,23329.0,10223.33603052425,False,False,False,False,2442.1967000674554,False,False,False,False
2025-09-22 16:00:00+00:00,46.745,46.835,46.455,46.535,2075.0,47.311757607952096,47.03801872625717,46.22220565588688,46.85732733003206,#000000,1.108955876099286,46.921862789278954,-0.348853184889316,38.30084948161252,-17.195087358445655,False,True,False,True,True,1.2477300120309316,0.0,0.0,0.0,0.0,0,,,False,False,False,False,,,False,False,False,False,25404.0,10458.69516183395,False,False,False,False,2436.503727973386,False,False,False,False
2025-09-23 16:00:00+00:00,46.24,46.78,46.24,46.73,3948.0,47.286547489641215,47.02684559302552,46.328034936658746,46.880476006441825,#000000,1.0840359689521288,46.92615119337621,-0.18094528133214713,42.622972439402346,-13.259528391725794,False,True,False,True,True,2.549074331170118,0.0,0.0,0.0,0.0,0,,,False,False,False,False,,,False,False,False,False,29352.0,10751.614616689238,False,False,False,False,2459.937778702481,False,False,False,False
2025-09-24 16:00:00+00:00,46.73,46.85,46.705,46.73,5756.0,47.26133498845586,47.0176736891442,46.457844809652585,46.912284495750875,#000000,1.055926061259426,46.936141708653984,-0.19522362049490277,45.50438774459557,-10.678355538091544,False,True,False,True,True,2.549074331170118,0.0,0.0,0.0,0.0,0,,,False,False,False,False,,,False,False,False,False,29352.0,11039.992684647545,False,False,False,False,2511.039518567559,False,False,False,False
2025-09-25 16:00:00+00:00,47.005,47.045,46.83,46.875,1349.0,47.257498040089445,47.016861500374524,46.48792454358426,46.920761361349406,#000000,1.0422030849456683,46.93984818492305,-0.0622222154777361,48.666636782209636,-7.777176841929148,False,True,False,False,True,3.525522194232124,0.0,0.0,0.0,0.0,0,,,False,False,False,False,,,False,False,False,False,30701.0,11344.814503490217,False,False,False,False,2493.0234020006196,False,False,False,False
2025-09-26 16:00:00+00:00,47.24,47.33,47.04,47.18,2555.0,47.25596660308941,47.01935874402602,46.56473456683382,46.946686637983085,#000000,1.0337460393509956,46.95427633180767,0.2183550500798471,53.07229293654544,-3.72141877659044,False,False,True,False,True,5.534971707025612,0.0,0.0,0.0,0.0,0,,,False,False,False,False,,,False,False,False,False,33256.0,11684.522805761686,False,False,False,False,2493.9842794889823,False,False,False,False
2025-09-29 16:00:00+00:00,47.61,47.68,47.355,47.38,3503.0,47.26190510621909,47.02847385780718,46.684013078030155,46.99146401401881,#000000,1.02766802839077,46.9821129985197,0.38717464247997707,57.29903258241218,0.13046059625692408,True,False,True,False,True,6.817604803938096,0.0,0.0,0.0,0.0,0,,,False,False,False,False,,,False,False,False,False,36759.0,12073.27439016848,False,False,False,False,2509.6279340705482,False,False,False,False
2025-09-30 16:00:00+00:00,47.62,48.03,47.62,47.97,1263.0,47.26791470817119,47.034568264720214,46.737856058976746,47.01344634395605,"rgba(38, 166, 154, 0.5)",1.0265875554520438,46.996748848139084,0.948044954073456,62.99341033146919,5.302232875122037,True,False,True,False,True,10.40775442824581,0.0,0.0,0.0,0.0,0,,,False,False,False,False,,,False,False,False,False,38022.0,12475.58021357672,False,False,False,False,2490.3003692012376,False,False,False,False
2025-10-01 16:00:00+00:00,48.015,48.1,47.605,47.63,2845.0,47.27897063712613,47.04646044672245,46.834143273807584,47.053191452552056,"rgba(38, 166, 154, 0.5)",1.0053512093065022,47.02368796907029,0.6030847979463343,63.30807114676536,5.558607206219662,True,False,True,False,True,7.842706961147044,0.0,0.0,0.0,0.0,0,,,False,False,False,False,,,False,False,False,False,35177.0,12827.540210265453,False,False,False,False,2495.799588283389,False,False,False,False
2025-10-02 16:00:00+00:00,47.79,47.99,47.625,47.985,1066.0,47.283701996057715,47.0513450540692,46.86874574281912,47.067930930982016,"rgba(38, 166, 154, 0.5)",0.9875676507788494,47.03394939383012,0.9630232474907708,65.21986081140035,7.551893112125917,True,False,True,False,True,9.924971161295424,0.0,0.0,0.0,0.0,0,,,False,False,False,False,,,False,False,False,False,36243.0,13190.570594602425,False,False,False,False,2473.6321528061267,False,False,False,False
2025-10-03 16:00:00+00:00,48.24,48.35,47.84,47.885,1417.0,47.291551020713136,47.05899220874719,46.918056893196095,47.0895333742188,"rgba(38, 166, 154, 0.5)",0.9569411760470977,47.049271325272905,0.8733333831231872,65.50608229718318,8.16836875171505,True,False,True,False,True,9.174782964841665,0.0,0.0,0.0,0.0,0,,,False,False,False,False,,,False,False,False,False,34826.0,13526.003608639596,False,False,False,False,2457.2502589641713,False,False,False,False
2025-10-06 16:00:00+00:00,47.86,48.095,47.795,48.04,2818.0,47.305679907693346,47.07310534616938,47.00082135723005,47.126535537030925,"rgba(38, 166, 154, 1.0)",0.9437493845830508,47.07606690491523,1.0213867270606334,66.48460768267037,9.553912798908279,True,False,True,False,True,10.081782424170967,0.0,0.0,0.0,0.0,0,,,False,False,False,False,,,False,False,False,False,37644.0,13899.92603331185,False,False,False,False,2462.8432782050368,False,False,False,False
2025-10-07 16:00:00+00:00,48.19,48.245,47.97,48.145,3534.0,47.326209278546614,47.09291455174334,47.10075509121229,47.17329297383409,"rgba(38, 166, 154, 1.0)",0.9319039795102345,47.11102031333419,1.109534575878974,67.66729316935735,11.156049475768903,True,False,True,False,True,10.6942681040268,0.0,0.0,0.0,0.0,0,,,False,False,False,False,,,False,False,False,False,41178.0,14322.841908764378,False,False,False,False,2479.450359163098,False,False,False,False
2025-10-08 16:00:00+00:00,47.92,48.1,47.8,48.0,3153.0,47.34029788441367,47.10742026948047,47.16464826472584,47.20412213954,"rgba(38, 166, 154, 0.5)",0.9119691989424875,47.134825371457396,0.9486884310850127,66.76016600737375,11.156049475768903,True,False,True,False,True,9.569927390368417,0.0,0.0,0.0,0.0,0,,,False,False,False,False,,,False,False,False,False,38025.0,14690.31722800834,False,False,False,False,2489.892989253592,False,False,False,False
2025-10-09 16:00:00+00:00,47.86,47.99,47.73,47.82,4066.0,47.354266062411085,47.1229149977404,47.22390605523147,47.23369570512765,"rgba(38, 166, 154, 0.5)",0.889236878016879,47.15848328593116,0.7439150696764985,64.16167774875026,11.156049475768903,True,False,True,False,False,8.187373705734654,0.0,0.0,0.0,0.0,0,,,False,False,False,False,,,False,False,False,False,33959.0,14989.056495791156,False,False,False,False,2514.3287568620635,False,False,False,False
2025-10-10 16:00:00+00:00,48.455,49.03,48.455,49.02,3186.0,47.38559466967714,47.1505795502765,47.32659987729161,47.28759136574842,"rgba(0, 255, 0, 1.0)",0.895432740518667,47.20138179482304,2.0309936446187473,68.01745797773717,12.223364207055596,True,False,True,False,True,14.8740550380525,0.0,0.0,0.0,0.0,0,,,False,False,False,False,,,False,False,False,False,37145.0,15332.559495856409,False,False,False,False,2524.742264507613,False,False,False,False
2025-10-13 16:00:00+00:00,49.02,49.31,48.89,48.91,1962.0,47.40683011356062,47.169162435868465,47.3911903295152,47.32239429298142,"rgba(0, 255, 255, 0.75)",0.9154158607967053,47.229453431319655,1.8358285459656851,69.56748196986915,13.860038659163614,True,False,True,False,True,14.040517578040959,0.0,0.0,0.0,0.0,0,,,False,False,False,False,,,False,False,False,False,35183.0,15640.31826336251,False,False,False,False,2516.017578236177,False,False,False,False
2025-10-14 16:00:00+00:00,48.575,48.795,48.2,48.23,2863.0,47.42528004418419,47.18672571015555,47.44432272660925,47.352109493649664,"rgba(38, 166, 154, 1.0)",0.9203274583704453,47.25427823794545,1.0601897761283627,65.28516140453138,13.860038659163614,True,False,True,False,False,9.119256960233749,0.0,0.0,0.0,0.0,0,,,False,False,False,False,,,False,False,False,False,32320.0,15898.917980209602,False,False,False,False,2521.397150666624,False,False,False,False
2025-10-15 16:00:00+00:00,48.595,48.715,48.235,48.51,7121.0,47.4717827675951,47.230991795739904,47.56417822560243,47.422317596312475,"rgba(38, 166, 154, 1.0)",0.9177440024614842,47.31431485123813,1.3028525880364423,63.76151558405712,19.62419059193529,True,False,True,False,False,10.614459673954464,0.0,0.0,0.0,0.0,0,,,False,False,False,False,,,False,False,False,False,39441.0,16263.911499896274,False,False,False,False,2592.708822749312,False,False,False,False
2025-10-16 16:00:00+00:00,48.83,49.035,48.67,48.92,4255.0,47.50758127180938,47.263775803674925,47.64845156432572,47.47326954660334,"rgba(0, 255, 255, 0.75)",0.9236613005848877,47.35819007077046,1.6908902952202922,64.47369699235485,19.62419059193529,True,False,True,False,False,12.726229119852395,0.0,0.0,0.0,0.0,0,,,False,False,False,False,,,False,False,False,False,43696.0,16689.2151975723,False,False,False,False,2618.4807789857564,False,False,False,False
2025-10-17 16:00:00+00:00,49.055,49.4,49.03,49.33,5671.0,47.5649878133873,47.31528476644829,47.77511337647577,47.55179531877045,"rgba(0, 255, 0, 1.0)",0.9390497401173056,47.42625018437383,2.027315204185409,66.41780223388238,19.62419059193529,True,False,True,False,True,14.742923727885099,0.0,0.0,0.0,0.0,0,,,False,False,False,False,,,False,False,False,False,49367.0,17195.847520090556,False,False,False,False,2665.806658381326,False,False,False,False
2025-10-20 16:00:00+00:00,49.05,49.38,49.05,49.24,1799.0,47.582108392250476,47.33082777133784,47.81048616956762,47.574474111051984,"rgba(0, 255, 255, 0.75)",0.9524129243024483,47.44622510512526,1.8834004128918276,66.98894581026619,19.62419059193529,True,False,True,False,True,14.096631645823297,0.0,0.0,0.0,0.0,0,,,False,False,False,False,,,False,False,False,False,47568.0,17666.73360505039,False,False,False,False,2652.367795460685,False,False,False,False
