date,Close,High,Low,Open,Volume,Peaks_Valleys_avg,color,StDev,StDev_Mean,StdDev_ZScore,QQEMOD,QQE1_Value,QQE1_Above_Upper,QQE1_Below_Lower,QQE2_Above_Threshold,QQE2_Below_Threshold,QQE2_Above_TL,banker_RSI,SMA_50,SMA_200,OB,OB_High,OB_Low,OB_Mitigated_Index,TTM_squeeze_Active,VI_plus,VI_minus,VI_Regular_Bullish,VI_Regular_Bearish,VI_Hidden_Bullish,VI_Hidden_Bearish,Fisher,Fisher_Signal,Fisher_Regular_Bullish,Fisher_Regular_Bearish,Fisher_Hidden_Bullish,Fisher_Hidden_Bearish,OBV,OBV_Smoothed,OBV_Regular_Bullish,OBV_Regular_Bearish,OBV_Hidden_Bullish,OBV_Hidden_Bearish,Volume_MA,Vol_Regular_Bullish,Vol_Regular_Bearish,Vol_Hidden_Bullish,Vol_Hidden_Bearish
2021-12-31 00:00:00+00:00,56.5993727313,57.4166115833,55.6258313667,55.7419418047,62051109,,#000000,,,,,,False,False,False,False,False,,,,0.0,0.0,0.0,0.0,0,,,False,False,False,False,,,False,False,False,False,0,0.0,False,False,False,False,62051109.0,False,False,False,False
2022-01-07 00:00:00+00:00,54.9285212909,56.581509587,53.8322871019,56.1795888401,116958651,,"rgba(239, 83, 80, 0.5)",,,,0.0,,False,False,False,True,False,,,,0.0,0.0,0.0,0.0,0,,,False,False,False,False,,,False,False,False,False,-116958651,-8663603.777777778,False,False,False,False,66118334.33333333,False,False,False,False
2022-01-14 00:00:00+00:00,55.1351883921,56.444828827,54.3804041964,54.6904048482,94458060,,"rgba(239, 83, 80, 0.5)",,,,3.3433436479661465,-58.35835911991536,False,False,False,True,True,,,,0.0,0.0,0.0,0.0,0,,,False,False,False,False,,,False,False,False,False,-22500591,-9688565.794238683,False,False,False,False,68217573.27160493,False,False,False,False
2022-01-21 00:00:00+00:00,50.9299621588,54.1108384122,50.8670634759,53.8951857849,94124212,,"rgba(239, 83, 80, 0.5)",,,,3.3295934257083033,-58.190022201704785,False,False,False,True,True,,,,0.0,0.0,0.0,0.0,0,,,False,False,False,False,,,False,False,False,False,-116624803,-17609768.550221004,False,False,False,False,70136583.54778235,False,False,False,False
2022-01-28 00:00:00+00:00,49.9685108619,51.2174989953,48.0231444527,50.4627147996,144924624,,"rgba(239, 83, 80, 0.5)",,,,3.178881180707016,-58.029572061505114,False,False,False,True,True,,,,0.0,0.0,0.0,0.0,0,,,False,False,False,False,,,False,False,False,False,-261549427,-35679372.879834265,False,False,False,False,75676438.39609477,False,False,False,False
2022-02-04 00:00:00+00:00,49.5551766595,50.6019904547,48.8722766729,49.8067713914,114616822,,"rgba(239, 83, 80, 0.5)",,,,3.0196033833163947,-57.784194580361486,False,False,False,True,True,,,,0.0,0.0,0.0,0.0,0,,,False,False,False,False,,,False,False,False,False,-376166249,-60900622.9628095,False,False,False,False,78560911.25564331,False,False,False,False
2022-02-11 00:00:00+00:00,48.431985892,50.6603963746,48.3151740522,49.71691613,88669983,,"rgba(239, 83, 80, 0.5)",,,,2.78744404598606,-57.55042659064183,False,False,False,True,True,,,,0.0,0.0,0.0,0.0,0,,,False,False,False,False,,,False,False,False,False,-464836232,-90821779.18778658,False,False,False,False,79309731.38485491,False,False,False,False
2022-02-18 00:00:00+00:00,51.4061950442,51.8375002989,47.3537227553,47.9916951112,128448278,50.19913936613334,"rgba(239, 83, 80, 0.5)",,50.19913936613334,,11.272478515806567,-49.01116260491966,False,False,False,True,True,,,,0.0,0.0,0.0,0.0,0,,,False,False,False,False,,,False,False,False,False,-336387954,-109011866.2109135,False,False,False,False,82949623.7267175,False,False,False,False
2022-02-25 00:00:00+00:00,50.3548884859,51.3432963613,47.8119845884,51.1546003123,93604140,50.04636616515646,"rgba(239, 83, 80, 0.5)",,50.04636616515646,,16.359117838335287,-44.000497504718176,False,False,False,True,True,,,,0.0,0.0,0.0,0.0,0,,,False,False,False,False,,,False,False,False,False,-429992094,-132788179.38047546,False,False,False,False,83738847.15436806,False,False,False,False
2022-03-04 00:00:00+00:00,50.7772082145,51.2174989953,48.7554648331,49.7888003391,93854499,50.106881883088924,"rgba(239, 83, 80, 0.5)",,50.106881883088924,,20.868226339930665,-39.63427964853788,False,False,False,True,True,,,,0.0,0.0,0.0,0.0,0,,,False,False,False,False,,,False,False,False,False,-336137595,-147851099.0559958,False,False,False,False,84488154.69848894,False,False,False,False
2022-03-11 00:00:00+00:00,49.1418424571,50.7143095315,48.494884575,50.5974976917,103025394,49.945424016071044,"rgba(239, 83, 80, 0.5)",,49.945424016071044,,22.692732343719463,-37.85485031115738,False,False,False,True,True,,,,0.0,0.0,0.0,0.0,0,,,False,False,False,False,,,False,False,False,False,-439162989,-169429757.5703665,False,False,False,False,85861283.53563792,False,False,False,False
2022-03-18 00:00:00+00:00,50.2919898029,50.6963384792,48.5173483904,49.1777845616,128324710,49.919583899460505,"rgba(239, 83, 80, 0.5)",,49.919583899460505,,26.132520911032778,-34.47288102485541,False,False,False,True,True,,,,0.0,0.0,0.0,0.0,0,,,False,False,False,False,,,False,False,False,False,-310838279,-179904462.86145046,False,False,False,False,89006722.53299807,False,False,False,False
2022-03-25 00:00:00+00:00,49.393437189,50.9659042634,48.234304317,50.3728595382,116334389,49.851498887948004,"rgba(239, 83, 80, 0.5)",,49.851498887948004,,27.80329501890489,-32.772035857783614,False,False,False,True,True,,,,0.0,0.0,0.0,0.0,0,,,False,False,False,False,,,False,False,False,False,-427172668,-198220626.2050467,False,False,False,False,91030994.12314637,False,False,False,False
2022-04-01 00:00:00+00:00,50.0134384926,51.1635858385,48.8992332513,49.2406832446,98379353,49.87395403718327,"rgba(239, 83, 80, 0.5)",,49.87395403718327,,30.072030765970382,-30.43910889723775,False,False,False,True,True,,,,0.0,0.0,0.0,0.0,0,,,False,False,False,False,,,False,False,False,False,-328793315,-207892677.2268951,False,False,False,False,91575317.0029133,False,False,False,False
2022-04-08 00:00:00+00:00,49.1109068547,50.426772695,48.6178072925,49.8337279698,88714742,49.82297981191399,"rgba(239, 83, 80, 0.5)",,49.82297981191399,,30.881240207333576,-29.460770142140575,False,False,False,True,True,,,,0.0,0.0,0.0,0.0,0,,,False,False,False,False,,,False,False,False,False,-417508057,-223419742.39527324,False,False,False,False,91363422.55825305,False,False,False,False
2022-04-15 00:00:00+00:00,46.2970726558,48.8123328079,46.2524675027,48.7851897127,81275715,49.58730919611723,"rgba(239, 83, 80, 0.5)",,49.58730919611723,,29.487634243603097,-29.460770142140575,False,False,False,True,True,,,,0.0,0.0,0.0,0.0,0,,,False,False,False,False,,,False,False,False,False,-498783772,-243817077.92154932,False,False,False,False,90616184.96134542,False,False,False,False
2022-04-22 00:00:00+00:00,46.4689789251,48.7037604272,45.9623078154,46.0346894025,83739636,49.37770936283689,"rgba(239, 83, 80, 0.5)",,49.37770936283689,,28.778497281541974,-29.460770142140575,False,False,False,True,True,,,,0.0,0.0,0.0,0.0,0,,,False,False,False,False,,,False,False,False,False,-415044136,-256500563.70513824,False,False,False,False,90106810.96420872,False,False,False,False
2022-04-29 00:00:00+00:00,44.3156267086,47.0299362253,44.2161020263,46.5504082106,111888688,48.96189478351243,"rgba(239, 83, 80, 0.5)",,48.96189478351243,,27.085320938301503,-29.460770142140575,False,False,False,True,True,,,,0.0,0.0,0.0,0.0,0,,,False,False,False,False,,,False,False,False,False,-526932824,-276532582.9862391,False,False,False,False,91720283.3372303,False,False,False,False
2022-05-06 00:00:00+00:00,44.6322961522,46.7358860276,44.1980066295,44.6413438506,108824005,48.62979639556519,"rgba(239, 83, 80, 0.5)",,48.62979639556519,,26.397399748385823,-29.460770142140575,False,False,False,True,True,,,,0.0,0.0,0.0,0.0,0,,,False,False,False,False,,,False,False,False,False,-418108819,-287019711.579851,False,False,False,False,92987225.68262064,False,False,False,False
2022-05-13 00:00:00+00:00,44.8403932152,45.4511128564,42.9494242519,44.3337221054,112939895,48.27690748118101,"rgba(239, 83, 80, 0.5)",,48.27690748118101,,26.258638819207704,-29.460770142140575,False,False,False,True,True,,,,0.0,0.0,0.0,0.0,0,,,False,False,False,False,,,False,False,False,False,-305168924,-288364097.6850472,False,False,False,False,94465201.18761171,False,False,False,False
2022-05-20 00:00:00+00:00,38.8508168817,45.8899262283,37.1136587911,44.930870199,223531098,43.90330593680501,"rgba(239, 83, 80, 0.5)",,43.90330593680501,,23.67442173775065,-29.460770142140575,False,False,False,True,False,,,,0.0,0.0,0.0,0.0,0,,,False,False,False,False,,,False,False,False,False,-528700022,-306166758.7454141,False,False,False,False,104025637.98852935,False,False,False,False
2022-05-27 00:00:00+00:00,41.2756000499,41.2936954467,38.4518133828,39.2127248173,135101736,43.58014445939486,"rgba(239, 83, 80, 0.5)",,43.58014445939486,,24.834718605816104,-29.460770142140575,False,False,False,True,False,,,,0.0,0.0,0.0,0.0,0,,,False,False,False,False,,,False,False,False,False,-393598286,-312643168.17167974,False,False,False,False,106327571.17456421,False,False,False,False
2022-06-03 00:00:00+00:00,40.9408352096,41.4384586209,40.4748787425,40.9589306063,123980880,43.44366878078752,"rgba(239, 83, 80, 0.5)",,43.44366878078752,,25.517273545908598,-29.460770142140575,False,False,False,True,False,,,,0.0,0.0,0.0,0.0,0,,,False,False,False,False,,,False,False,False,False,-517579166,-327823612.455259,False,False,False,False,107635223.68015206,False,False,False,False
2022-06-10 00:00:00+00:00,39.3484402931,41.7008418742,39.1674863253,41.2602189627,82257691,43.27037270959675,"rgba(239, 83, 80, 0.5)",,43.27037270959675,,25.336188762408206,-29.460770142140575,False,False,False,True,False,,,,0.0,0.0,0.0,0.0,0,,,False,False,False,False,,,False,False,False,False,-599836857,-347972741.68079543,False,False,False,False,105755406.44458525,False,False,False,False
2022-06-17 00:00:00+00:00,39.2579633092,40.1944000925,38.5160520413,38.9593892624,160802672,42.876376493154524,"rgba(239, 83, 80, 0.5)",,42.876376493154524,,25.169831531512063,-29.460770142140575,False,False,False,True,False,,,,0.0,0.0,0.0,0.0,0,,,False,False,False,False,,,False,False,False,False,-760639529,-378540651.85258836,False,False,False,False,109832981.67091227,False,False,False,False
2022-06-24 00:00:00+00:00,39.9003498948,40.0632084658,38.647243668,39.6334427924,107565665,42.6823668822625,"rgba(239, 83, 80, 0.5)",,42.6823668822625,,25.869955728726566,-29.460770142140575,False,False,False,True,False,,,,0.0,0.0,0.0,0.0,0,,,False,False,False,False,-0.34282825441539394,-0.34282825441539394,False,False,False,False,-653073864,-398876445.34498924,False,False,False,False,109665032.28788172,False,False,False,False
2022-07-01 00:00:00+00:00,38.5431951365,40.236290936,37.6112822025,40.0722561642,105586809,42.45723594216475,"rgba(239, 83, 80, 0.5)",,42.45723594216475,,25.743606814419337,-29.460770142140575,False,False,False,True,False,,,,0.0,0.0,0.0,0.0,0,0.7385971679891047,1.2168522150907881,False,False,False,False,-0.34282825441539394,-0.34282825441539394,False,False,False,False,-758660673,-425527128.87499005,False,False,False,False,109362941.67396455,False,False,False,False
2022-07-08 00:00:00+00:00,39.6134930056,39.8097801915,37.2671764113,37.90625097,75832262,41.17826429243815,"rgba(239, 83, 80, 0.5)",,41.17826429243815,,26.99263683444174,-29.14398753421442,False,False,False,True,False,,,,0.0,0.0,0.0,0.0,0,0.7580967894715789,1.2121172164132294,False,False,False,False,-0.34282825441539394,-0.34282825441539394,False,False,False,False,-682828411,-444586483.10647225,False,False,False,False,106879187.62404124,False,False,False,False
2022-07-15 00:00:00+00:00,39.3213446358,40.0151970139,37.7510471486,39.5678448228,86753142,41.11101425219695,"rgba(239, 83, 80, 0.5)",,41.11101425219695,,27.729480027053924,-28.102983776849875,False,False,False,True,False,,,,0.0,0.0,0.0,0.0,0,0.7578768475282157,1.2068097522833334,False,False,False,False,-0.32463826681962527,-0.33373326061750963,False,False,False,False,-769581553,-468660191.9874743,False,False,False,False,105388369.42966783,False,False,False,False
2022-07-22 00:00:00+00:00,40.5903641168,41.0103273982,38.714223805,39.5313262766,85423615,41.197985885465705,"rgba(239, 83, 80, 0.5)",,41.197985885465705,,29.815300471887845,-25.80722645826829,False,False,False,True,True,,,,0.0,0.0,0.0,0.0,0,0.8215140236594449,1.1798898927535215,False,False,False,False,-0.2596614184742314,-0.2966973395458705,False,False,False,False,-684157938,-484622987.9884022,False,False,False,False,103909498.73117392,False,False,False,False
2022-07-29 00:00:00+00:00,41.4211610431,41.8730780525,39.9421599215,40.7729568478,96094598,41.34805736149562,"rgba(239, 83, 80, 0.5)",,41.34805736149562,,32.262261473687914,-23.245498734007413,False,False,False,True,True,,,,0.0,0.0,0.0,0.0,0,0.8770949670230169,1.1288974839953094,False,False,False,False,-0.19643655393344095,-0.24656694673965573,False,False,False,False,-588063340,-492285236.28555757,False,False,False,False,103330617.19553141,False,False,False,False
2022-08-05 00:00:00+00:00,41.0924941272,41.9324206901,40.6634012092,41.13814231,78885782,41.42959496794247,"rgba(239, 83, 80, 0.5)",,41.42959496794247,,33.77557327352772,-21.641019148092056,False,False,False,True,True,,,,0.0,0.0,0.0,0.0,0,0.8744108342254306,1.119944164401421,False,False,False,False,-0.17324793432290733,-0.20990744053128152,False,False,False,False,-666949122,-505223301.8940348,False,False,False,False,101519888.66252908,False,False,False,False
2022-08-12 00:00:00+00:00,42.5532359758,42.5532359758,40.8322081891,41.5307166818,80045334,41.54443982766079,"rgba(239, 83, 80, 0.5)",,41.54443982766079,,36.505457284332245,-18.905991076326494,False,False,False,True,True,,,,0.0,0.0,0.0,0.0,0,0.8839166865413889,1.1127868422710705,False,False,False,False,-0.14997695169692699,-0.17994219611410425,False,False,False,False,-586903788,-511273708.27225447,False,False,False,False,99929180.90974915,False,False,False,False
2022-08-19 00:00:00+00:00,44.4613300154,45.6481827674,42.0191522374,42.3523839716,127715728,42.43224487633594,"rgba(239, 83, 80, 0.5)",,42.43224487633594,,40.3099547196353,-15.221059792207996,False,False,False,True,True,,,,-1.0,45.648182,42.019154,48.0,0,0.9143817648444904,1.085707499468889,False,False,False,False,-0.02592107842791717,-0.1029316372710107,False,False,False,False,-459188060,-507415512.10393935,False,False,False,False,101987443.65717514,False,False,False,True
2022-08-26 00:00:00+00:00,41.8959021439,44.2787372844,41.8867725074,44.2513483747,92426456,42.35963490305633,"rgba(239, 83, 80, 0.5)",,42.35963490305633,,41.011385436229865,-14.56310930068031,False,False,False,True,True,,,,0.0,0.0,0.0,0.0,0,0.9023407649583275,1.098432385150886,False,False,False,False,-0.0691476312942529,-0.08603963428263181,False,False,False,False,-551614516,-510689512.3925364,False,False,False,False,101279222.34923624,False,False,False,False
2022-09-02 00:00:00+00:00,40.709049392,41.996328146,40.4214658405,41.7406983225,81569344,42.173401787299014,"rgba(239, 83, 80, 0.5)",,42.173401787299014,,40.71089018329428,-14.56310930068031,False,False,False,True,True,,,,0.0,0.0,0.0,0.0,0,0.8641588138459529,1.1327663585395695,False,False,False,False,-0.17851948485478497,-0.1322795595687084,False,False,False,False,-633183860,-519763167.770867,False,False,False,False,99819231.36040393,False,False,False,False
2022-09-09 00:00:00+00:00,41.7863465053,41.8959021439,40.1521415622,40.7729568478,62378417,42.09952407025783,"rgba(239, 83, 80, 0.5)",,42.09952407025783,,41.52500439875189,-13.94149818114758,False,False,False,True,True,,,,0.0,0.0,0.0,0.0,0,0.8638656161743532,1.128626101145137,False,False,False,False,-0.18949988961259076,-0.1608897245906496,False,False,False,False,-570805443,-523544077.0470991,False,False,False,False,97045837.7040777,False,False,False,False
2022-09-16 00:00:00+00:00,39.5313262766,42.6627916144,39.0611499941,42.0967541481,119347860,41.90588062121456,"rgba(239, 83, 80, 0.5)",,41.90588062121456,,40.63103374144747,-13.94149818114758,False,False,False,True,True,,,,0.0,0.0,0.0,0.0,1,0.8499800558731807,1.114014894172273,False,False,False,False,-0.19916188186069736,-0.18002580322567346,False,False,False,False,-690153303,-535885501.19175845,False,False,False,False,98697839.3556275,False,False,False,False
2022-09-23 00:00:00+00:00,37.1211022265,39.6591411883,36.6281018526,39.1615759962,87514349,41.605385575081286,"rgba(239, 83, 80, 0.5)",,41.605385575081286,,38.68115167899098,-13.94149818114758,False,False,False,True,True,,,,0.0,0.0,0.0,0.0,1,0.8183435871513882,1.16269371365351,False,False,False,False,-0.34282825441539394,-0.2614270288205337,False,False,False,False,-777667652,-553795290.1405171,False,False,False,False,97869432.66261807,False,False,False,False
2022-09-30 00:00:00+00:00,36.5185462139,37.9518991528,36.4820276677,37.1211022265,108426697,41.24304668880582,"rgba(239, 83, 80, 0.5)",,41.24304668880582,,36.98871052228767,-13.94149818114758,False,False,False,True,False,,,,0.0,0.0,0.0,0.0,1,0.8038128693272912,1.1936340572843882,False,False,False,False,-0.34282825441539394,-0.3021276416179638,False,False,False,False,-886094349,-578410035.2412195,False,False,False,False,98651452.24316488,True,False,False,False
2022-10-07 00:00:00+00:00,37.0991142543,38.9232077786,36.9249041102,37.130231863,96636896,41.02565774094075,"rgba(239, 83, 80, 0.5)",,41.02565774094075,,36.376051293458005,-13.94149818114758,False,False,False,True,False,,,,0.0,0.0,0.0,0.0,0,0.8103670781126645,1.160022437471929,False,False,False,False,-0.29285339954168144,-0.2974905205798226,False,False,False,False,-789457453,-594043177.2974255,False,False,False,False,98502225.8547823,False,False,False,False
2022-10-14 00:00:00+00:00,37.0346260994,37.7347832098,35.5652174271,37.4261613256,99195339,39.98067494936642,"rgba(239, 83, 80, 0.5)",,39.205044033826454,,35.90180302047285,-8.974255388555974,False,False,False,True,False,,,,1.0,37.734783,35.565216,0.0,0,0.8282430409294834,1.1597603582624643,False,False,False,False,-0.34282825441539394,-0.3201593874976083,False,False,False,False,-888652792,-615866111.7198385,False,False,False,False,98553567.56924286,False,False,False,False
2022-10-21 00:00:00+00:00,39.4299004243,39.5865145148,37.7255706162,37.8084839582,107005938,40.130252192826255,"rgba(239, 83, 80, 0.5)",,39.421572868677195,,37.94564720713202,-8.974255388555974,False,False,False,True,False,,,,0.0,0.0,0.0,0.0,0,0.8546246962776133,1.1197227345997696,False,False,False,False,-0.18451370276501783,-0.2523365451313131,False,False,False,False,-781646854,-628146166.7035542,False,False,False,False,99179669.08263229,False,False,False,False
2022-10-28 00:00:00+00:00,42.0462769945,42.1107651494,39.5220263599,39.7200971213,94086503,40.37986792215988,"rgba(239, 83, 80, 0.5)",,39.74416649772478,,41.52145893395625,-13.62723767666786,False,False,False,True,True,,,,0.0,0.0,0.0,0.0,0,0.9071461906393047,1.054296263859079,False,False,False,False,-0.018122909883927216,-0.13522972750762016,False,False,False,False,-687560351,-632547217.3921798,False,False,False,False,98802397.52095583,False,False,False,False
2022-11-04 00:00:00+00:00,41.0144665161,42.5713948272,39.9734434441,41.7376551103,82736358,40.50635537118138,"rgba(239, 83, 80, 0.5)",,39.91136699931505,,43.3246229949662,-11.900885651224655,False,False,False,True,True,,,,0.0,0.0,0.0,0.0,0,0.9144117236791737,1.04270510243159,False,False,False,False,0.0742005114321064,-0.03051460803775688,False,False,False,False,-770296709,-642750883.4372035,False,False,False,False,97612320.51940355,False,False,False,False
2022-11-11 00:00:00+00:00,41.2632065421,42.202891085,40.434073122,41.3018994351,111349534,40.62965922657665,"rgba(239, 83, 80, 0.5)",,40.076368656888704,,44.810467987009424,-10.47345844931786,False,False,False,True,True,,,,0.0,0.0,0.0,0.0,0,0.9398767697164968,1.0290178660964275,False,False,False,False,0.09924166219222205,0.034363527077232586,False,False,False,False,-658947175,-643950608.7381514,False,False,False,False,98629891.88833661,False,False,False,False
2022-11-18 00:00:00+00:00,44.0269846093,44.2572994482,40.8127107172,41.3018994351,135079991,40.89122446793256,#000000,,40.401800253410556,,47.87890901481402,-7.534987560226909,False,False,False,False,True,,,,0.0,0.0,0.0,0.0,0,1.039225088074592,1.0043928431661078,False,False,False,False,0.21388834789100256,0.12412593748411757,False,False,False,False,-523867184,-635055540.2390292,False,False,False,False,101329899.22994131,False,False,False,False
2022-11-25 00:00:00+00:00,44.5889528162,45.1877713975,43.8150949574,43.8611579252,53975488,41.02780663186851,#000000,,40.567189388555626,,50.437341509017514,-5.131385596517795,False,False,False,False,True,,,,0.0,0.0,0.0,0.0,0,1.0689862812789632,0.9089790176680792,False,False,False,False,0.34282824498198705,0.23347709123305233,False,False,False,False,-469891696,-622821181.4065084,False,False,False,False,97822165.06476048,False,False,False,False
2022-12-02 00:00:00+00:00,45.7865899787,46.486747089,44.073047577,44.4876142871,89562197,41.27532839982333,#000000,,40.8632894067666,,53.02761411008926,-2.7142992922029308,False,False,False,False,True,,,,0.0,0.0,0.0,0.0,0,1.0375366504850319,0.8917426235604319,False,False,False,False,0.3428282458329322,0.28815266853299226,False,False,False,False,-380329499,-604858834.5615819,False,False,False,False,97210315.57848193,False,False,False,False
2022-12-09 00:00:00+00:00,44.6442283776,45.7313144173,44.2757246353,45.6484010753,74730475,41.43155316226557,#000000,,41.05027513906706,,53.86707099182277,-1.963628570232892,False,False,False,False,True,0.0,44.28520470499,,0.0,0.0,0.0,0.0,0,1.063155823890472,0.9063582255746025,False,False,False,False,0.31928810827279047,0.3037203884028914,False,False,False,False,-455059974,-593762622.6681314,False,False,False,False,95545142.20229809,False,False,False,False
2022-12-16 00:00:00+00:00,44.0454097964,46.7170619279,43.3728904667,44.9574565585,142680065,42.18026431424419,#000000,,42.31821713550173,,53.95001684555564,-1.8620910407878313,False,False,False,False,True,0.0,44.034125446292,,0.0,0.0,0.0,0.0,0,1.05720735960591,0.867388659470724,False,False,False,False,0.32279681126191895,0.31325859983240517,False,False,False,False,-597740039,-594057246.1001216,False,False,False,False,99036617.96509083,False,False,False,False
2022-12-23 00:00:00+00:00,43.741394209,44.1835986997,43.0089930212,43.907220893,81345501,42.38936517701104,#000000,,42.90771022131602,,53.74199855411757,-1.8620910407878313,False,False,False,False,True,0.0,43.810382904654,,0.0,0.0,0.0,0.0,0,1.0491467656604743,0.9070862973258833,False,False,False,False,0.2040255834877255,0.25864209166006535,False,False,False,False,-679085540,-600355638.2408533,False,False,False,False,97726164.85656558,False,False,False,False
2022-12-30 00:00:00+00:00,43.8887957059,44.0085594221,43.2531267505,43.9164334866,46509812,42.40864770317218,#000000,,42.91761601911388,,53.71226891143795,-1.8467238640410102,False,False,False,False,True,0.0,43.58545505093,,0.0,0.0,0.0,0.0,0,1.0728676740604342,0.9101018127414062,False,False,False,False,0.2067807471992019,0.23271141942963364,False,False,False,False,-632575728,-602742311.5563457,False,False,False,False,93932360.94126442,False,False,False,False
2023-01-06 00:00:00+00:00,44.8709996132,45.1170843586,43.4223497913,44.0914727642,74253841,42.521815266232444,"rgba(38, 166, 154, 0.5)",,43.06648566055912,,54.48183416055997,-0.9103116552841684,False,False,True,False,True,0.0,43.464275800017994,,0.0,0.0,0.0,0.0,0,1.0829590230437933,0.8818294269304063,False,False,False,False,0.2583409431655464,0.24552618129759002,False,False,False,False,-558321887,-599451909.7373571,False,False,False,False,92474692.79746707,False,False,False,False
2023-01-13 00:00:00+00:00,45.3910277544,45.9017696788,44.7781374452,44.810639204,65834322,42.66591633438823,"rgba(38, 166, 154, 0.5)",,43.26410897532826,,55.43952146704666,0.20699660847201073,False,False,True,False,True,0.0,43.37272613786799,,0.0,0.0,0.0,0.0,0,1.1002649019763426,0.8690443908922221,False,False,False,False,0.3428282458922456,0.2941772135949178,False,False,False,False,-492487565,-591528624.9419974,False,False,False,False,90501331.99765469,False,False,False,False
2023-01-20 00:00:00+00:00,43.4409222249,45.4467450553,42.4101521593,45.4281726217,80138715,42.810326416267905,"rgba(38, 166, 154, 0.5)",,43.735560119302434,,54.2017875177516,0.20699660847201073,False,False,True,False,True,0.0,43.250441049176,,1.0,45.446747,42.410152,0.0,0,1.0400885765242016,0.8963833759390258,False,False,False,False,0.22659676278878946,0.26038698819185363,False,False,False,False,-572626280,-590128451.2425902,False,False,False,False,89733730.73856916,False,False,False,False
2023-01-27 00:00:00+00:00,45.0474377326,45.2517345023,43.4687808753,43.5477137182,71059346,42.91613181795418,"rgba(38, 166, 154, 0.5)",,43.88190443701315,,54.61821696847912,0.20699660847201073,False,False,True,False,True,0.0,43.182750085988,,0.0,0.0,0.0,0.0,0,1.0366823447174907,0.9144009230657757,False,False,False,False,0.2613869241031582,0.2608869561475059,False,False,False,False,-501566934,-583568338.8542502,False,False,False,False,88350442.98015662,False,False,False,False
2023-02-03 00:00:00+00:00,45.1588723343,46.0224904973,44.1141729434,44.7038477107,91586806,43.0574175055851,"rgba(38, 166, 154, 0.5)",,44.07040214056521,,55.0027193384267,0.24716525428221559,False,False,True,False,True,0.0,43.05780363179,,0.0,0.0,0.0,0.0,0,1.034943581890158,0.9029021693799935,False,False,False,False,0.31984899433501385,0.2903679752412599,False,False,False,False,-409980128,-570709952.8650465,False,False,False,False,88590173.5742191,False,False,False,False
2023-02-10 00:00:00+00:00,43.8866606316,44.833854746,43.1159046366,44.638844193,85567961,43.056448716892284,"rgba(38, 166, 154, 0.5)",,44.01614759625795,,54.037595055529415,0.24716525428221559,False,False,True,False,True,0.0,42.928439074704,,0.0,0.0,0.0,0.0,0,1.0087673593929443,0.929293439077653,False,False,False,False,0.23031046916122014,0.26033922220124,False,False,False,False,-495548089,-565142407.3935616,False,False,False,False,88366305.97612879,False,False,False,False
2023-02-17 00:00:00+00:00,47.146122731,48.0468857613,43.8123708972,44.063098751,139323079,43.7237040543706,"rgba(38, 166, 154, 0.5)",,45.17908472830189,,55.773724080669595,1.2756982757270023,False,False,True,False,True,0.0,42.855817365034,,0.0,0.0,0.0,0.0,0,1.0002247834784,0.9279964666970629,False,False,False,False,0.3428282464338498,0.3015837343175449,False,False,False,False,-356225010,-549667044.6236682,False,False,False,False,92140881.75567481,False,False,False,False
2023-02-24 00:00:00+00:00,45.0195790821,47.1368365142,44.7270632527,47.0904054302,76720131,43.770320472320975,"rgba(38, 166, 154, 0.5)",,45.18002709843248,,55.13711819952323,1.2756982757270023,False,False,True,False,True,0.0,42.773372097534,,0.0,0.0,0.0,0.0,0,1.0213094394907096,0.9228603587303669,False,False,False,False,0.34282824643584603,0.3222059903766955,False,False,False,False,-432945141,-541020977.6885817,False,False,False,False,90998603.92192112,False,False,False,False
2023-03-03 00:00:00+00:00,45.7624764267,45.8367661612,44.592413109,45.4560312721,79101210,43.80675048790535,"rgba(38, 166, 154, 1.0)",,45.17000861296932,,55.20390021316426,1.2756982757270023,True,False,True,False,True,0.0,42.68278183001,,0.0,0.0,0.0,0.0,1,1.0445531270132449,0.9053483672519466,False,False,False,False,0.28658817303654627,0.3043970817066209,False,False,False,False,-353843931,-527156011.26720524,False,False,False,False,90117315.4832603,False,False,False,False
2023-03-10 00:00:00+00:00,45.0938688166,46.2546459175,44.8524271796,45.9249852209,72276381,43.844048961613446,"rgba(38, 166, 154, 1.0)",,45.17295058841831,,54.67408517327933,1.2756982757270023,True,False,True,False,True,0.0,42.596790462562005,,0.0,0.0,0.0,0.0,1,1.0540717327207547,0.8957235179889214,False,False,False,False,0.312921578747157,0.30865933022688896,False,False,False,False,-426120312,-519671885.3955604,False,False,False,False,88795764.78079657,False,False,False,False
2023-03-17 00:00:00+00:00,46.6075221562,46.9418259613,44.6852752771,45.0660101662,124385662,43.97488688370855,"rgba(38, 166, 154, 1.0)",,45.29094457943852,,55.37984861513175,1.436117911377643,True,False,True,False,True,0.0,42.52867213583399,,0.0,0.0,0.0,0.0,1,1.0719108232743726,0.8946396100799424,False,False,False,False,0.33340960614101345,0.3210344681839512,False,False,False,False,-301734650,-503528386.47737074,False,False,False,False,91432053.46370053,False,False,False,False
2023-03-24 00:00:00+00:00,46.904681094,47.6661508722,45.8785541368,46.6353808066,104647914,44.12344300451356,"rgba(38, 166, 154, 1.0)",,45.45108069750954,,56.08994361481997,2.277391960373734,True,False,True,False,True,0.0,42.484547620620006,,0.0,0.0,0.0,0.0,1,1.1399385629784742,0.823989418926213,False,False,False,False,0.34282824709834364,0.33193135764114745,False,False,False,False,-197086736,-480829004.9605285,False,False,False,False,92411006.09601901,False,False,False,False
2023-03-31 00:00:00+00:00,48.5436983605,48.6133449866,46.6818118907,47.0811192134,77788340,44.277607136394664,"rgba(38, 166, 154, 1.0)",,45.635588524490174,,57.68571090090088,3.9458958022241433,True,False,True,False,True,1.9437418142248717,42.52948013471401,,0.0,0.0,0.0,0.0,1,1.156000377328649,0.7772745691216051,False,False,False,False,0.34282824768066017,0.33737980266090384,False,False,False,False,-119298396,-454048959.8523412,False,False,False,False,91327845.64446205,False,False,False,False
2023-04-07 00:00:00+00:00,47.9687521568,48.923074903,47.4588444149,48.3440446992,59031501,45.13302705763054,"rgba(38, 166, 154, 1.0)",,46.44450843123801,,58.24636583571959,4.590013456722808,True,False,True,False,True,0.9770480233385754,42.559475599348,,0.0,0.0,0.0,0.0,1,1.1723872416390355,0.79313055605164,False,False,False,False,0.3428282479977507,0.34010402532932726,False,False,False,False,-178329897,-433625325.56698257,False,False,False,False,88935523.81894635,False,False,False,False
2023-04-14 00:00:00+00:00,47.2857564658,48.0903815264,46.8273073034,47.8190544711,70048176,45.16656939292399,"rgba(38, 166, 154, 1.0)",,46.418286459170005,,57.96252162343821,4.590013456722808,True,False,True,False,True,0.0,42.618878194492005,,0.0,0.0,0.0,0.0,1,1.1890004599375978,0.7829258235585533,False,False,False,False,0.2869481855213657,0.3135261054253465,False,False,False,False,-248378073,-419903306.8583172,False,False,False,False,87536461.01754291,False,False,False,False
2023-04-21 00:00:00+00:00,44.0017634861,47.4260980461,43.262631163,47.3044686765,118342094,44.96830587653252,"rgba(38, 166, 154, 0.75)",,45.992038815340266,,54.95597667127596,4.590013456722808,True,False,True,False,False,0.0,42.60626754117,,0.0,0.0,0.0,0.0,1,1.0916634711552444,0.8477747671833598,False,False,False,False,0.07538125306328217,0.19445367924431434,False,False,False,False,-366720167,-415963815.0169604,False,False,False,False,89818359.75698417,False,False,False,False
2023-04-28 00:00:00+00:00,44.2075978039,44.394719911,43.0100163184,44.0204756968,102526071,44.80773234966105,#000000,,45.68581266184771,,52.97933439731007,6.632070455399635,True,False,False,False,False,0.0,42.593611632944004,,0.0,0.0,0.0,0.0,1,1.0573386546410146,0.9495549235049152,False,False,False,False,-0.09851040001696573,0.0479716396136743,False,False,False,False,-264194096,-404721613.60829663,False,False,False,False,90759671.70091127,False,False,False,False
2023-05-05 00:00:00+00:00,43.2719872684,44.4602126485,42.6217379462,44.1608172771,86129487,44.75412505310218,#000000,,45.0030197342528,,50.84674562299264,4.615486504652196,True,False,False,False,False,0.0,42.682035040678,,1.0,44.460213,42.62174,0.0,1,1.042257719332671,0.9563140378744479,False,False,True,False,-0.11709459404455873,-0.03456147721544221,False,False,True,False,-350323583,-400692129.8595339,False,False,False,False,90416695.05639933,False,False,True,False
2023-05-12 00:00:00+00:00,43.7023681147,43.9082024325,42.9632357917,43.4497532701,69466819,44.68276129261156,#000000,,44.89636990179743,,49.716178183954,3.5766765892058103,True,False,False,False,False,0.0,42.730570401974,,0.0,0.0,0.0,0.0,1,1.0406352206091793,0.9591526345037378,False,False,False,False,-0.22880555137982161,-0.13168351429763192,False,False,False,False,-280856764,-391815436.092161,False,False,False,False,88864852.38555494,False,False,False,False
2023-05-19 00:00:00+00:00,45.9665456107,46.1630238232,42.7574014738,43.7865730629,129070228,44.760130653773814,#000000,,45.035856167836556,,50.79773458341894,3.5766765892058103,True,False,False,False,False,0.0,42.831084609996,,0.0,0.0,0.0,0.0,1,1.0294104729445408,0.9552626078862555,False,False,False,False,-0.19006218758895302,-0.16087285094329246,False,False,False,False,-151786536,-374035517.56681573,False,False,False,False,91843028.35699531,False,False,False,False
2023-05-26 00:00:00+00:00,46.6495413017,46.8647317248,44.6473347556,45.9478334,93308886,44.86932430737754,#000000,,45.20374702726848,,52.08414606378176,3.5766765892058103,True,False,False,False,True,0.0,42.977106630168,,0.0,0.0,0.0,0.0,1,1.00786002519066,0.9603135172344337,False,False,False,False,-0.007953937419030771,-0.08441339418116162,False,False,False,False,-58477650,-350660860.7100146,False,False,False,False,91951610.40462528,False,False,False,False
2023-06-02 00:00:00+00:00,46.7992389873,47.2342978864,46.0890170298,46.7711706713,107966605,45.01215206544718,#000000,4.36086821971358,45.40865200938445,0.3188784681979881,53.117973760035156,3.5766765892058103,True,False,False,False,True,0.0,43.12793214372999,,0.0,0.0,0.0,0.0,1,1.03103632621632,0.9773811311639162,False,False,False,False,0.11829031208387197,0.01693845895135518,False,False,False,False,49488955,-321020133.62038386,False,False,False,False,93137906.30057897,False,False,False,False
2023-06-09 00:00:00+00:00,46.4624191945,47.3231808872,45.9759017161,46.9863610944,71407370,45.08201183497165,#000000,4.136806612321581,45.50151108576815,0.23228257899940535,53.51839844795984,3.5766765892058103,True,False,False,False,True,0.0,43.259173529724,,0.0,0.0,0.0,0.0,1,1.0260610284319276,0.9619406227564662,False,False,False,False,0.11658535941534319,0.06676190918334918,False,False,False,False,-21918415,-298864450.7596147,False,False,False,False,91528236.94498053,False,False,False,False
2023-06-16 00:00:00+00:00,48.7172405852,49.0306701146,46.4717752999,46.7009998811,115795208,45.830656373634405,"rgba(38, 166, 154, 1.0)",3.984871991665293,46.37103380339821,0.5887784568008925,55.52230193428666,1.459119735554637,True,False,True,False,True,2.6187471769254103,43.462654438698,,0.0,0.0,0.0,0.0,1,1.053937114353319,0.9468982256217744,False,False,False,False,0.275749963752784,0.17125593646806658,False,False,False,False,93876793,-269772506.77742106,False,False,False,False,93325790.35646346,False,False,False,False
2023-06-23 00:00:00+00:00,47.0892782534,48.7265966905,46.8647317248,48.5956112156,68620920,45.88011444533007,"rgba(38, 166, 154, 1.0)",3.796660431360912,46.409704938313524,0.1789923874869384,55.34907524842592,1.459119735554637,True,False,True,False,True,0.0018839385101969697,43.612170143654005,,0.0,0.0,0.0,0.0,1,1.067980898999485,0.9041124729066291,False,False,False,False,0.28241122811896635,0.22683358229351647,False,False,False,False,25255873,-247918552.71983433,False,False,False,False,91495799.95968838,False,False,False,False
2023-06-30 00:00:00+00:00,48.4084891085,48.8950065869,46.948936673,47.06588799,69834968,45.973208408777005,"rgba(38, 166, 154, 1.0)",3.748225019822443,46.523660621647636,0.5028589470708057,56.18559832354637,2.18165362001092,True,False,True,False,True,2.035959409301853,43.793913033108,,0.0,0.0,0.0,0.0,1,1.063387973848637,0.8997404987518044,False,False,False,False,0.3014795267051256,0.2641565544993211,False,False,False,False,95090841,-222510449.48132807,False,False,False,False,89891293.88860036,False,False,False,False
2023-07-07 00:00:00+00:00,48.0679857238,48.6901640054,47.7474696394,48.052957105,51804054,46.038812729839634,"rgba(38, 166, 154, 1.0)",3.715598111241224,46.602109390603964,0.39451961415341247,56.44678183959944,2.518313793089689,True,False,True,False,True,1.4895727525685274,43.943465465248,,0.0,0.0,0.0,0.0,1,1.0764845157991594,0.9236896535533468,False,False,False,False,0.34282823893050013,0.3034923967149106,False,False,False,False,43286787,-202821765.297526,False,False,False,False,87070016.85981515,False,False,False,False
2023-07-14 00:00:00+00:00,47.4929421605,49.1591544525,47.1865664916,48.1434012731,97813106,46.13145934272634,"rgba(38, 166, 154, 1.0)",3.683408625791386,46.70123193725994,0.21493955834725215,56.05808768511997,2.518313793089689,True,False,True,False,True,0.5659681724575734,44.064901087596,,0.0,0.0,0.0,0.0,1,1.0387684018835182,0.9309312884028491,False,False,False,False,0.33572850026667156,0.31961044849079107,False,False,False,False,-54526319,-191836917.42363518,False,False,False,False,87865801.24056958,False,False,False,False
2023-07-21 00:00:00+00:00,49.6140044841,49.9580879277,47.2666955127,47.3232571746,128389391,46.32407669011265,"rgba(38, 166, 154, 1.0)",3.7040705586539766,46.93738147880641,0.7226166356469871,57.34995203319002,3.583564198452514,True,False,True,False,True,3.8017538320311424,44.235331294733996,,0.0,0.0,0.0,0.0,1,1.085927783918204,0.9064501353828059,False,False,False,False,0.34282824010779406,0.33121934429929256,False,False,False,False,73863072,-172155436.72558814,False,False,False,False,90867548.63015701,False,False,False,False
2023-07-28 00:00:00+00:00,49.1049495264,50.7970859135,48.8032873293,49.6705661461,91383175,46.47519137115613,"rgba(38, 166, 154, 1.0)",3.6531962530854916,47.1221667234858,0.5427528842009355,57.74495232484797,4.0649411893060545,True,False,True,False,True,2.971654398780462,44.366365565746,,0.0,0.0,0.0,0.0,1,1.0952846827268266,0.8875676560134504,False,False,False,False,0.34282824277800855,0.33702379353865053,False,False,False,False,-17520103,-160700967.56072977,False,False,False,False,90905743.1760713,False,False,False,False
2023-08-04 00:00:00+00:00,49.6140044841,50.2644635966,48.7750064983,48.8692759349,74638588,46.584447090199205,"rgba(38, 166, 154, 1.0)",3.637356393578393,47.2504654900166,0.6497958237625909,58.400105419827156,4.807897933718024,True,False,True,False,True,3.737653529262424,44.46941905512,,0.0,0.0,0.0,0.0,0,1.083087431895257,0.9117458546304656,False,False,False,False,0.31052755090059037,0.32377567221962045,False,False,False,False,57118485,-144566193.296972,False,False,False,False,89700768.71858454,False,False,False,False
2023-08-11 00:00:00+00:00,50.7075299487,51.0374729768,49.3547635334,49.9345205685,72992127,46.71441643893175,"rgba(38, 166, 154, 1.0)",3.635665456781727,47.40721011352925,0.9077622444646416,59.64300237532251,6.106176873027167,True,False,True,False,True,5.361015690719697,44.645651611215996,,0.0,0.0,0.0,0.0,0,1.1205488228505398,0.8794115645110421,False,False,False,False,0.3428282434595674,0.33330195783959393,False,False,False,False,130110612,-124219763.2749741,False,False,False,False,88463091.55424495,False,False,False,False
2023-08-18 00:00:00+00:00,51.8858979062,52.6353399272,49.8402511319,50.7169568923,141468650,47.01261134409129,"rgba(38, 166, 154, 1.0)",3.6992054225819566,47.76950051407734,1.112778805684576,61.304160647441506,7.774155281970444,True,False,True,False,True,7.062740278967883,44.869188581500005,,0.0,0.0,0.0,0.0,0,1.1198020574710585,0.9081514750657546,False,False,False,False,0.34282824492231057,0.33806510138095225,False,False,False,False,271579262,-94901316.95830934,False,False,False,False,92389429.21689346,False,False,False,False
2023-08-25 00:00:00+00:00,52.5080761878,53.2386643215,51.9895942865,52.0367290048,85517301,47.21647824045303,"rgba(38, 166, 154, 1.0)",3.7565412356253467,48.01656099327497,1.1956517745444986,62.88039925825282,9.324571344844593,True,False,True,False,True,7.945560414015695,45.083623175149995,,0.0,0.0,0.0,0.0,0,1.145630050395884,0.8734070849804138,False,False,False,False,0.3428282463458308,0.34044667386339156,False,False,False,False,357096563,-61419992.516953096,False,False,False,False,91880382.68230876,False,False,False,False
2023-09-01 00:00:00+00:00,54.5254421311,54.8506716874,52.4892223005,52.6871881173,81894458,48.473109410442675,"rgba(38, 166, 154, 1.0)",3.895171155788428,49.93590305757973,1.1782637758292023,65.14978762395096,11.505641957176223,True,False,True,False,True,10.70966001916409,45.383505492240005,,0.0,0.0,0.0,0.0,0,1.1550224110309175,0.8182261997823752,False,False,False,False,0.3428282471783301,0.34163746052086086,False,False,False,False,438991021,-24352510.034215834,False,False,False,False,91140684.5576933,False,False,False,False
2023-09-08 00:00:00+00:00,53.4224897228,54.5065882438,53.3187933426,54.5065882438,54020590,48.586738647807735,"rgba(38, 166, 154, 1.0)",3.981142406136279,50.04633607509465,0.8480363933984283,65.43531101087137,11.764872279996553,True,False,True,False,True,8.78290031627299,45.709533242165996,,0.0,0.0,0.0,0.0,0,1.1666393524859147,0.8323731646929896,False,False,False,False,0.34282824734600753,0.34223285393343417,False,False,False,False,384970431,5967707.820170522,False,False,False,False,88391047.92379008,False,False,False,False
2023-09-15 00:00:00+00:00,52.8285922722,53.7005845608,52.3572450892,53.4696244411,102640194,48.7244264414786,"rgba(38, 166, 154, 1.0)",4.063001616319691,50.13581070662323,0.662756705476262,64.94603675636561,11.764872279996553,True,False,True,False,True,7.76066619732315,46.035734163332,,0.0,0.0,0.0,0.0,0,1.1535599917465649,0.8596655764435126,False,False,False,False,0.2815361870451886,0.31188452048931137,False,False,False,False,282330237,26439006.27793567,False,False,False,False,89446540.22573155,False,False,False,False
2023-09-22 00:00:00+00:00,50.5001371882,53.0501254483,49.8213972446,52.8003114413,90106028,48.73261745861956,"rgba(38, 166, 154, 0.75)",4.117568469589461,50.04876339194068,0.1096214427502458,62.165878326437785,11.764872279996553,True,False,True,False,False,3.9089728766295515,46.30375462200999,,0.0,0.0,0.0,0.0,0,1.0754000772997596,0.8908672909364795,False,False,False,False,0.17575259877225607,0.24381855963078372,False,False,False,False,192224209,38719391.66475525,False,False,False,False,89495391.17197366,False,False,False,False
2023-09-29 00:00:00+00:00,50.6792491177,51.0940346388,49.5197350475,50.3964408079,76843989,49.131377657236875,"rgba(38, 166, 154, 0.75)",4.1731417784964195,50.48617189397696,0.04626663410237882,60.31931115293475,14.17505798585546,True,False,True,False,False,4.167728302259576,46.576647082376006,,0.0,0.0,0.0,0.0,0,1.0539201386168473,0.9479413650824495,False,False,False,False,0.10321614434962423,0.17351735199020396,False,False,False,False,269068198,55782266.20810671,False,False,False,False,88558250.27034597,False,False,False,False
2023-10-06 00:00:00+00:00,50.7532941141,51.282573512,49.9271881108,50.754664667,77238612,49.157492386132965,"rgba(38, 166, 154, 0.75)",4.233953678935355,50.46710192023949,0.06759455005007804,59.061053040639116,13.008763339966045,True,False,True,False,False,4.276317012046761,46.803114956171996,,0.0,0.0,0.0,0.0,0,1.0466570838745082,0.9502483160702717,False,False,False,False,0.1222285809909247,0.14787296649056433,False,False,False,False,346306810,77302602.785284,False,False,False,False,87719758.54661664,False,False,False,False
2023-10-13 00:00:00+00:00,51.0571491958,51.4844454045,50.5633846881,50.6583394011,62187237,49.20268045312197,"rgba(38, 166, 154, 0.75)",4.298323264045171,50.495041342701676,0.13077375026682456,58.422493236719625,12.413851330863679,True,False,True,False,False,4.727428679113562,46.98333240019801,,0.0,0.0,0.0,0.0,0,1.0724678132810272,0.929104542220196,False,False,False,False,0.14911618201163815,0.14849457425110124,False,False,False,False,408494047,101835302.35674444,False,False,False,False,85828460.65427467,False,False,False,False
2023-10-20 00:00:00+00:00,50.2595296064,51.831030107,50.1360884794,51.3420133349,82144214,49.230854731777704,"rgba(38, 166, 154, 0.75)",4.345583207873646,50.4801910514027,-0.050778326969527825,57.07486648195214,11.110975786933409,True,False,True,False,False,3.3881442921827833,47.16823366200399,,0.0,0.0,0.0,0.0,0,1.1426292492599026,0.9040152829410676,False,False,False,False,0.14651800475043697,0.1475062895007691,False,False,False,False,326349833,118466008.33031893,False,False,False,False,85555553.49469878,False,False,False,False
2023-10-27 00:00:00+00:00,48.9586500379,50.6773303437,48.7224976666,50.155079422,77897382,49.17926009529549,"rgba(38, 166, 154, 0.75)",4.31531611272739,50.34347059794046,-0.3209082541962882,54.76884916126678,8.902267226379927,True,False,True,False,False,1.2562976036377869,47.32214253192,,0.0,0.0,0.0,0.0,0,1.1166596240812747,0.8659071650248438,False,False,False,False,0.06470499820149782,0.10610564385113347,False,False,False,False,248452451,128094633.71325827,False,False,False,False,84988281.5321285,False,False,False,False
2023-11-03 00:00:00+00:00,50.3354933768,50.7532941141,48.5123628866,48.7592451405,76237203,49.16781552385581,"rgba(38, 166, 154, 0.75)",4.338333527566301,50.27981793739419,0.012833370014555538,54.437621641925304,8.599071074211025,True,False,True,False,False,3.3604622535713062,47.44831270727,,0.0,0.0,0.0,0.0,0,1.1193792822343196,0.866808834715707,False,False,False,False,0.0604623463422812,0.08328399509670734,False,False,False,False,324689654,142657227.80857247,False,False,False,False,84340053.49271157,False,False,False,False
2023-11-10 00:00:00+00:00,49.9366835821,50.8007714706,49.1390639926,50.2975114916,82629513,49.16726875274878,#000000,4.347467186271451,50.23435316117437,-0.06846965516251743,53.783416010063334,7.937081180953541,False,False,False,False,False,2.7051327792501034,47.55526732258801,,0.0,0.0,0.0,0.0,0,1.1234572491230062,0.8565132979081026,False,False,False,False,0.05475857724379457,0.06902128617025095,False,False,False,False,242060141,150020406.563493,False,False,False,False,84213346.78954776,False,False,False,False
2023-11-17 00:00:00+00:00,45.3456232071,50.7343031715,43.8690774195,49.8322333977,176845930,48.74120872626882,#000000,4.2937201054961935,49.11604912877631,-0.8781256879902266,49.56656473442716,3.8799781160276154,False,False,False,False,False,0.0,47.546447987156,,0.0,0.0,0.0,0.0,0,1.018692474574761,0.9102705554801931,False,False,True,False,-0.20787579348523755,-0.0694272536574933,False,False,False,False,65214211,143738466.15138242,True,False,False,False,91075019.61995164,False,False,False,False
2023-11-24 00:00:00+00:00,45.9200992209,45.9580811062,45.1509660454,45.1604615167,74457023,48.570961044221086,#000000,4.236564146119783,48.83845539276118,-0.6888497544723996,47.12313305589278,1.6250817471506167,False,True,False,False,False,0.0,47.571965404022,,0.0,0.0,0.0,0.0,0,1.0072880227384036,1.0151896023731388,False,False,False,False,-0.34282825441539394,-0.20612775403644362,False,False,False,False,139671234,143437189.69572446,False,False,False,False,89844056.90736263,False,False,False,False
2023-12-01 00:00:00+00:00,46.0245494053,46.3189090157,45.3978482993,45.891612807,106622672,48.39939573996395,"rgba(239, 83, 80, 1.0)",4.189031595084112,48.572828894407294,-0.6083218594239624,45.48429972490975,0.14987651211124842,False,True,False,True,False,0.0,47.611548196200005,,0.0,0.0,0.0,0.0,0,0.9837915718370188,1.0154287497300343,False,False,False,False,-0.3161329942169267,-0.26113037412668516,False,False,False,False,246293906,151056205.7182634,False,False,False,False,91086917.28459503,False,False,False,False
2023-12-08 00:00:00+00:00,45.9390901635,46.1384950609,45.1889479306,45.6352350819,94844717,48.26158132958017,"rgba(239, 83, 80, 1.0)",4.11122066520864,48.36626785528626,-0.5903788410888147,44.248574135526304,-0.9658922104459435,False,True,False,True,False,0.0,47.65550211529,,0.0,0.0,0.0,0.0,0,0.981762479497703,1.0208955483447006,False,False,False,False,-0.3331822010708374,-0.2971562875987613,False,False,False,False,151449189,151085315.5909846,False,False,False,False,91365272.81906947,False,False,False,False
2023-12-15 00:00:00+00:00,47.3539153877,47.4892258538,46.3473954296,46.4708365565,150299193,48.195803097429405,"rgba(239, 83, 80, 1.0)",4.05771283254052,48.28222118095636,-0.22877562596640302,44.86221364575385,-0.9658922104459435,False,True,False,True,False,0.0,47.724804508926,,0.0,0.0,0.0,0.0,0,0.9867266779574697,1.02893536162534,False,False,False,False,-0.2260838410156142,-0.26162006430718776,False,False,False,False,301748382,162245542.73239318,False,False,False,False,95730748.3880273,False,False,False,False
2023-12-22 00:00:00+00:00,47.5628157563,47.9141481946,46.8886372938,47.4013927442,86819164,48.17772491478867,"rgba(239, 83, 80, 1.0)",3.9958270137057434,48.26248726254211,-0.17510054960893665,45.51317628746495,-0.9658922104459435,False,True,False,True,False,0.0,47.77864083178801,,0.0,0.0,0.0,0.0,0,0.9895535587674616,1.0144120242430683,False,False,False,False,-0.18628800104719592,-0.22395403267719183,False,False,False,False,388567546,179010135.56703073,False,False,False,False,95070631.02595119,False,False,False,False
2023-12-29 00:00:00+00:00,47.9711210224,48.0755712067,47.5248338711,47.581806699,41121093,48.17760972078169,#000000,3.958131606813897,48.265347044091754,-0.07433457270224363,46.40487815246617,-0.9658922104459435,False,True,False,False,False,0.0,47.83024269714801,,0.0,0.0,0.0,0.0,0,1.0009556259716303,1.0149869157994584,False,False,False,False,-0.15387371772553332,-0.18891387520136257,False,False,False,False,429688639,197578913.59910253,False,False,False,False,91074368.94995481,False,False,False,False
2024-01-05 00:00:00+00:00,47.9300598297,48.4946183304,47.7147432972,47.9426346085,72189709,48.18287041999527,#000000,3.931357236838552,48.277536238624776,-0.08838586472599584,46.999632566300484,-0.9658922104459435,False,True,False,False,True,0.0,47.920025449244,,0.0,0.0,0.0,0.0,0,0.9880013225139224,1.0017562336394936,False,False,False,False,-0.12934416309850835,-0.15912901914993546,False,False,False,False,357498930,209424840.73990974,False,False,False,False,89675505.24995816,False,False,False,False
2024-01-12 00:00:00+00:00,48.1692795334,48.6237969704,47.298519812,47.6047210327,88977648,48.18610299437081,#000000,3.8987211578671586,48.28629060214996,-0.0300126795459187,47.69812093782434,-0.9658922104459435,False,True,False,False,True,0.21749202301566228,47.98246228526,,0.0,0.0,0.0,0.0,0,0.9909569325506478,1.0091164752786759,False,False,False,False,-0.14088564781022994,-0.15000733348008272,False,False,False,False,446476578,226984228.6851016,False,False,False,False,89623812.12033162,False,False,False,False
2024-01-19 00:00:00+00:00,49.0591768311,49.1692178948,47.757821643,48.0831604401,75889360,48.208893344294665,#000000,3.893050008776287,48.32172138614343,0.1894287109834412,49.1936484332817,-5.40913959712023,False,True,False,False,True,1.649677539802834,48.060468375195995,,0.0,0.0,0.0,0.0,0,0.9991179677081079,1.0150037707848878,False,False,False,False,-0.10063035557111144,-0.12531884452559708,False,False,False,False,522365938,248864355.30102,False,False,False,False,88606445.29660335,False,False,False,False
2024-01-26 00:00:00+00:00,49.8916613999,50.350963231,48.9969797081,49.3271028992,86354496,48.52371517123972,#000000,3.9125935374003515,48.55796656349459,0.34087232002421647,51.13171293212257,-3.462344213563483,False,True,False,False,True,2.9665499408559803,48.180568390562,,0.0,0.0,0.0,0.0,0,0.9924067843685407,1.00750098651966,False,False,False,False,-0.004709153851531042,-0.06501399918856406,False,False,False,False,608720434,275520361.13057405,False,False,False,False,88439634.23759569,False,False,False,False
2024-02-02 00:00:00+00:00,48.016178923,50.1548030739,47.4755423927,49.6065115131,98295108,48.457472152790295,#000000,3.885909251676311,48.42567962147305,-0.10538092167139568,50.35623281789848,-3.462344213563483,False,True,False,False,True,0.0,48.197969514402004,,0.0,0.0,0.0,0.0,0,0.9598552615772719,0.9999255527707395,False,False,False,False,-0.07265144006701171,-0.06883271962778789,False,False,False,False,510425326,292920728.8986797,False,False,False,False,89169669.33110711,False,False,False,False
2024-02-09 00:00:00+00:00,47.9683349823,48.4276368134,47.1358504135,47.7865280075,99337988,48.388299756062295,#000000,3.8359931447434525,48.305902320561685,-0.08799998475603675,49.75144548743661,-3.462344213563483,False,True,False,False,True,0.0,48.256944632406,,0.0,0.0,0.0,0.0,0,0.9391672250645389,1.0552359700402423,False,False,False,False,-0.1553664471551262,-0.11209958339145705,False,False,False,False,411087338,301673811.05433303,False,False,False,False,89922878.12139547,False,False,False,False
2024-02-16 00:00:00+00:00,46.3512097854,48.1692795334,46.1119900817,47.8726471008,141535343,48.24926905134217,#000000,3.7986097882543803,48.08725529310316,-0.4570212800143775,47.69962699363546,-3.462344213563483,False,True,False,False,False,0.0,48.26871929958,,0.0,0.0,0.0,0.0,0,0.9042126527696299,1.0978989070737462,False,False,False,False,-0.20768878961088447,-0.15989418650117077,False,False,False,False,269551995,299294417.27253056,False,False,False,False,93746023.66795877,False,False,False,False
2024-02-23 00:00:00+00:00,46.7530988876,47.0210249557,45.7866512847,45.9014767425,77563840,48.1779573627645,#000000,3.7123746425374278,47.982217406533806,-0.33108687492103445,46.73194879398037,-3.462344213563483,False,True,False,False,False,0.0,48.301903900999996,,0.0,0.0,0.0,0.0,0,0.8504912008561337,1.1399967312455899,False,False,False,False,-0.2692578726793667,-0.21457602959026872,False,False,False,False,347115835,302836744.5116024,False,False,False,False,92547343.39625812,False,False,False,False
2024-03-01 00:00:00+00:00,46.3129346328,46.7913740402,45.6048443099,46.7435300994,81639782,47.89387182018275,"rgba(239, 83, 80, 1.0)",3.546277022870716,47.26735793539615,-0.26913388222094975,45.60542410710488,0.039745450613445144,False,True,False,True,False,0.0,48.29601215053201,,0.0,0.0,0.0,0.0,1,0.8306376829996852,1.1864664478968783,False,False,False,False,-0.286791961745498,-0.25068399566788335,False,False,False,False,265476053,300069285.88111335,False,False,False,False,91739375.88542418,False,False,False,False
2024-03-08 00:00:00+00:00,47.365501329,47.6334273971,46.1454808402,46.2842282684,104760281,47.9104120393029,#000000,3.343671781723042,47.34596855835445,0.005841712919406744,46.12417764837491,0.039745450613445144,False,True,False,False,False,0.0,48.305228555232,,0.0,0.0,0.0,0.0,1,0.825518517888152,1.1583957556157185,False,False,False,False,-0.21539398451118247,-0.2330389900895329,False,False,False,False,370236334,305266845.00103086,False,False,False,False,92703887.37539276,False,False,False,False
2024-03-15 00:00:00+00:00,46.8200804046,48.3702240845,46.7952015554,47.5760146683,125005519,47.817417855258405,"rgba(239, 83, 80, 1.0)",3.146061233949939,47.246734455793636,-0.1356153041744724,45.91189089516063,0.039745450613445144,False,True,False,True,False,0.0,48.270756196114,,0.0,0.0,0.0,0.0,1,0.8633285825691401,1.1222383659137842,False,False,False,False,-0.10275414075859277,-0.16789656542406284,False,False,False,False,245230815,300819731.6676212,False,False,False,False,95096600.82906738,False,False,False,False
2024-03-22 00:00:00+00:00,47.6334273971,48.0257477112,46.8296491928,47.0975752609,96687619,47.83147026753466,#000000,2.9270984574714487,47.301166311869906,0.11351209740895261,46.763830149173316,0.039745450613445144,False,True,False,False,False,0.0,48.264049700920005,,0.0,0.0,0.0,0.0,1,0.9181577416960258,1.1205999982872437,False,False,False,False,-0.10433805143131554,-0.13611730842768918,False,False,False,False,341918434,303864079.98853815,False,False,False,False,95214454.02691424,False,False,False,False
2024-03-29 00:00:00+00:00,47.757821643,48.0305321052,47.1645567779,47.4229140579,65404780,47.84467186228129,#000000,2.7889408890949037,47.341312546627826,0.14934310655373687,47.524628781026294,0.039745450613445144,False,True,False,False,False,0.0,48.27349100446399,,0.0,0.0,0.0,0.0,1,0.9322862530313835,1.0748043118581168,False,False,False,False,-0.08366012454364329,-0.10988871648566623,False,False,False,False,407323214,311527719.54494274,False,False,False,False,93006330.0249206,False,False,False,False
2024-04-05 00:00:00+00:00,46.8377259253,48.0353164993,46.2010029776,47.8056655838,84156798,47.807513825870274,#000000,2.7243968086392254,47.29993045374898,-0.16965389438987022,46.990070438155385,0.039745450613445144,False,True,False,False,False,0.0,48.330210253248005,,0.0,0.0,0.0,0.0,1,0.8999780639864784,1.0783747492857105,False,False,False,False,-0.14226567801820256,-0.1260771972519344,False,False,False,False,323166416,312389845.20828027,False,False,False,False,92350809.13418575,False,False,False,False
2024-04-12 00:00:00+00:00,46.779842021,48.4295332946,46.4614805471,46.4904224993,92189859,47.66159990629114,#000000,2.626459131265913,47.28830191413295,-0.19359139728470898,46.541472174744065,0.039745450613445144,False,True,False,False,False,0.0,48.381655137589995,,-1.0,48.429535,46.46148,137.0,1,0.8935984397846609,1.0719149479767711,False,False,False,False,-0.10045242074285554,-0.11326480899739497,False,False,False,False,230976557,306359231.26692617,False,False,False,False,92338886.90202384,False,False,False,False
2024-04-19 00:00:00+00:00,46.6158376254,48.0339932816,46.0274477378,47.9664620599,82997156,47.610494774363346,#000000,2.531236967051701,47.21575815972269,-0.2370068634946727,46.022470899074875,-0.2639133968074958,False,True,False,False,False,0.0,48.448532144729995,,0.0,0.0,0.0,0.0,1,0.894215838262861,1.0887346269710618,False,False,False,False,-0.10978138408637673,-0.11152309654188586,False,False,False,False,147979401,294627391.9878946,False,False,False,False,91646906.83520725,False,False,False,False
2024-04-26 00:00:00+00:00,46.1720610254,47.2043239861,45.9308780907,46.779842021,84675686,47.53334708417299,"rgba(239, 83, 80, 1.0)",2.5049338898911016,47.10316792405383,-0.3717091706138036,45.1089476539121,-1.281227047506654,False,True,False,True,False,0.0,48.497926002944006,,0.0,0.0,0.0,0.0,1,0.9237807705228887,1.0824754029411363,False,False,False,False,-0.1805033319023923,-0.1460132142221391,False,False,False,False,63303715,277492304.80360615,False,False,False,False,91130520.10667337,False,False,False,False
2024-05-03 00:00:00+00:00,45.4581595386,46.606190308,44.9564990344,46.2974761515,81778265,47.41944927447856,"rgba(239, 83, 80, 1.0)",2.4937442156673804,46.93395267431708,-0.5917981188468128,43.621702407909375,-2.8230066186477316,False,True,False,True,False,0.0,48.487758281502,,0.0,0.0,0.0,0.0,1,0.9042875769818626,1.0998863905448222,False,False,False,False,-0.3052343876870875,-0.2256238009546133,False,False,False,False,-18474550,255568834.07741308,False,False,False,False,90437760.469142,False,False,False,False
2024-05-10 00:00:00+00:00,46.3650073732,46.4421859123,45.3134497778,45.5546327125,68147514,47.36396013492198,"rgba(239, 83, 80, 1.0)",2.4895456821170665,46.861454990286056,-0.19941293732914536,44.01818030112051,-2.8230066186477316,False,True,False,True,False,0.0,48.482067602932005,,0.0,0.0,0.0,0.0,1,0.8964611467233199,1.1063453769279865,False,False,False,False,-0.2857334825628161,-0.2556786417587147,False,False,False,False,49672964,240317288.14575285,False,False,False,False,88786631.10105741,False,False,False,False
2024-05-17 00:00:00+00:00,46.4711278645,48.3427074381,46.4084203015,46.606190308,139720578,47.20285896094654,"rgba(239, 83, 80, 1.0)",2.470906878500673,46.88198743123214,-0.16627885506614026,44.46697903662855,-2.8230066186477316,False,True,False,True,False,0.0,48.47550538047601,,0.0,0.0,0.0,0.0,1,1.0575686982854398,1.0650500338833016,False,False,False,False,-0.03825951945506904,-0.14696908060689187,False,False,False,False,189393542,236545158.80162302,False,False,False,False,92559516.05653465,False,False,False,False
2024-05-24 00:00:00+00:00,44.7828473214,46.3746546906,44.7442580518,46.3071234689,97932162,47.009965342088506,"rgba(239, 83, 80, 1.0)",2.458643440966094,46.57736704425717,-0.729882053231777,42.80381184375474,-3.8334516986259928,False,True,False,True,False,0.0,48.441913943013994,,0.0,0.0,0.0,0.0,1,0.9757694178036965,0.9849653657232941,False,False,False,False,-0.34282825441539394,-0.24489866751114292,False,False,False,False,91461380,225798212.22372502,False,False,False,False,92957489.83012468,False,False,False,False
2024-05-31 00:00:00+00:00,44.8600258605,45.23144758,44.2329502302,44.5242992153,93347057,46.84478844499968,"rgba(239, 83, 80, 1.0)",2.439143683248369,46.336912494479606,-0.6054939051449137,41.74562957985951,-4.908670124463633,False,True,False,True,False,0.0,48.36476964852,,0.0,0.0,0.0,0.0,1,0.9553803970620484,1.0255431538888173,False,False,False,False,-0.34282825441539394,-0.29386346096326843,False,False,False,False,184808437,222761932.57752317,False,False,False,False,92986346.65752286,False,False,False,False
2024-06-07 00:00:00+00:00,44.2233029128,45.9501727255,44.030356565,45.0722668431,106562375,46.69933312109813,"rgba(239, 83, 80, 1.0)",2.432809716319072,46.14246390293397,-0.7888660495148493,40.30354586708868,-6.337209762799425,False,True,False,True,False,0.0,48.307450141707996,,0.0,0.0,0.0,0.0,1,0.9566834433571134,1.00127055386384,False,False,False,False,-0.3046190318377195,-0.299241246400494,False,False,False,False,78246062,212057053.2754844,False,False,False,False,93991978.38659523,False,False,False,False
2024-06-14 00:00:00+00:00,44.0689458346,44.4548385301,43.3839862999,44.1847136432,79081640,46.56631490917116,"rgba(239, 83, 80, 1.0)",2.446122143683852,45.96424267837338,-0.774816927546827,39.10881856160894,-7.508718930054407,False,True,False,True,False,0.0,48.22065927623,,0.0,0.0,0.0,0.0,1,0.9189751114911021,1.0767572361530813,False,False,False,False,-0.34282825441539394,-0.32103475040794394,False,False,False,False,-835578,196287228.73655966,True,False,False,False,92887508.87647706,False,False,False,False
2024-06-21 00:00:00+00:00,45.6221639343,46.1527663907,43.3646916651,43.7988209477,125198427,46.143290908787456,"rgba(239, 83, 80, 1.0)",2.4436234538341632,45.57357552888717,0.019883753094852484,40.898154735059485,-7.508718930054407,False,True,False,True,False,0.0,48.171742840440004,,0.0,0.0,0.0,0.0,1,0.9083588674074976,1.0409662125357915,False,False,False,False,-0.238139198099144,-0.27958697425354395,False,False,False,False,124362849,190959496.90422192,False,False,False,False,95280910.21896024,False,False,False,False
2024-06-28 00:00:00+00:00,45.8344049168,46.1706139278,45.12050343,45.815110282,91374058,46.163645343938256,"rgba(239, 83, 80, 0.75)",2.405708431114992,45.64780251334989,0.07756650849148143,42.50026869765053,-11.026822972972056,False,True,False,True,True,0.0,48.138572095566005,,0.0,0.0,0.0,0.0,1,0.9376051265974022,1.044055975155988,False,False,False,False,-0.13280062479000201,-0.20619379952177297,False,False,False,False,215736907,192794860.6150203,False,False,False,False,94991513.75829652,False,False,False,False
2024-07-05 00:00:00+00:00,45.3906283169,46.147942732,45.0549419982,45.8054629647,60381134,46.153981022696556,"rgba(239, 83, 80, 0.75)",2.401310697522252,45.65355616539135,-0.10949347319472176,43.05415022820969,-10.510787001040391,False,True,False,True,True,0.0,48.054104572222,,0.0,0.0,0.0,0.0,1,0.9317303219477389,1.054711377733934,False,False,False,False,-0.13795370751312863,-0.1720737535174508,False,False,False,False,155355773,190021594.86575955,False,False,False,False,92427781.92434864,False,False,False,False
2024-07-12 00:00:00+00:00,46.1009211073,46.563097923,44.4176244945,45.0987271702,96089599,46.149377104978484,"rgba(239, 83, 80, 0.75)",2.3913400275334116,45.6759502071118,0.17771245213778447,44.57390620042581,-9.047416045171985,False,True,False,True,True,0.0,47.99402400384,,0.0,0.0,0.0,0.0,1,0.9277015804841935,1.0466379932450103,False,False,False,False,-0.150961677799209,-0.1615177156583299,False,False,False,False,251445372,194571504.28311068,False,False,False,False,92699027.63365614,False,False,False,False
2024-07-19 00:00:00+00:00,46.0425408779,47.4242063058,45.5219838329,46.130111222,96353566,46.18621499585161,"rgba(239, 83, 80, 0.75)",2.3599111679137903,45.75672876163442,0.1211113876452586,45.57379341762302,-8.088796778218992,False,True,False,True,True,0.0,47.922594731715996,,0.0,0.0,0.0,0.0,1,0.9441115914709673,1.0384738142479648,False,False,False,False,-0.0371309263235863,-0.0993243209909581,False,False,False,False,155091806,191647082.18806547,False,False,False,False,92969734.17931125,False,False,False,False
2024-07-26 00:00:00+00:00,46.5874230185,46.8841891844,44.9916967497,46.0425408779,98325696,46.201788146414884,#000000,2.36205776582811,45.80087003456387,0.3329948129614728,47.1537856596516,-6.569578164522056,False,True,False,False,True,0.0,47.84019259311199,,0.0,0.0,0.0,0.0,1,0.9027081344253622,1.0789654644032711,False,False,False,False,-0.05794561742795176,-0.07863496920945492,False,False,False,False,253417502,196222668.84080136,False,False,False,False,93366472.09195486,False,False,False,False
2024-08-02 00:00:00+00:00,45.4003583551,47.4533964205,45.0987271702,46.5290427892,94432933,46.202618372019856,#000000,2.3569832656994394,45.81978377867645,-0.1779501066809584,46.53190226628226,-6.569578164522056,False,True,False,False,True,0.0,47.71048180209,,0.0,0.0,0.0,0.0,1,0.9410164391545354,1.0612196775478913,False,False,False,False,0.0728357179231729,-0.0028996256431410156,False,False,False,False,158984569,193464291.07481608,False,False,False,False,93445469.19625449,False,False,False,False
2024-08-09 00:00:00+00:00,44.2424838064,45.4198184316,43.4348906338,45.2933279347,108081489,46.10444018856046,"rgba(239, 83, 80, 1.0)",2.3789015391675465,45.699228048956876,-0.6123600403683097,44.6569127027157,-6.569578164522056,False,True,False,True,False,0.0,47.545169954462,,0.0,0.0,0.0,0.0,1,0.9107353587228667,1.0674487583840677,False,False,False,False,-0.24355993156658676,-0.1232297786048639,False,False,False,False,50903080,182904201.36557043,False,False,False,False,94529618.81134675,False,False,False,False
2024-08-16 00:00:00+00:00,48.124769058,48.9226321924,43.2986700987,44.3008640358,145343341,46.1410607520473,#000000,2.3628349861090783,45.991720039306685,0.9027498878395408,48.21792628344081,-5.770996106786008,False,False,False,False,True,1.5657947327191586,47.417156493,,1.0,48.92263,43.29867,0.0,1,0.9369845339700023,0.9803502415316924,False,False,False,False,0.06327779907289868,-0.029975989765982605,False,False,False,False,196246421,183892513.93108374,False,False,False,False,98293598.23272847,False,False,False,False
2024-08-23 00:00:00+00:00,49.3702139507,49.555084677,47.9690884464,47.9982785611,91928635,46.37165162637136,#000000,2.369318615495298,46.36426368121067,1.2686982028632487,51.85702144148098,-2.4079805787378987,False,False,False,False,True,3.6411901136133906,47.336110977558,,0.0,0.0,0.0,0.0,1,1.0453708018050862,0.9420364544248625,False,False,False,False,0.34282823912100124,0.15642612467750933,False,False,False,False,288175056,191617146.67692938,False,False,False,False,97822119.47474858,False,False,False,False
2024-08-30 00:00:00+00:00,49.1756131862,49.6377900019,48.0761188668,49.4188641418,68771884,46.49348308826828,"rgba(38, 166, 154, 1.0)",2.3748639126162745,46.54553327094959,1.1074655272996163,54.199509770851904,-0.33832989002620195,True,False,True,False,True,3.288418269187307,47.263051395838005,,0.0,0.0,0.0,0.0,1,1.0511948179689399,0.9358097365762651,False,False,False,False,0.34282823941486135,0.24962718204618534,False,False,False,False,219403172,193675370.77493462,False,False,False,False,95670250.18032275,False,False,False,False
2024-09-06 00:00:00+00:00,47.1906853884,49.1366930333,46.8987842417,48.951822307,67439678,46.531480393876116,#000000,2.3729418118641226,46.59116270219488,0.252649552217275,53.49086966904554,-0.33832989002620195,True,False,False,False,True,0.0,47.19686235984201,,0.0,0.0,0.0,0.0,1,1.0133259876938534,0.9643569587839288,False,False,False,False,0.22136871569270392,0.23549794886944464,False,False,False,False,151963494,190585602.12493947,False,False,False,False,93579096.68548402,False,False,False,False
2024-09-13 00:00:00+00:00,48.4555903576,48.7037063323,46.5583302042,47.1614952738,68944856,46.57615416266633,"rgba(38, 166, 154, 1.0)",2.3746055671822193,46.64721070518185,0.7615494873803539,54.178916536091265,-0.33832989002620195,True,False,True,False,True,1.916098715909758,47.15238918463999,,0.0,0.0,0.0,0.0,1,0.9925524057010294,0.9891349831299104,False,False,False,False,0.16768356325087141,0.20159075606015803,False,False,False,False,220908350,192831731.59716618,False,False,False,False,91754338.11618891,False,False,False,False
2024-09-20 00:00:00+00:00,50.5670086523,50.9172900284,48.4361302812,48.5334306634,102966825,46.76639669059092,"rgba(38, 166, 154, 1.0)",2.398561839593383,46.91287485987368,1.5234686603059535,56.35972703580009,1.4258086221385753,True,False,True,False,True,5.2643239498293575,47.148663475404,,0.0,0.0,0.0,0.0,0,1.0303247486045157,0.9377292860300755,False,False,False,False,0.3428282415507196,0.2722094988054388,False,False,False,False,323875175,202538653.33070943,False,False,False,False,92584892.70017493,False,False,False,False
2024-09-27 00:00:00+00:00,51.5886626659,51.8513736979,50.4891683465,50.6545789963,99487182,46.99610635015323,"rgba(38, 166, 154, 1.0)",2.4022255586213657,47.227466873169476,1.8154813885309804,58.626552579734586,3.5538405133615925,True,False,True,False,True,6.806866245105443,47.15929374480599,,0.0,0.0,0.0,0.0,0,1.0645213426260283,0.9196901269641626,False,False,False,False,0.3428282442006367,0.30751887150303775,False,False,False,False,423362357,218895964.71361986,False,False,False,False,93096173.38905087,False,False,False,False
2024-10-04 00:00:00+00:00,51.7161147021,51.8729787467,50.8978299519,51.5886626659,68258477,47.142112644488435,"rgba(38, 166, 154, 1.0)",2.4086281701591967,47.42148500771425,1.7830189597516402,60.3335705672995,5.140503190411408,True,False,True,False,True,6.998344037231092,47.188425446720004,,0.0,0.0,0.0,0.0,0,1.0936906721679849,0.9179366761989612,False,False,False,False,0.34282824449497584,0.3251735579990068,False,False,False,False,491620834,239097806.88298136,False,False,False,False,91256344.02689895,False,False,False,False
2024-10-11 00:00:00+00:00,53.1867151202,53.2651471425,51.1719925474,51.5494466547,55974974,47.281994986864355,"rgba(38, 166, 154, 1.0)",2.4254312085492424,47.60654935443167,2.3006901808219378,62.52604816199545,7.202074309798164,True,False,True,False,True,9.174518154426607,47.272986748366,,0.0,0.0,0.0,0.0,0,1.0937307007943362,0.8978080247432927,False,False,False,False,0.3428282454909025,0.33400090174495467,False,False,False,False,547595808,261949510.6694272,False,False,False,False,88642909.21009162,False,False,False,False
2024-10-18 00:00:00+00:00,55.6475198197,55.7553638504,52.735730992,53.2455391369,99940437,47.61134311588218,"rgba(38, 166, 154, 1.0)",2.5298670276709663,48.041375844098624,3.0065390364029163,65.43698375829966,9.936779936961479,True,False,True,False,True,12.585028082331075,47.379227277224,,0.0,0.0,0.0,0.0,0,1.131724883432673,0.8422542709695514,False,False,False,False,0.34282824724274313,0.33841457449384893,False,False,False,False,647536245,290511490.99021035,False,False,False,False,89479763.1204552,False,False,False,False
2024-10-25 00:00:00+00:00,54.6475115354,55.936737902,54.5745697547,55.5788918002,77142936,47.85243782049522,"rgba(38, 166, 154, 1.0)",2.625330182763799,48.35222905426578,2.397901232563024,66.26545976864689,10.670963280077757,True,False,True,False,True,10.742883428395384,47.473443836289995,,0.0,0.0,0.0,0.0,0,1.1700686082056326,0.8223810583225593,False,False,False,False,0.3428282478818562,0.34062141118785255,False,False,False,False,570393309,311243477.509454,False,False,False,False,88565924.07449555,False,False,False,False
2024-11-01 00:00:00+00:00,54.4122154686,55.0053576372,53.4612271982,54.80437558,86265632,48.071610184106724,"rgba(38, 166, 154, 1.0)",2.7122676788348214,48.625854352462554,2.133403410471361,66.56532347954804,10.96964937857419,True,False,True,False,True,10.31206990268273,47.65477568152001,,0.0,0.0,0.0,0.0,0,1.167651526173714,0.828662847039687,False,False,False,False,0.27737921140583177,0.30900031129684213,False,False,False,False,484127677,324049714.5087537,False,False,False,False,88395532.06897737,False,False,False,False
2024-11-08 00:00:00+00:00,56.9220401821,57.157336249,54.0396633626,54.3631954546,79357452,48.31448886613043,"rgba(38, 166, 154, 1.0)",2.8797054737922334,48.92968621375011,2.7754067355453884,68.142280992385,12.546897825758236,True,False,True,False,True,13.666301514290037,47.874814500743994,,0.0,0.0,0.0,0.0,0,1.1655006201853482,0.7907174193481349,False,False,False,False,0.34282824807365175,0.32591427968524694,False,False,False,False,563485129,341785671.13773495,False,False,False,False,87726044.65646052,False,False,False,False
2024-11-15 00:00:00+00:00,56.3338000148,58.21616855,56.1083079507,57.843616444,132708300,48.72614750729479,"rgba(38, 166, 154, 1.0)",3.007788840508023,49.43673007330392,2.2930698620223438,68.5406296964481,13.011112443655911,True,False,True,False,True,12.580223427819622,48.08099951293401,,0.0,0.0,0.0,0.0,0,1.1845782267969684,0.8082006120014237,False,False,False,False,0.342828248822497,0.334371264253872,False,False,False,False,430776829,348377608.757162,False,False,False,False,91058063.57079679,False,False,False,False
2024-11-22 00:00:00+00:00,57.4024363186,57.5494963604,55.2455557055,56.4220360399,87706368,48.96845405181543,"rgba(38, 166, 154, 1.0)",3.1735305337091644,49.72767397656223,2.4183672602222144,69.38548620680433,13.946593160956517,True,False,True,False,True,13.966094377789375,48.310266436036,,0.0,0.0,0.0,0.0,0,1.1982973871050295,0.7874613424253222,False,False,False,False,0.3006288973597592,0.3175000808068156,False,False,False,False,518483197,360978022.70107585,False,False,False,False,90809789.82481185,False,False,False,False
2024-11-29 00:00:00+00:00,58.0495005026,58.6965646865,57.1181202378,57.5004763465,90939562,49.241747994396874,"rgba(38, 166, 154, 1.0)",3.3436629107382974,50.05495968046432,2.390952986457131,70.31543007169535,14.98004758301947,True,False,True,False,True,14.792029494695797,48.524178138334,,0.0,0.0,0.0,0.0,0,1.2408325976626209,0.7468356595194006,False,False,False,False,0.3428282491204173,0.33016416496361645,False,False,False,False,609422759,379381336.5009962,False,False,False,False,90819402.57852949,False,False,False,False
2024-12-06 00:00:00+00:00,58.7161726921,59.0495087869,57.9808724831,58.0887165137,78340609,50.76251670857509,"rgba(38, 166, 154, 1.0)",3.5298687724319024,52.73236429527241,1.6951928761660586,71.31096074098461,16.083750790552287,True,False,True,False,True,15.636593342113905,48.74724527705,,0.0,0.0,0.0,0.0,0,1.2650342035659166,0.7496989324033959,False,False,False,False,0.3428282493409293,0.3364962071522729,False,False,False,False,687763368,402224449.94536686,False,False,False,False,89895047.49863842,False,False,False,False
2024-12-13 00:00:00+00:00,57.4710643381,58.7063686893,56.9906682016,58.6573486754,89674970,50.91511954778524,"rgba(38, 166, 154, 1.0)",3.6595990708966912,52.82420176548678,1.2697736780971005,70.3736935577524,16.083750790552287,True,False,True,False,True,13.276694992718994,48.937244143364,,0.0,0.0,0.0,0.0,0,1.2551151412941517,0.7309173351595413,False,False,False,False,0.30816533956522013,0.3223307733587465,False,False,False,False,598088398,416732890.5420064,False,False,False,False,89878745.46170224,False,False,False,False
2024-12-20 00:00:00+00:00,57.3730243103,57.9122444636,56.1475239619,57.3240042963,167483357,51.183410071733874,"rgba(38, 166, 154, 1.0)",3.774715470538898,53.013395218805826,1.1549556848775608,69.5768650515766,16.083750790552287,True,False,True,False,True,13.092406422978048,49.126103432975995,,0.0,0.0,0.0,0.0,0,1.2443176652418921,0.7734468431374218,False,False,False,False,0.26655352941454946,0.294442151386648,False,False,False,False,430605041,417760457.2425985,False,False,False,False,95627235.20527986,False,False,False,False
2024-12-27 00:00:00+00:00,58.4416606141,58.8779387381,56.9808641988,56.9906682016,50141916,51.29608102663707,"rgba(38, 166, 154, 1.0)",3.9196784374874194,53.12839890380343,1.3555351019310817,69.66599487748758,16.083750790552287,True,False,True,False,True,14.49724968879585,49.33155105459,,0.0,0.0,0.0,0.0,0,1.2229953913061902,0.7591747677422377,False,False,False,False,0.3123312139176618,0.30338668265215485,False,False,False,False,480746957,422426123.8912949,False,False,False,False,92257952.30118506,False,False,False,False
2025-01-03 00:00:00+00:00,58.0985205165,58.5102886336,57.2651802796,57.9318524691,62124896,51.423647601185145,"rgba(38, 166, 154, 1.0)",4.045713180379503,53.252851399209355,1.1977292757160076,69.25301886156197,16.083750790552287,True,False,True,False,True,13.836720611905406,49.512337928298,,0.0,0.0,0.0,0.0,0,1.2289433794094222,0.7663586711624358,False,False,False,False,0.3101838542860806,0.3067852684691177,False,False,False,False,418622061,422144341.45490265,False,False,False,False,90025874.05665283,False,False,False,False
2025-01-10 00:00:00+00:00,57.9800729721,58.8092057828,57.5161534233,58.14787366,67081873,51.55968847036876,"rgba(38, 166, 154, 1.0)",4.161689301760761,53.38594927620565,1.1039083801740384,68.7874674369466,16.083750790552287,True,False,True,False,True,13.60637722588897,49.674106159742,,0.0,0.0,0.0,0.0,0,1.2496721570593632,0.7647721721998451,False,False,False,False,0.32440581436653687,0.3155955414178273,False,False,False,False,351540188,416914404.1619469,False,False,False,False,88326318.42282669,False,False,False,False
2025-01-17 00:00:00+00:00,59.4507966481,60.1614819144,57.4174471364,58.1577442887,97563376,51.78704261683045,"rgba(38, 166, 154, 1.0)",4.311665022695163,53.62538434103675,1.3510818387792722,69.41954506599268,16.083750790552287,True,False,True,False,True,15.559130299403854,49.902798514244,,0.0,0.0,0.0,0.0,0,1.2230622143215486,0.7592524504712163,False,False,False,False,0.3428282492583689,0.32921189533809814,False,False,False,False,449103564,419298786.3721731,False,False,False,False,89010544.91002472,False,False,False,False
2025-01-24 00:00:00+00:00,61.4249223877,61.5088227317,59.5001497916,59.6876917369,69505388,51.992619178017065,"rgba(38, 166, 154, 1.0)",4.511304105386517,53.85986393302173,1.6769116596785303,70.95158671224816,16.790259415386842,True,False,True,False,True,18.040589867202833,50.171930262352,,0.0,0.0,0.0,0.0,0,1.2704898481750346,0.7236474681368323,False,False,False,False,0.3428282498084924,0.33602007257329525,False,False,False,False,518608952,426655094.93719727,False,False,False,False,87565718.4722451,False,False,False,False
2025-01-31 00:00:00+00:00,59.81600991,60.664883978,57.9998142295,60.5957895771,110763676,52.233692501224155,"rgba(38, 166, 154, 1.0)",4.645607351921839,54.10546967220796,1.2292343724291825,69.86153813632721,16.790259415386842,True,False,True,False,True,14.918797102852466,50.441226264844,,0.0,0.0,0.0,0.0,0,1.2215999680475853,0.7411084404703091,False,False,False,False,0.2897245901781485,0.3128723313757219,False,False,False,False,407845276,425261775.0159234,False,False,False,False,89284085.69652325,False,False,False,False
2025-02-07 00:00:00+00:00,61.4644049025,62.4317265149,58.7795938967,59.4113141334,91509613,52.467514994413875,"rgba(38, 166, 154, 1.0)",4.803676107247097,54.357950611342915,1.479378320373409,70.03035531727195,16.790259415386842,True,False,True,False,True,16.954901121001285,50.735452385142,,0.0,0.0,0.0,0.0,0,1.258630173183112,0.6809650767694504,False,False,False,False,0.34282824930565153,0.3278502903406867,False,False,False,False,499354889,430750153.8295587,False,False,False,False,89448939.57085486,False,False,False,False
2025-02-14 00:00:00+00:00,64.030768364,65.6396808418,60.4082476319,62.3034083419,130585968,54.48939988179384,"rgba(38, 166, 154, 1.0)",5.053218932423548,57.70803942014672,1.2512279852519406,71.36715954606389,17.516580228143837,True,False,True,False,True,19.920303823008886,51.089809059766,,-1.0,65.63968,60.40825,179.0,0,1.2921862073805357,0.684014849035746,False,False,False,False,0.342828249603725,0.33533926997220587,False,False,False,False,629940857,445505020.73107284,False,False,False,False,92496126.86190265,False,True,False,False
2025-02-21 00:00:00+00:00,63.1522824099,65.3929151243,63.0535761229,64.455205398,69953914,54.709711598029884,"rgba(38, 166, 154, 1.0)",5.261597176171936,57.94439906328515,0.9897913451450956,71.25078964030365,17.520179431740246,True,False,True,False,True,18.256177400767093,51.405544681384,,0.0,0.0,0.0,0.0,0,1.252358919206588,0.7038337717651547,False,False,False,False,0.3428282499515109,0.33908375996185836,False,False,False,False,559986943,453985163.12136376,False,False,False,False,90826333.31657653,False,False,False,False
2025-02-28 00:00:00+00:00,63.280600583,64.4453347693,62.0171601096,63.591525387,104247383,54.95387645174972,"rgba(38, 166, 154, 1.0)",5.4691954491248875,58.15505346709366,0.9371665656465924,71.2323268944952,17.65084913838038,True,False,True,False,True,18.404067699098874,51.734755084952006,,0.0,0.0,0.0,0.0,0,1.2285623662199636,0.726316532370086,False,False,False,False,0.29915663498948386,0.3191201974756711,False,False,False,False,664234326,469559175.1864479,False,False,False,False,91820485.14497827,False,False,False,False
2025-03-07 00:00:00+00:00,63.1127998951,64.0406389927,61.385439873,63.5569781865,105640397,55.16396147697044,"rgba(38, 166, 154, 1.0)",5.65904042116285,58.31637579363929,0.8475684470327768,70.99946655022475,17.65084913838038,True,False,True,False,True,18.08035582941319,52.04434253491199,,0.0,0.0,0.0,0.0,0,1.2372063588198872,0.7271161483165356,False,False,False,False,0.27678565154169,0.29795292450868055,False,False,False,False,558593929,476154342.1356,False,False,False,False,92844182.31942433,False,False,False,False
2025-03-14 00:00:00+00:00,59.717303623,62.8660341777,58.4637337783,62.658750975,104726409,55.229193317180744,"rgba(38, 166, 154, 0.75)",5.754211339816431,58.258588945597594,0.2535038411447954,67.01580924248285,20.4837229135816,True,False,True,False,False,11.864263969910883,52.283532174512004,,0.0,0.0,0.0,0.0,0,1.1802903941363954,0.7467107466336963,False,False,False,False,0.17017526295817773,0.23406409373342912,False,False,False,False,453867520,474503466.4218518,False,False,False,False,93724347.25872622,False,False,False,False
2025-03-21 00:00:00+00:00,59.519891049,60.778396208,58.656211038,59.618597336,129957345,55.29244919756549,"rgba(38, 166, 154, 0.75)",5.841405413607249,58.18215272849479,0.22900966904112122,63.97991718564025,17.593236192312318,True,False,True,False,False,11.521473473242406,52.53717547698599,,0.0,0.0,0.0,0.0,0,1.153173298830575,0.8171604629636573,False,False,False,False,0.10252290764535256,0.16829350068939083,False,False,False,False,323910175,463348407.79801095,False,False,False,False,96408273.0173391,False,False,False,False
2025-03-28 00:00:00+00:00,60.0726462561,61.1781566703,59.7271742517,60.2453822583,130493688,55.410133201821424,"rgba(38, 166, 154, 0.75)",5.935455678862789,58.20659242798207,0.31439099693108247,62.23327385129355,15.996980265881788,True,False,True,False,False,12.22921897399397,52.803031561688,,0.0,0.0,0.0,0.0,0,1.1326151448058008,0.8235070582412742,False,False,False,False,0.13700333060987957,0.15264841564963522,False,False,False,False,454403863,462685848.9240842,False,False,False,False,98933118.57161027,False,False,False,False
2025-04-04 00:00:00+00:00,54.219544282,61.2373804425,54.1201318429,59.8456217961,148258625,55.334747634050785,"rgba(38, 166, 154, 0.5)",5.9414265004549325,57.94149797516025,-0.6264410900101623,56.3974102858173,10.536597935600383,False,False,True,False,False,2.850589895720759,52.95510569481999,,0.0,0.0,0.0,0.0,0,1.0294413703880045,0.8393136710036256,False,False,False,False,-0.029815557780510465,0.061416428934562374,False,False,True,False,306145238,451090248.1148927,False,False,False,False,102586859.78852804,False,False,False,False
2025-04-11 00:00:00+00:00,56.9931513328,58.0866881628,51.803822012,53.0663599885,192575484,55.63113515315006,"rgba(38, 166, 154, 0.5)",5.979080478039498,57.895952431049665,-0.15099330098759445,54.28226960051851,8.759932020197063,False,False,True,False,False,6.416183103079799,53.171527500968,,1.0,58.08669,51.80382,0.0,0,0.9908878297542562,0.9134153051319922,False,False,False,False,-0.29090026660576623,-0.11474191883560193,False,False,False,False,498720722,454618431.3656414,False,False,False,False,109252683.80419263,False,False,False,False
2025-04-18 00:00:00+00:00,55.432376039,57.8679807968,55.0943737461,57.5498609917,70662999,55.623478069858564,#000000,5.996861995278133,57.84182677551827,-0.4017852567585264,51.80137053761041,6.603888395185493,False,False,False,False,False,4.1695781433434185,53.371011830976,,0.0,0.0,0.0,0.0,0,1.0154736371378714,0.9517305378930385,False,False,False,False,-0.18352341938841019,-0.14913266911200607,False,False,False,False,428057723,452650971.486705,False,False,False,False,106394188.63351169,False,False,False,False
2025-04-25 00:00:00+00:00,56.3767942104,56.6452077959,53.5137159645,54.8359014044,105048136,55.56583359964141,#000000,5.9844250370499585,57.6838281332919,-0.21840593119639165,50.69759681713521,5.734155403163697,False,True,False,False,False,5.356156931748803,53.57124756772,,0.0,0.0,0.0,0.0,0,0.9675433467951253,0.9724433983834938,False,False,False,False,-0.2812879098970282,-0.21521028950451712,False,False,False,False,533105859,458610592.78398615,False,False,False,False,106294481.03102934,False,False,False,False
2025-05-02 00:00:00+00:00,58.9814001146,59.0659006879,56.083527515,56.1928811981,91702195,55.65293665241374,#000000,6.011766039233066,57.776632845959895,0.20040155601161735,51.585986330389986,5.734155403163697,False,False,False,False,False,8.491640974978669,53.821453012721996,,0.0,0.0,0.0,0.0,0,1.0183913924956165,0.9272856045434692,False,False,False,False,-0.1439364012496852,-0.17957334537710118,False,False,False,False,624808054,470921515.8370242,False,False,False,False,105213570.9546568,False,False,False,False
2025-05-09 00:00:00+00:00,59.4188148467,60.4725867011,58.2358068214,58.6533390656,76283335,55.76127521174158,#000000,6.042508762059248,57.90815120745003,0.25000603205333954,52.48293095080791,5.734155403163697,False,False,False,False,False,9.0008376974301,54.114172363228,,0.0,0.0,0.0,0.0,0,1.0403316060276262,0.9366856771994994,False,False,False,False,-0.016366578501948673,-0.09796996193952492,False,False,False,False,701091389,487971136.07131875,False,False,False,False,103070590.5135711,False,False,False,False
2025-05-16 00:00:00+00:00,63.2461937518,65.3587080825,60.4874985669,61.248003726,167808269,56.21378868432929,"rgba(38, 166, 154, 0.5)",6.145744117187109,58.51965606644781,0.7690749232682853,55.1557715849448,5.734155403163697,False,False,True,False,True,13.22375749589332,54.481895721053995,,0.0,0.0,0.0,0.0,1,1.0266993901575423,0.8760919425911277,False,False,False,False,0.24213671721993577,0.07208337764020542,False,False,False,False,868899658,516188063.6215914,False,False,False,False,107865974.10515843,False,False,False,False
2025-05-23 00:00:00+00:00,62.7391903124,63.7531971912,62.1625981657,63.0573101175,78126807,56.38317273536139,"rgba(38, 166, 154, 0.5)",6.243943147625229,58.73007097787704,0.6420813322183679,56.67959495688095,1.1889331439973105,False,False,True,False,True,12.467267238916069,54.852213469046,,0.0,0.0,0.0,0.0,1,1.0605250986065575,0.887342714193761,False,False,False,False,0.2447614688422804,0.1584224232412429,False,False,False,False,790772851,536527677.5014735,False,False,False,False,105663072.83810967,False,False,False,False
2025-05-30 00:00:00+00:00,62.669601605,63.6140197764,61.9339495557,63.3853711665,71057497,56.519699897609556,"rgba(38, 166, 154, 0.5)",6.334579767769527,58.891441654145396,0.5964341896960486,57.7127845347042,2.1778353305116482,False,False,True,False,True,12.362350716213815,55.224226584454,,0.0,0.0,0.0,0.0,1,1.0326837900990689,0.9044871256461364,False,False,False,False,0.2309242830615972,0.19467335315142004,False,False,False,False,719715354,550097135.0198829,False,False,False,False,103099696.85010155,False,False,False,False
2025-06-06 00:00:00+00:00,65.6718572657,65.7712697048,62.341540556,62.3564524219,83746123,56.724581345353826,"rgba(38, 166, 154, 1.0)",6.4941438749467935,59.14538626626001,1.0049778885586298,59.911429136955576,4.308817603422028,True,False,True,False,True,15.504077125399462,55.625220451081994,,0.0,0.0,0.0,0.0,1,1.0258636788770166,0.884259980207416,False,False,False,False,0.32956695399029917,0.2621201535708596,False,False,False,False,803461477,568864864.0554471,False,False,False,False,101666098.78713107,False,False,False,False
2025-06-13 00:00:00+00:00,63.7134322155,65.970094583,63.4897542276,65.7265341072,81142977,56.90131799141174,"rgba(38, 166, 154, 1.0)",6.593745737962501,59.35520729733791,0.6609634479944019,59.938979932113654,4.370598548779661,True,False,True,False,True,12.580115731595011,55.982800997056,,0.0,0.0,0.0,0.0,1,1.0528749126655346,0.8786159248775526,False,False,False,False,0.34282824684582186,0.3024742002083407,False,False,False,False,722318500,580231800.0513399,False,False,False,False,100145867.54363988,False,False,False,False
2025-06-20 00:00:00+00:00,65.9303296073,66.2583906563,64.4689667527,64.8069690456,108888793,57.16072586535984,"rgba(38, 166, 154, 1.0)",6.739922521396728,59.6656959582611,0.9294815525180051,60.99867624921846,5.485556141403926,True,False,True,False,True,14.825688739061643,56.393595022864,,0.0,0.0,0.0,0.0,0,1.065760840102935,0.8567125859456057,False,False,False,False,0.34282824730628,0.32265122375731037,False,False,False,False,831207293,598822577.3067962,False,False,False,False,100793491.65151842,False,False,False,False
2025-06-27 00:00:00+00:00,68.2466394382,68.8083197191,65.8209759243,65.9551827171,125967033,57.514019979927966,"rgba(38, 166, 154, 1.0)",6.945196900573508,60.09663538530495,1.173473433448958,62.716040866332264,7.237454296773507,True,False,True,False,True,17.048457096000142,56.836509389481996,,0.0,0.0,0.0,0.0,0,1.0713010065862154,0.8390125266599432,False,False,False,False,0.3428282484275688,0.33273973609243956,False,False,False,False,957174326,625367151.2840706,False,False,False,False,102658198.41807261,False,False,False,False
2025-07-04 00:00:00+00:00,69.37,69.47,67.7791027372,68.4305524506,89129391,57.77698390827298,"rgba(38, 166, 154, 1.0)",7.174027338244834,60.41597665679857,1.2481167022416293,64.37487893953734,8.917617318226611,True,False,True,False,True,18.088801783077074,57.303058571924005,,0.0,0.0,0.0,0.0,0,1.0915418869798403,0.8272088505990995,False,False,False,False,0.3428282490009515,0.33778399254669556,False,False,False,False,1046303717,656547637.6333987,False,False,False,False,101656064.5352524,False,False,False,False
2025-07-11 00:00:00+00:00,68.76,69.39,68.31,69.08,83939730,58.008106495827036,"rgba(38, 166, 154, 1.0)",7.352578723961937,60.689953260181504,1.0975804602429278,65.05111767531253,9.658470874474467,True,False,True,False,True,17.171957360950888,57.74651011155401,,0.0,0.0,0.0,0.0,0,1.0952425794936813,0.8314369889137148,False,False,False,False,0.34282824908874027,0.34030612081771794,False,False,False,False,962363987,679200700.5494431,False,False,False,False,100343743.45856704,False,False,False,False
