date,Close,High,Low,Open,Volume,aVWAP_OB_bull_171,aVWAP_OB_bull_95,aVWAP_OB_bear_83,aVWAP_OB_bear_31,aVWAP_OB_bear_14,OB,OB_High,OB_Low,OB_Mitigated_Index,Peaks_Valleys_avg,color,StDev,StDev_Mean,StdDev_ZScore,QQEMOD,QQE1_Value,QQE1_Above_Upper,QQE1_Below_Lower,QQE2_Above_Threshold,QQE2_Below_Threshold,QQE2_Above_TL,banker_RSI,SMA_50,SMA_200,TTM_squeeze_Active,VI_plus,VI_minus,VI_Regular_Bullish,VI_Regular_Bearish,VI_Hidden_Bullish,VI_Hidden_Bearish,Fisher,Fisher_Signal,Fisher_Regular_Bullish,Fisher_Regular_Bearish,Fisher_Hidden_Bullish,Fisher_Hidden_Bearish,OBV,OBV_Smoothed,OBV_Regular_Bullish,OBV_Regular_Bearish,OBV_Hidden_Bullish,OBV_Hidden_Bearish,Volume_MA,Vol_Regular_Bullish,Vol_Regular_Bearish,Vol_Hidden_Bullish,Vol_Hidden_Bearish
2021-12-31 00:00:00+00:00,6.7970329019,7.0781132099,6.7650919578,7.0270076994,2614491,,,,,,0.0,0.0,0.0,0.0,,#000000,,,,,,False,False,False,False,False,,,,0,,,False,False,False,False,,,False,False,False,False,0,0.0,False,False,False,False,2614491.0,False,False,False,False
2022-01-07 00:00:00+00:00,6.8161974684,7.039784077,6.650168441,6.8417502236,1913323,,,,,,0.0,0.0,0.0,0.0,,#000000,,,,100.0,,False,False,True,False,False,,,,0,,,False,False,False,False,,,False,False,False,False,1913323,141727.62962962964,False,False,False,False,2562552.6296296297,False,False,False,False
2022-01-14 00:00:00+00:00,6.9822903776,7.0589486434,6.5542817269,6.7075982585,1561018,,,,,,0.0,0.0,0.0,0.0,,#000000,,,,100.0,50.0,False,False,True,False,True,,,,0,,,False,False,False,False,,,False,False,False,False,3474341,388587.8792866941,False,False,False,False,2488364.8792866943,False,False,False,False
2022-01-21 00:00:00+00:00,6.2536070221,7.0206195105,6.240712987,7.0206195105,1193263,,,,,,0.0,0.0,0.0,0.0,,#000000,,,,82.0157688297399,32.858779665845844,False,False,True,False,False,,,,0,,,False,False,False,False,,,False,False,False,False,2281078,528772.3326728649,False,False,False,False,2392431.406746939,False,False,False,False
2022-01-28 00:00:00+00:00,6.2213719344,6.369653338,5.7249515832,6.1117726361,2192077,,,,,,0.0,0.0,0.0,0.0,6.105325618533333,#000000,,6.105325618533333,,67.8714771996314,20.009759832978133,False,False,False,False,False,,,,0,,,False,False,False,False,,,False,False,False,False,89001,496196.67840080085,False,False,False,False,2377590.339580499,False,False,False,False
2022-02-04 00:00:00+00:00,6.3438652678,6.4792526363,6.1858488677,6.2020308818,1225919,,,,,,0.0,0.0,0.0,0.0,6.188176262114932,#000000,,6.188176262114932,,59.242080825697,12.74314821768835,False,False,False,True,False,,,,0,,,False,False,False,False,,,False,False,False,False,1314920,556842.8503711119,False,False,False,False,2292281.351463425,False,False,False,False
2022-02-11 00:00:00+00:00,6.1955838642,6.5114877241,6.1633487765,6.3761003556,1800691,,,,,,0.0,0.0,0.0,0.0,6.22335856067011,#000000,,6.22335856067011,,51.5947262362722,6.442941277480259,False,False,False,True,False,,,,0,,,False,False,False,False,,,False,False,False,False,-485771,479612.19478806655,False,False,False,False,2255867.251355023,False,False,False,False
2022-02-18 00:00:00+00:00,6.1845170408,6.4534645661,6.040855443,6.1633487765,1211031,,,,,,0.0,0.0,0.0,0.0,6.223908625650502,#000000,,6.223908625650502,,45.583548572796644,1.6691941258927798,False,False,False,True,False,,,,0,,,False,False,False,False,,,False,False,False,False,-1696802,318396.32850746904,False,False,False,False,2178471.9734768732,False,False,False,False
2022-02-25 00:00:00+00:00,6.1129068435,6.1291818883,5.6051254444,6.0608267,1374178,,,,,,0.0,0.0,0.0,0.0,6.0622921415387365,#000000,,6.0622921415387365,,40.5067090521199,-2.31734901835506,False,False,False,True,False,,,,1,,,False,False,False,False,,,False,False,False,False,-3070980,67331.41528469353,False,False,False,False,2118894.642108216,False,False,False,False
2022-03-04 00:00:00+00:00,5.9631764309,6.164986987,5.9110962874,6.0478066641,929492,,,,,,0.0,0.0,0.0,0.0,6.066563170002546,#000000,,6.066563170002546,,35.84279000236405,-6.0400127920990485,False,True,False,True,False,,,,1,,,False,False,False,False,,,False,False,False,False,-4000472,-233987.35621787637,False,False,False,False,2030790.7426927926,False,False,False,False
2022-03-11 00:00:00+00:00,5.9045862695,6.0347866283,5.7418358211,5.9631764309,1121534,,,,,,0.0,0.0,0.0,0.0,6.038225092379802,#000000,,6.038225092379802,,31.972290866189766,-9.1352649169051,False,True,False,True,False,,,,1,,,False,False,False,False,,,False,False,False,False,-5122006,-596062.8113128485,False,False,False,False,1963438.3913822153,False,False,False,False
2022-03-18 00:00:00+00:00,6.0051706201,6.0868667718,5.7613658749,5.9176063054,798415,,,,,,0.0,0.0,0.0,0.0,6.031858376421301,#000000,,6.031858376421301,,30.655411335475954,-9.93581166742704,False,True,False,True,False,,,,1,,,False,False,False,False,,,False,False,False,False,-4323591,-872176.0104748597,False,False,False,False,1877140.36239094,False,False,False,False
2022-03-25 00:00:00+00:00,6.0972542879,6.1893379556,5.9328191668,5.9854384056,891044,,,,,,0.0,0.0,0.0,0.0,6.041073928372351,#000000,,6.041073928372351,,31.01070102905273,-9.93581166742704,False,True,False,True,False,,,,1,,,False,False,False,False,,,False,False,False,False,-3432547,-1061833.1208100554,False,False,False,False,1804096.1873990186,False,False,False,False
2022-04-01 00:00:00+00:00,6.215647575,6.2678063954,6.1169865024,6.1235639072,659914,,,,,,0.0,0.0,0.0,0.0,6.056588311154522,#000000,,6.056588311154522,,32.84744789180288,-9.93581166742704,False,True,False,True,True,,,,1,,,False,False,False,False,,,False,False,False,False,-2772633,-1188559.0377870884,False,False,False,False,1719341.9512953875,False,False,False,False
2022-04-08 00:00:00+00:00,6.051212454,6.3011538379,5.8801999281,6.2485345992,717581,,,,,6.077522073333334,-1.0,6.3011537,5.8802,0.0,6.065822000328119,#000000,,6.065822000328119,,33.10970606592902,-9.93581166742704,False,True,False,True,True,,,,1,,,False,False,False,False,,,False,False,False,False,-3490214,-1359051.9979510077,False,False,False,False,1645137.436384618,False,False,False,False
2022-04-15 00:00:00+00:00,5.9393965717,6.0380576443,5.8473129039,6.0117480249,741139,,,,,6.008457912688153,0.0,0.0,0.0,0.0,6.037489479206275,#000000,,6.037489479206275,,32.642803315288134,-9.93581166742704,False,True,False,True,True,,,,1,,,False,False,False,False,,,False,False,False,False,-4231353,-1571815.035139822,False,False,False,False,1578174.5892450167,False,False,False,False
2022-04-22 00:00:00+00:00,5.7243179197,6.1032797332,5.7176694668,5.9969044873,1061989,,,,,5.941034032141021,0.0,0.0,0.0,0.0,6.002418464859307,#000000,,6.002418464859307,,31.21446909083223,-9.93581166742704,False,True,False,True,True,,,,1,,,False,False,False,False,,,False,False,False,False,-5293342,-1847483.699203539,False,False,False,False,1539938.619671312,False,False,False,False
2022-04-29 00:00:00+00:00,5.5381612393,5.8273689391,5.5315127865,5.7110210139,856987,,,,,5.862714309964864,0.0,0.0,0.0,0.0,5.957142429904274,#000000,,5.957142429904274,,29.373138415736197,-11.430425850048834,False,True,False,True,False,,,,0,,,False,False,False,False,,,False,False,False,False,-6150329,-2166212.9807440178,False,False,False,False,1489349.6108067702,False,False,False,False
2022-05-06 00:00:00+00:00,5.4450828992,5.6844272025,5.3586530119,5.6844272025,1190253,,,,,5.76717513207678,0.0,0.0,0.0,0.0,5.894612308805619,#000000,,5.894612308805619,,27.62030294070007,-13.411099609490222,False,True,False,True,False,,,,0,,,False,False,False,False,,,False,False,False,False,-7340582,-2549499.5747629795,False,False,False,False,1467194.3063025651,False,False,False,False
2022-05-13 00:00:00+00:00,5.3187622947,5.4430883633,5.0860664443,5.3719499176,1254555,,,,,5.662773798149442,0.0,0.0,0.0,0.0,5.82058204917126,#000000,,5.82058204917126,,25.856664079404787,-15.406640920813345,False,True,False,True,False,,,,0,,,False,False,False,False,,,False,False,False,False,-8595137,-2997324.569224981,False,False,False,False,1451443.2465764491,False,False,False,False
2022-05-20 00:00:00+00:00,5.3213056833,5.504918975,5.2496597851,5.2988169361,842526,,,,,5.624326766672267,0.0,0.0,0.0,0.0,5.788047544338087,#000000,,5.788047544338087,,24.517169468920947,-16.99740789410491,False,True,False,True,False,,,,0,,,False,False,False,False,,,False,False,False,False,-7752611,-3349568.008541649,False,False,False,False,1406338.265348564,False,False,False,False
2022-05-27 00:00:00+00:00,5.3347603121,5.3549422553,4.9849399638,5.3414876265,1141338,,,,,5.565925367866154,0.0,0.0,0.0,0.0,5.738902131861956,#000000,,5.738902131861956,,23.65580904383104,-18.143357180746115,False,True,False,True,False,,,,0,,,False,False,False,False,,,False,False,False,False,-6611273,-3591175.7856867122,False,False,False,False,1386708.6160634852,False,False,False,False
2022-06-03 00:00:00+00:00,5.2943964258,5.4491246568,5.247305225,5.2943964258,844589,,,,,5.542918972109302,0.0,0.0,0.0,0.0,5.715345930145336,#000000,,5.715345930145336,,22.841223080987557,-19.265785801447503,False,True,False,True,False,,,,0,,,False,False,False,False,,,False,False,False,False,-7455862,-3877448.838598808,False,False,False,False,1346551.60746619,False,False,False,False
2022-06-10 00:00:00+00:00,5.3482149409,5.5163978007,5.2607598538,5.4222153992,943450,,,,,5.526419153080033,0.0,0.0,0.0,0.0,5.615355566496907,#000000,,5.615355566496907,,22.974069378620662,-19.485732354747256,False,True,False,True,False,,,,1,,,False,False,False,False,,,False,False,False,False,-6512412,-4072631.2949988963,False,False,False,False,1316692.229135361,False,False,False,False
2022-06-17 00:00:00+00:00,4.6652010833,5.2943964258,4.6311669409,5.2405779106,1585742,,,,,5.432406187735284,0.0,0.0,0.0,0.0,5.352881572250119,#000000,,5.243753211970539,,21.152611080117058,-21.6097324199201,False,True,False,True,False,,,,0,,,False,False,False,False,,,False,False,False,False,-8098154,-4370818.162036015,False,False,False,False,1336621.841792001,False,False,False,False
2022-06-24 00:00:00+00:00,4.9721222072,4.9994040849,4.6822522568,4.7061238998,750687,,,,,5.39793782765224,0.0,0.0,0.0,0.0,5.327660814747881,#000000,,5.21926289317663,,22.596425135643234,-21.6097324199201,False,True,False,True,True,,,,1,,,False,False,False,False,-0.34282825441539394,-0.34282825441539394,False,False,False,False,-7347467,-4591310.668551866,False,False,False,False,1293219.2609185195,False,False,False,False
2022-07-01 00:00:00+00:00,5.0539678402,5.1494544121,4.7811490634,4.985763146,738108,,,,,5.374453857254772,0.0,0.0,0.0,0.0,5.318844990065301,#000000,,5.213928766821427,,24.384528818292786,-21.6097324199201,False,True,False,True,True,,,,1,0.7798893849658934,1.1813781509329497,False,False,False,False,-0.2974843259803389,-0.3201562901978664,False,False,False,False,-6609359,-4740795.730140617,False,False,False,False,1252099.9082578884,False,False,False,False
2022-07-08 00:00:00+00:00,5.115352065,5.1358134733,5.0198654931,5.0676087791,500267,,,,,5.363661187331053,0.0,0.0,0.0,0.0,5.3186626090365205,#000000,,5.216895620640234,,26.271164671742945,-21.6097324199201,False,True,False,True,True,,,,0,0.8108666068369489,1.1840122602463359,False,False,False,False,-0.25586622022353267,-0.28801125521069953,False,False,False,False,-6109092,-4842151.00938946,False,False,False,False,1196408.581720267,False,False,False,False
2022-07-15 00:00:00+00:00,5.0607883096,5.1289930038,4.9107379824,5.1085315956,898985,,,,,5.342563658352837,0.0,0.0,0.0,0.0,5.309686245261652,#000000,,5.211596750499666,,27.521351178738733,-21.6097324199201,False,True,False,True,True,,,,0,0.803527497226553,1.1925791648640578,False,False,False,False,-0.2703820203249922,-0.27919663776784587,False,False,False,False,-7008077,-5002589.971656907,False,False,False,False,1174377.2052965437,False,False,False,False
2022-07-22 00:00:00+00:00,5.0368834122,5.1819788191,4.9677903613,5.1128857682,703394,,,,,5.329214128343068,0.0,0.0,0.0,0.0,5.3044632340136,#000000,,5.209238843644171,,28.396158254735134,-27.727017619574987,False,False,False,True,True,,,,0,0.8336307527132606,1.194624607870531,False,False,False,False,-0.23079282262509887,-0.25499473019647234,False,False,False,False,-7711471,-5203247.825608247,False,False,False,False,1139489.5604597628,False,False,False,False
2022-07-29 00:00:00+00:00,5.2717997853,5.2856183955,5.0092461918,5.0437927173,809767,,,,,5.321921350994027,0.0,0.0,0.0,0.0,5.30749345103619,#000000,,5.216643834212544,,31.004508634320786,-24.986596852775918,True,False,False,True,True,,,,0,0.8937364544337221,1.1118575529578498,False,False,False,False,-0.1973079938661296,-0.22615136203130098,False,False,False,False,-6901704,-5329059.39408171,False,False,False,False,1115065.667092373,False,False,False,False
2022-08-05 00:00:00+00:00,5.2165253446,5.4790789381,5.1681602089,5.2648904802,1132870,,,,5.2879214972,5.3196168822101795,-1.0,5.479079,5.1681604,0.0,5.312982187322251,#000000,,5.1821289215691655,,32.75743474677066,-23.121111738400973,True,False,False,True,True,,,,0,0.8574399471724679,1.1014785037844554,False,False,False,False,-0.11762730644327152,-0.17188933423728625,False,False,False,False,-8034574,-5529467.883408991,False,False,False,False,1116384.506567012,False,False,False,False
2022-08-12 00:00:00+00:00,5.2925277006,5.3616207515,5.1681602089,5.2096160395,783897,,,,5.282270123256298,5.317577904528728,0.0,0.0,0.0,0.0,5.31550959259945,#000000,,5.190286421179958,,34.71249509683003,-21.07966456757095,True,False,False,False,True,,,,1,0.8574952999928074,1.1218619121769384,False,False,False,False,-0.1317419320777475,-0.1518156331575169,False,False,False,False,-7250677,-5656964.855008325,False,False,False,False,1091755.802376863,False,False,False,False
2022-08-19 00:00:00+00:00,5.1979031616,5.3448156332,5.1769156657,5.2925277006,1026459,,,,5.267485795146911,5.313272511595392,0.0,0.0,0.0,0.0,5.314174158522701,#000000,,5.19427345261856,,35.72585189848823,-19.957166461581682,True,False,False,False,True,,,,1,0.8697425646191145,1.1204135736541694,False,False,False,False,-0.12554205298688792,-0.1386788430722024,False,False,False,False,-8277136,-5851051.606489189,False,False,False,False,1086919.002200799,False,False,False,False
2022-08-26 00:00:00+00:00,5.036999026,5.1769156657,5.036999026,5.1629240017,568760,,,,5.2377119505222245,5.306432065774286,0.0,0.0,0.0,0.0,5.304651296803942,#000000,,5.184723327780229,,35.72008072831673,-19.7908496823504,True,False,False,True,True,,,,1,0.9067388478669671,1.1107979616985881,False,False,False,False,-0.20277774397428727,-0.17072829352324484,False,False,False,False,-8845896,-6072891.931934435,False,False,False,False,1048536.8538896288,False,False,False,False
2022-09-02 00:00:00+00:00,4.8481115626,5.057986522,4.8271240666,5.0230073621,743564,,,,5.1806391435838774,5.291612518183334,0.0,0.0,0.0,0.0,5.28292508257975,#000000,,5.160293195533392,,34.901050826000144,-19.7908496823504,True,False,False,True,False,,,,1,0.8370009478903161,1.131973473282138,False,False,False,False,-0.2880341588095003,-0.22938122616637258,False,False,False,False,-9589460,-6333378.455494847,False,False,False,False,1025946.2721200266,False,False,False,False
2022-09-09 00:00:00+00:00,4.8551073946,4.8900865545,4.7641615788,4.8900865545,646527,,,,5.135244837635265,5.277246095732816,0.0,0.0,0.0,0.0,5.263205969698038,#000000,,5.138299029738454,,34.3253146212478,-19.7908496823504,True,False,False,True,False,,,,0,0.8478914974852103,1.1402016955968641,False,False,False,False,-0.34282825441539394,-0.2861047402908833,False,False,False,False,-8942933,-6526678.792124858,False,False,False,False,997841.1408518765,False,False,False,False
2022-09-16 00:00:00+00:00,4.6732157631,5.0160115301,4.6172491072,4.9460532103,1302856,,,,5.05830739515056,5.246841705314397,0.0,0.0,0.0,0.0,5.224475084654373,#000000,,5.095955460495128,,33.148320645822146,-19.7908496823504,True,False,False,True,False,,,,0,0.8267161758937874,1.1287322716357941,False,False,False,False,-0.34282825441539394,-0.3144664973531386,False,False,False,False,-10245789,-6802168.4371526465,False,False,False,False,1020434.8341221078,False,False,False,False
2022-09-23 00:00:00+00:00,4.0030681758,4.6631485665,3.9178965125,4.5850745418,1701442,,,,4.872461115889169,5.170625297108229,0.0,0.0,0.0,0.0,5.124872754436853,#000000,,4.980389700717904,,30.386809228488403,-19.7908496823504,True,False,False,True,False,,,,0,0.7252909258163724,1.1773812187358952,False,False,False,False,-0.34282825441539394,-0.3286473758842663,False,False,False,False,-11947231,-7183284.1825487465,False,False,False,False,1070879.8093723222,False,False,False,False
2022-09-30 00:00:00+00:00,3.9462870669,4.10825518,3.854017765,3.9675799828,1106171,,,,4.761637018823098,5.116602645916196,0.0,0.0,0.0,0.0,5.058356774748457,#000000,,4.904494685668614,,28.122367038309783,-17.026320288669567,False,True,False,True,False,,,,0,0.6993544223367057,1.2580045666062059,False,False,False,False,-0.34282825441539394,-0.33573781514983014,False,False,False,False,-13053402,-7618107.724582173,False,False,False,False,1073493.971641039,False,False,False,False
2022-10-07 00:00:00+00:00,3.9320917897,4.2159973341,3.8966035967,4.0243610916,1287499,,,,4.668295068461324,5.061797107211964,0.0,0.0,0.0,0.0,4.995086677419462,#000000,,4.834606567772087,,26.330898010076258,-18.834190136909317,False,True,False,True,False,,,,0,0.7311960907080546,1.2518379039367664,False,False,False,False,-0.31470315113380587,-0.325220483141818,False,False,False,False,-14340901,-8116092.41165016,False,False,False,False,1089346.195963925,False,False,False,False
2022-10-14 00:00:00+00:00,3.854017765,3.98177526,3.7731046849,3.9107988739,867422,,,,4.606259745521106,5.023137099309322,0.0,0.0,0.0,0.0,4.796719281790942,#000000,,4.498055442275854,,24.767313483101578,-20.412584014702674,False,True,False,True,False,,,,0,0.7214546564602092,1.2496740175196164,False,False,False,False,-0.34282825441539394,-0.334024368778606,False,False,False,False,-15208323,-8641442.825602,False,False,False,False,1072907.3666332639,False,False,False,False
2022-10-21 00:00:00+00:00,3.9133605235,4.0740445619,3.8628189669,3.9037012353,1147208,,,,4.545130990442893,4.979008035103077,0.0,0.0,0.0,0.0,4.76226593766831,#000000,,4.4695315344235755,,24.092058224557682,-21.142839193819682,False,True,False,True,False,,,,0,0.7429378783571324,1.2503917373145699,False,False,False,False,-0.3058679781890247,-0.3199461734838154,False,False,False,False,-14061115,-9042900.023705557,False,False,False,False,1078411.117253022,False,False,False,False
2022-10-28 00:00:00+00:00,4.101086305,4.101086305,3.8628189669,3.9133605235,1077118,,,,4.503027900160553,4.943417405699243,0.0,0.0,0.0,0.0,4.735917765918122,#000000,,4.44961582515249,,25.17989311900411,-21.142839193819682,False,True,False,True,True,,,,0,0.765494750186043,1.2124092960875938,False,False,False,False,-0.29643298046404876,-0.30818957697393207,False,False,False,False,-12983997,-9334833.133060701,False,False,False,False,1078315.3307898352,False,False,False,False
2022-11-04 00:00:00+00:00,4.0433245261,4.2815918642,3.9783425248,4.1227469721,1160795,,,,4.470966812887575,4.91096982109001,0.0,0.0,0.0,0.0,4.714136928287788,#000000,,4.435989874714718,,25.83489168491157,-21.142839193819682,False,True,False,True,True,,,,0,0.8028730038240064,1.170335783405404,False,False,False,False,-0.22334828453470187,-0.26576893075431696,False,False,False,False,-14144792,-9691126.382463612,False,False,False,False,1084424.9359165141,False,False,False,False
2022-11-11 00:00:00+00:00,4.4548772011,4.4620974234,4.0000031919,4.0794256379,1243571,,,,4.457952784365622,4.886979819947899,0.0,0.0,0.0,0.0,4.706008470848945,#000000,,4.441085801763183,,29.293492673806696,-25.332101493438834,False,False,False,True,True,,,,0,0.8441078499359241,1.1133596283659162,False,False,False,False,-0.1773960490388359,-0.22158248989657642,False,False,False,False,-12901221,-9928911.168947788,False,False,False,False,1096213.5332560316,False,False,False,False
2022-11-18 00:00:00+00:00,4.2757684772,4.6065018708,4.253766238,4.5415198695,2044785,,,,4.448867047235098,4.8558818361706155,0.0,0.0,0.0,0.0,4.656428175923431,#000000,,4.390646311408478,,31.25421768416639,-23.405552743126933,True,False,False,True,True,,,,0,0.85766054394683,1.101317227956443,False,False,False,False,-0.08884017014768597,-0.1552113300221312,False,False,False,False,-14946006,-10300547.823099805,False,False,False,False,1166478.0863481774,False,False,False,False
2022-11-25 00:00:00+00:00,4.1950936003,4.3389882444,4.1584232017,4.3197729555,2322758,,,,4.423750843571387,4.8152655232093,0.0,0.0,0.0,0.0,4.621345961190029,#000000,,4.361635255857494,,32.467110743031284,-22.20287133256896,True,False,False,True,True,,,,0,0.8764359000629527,1.119343451046226,False,False,False,False,-0.1694506393433447,-0.16233098468273793,False,False,False,False,-17268764,-10816711.98435167,False,False,False,False,1252128.4503223863,False,False,False,False
2022-12-02 00:00:00+00:00,4.2904366366,4.3197729555,4.0667472051,4.1950936003,2134111,,,,4.404790941358172,4.782046734663372,0.0,0.0,0.0,0.0,4.597171595196186,#000000,,4.347136358541832,,34.03741489869218,-20.641025007508407,True,False,False,True,True,,,,0,0.8309014037310058,1.1333930411108948,False,False,False,False,-0.19447878960818712,-0.17840488714546254,False,False,False,False,-15134653,-11136559.466992287,False,False,False,False,1317460.4910392468,False,False,False,False
2022-12-09 00:00:00+00:00,4.1070846436,4.2977707163,4.070414245,4.2977707163,1402494,,,,4.390211835831917,4.759781174239724,0.0,0.0,0.0,0.0,4.578948477412141,#000000,,4.33338184848817,,34.51971899515056,-20.11470381859051,True,False,False,True,True,0.0,5.25643640023,,1,0.8289863200509578,1.145623324818499,False,False,False,False,-0.19239061610286268,-0.1853977516241626,False,False,False,False,-16537147,-11536602.98795582,False,False,False,False,1323759.2694807842,False,False,False,False
2022-12-16 00:00:00+00:00,4.070414245,4.2683610567,4.0264097667,4.1290868828,2508627,,,,4.364513541264659,4.721479537935545,0.0,0.0,0.0,0.0,4.547290438632254,#000000,,4.309179993828944,,34.75236860655324,-19.786846214843315,True,False,False,True,True,0.0,5.201904027092,,1,0.9072376709198035,1.1358673972036402,False,False,False,False,-0.20982991947108431,-0.19761383554762346,False,False,False,False,-19045774,-12092837.87773687,False,False,False,False,1411527.2495192448,False,False,False,False
2022-12-23 00:00:00+00:00,3.8727353103,4.1040547604,3.7981161328,4.0816690072,3000424,,,,4.319362915657207,4.668123164167293,0.0,0.0,0.0,0.0,4.495488463774604,#000000,,4.25974140238082,,34.19998575286887,-19.786846214843315,True,False,False,True,False,0.0,5.14303478393,,1,0.8699451580082401,1.1204134458534674,False,False,False,False,-0.3055573319035707,-0.2515855837255971,False,False,False,False,-22046198,-12830123.812719325,False,False,False,False,1529223.305110412,False,False,False,False
2022-12-30 00:00:00+00:00,3.7831922973,3.8951210635,3.7085731198,3.8876591458,2040353,,,,4.285167321999843,4.630110013611035,0.0,0.0,0.0,0.0,4.45757250886235,#000000,,4.2224213170108875,,33.46138375930384,-19.786846214843315,True,False,False,True,False,0.0,5.079052822324,,0,0.8393107453824908,1.1754296040430015,False,False,False,False,-0.34282825441539394,-0.2972069190704955,False,False,False,False,-24086551,-13663933.233999375,False,False,False,False,1567084.7639911224,False,False,False,False
2023-01-06 00:00:00+00:00,3.8428876393,3.8951210635,3.7831922973,3.820501886,1414522,,,,4.26590672309659,4.606956359228974,0.0,0.0,0.0,0.0,4.4359891758389836,#000000,,4.202817929342281,,33.34558249308806,-19.786846214843315,True,False,False,True,False,0.0,5.030838434668,,0,0.8155000070144894,1.1735599528196674,False,False,False,False,-0.324775616729298,-0.31099126789989673,False,False,False,False,-22672029,-14331199.587036459,False,False,False,False,1555783.8185102986,False,False,False,False
2023-01-13 00:00:00+00:00,3.8354257215,3.9025829813,3.5891824359,3.8652733925,2708796,,,,4.228369996494849,4.562767393654836,0.0,0.0,0.0,0.0,4.258491311865857,#000000,,4.023718146131604,,33.22635819805686,-19.786846214843315,True,False,False,True,False,0.0,4.983119510410001,,0,0.8059009227822942,1.1691693300159263,False,False,False,False,-0.34282825441539394,-0.32690976115764536,False,False,False,False,-25380825,-15149690.358367093,False,False,False,False,1641192.1282502764,False,False,False,False
2023-01-20 00:00:00+00:00,3.7370075216,3.8652733925,3.7144046535,3.8354257215,1764117,,,,4.206702016714696,4.536313625388574,0.0,0.0,0.0,0.0,4.2378584775699455,#000000,,4.007831457999263,,32.74511092711904,-19.786846214843315,True,False,False,True,False,0.0,4.930982355486,,0,0.8139403543473023,1.1837013061664596,False,False,False,False,-0.3223299631797509,-0.3246198621686981,False,False,False,False,-27144942,-16038227.517006567,False,False,False,False,1650297.6743058115,False,False,False,False
2023-01-27 00:00:00+00:00,3.7972818365,3.8048161258,3.6771852641,3.7219389429,1619677,,,,4.188024016123735,4.513166653877937,0.0,0.0,0.0,0.0,4.2197414144312795,#000000,,3.9937513095145833,,32.888386731552345,-19.786846214843315,True,False,False,True,False,0.0,4.883016314932,,1,0.7983051155000175,1.211843391709368,False,False,False,False,-0.34282825441539394,-0.333724058292046,False,False,False,False,-25525265,-16740971.03426534,False,False,False,False,1648029.4762090847,False,False,False,False
2023-02-03 00:00:00+00:00,3.7972818365,3.8876933088,3.7144046535,3.7520761003,1835575,,,,4.17046834822087,4.489855939542309,0.0,0.0,0.0,0.0,4.2038670501371405,#000000,,3.984063655747572,,32.9998234683338,-19.786846214843315,True,False,False,True,False,0.0,4.835271610846,,1,0.7758791065508246,1.2328117064483621,False,False,False,False,-0.31391328156811293,-0.32381866993007946,False,False,False,False,-25525265,-17391659.47617161,False,False,False,False,1661921.7372306339,False,False,False,False
2023-02-10 00:00:00+00:00,3.7294732322,3.8123504152,3.6993360748,3.767144679,1705510,,,,4.153395666991078,4.467968007294971,0.0,0.0,0.0,0.0,4.187020593654428,#000000,,3.9712063324349787,,32.77628599445001,-19.786846214843315,True,False,False,True,False,0.0,4.78760293862,,1,0.7708519299812416,1.2292596174708537,False,False,False,False,-0.33561231068137765,-0.32971549030572855,False,False,False,False,-27230775,-18120482.848307047,False,False,False,False,1665150.497435772,False,False,False,False
2023-02-17 00:00:00+00:00,3.7581828241,3.8424875726,3.7332403769,3.7596103897,1432357,,,,4.141098846637092,4.451304778857585,0.0,0.0,0.0,0.0,4.175354780083258,#000000,,3.9635965870952057,,32.88370157869103,-19.786846214843315,True,False,False,True,False,0.0,4.743503066484,,1,0.7722004967572361,1.2234200583985106,False,False,False,False,-0.31762372479626666,-0.3236696075509976,False,False,False,False,-25798418,-18689218.785469487,False,False,False,False,1647906.534662752,False,False,False,False
2023-02-24 00:00:00+00:00,3.7201445364,3.7581828241,3.6516756186,3.7201445364,1058957,,,,4.130906347875701,4.438301609994071,0.0,0.0,0.0,0.0,4.165019830678187,#000000,,3.955316935167124,,32.776991543536354,-19.786846214843315,True,False,False,True,False,0.0,4.699814231822,,1,0.7825405891193505,1.2156273774265607,False,False,False,False,-0.34282825441539394,-0.33324893098319575,False,False,False,False,-26857375,-19294267.39395323,False,False,False,False,1604280.6432062518,False,False,False,False
2023-03-03 00:00:00+00:00,3.7505751666,3.7810057967,3.6744985912,3.742967509,1155712,,,,4.12095665826641,4.425097527440278,0.0,0.0,0.0,0.0,4.155184664701496,#000000,,3.9481479676639153,,33.018273763620655,-19.63231254596256,True,False,False,True,False,0.0,4.654722322752001,,1,0.8149261552428693,1.1975275975547703,False,False,False,False,-0.32783829588581026,-0.330543613434503,False,False,False,False,-25701663,-19768889.290697433,False,False,False,False,1571053.3363020848,False,False,False,False
2023-03-10 00:00:00+00:00,3.5908143583,3.7810057967,3.5680674622,3.7505751666,959384,,,,4.111254733409066,4.413145187126238,0.0,0.0,0.0,0.0,4.145066944686366,#000000,,3.9393706434009985,,32.39110795390314,-19.63231254596256,True,False,False,True,False,0.0,4.60459352416,,1,0.8106751500467351,1.1687749826900438,False,False,False,False,-0.34282825441539394,-0.3366859339249485,False,False,False,False,-26661047,-20279419.49138651,False,False,False,False,1525744.4965760047,False,False,False,False
2023-03-17 00:00:00+00:00,3.5279531618,3.7125368789,3.5048946444,3.5679913856,1515072,,,,4.094687614817782,4.393464861367825,0.0,0.0,0.0,0.0,4.127498193950602,#000000,,3.9232218573531794,,31.610368764617228,-19.63231254596256,True,False,False,True,False,0.0,4.550839635896,,1,0.8182888122402446,1.205061537470336,False,False,False,False,-0.34282825441539394,-0.3397570941701712,False,False,False,False,-28176119,-20864360.19572825,False,False,False,False,1524953.9412740783,True,False,False,False
2023-03-24 00:00:00+00:00,3.6278734039,3.7047351285,3.497208472,3.497208472,1167990,,,,4.083269759449985,4.379422079334072,0.0,0.0,0.0,0.0,4.0030160904087015,#000000,,3.79467584446508,,32.09690149264881,-19.63231254596256,True,False,False,True,True,0.0,4.502372854894,,1,0.9239678057737765,1.1659864224474694,False,False,False,False,-0.34282825441539394,-0.34129267429278254,False,False,False,False,-27008129,-21319454.181229863,False,False,False,False,1498512.1678463689,False,False,False,False
2023-03-31 00:00:00+00:00,3.7585383358,3.777753767,3.5740701966,3.6432457488,1016478,,,,4.075640415021549,4.369040507257879,0.0,0.0,0.0,0.0,4.0023771101834935,#000000,,3.8022458692979537,,33.77566196665764,-18.4719588837006,True,False,False,True,True,0.0,4.458755690176,,1,0.9482068682327525,1.0562935155210964,False,False,False,False,-0.277240100325407,-0.3092663873090948,False,False,False,False,-25991651,-21665542.834472097,False,False,False,False,1462805.9331910824,False,False,False,False
2023-04-07 00:00:00+00:00,3.7815968532,3.8086521803,3.7201074735,3.7585383358,1019385,,,,4.06960739390409,4.359955834955759,0.0,0.0,0.0,0.0,3.928918174083701,#000000,,3.7726210136605376,,35.30181170726982,-16.954685888264102,True,False,False,True,True,0.0,4.419901268846001,,1,0.9650974560726525,1.072878393647266,False,False,False,False,-0.20265944978090847,-0.25596291854500164,False,False,False,False,-24972266,-21910485.29117787,False,False,False,False,1429959.9381398913,False,False,False,False
2023-04-14 00:00:00+00:00,3.7585383358,3.7892830257,3.6855196974,3.7815968532,876611,,,,4.064178061455855,4.352030567614252,0.0,0.0,0.0,0.0,3.9257563644486657,#000000,,3.771772048951714,,36.332499769315206,-15.943849812222012,True,False,False,True,True,0.0,4.384308810776,,1,0.9811458969167263,1.0338710993130997,False,False,False,False,-0.2251322584037098,-0.2405475884743557,False,False,False,False,-25848877,-22202218.01034988,False,False,False,False,1388971.1279073067,False,False,False,False
2023-04-21 00:00:00+00:00,3.7036634426,3.8071149458,3.6648409746,3.7431659909,970255,,,,4.058027168876438,4.3432229453397095,0.0,0.0,0.0,0.0,3.921223628469181,#000000,,3.7689127933004407,,36.759021376794045,-15.516952619665993,True,False,False,True,True,0.0,4.349480421644,,1,0.9614568364375748,1.050276870756306,False,False,False,False,-0.22632398067813178,-0.23343578457624375,False,False,False,False,-26819132,-22544211.63921285,False,False,False,False,1357955.1184326913,False,False,False,False
2023-04-28 00:00:00+00:00,3.7269569234,3.7580148977,3.6415474939,3.6803699618,1175807,,,,4.05051376227619,4.332601542223473,0.0,0.0,0.0,0.0,3.915254931087087,#000000,,3.764561246181203,,37.349550437661335,-14.918254957507457,True,False,False,True,True,0.0,4.317644314218,,1,0.9559823667985277,1.066368033751137,False,False,False,False,-0.25685258233492414,-0.24514418345558395,False,False,False,False,-25643325,-22773775.59186375,False,False,False,False,1344462.665215455,False,False,False,False
2023-05-05 00:00:00+00:00,3.7036634426,3.7657793913,3.5871960387,3.7036634426,752914,,,,4.045553565124575,4.32573797961381,0.0,0.0,0.0,0.0,3.910811964514667,#000000,,3.7606851157417975,,37.63536038619753,-14.604153805645765,True,False,False,True,True,0.0,4.285291469404,,1,0.9208240720342966,1.1026595712551386,False,False,False,False,-0.2767457562382608,-0.2609449698469224,False,False,False,False,-26396239,-23042106.21468866,False,False,False,False,1300644.2455698657,False,False,False,False
2023-05-12 00:00:00+00:00,3.6881344554,3.7463681573,3.6493119875,3.734721417,808147,,,,4.040507605478696,4.3186330880060035,0.0,0.0,0.0,0.0,3.906915155591281,#000000,,3.757991188607934,,37.737884248424,-14.449782887667531,True,False,False,True,True,0.0,4.25235895227,,1,0.9233232395353793,1.1540123097144754,False,False,False,False,-0.2585025680436517,-0.25972376894528704,False,False,False,False,-27204386,-23350423.235822834,False,False,False,False,1264162.968120246,False,False,False,False
2023-05-19 00:00:00+00:00,3.678732852,3.7186489152,3.6552015118,3.6570764811,1116599,,,,4.033567024180688,4.308916138191578,0.0,0.0,0.0,0.0,3.901395288594695,#000000,,3.7539690109303514,,37.74170320585863,-14.372265242801284,True,False,False,True,True,0.0,4.220045680794,,1,0.8610048147408557,1.2040132309243643,False,False,False,False,-0.24734245391312001,-0.25353311142920354,False,False,False,False,-28320985,-23718612.996132255,False,False,False,False,1253232.3038150426,False,False,False,False
2023-05-26 00:00:00+00:00,3.6002950513,3.7179517523,3.561076151,3.6630452919,1261790,,,,4.024798493740065,4.297305266241447,0.0,0.0,0.0,0.0,3.829211193007593,#000000,,3.6854469595056134,,37.122012834706155,-14.372265242801284,True,False,False,True,False,0.0,4.185087283002,,1,0.8605233421082109,1.143225141334598,False,False,False,False,-0.2953501599928181,-0.2744416357110108,False,False,False,False,-29582775,-24152995.366789125,False,False,False,False,1253866.2072361505,False,False,False,False
2023-06-02 00:00:00+00:00,3.7650144328,3.7728582128,3.6159826115,3.6159826115,878978,,,,4.020262808707722,4.29051954785741,0.0,0.0,0.0,0.0,3.8323649597568394,#000000,1.001453140823532,3.6957177578946796,0.06919612319387737,38.708366663645904,-13.341216788987332,True,False,False,True,True,0.0,4.167083549991999,,1,0.8888191955380297,1.1247150670149388,False,False,False,False,-0.22810672009546107,-0.2512741779032359,False,False,False,False,-28703797,-24490091.784064006,False,False,False,False,1226096.710403843,False,False,False,False
2023-06-09 00:00:00+00:00,3.8042333331,3.8434522334,3.6865766321,3.7336393125,966179,,,,4.016390844954228,4.284006076796891,0.0,0.0,0.0,0.0,3.837234654125945,#000000,0.9782371685975387,3.7085963482156976,0.09776461982262796,40.3784120184066,-11.714385432652946,True,False,False,False,True,0.0,4.14372577251,,1,0.9030276913297314,1.1045637187927986,False,False,False,False,-0.13262907993157924,-0.19195162891740758,False,False,False,False,-27737618,-24730649.281540744,False,False,False,False,1206843.5466702252,False,False,False,False
2023-06-16 00:00:00+00:00,3.8651143771,3.9205565915,3.7336393125,3.796389553,1433395,,,,4.012298519250834,4.275783940107582,0.0,0.0,0.0,0.0,3.8459470103328828,#000000,0.9514596485756164,3.728897359614831,0.14316636306026484,42.33857575758427,-9.846490126121559,True,False,True,False,True,0.0,4.119948703248,,1,0.9239181485006988,1.0800110336238942,False,False,False,False,0.09656986063737995,-0.047690884140013816,False,False,False,False,-26304223,-24847210.29772291,False,False,False,False,1223625.135805764,False,False,False,False
2023-06-23 00:00:00+00:00,3.7898713718,3.8611542189,3.7898713718,3.8255127954,643938,,,,4.010251917068916,4.271972952930489,0.0,0.0,0.0,0.0,3.847628284225838,#000000,0.9175642267087125,3.733808689384682,0.06109946397585024,43.11676288736186,-9.141281882364204,True,False,True,False,True,0.0,4.093439089384,,1,0.9918257883285461,1.0566690996844228,False,False,False,False,0.3009624331732086,0.12663577451659738,False,False,False,False,-26948161,-25002836.275669362,False,False,False,False,1180685.3479682999,False,False,False,False
2023-06-30 00:00:00+00:00,3.9680784896,3.9759988059,3.79383153,3.8017518463,1434706,,,,4.00806167409537,4.265490092250449,0.0,0.0,0.0,0.0,3.8572259898429717,#000000,0.9007304045033502,3.7538774594326463,0.2378081489160577,45.49914030693815,-6.891170914412825,True,False,True,False,True,0.0,4.071584892984,,0,1.0149465593134877,0.9720471384927668,False,False,False,False,0.34282799356855836,0.2347318840425779,False,False,False,False,-25513455,-25040659.88487904,False,False,False,False,1199501.6925632406,False,False,False,False
2023-07-07 00:00:00+00:00,3.9759988059,4.0393613367,3.9205565915,3.9205565915,1408317,,,,4.007427611056405,4.260498541114894,0.0,0.0,0.0,0.0,3.8683001582162193,#000000,0.8832603795778092,3.775283945251413,0.2272431383648467,47.423726251910786,-5.120717824802497,True,False,True,False,True,0.0,4.050367200858,,0,1.028350923035229,0.9557643043021002,False,False,False,False,0.3428280589846665,0.2887799715136222,False,False,False,False,-24105138,-24971361.967480592,False,False,False,False,1214969.4931141117,False,False,False,False
2023-07-14 00:00:00+00:00,4.0156003877,4.0670824439,3.8651143771,3.9680784896,1025060,,,,4.007044177765323,4.257022784273122,0.0,0.0,0.0,0.0,3.8750697836422456,#000000,0.8607051196226168,3.7882468398497107,0.2641480138400647,49.28791816464314,-3.422160936667595,True,False,True,False,True,0.0,4.025243212906,,0,1.0659628774311543,0.9490796994557474,False,False,False,False,0.31597381792197016,0.30237689471779616,False,False,False,False,-23080078,-24831266.858778324,False,False,False,False,1200902.1232538072,False,False,False,False
2023-07-21 00:00:00+00:00,4.0220227448,4.1027238675,4.0116402295,4.0156003877,1407909,,,,4.007842143568975,4.253449855529459,0.0,0.0,0.0,0.0,3.8862291180032864,#000000,0.8405326192303095,3.8083799466475554,0.25417549927816147,50.79898102862322,-2.0663984741860233,True,False,True,False,True,0.0,4.00135316091,,0,1.0727710923640972,0.9285866707231846,False,False,False,False,0.3428280920653775,0.32260249339158686,False,False,False,False,-21672169,-24597259.609979928,False,False,False,False,1216235.9659757474,False,False,False,False
2023-07-28 00:00:00+00:00,4.0620030902,4.0699991592,3.9740463303,4.0060306066,1025105,,,,4.008251944250694,4.250800549729759,0.0,0.0,0.0,0.0,3.892871715522456,#000000,0.8188470923949457,3.820309759358013,0.2951629591003224,52.363322710666274,-0.6495156236546293,True,False,True,False,True,0.0,3.976742668702,,0,1.073296223834861,0.9204285302790362,False,False,False,False,0.28674357416941815,0.3046730337805025,False,False,False,False,-20647064,-24304652.527759194,False,True,False,False,1202078.1166442104,False,True,False,False
2023-08-04 00:00:00+00:00,3.9660502613,4.1099795046,3.942062054,4.0939873665,922686,,,4.006030606633333,4.008222551608413,4.248153288347497,-1.0,4.1099796,3.9420621,109.0,3.8873146730962276,#000000,0.7983251995796861,3.8847028211391468,0.10189762292820288,52.38481955249604,-0.6495156236546293,True,False,True,False,True,0.0,3.952105610696,,1,1.054553545559186,0.9319964909752446,False,False,False,False,0.2930273659765718,0.2988501998785371,False,False,False,False,-21569750,-24102067.155332584,False,False,False,False,1181382.4043001947,False,False,False,False
2023-08-11 00:00:00+00:00,3.942062054,4.046010952,3.9375042947,3.9900384685,818162,,,3.9915373129324636,4.007839503221965,4.245560426437186,0.0,0.0,0.0,0.0,3.88845166185562,#000000,0.7805807615834822,3.8853800603082207,0.07261515589596966,52.11822059795457,-0.6495156236546293,True,False,True,False,False,0.0,3.9302068712560003,,1,1.0574870993017593,0.9288109049559018,False,False,False,False,0.2398459835672934,0.26934809172291524,False,False,False,False,-22387912,-23975092.699382022,False,False,False,False,1154477.189166847,False,False,False,False
2023-08-18 00:00:00+00:00,3.8367538243,3.9660502613,3.7963669419,3.934065985,793189,,,3.952364561970124,4.006266876137736,4.242100480517683,0.0,0.0,0.0,0.0,3.8836436195646202,#000000,0.7640015528413074,3.875875700927326,-0.051206540722113066,50.74402475692326,-0.6495156236546293,True,False,True,False,False,0.0,3.9099797164899996,,1,1.0106134307557078,0.9604747863016141,False,False,False,False,0.07556236539948083,0.17245522856119805,False,False,False,False,-23181101,-23916278.4994278,False,False,False,False,1127715.1010804137,False,False,False,False
2023-08-25 00:00:00+00:00,3.8367538243,3.933682342,3.7923282537,3.8529085773,746225,,,3.930045627643743,4.004693336926065,4.238799257183935,0.0,0.0,0.0,0.0,3.880673049343959,#000000,0.7431300321216417,3.870209485610454,-0.04501992903575409,49.675205769454465,-0.6495156236546293,True,False,False,False,False,0.0,3.889612645084,,0,1.0311429459663797,0.9470220545722244,False,False,False,False,0.049123617737352875,0.11078942314927546,False,False,False,False,-23181101,-23861820.906877592,False,False,False,False,1099456.575074457,False,False,False,False
2023-09-01 00:00:00+00:00,3.9013728361,3.9579144714,3.8443465582,3.8609859537,909832,,,3.923784573741092,4.003403576540249,4.235331804758871,0.0,0.0,0.0,0.0,3.880866254638667,#000000,0.7169455630233913,3.8701612987436698,0.043534040750193057,49.65358198372228,-0.6495156236546293,True,False,False,False,False,0.0,3.8741757865440003,,0,1.0367476284925445,0.9448419148303158,False,False,False,False,0.10461997075345093,0.1077046969513632,False,False,False,False,-22271269,-23744002.247108884,False,False,False,False,1085410.310254127,False,False,False,False
2023-09-08 00:00:00+00:00,3.8125216949,3.917527589,3.8004056302,3.9013728361,599406,,,3.9137350772465007,4.002101155530766,4.232698076978823,0.0,0.0,0.0,0.0,3.879280653112547,#000000,0.6849968566630021,3.867332094156106,-0.08001554857217516,48.6417321156888,1.7320506193239567,False,True,False,True,False,0.0,3.8703648569260003,,0,1.0546993922928312,0.9543878645983188,False,False,False,False,0.0432683487381135,0.07548652284473835,False,False,False,False,-22870675,-23679311.339915633,False,False,False,False,1049409.9909760435,False,False,False,False
2023-09-15 00:00:00+00:00,3.7721348125,3.852666256,3.7479026831,3.8448312008,907177,,,3.8941741959790237,3.9995295955531387,4.228249177831777,0.0,0.0,0.0,0.0,3.8751226135996863,#000000,0.6566033475061697,3.860360390369424,-0.13436662820028475,47.4324834710407,0.5122175174061709,False,True,False,True,False,0.0,3.866881811838,,0,1.0592590061291982,0.95206568121059,False,False,False,False,-0.04167826364117658,0.016904129601780886,False,False,False,False,-23777852,-23686610.64807003,False,False,False,False,1038874.2138667069,False,False,False,False
2023-09-22 00:00:00+00:00,3.616770164,3.8044443184,3.616770164,3.7721348125,1017675,,,3.861610609318998,3.9952148884639893,4.222117514225199,0.0,0.0,0.0,0.0,3.8664149052341283,#000000,0.6314804195981933,3.846359071088539,-0.3635724877021918,45.07154165980758,-1.7942797159969572,False,True,False,True,False,0.0,3.860575379324,,0,1.024859541815727,0.9631697846847623,False,False,False,False,-0.22119659291153537,-0.10214623165487724,False,False,False,False,-24795527,-23768752.600064844,False,False,False,False,1037303.9017284324,False,False,False,False
2023-09-29 00:00:00+00:00,3.616770164,3.6575914977,3.5351274966,3.5922773638,1218222,,,3.821920276869746,3.9889913196863334,4.213950265659319,0.0,0.0,0.0,0.0,3.854092933169693,#000000,0.6114302272519031,3.827211929569414,-0.34417952562674675,43.23525358440404,-3.551779198967921,False,True,False,True,False,0.0,3.855830427304,,0,0.9798043761320046,1.0256137924912705,False,False,False,False,-0.34282825441539394,-0.2224872430351356,False,False,False,False,-24795527,-23844809.963023007,False,False,False,False,1050705.2423411412,False,False,False,False
2023-10-06 00:00:00+00:00,3.5759488303,3.6249344307,3.4943061629,3.616770164,985776,,,3.793528971339754,3.983614853401674,4.207094981767101,0.0,0.0,0.0,0.0,3.844138094430103,#000000,0.5960072158081765,3.812210304026889,-0.3964070693448263,41.4575872816318,-5.235997490476336,False,True,False,True,False,0.0,3.84908219344,,0,0.9268899966661239,1.0433869462934309,False,False,False,False,-0.34282825441539394,-0.2826577487252648,False,False,False,False,-25781303,-23988253.89168797,False,False,False,False,1045895.6688343901,False,False,False,False
2023-10-13 00:00:00+00:00,3.5677845636,3.6698378978,3.5596202968,3.5596202968,1170623,,,3.7709671742266218,3.9779094528893357,4.199561528684796,0.0,0.0,0.0,0.0,3.835104810876438,#000000,0.5819603471127794,3.7991255311422085,-0.3975201552647647,40.00392669140115,-6.601634344851874,False,True,False,True,False,0.0,3.8384161586119996,,0,0.9553912567119607,1.0250571403255204,False,False,False,False,-0.26278643332951396,-0.27272209102738937,False,False,False,False,-26951926,-24207785.158970345,False,False,False,False,1055134.730402213,False,False,False,False
2023-10-20 00:00:00+00:00,3.4920075353,3.6575914977,3.4920075353,3.584113097,1024117,,,3.75034630955878,3.9723903918897463,4.192566046959159,0.0,0.0,0.0,0.0,3.826284592967696,"rgba(239, 83, 80, 0.5)",0.5712673402656537,3.786538502533827,-0.5155746643889407,38.23125808420807,-8.276854047127252,False,True,False,True,False,0.0,3.8273898187960005,,0,0.942445227464543,1.0333769976653076,False,False,False,False,-0.3203963366108642,-0.29655921381912675,False,False,False,False,-27976043,-24486915.369416986,False,False,False,False,1052837.12074279,False,False,False,False
2023-10-27 00:00:00+00:00,3.4094541657,3.5332842201,3.3681774809,3.4754968614,939471,,3.4369719555666665,3.7259194580606354,3.966169755286394,4.185205640437928,1.0,3.5332842,3.3681774,0.0,3.7494823558875554,#000000,0.5605530449648688,3.6870028721896455,-0.49513370586906724,36.225654024729,-10.168396846438505,False,True,False,True,False,0.0,3.8064813580880004,,0,0.9152482793297796,1.053852883116773,False,False,False,False,-0.34282825441539394,-0.3196937341172603,False,False,False,False,-28915514,-24814959.712423135,False,False,False,False,1044439.6303173981,False,False,False,False
2023-11-03 00:00:00+00:00,3.7066462964,3.7974550029,3.4094541657,3.4424755135,861210,,3.5330465792695773,3.7200462914125003,3.9627098768857096,4.180361171661084,0.0,0.0,0.0,0.0,3.758133265420838,#000000,0.544076835842636,3.7070996319302316,-0.0008332196858359401,38.65507982733575,-10.168396846438505,False,True,False,True,True,0.0,3.7950989144719993,,1,0.9450599293139402,0.983467105258915,False,False,False,False,-0.16527973765371368,-0.242486735885487,False,False,False,False,-28054304,-25054911.141132534,False,False,False,False,1030867.065108702,False,False,False,False
2023-11-10 00:00:00+00:00,3.6818802855,3.7231569703,3.6075822528,3.7231569703,589755,,3.5670503847431396,3.717898697184604,3.96061891620228,4.177291794579008,0.0,0.0,0.0,0.0,3.7607564104955875,#000000,0.527704026462151,3.713820928989113,-0.06052757206203287,40.31261635589409,-13.568199773008104,False,True,False,True,True,0.0,3.7848346481759996,,1,0.9809163633703842,0.9979094126795096,False,False,False,False,-0.09670934581543808,-0.16959804085046254,False,False,False,False,-28644059,-25320773.945493087,False,False,False,False,998192.0973228723,False,False,False,False
2023-11-17 00:00:00+00:00,3.7960515957,3.8634976987,3.6561236341,3.6571142746,721678,,3.614551520092728,3.720637852272378,3.9589786177127197,4.174325031643207,0.0,0.0,0.0,0.0,3.766772770079582,#000000,0.507120873037213,3.726202182661299,0.13773720773977097,42.782221729707025,-11.253252538943123,True,False,False,False,True,0.0,3.774946947358,,0,0.9923646055185363,0.9556052282883589,False,False,False,False,0.006371166894055663,-0.08161343697820343,False,False,False,False,-27922381,-25513485.579160266,False,False,False,False,977709.5715952521,False,False,False,False
2023-11-24 00:00:00+00:00,3.86279536,3.8711383305,3.7877086251,3.7877086251,557304,,3.648875336384746,3.7251584716464095,3.958189037424353,4.172449360552057,0.0,0.0,0.0,0.0,3.7721229431632555,#000000,0.5024961270693362,3.736435838470153,0.25146367249992996,45.330737131843364,-8.879554649078791,True,False,True,False,True,0.0,3.770061161686,,0,1.0502124788353624,0.9526252391009247,False,False,False,False,0.08231601443611741,0.0003512887289569902,False,False,False,False,-27365077,-25650640.499222465,False,False,False,False,946568.4181437519,False,False,False,False
2023-12-01 00:00:00+00:00,3.9045102127,3.9045102127,3.7960515957,3.8294234778,778502,,3.6872904110857148,3.7323225699727045,3.9573601386867443,4.170080845099751,0.0,0.0,0.0,0.0,3.7788680647739685,#000000,0.49081598802788573,3.7488886321123776,0.3170670564602325,47.693975279505565,-6.6951521383446035,True,False,True,False,True,0.0,3.7667430810400004,,0,1.0429875225983194,0.9615555588229366,False,False,False,False,0.10521625157500106,0.05278377015197902,False,False,False,False,-26586575,-25719968.980761543,False,False,False,False,934119.0538368074,False,False,False,False
2023-12-08 00:00:00+00:00,3.8377664484,3.8961672421,3.7877086251,3.8461094189,613456,,3.705865684495536,3.7364272615877305,3.9565169218259904,4.168070655712379,0.0,0.0,0.0,0.0,3.7821991194496816,#000000,0.4763768299423255,3.7550761502784082,0.17358169609467158,48.78118154713068,-5.7272495831335135,True,False,True,False,True,0.0,3.766043703802,,0,1.0204006403471866,0.9797854624997547,False,False,False,False,0.09604429201834863,0.07441403108516383,False,False,False,False,-27200031,-25829603.204408836,False,False,False,False,910366.2350340809,False,False,False,False
2023-12-15 00:00:00+00:00,3.8961672421,3.9295391243,3.7968858927,3.8294234778,839795,,3.7298209553334822,3.7432273623932777,3.9557114112529668,4.165636906702811,0.0,0.0,0.0,0.0,3.787177349999367,#000000,0.45872287149825847,3.7638894137989087,0.2883610923280368,50.19121309877778,-4.404210928876488,True,False,True,False,True,0.0,3.7683032026980006,,0,1.0105501339465723,0.9912047164015085,False,False,False,False,0.11946829493088723,0.09694116300802552,False,False,False,False,-26360236,-25868909.33741559,False,False,False,False,905138.7361426676,False,False,False,False
2023-12-22 00:00:00+00:00,3.9366371083,3.9534963679,3.8944889594,3.9128531832,1386751,,3.767570084568663,3.757167973976887,3.955274063225102,4.162433761821149,0.0,0.0,0.0,0.0,3.7966377058732155,#000000,0.44152543886642426,3.7796808385672143,0.35548635688071845,51.66935094992893,-2.990161226130219,True,False,True,False,True,0.0,3.7701781920779998,,1,1.022790467795351,0.9698075458911831,False,False,False,False,0.18720683756012635,0.14207400028407594,False,False,False,False,-24973485,-25802581.60871814,False,False,False,False,940813.7186506181,False,False,False,False
2023-12-29 00:00:00+00:00,3.9619259977,3.987214887,3.9366371083,3.9366371083,1331215,,3.797588113851033,3.7709817696780106,3.955374074936123,4.159870253949085,0.0,0.0,0.0,0.0,3.8055215074889768,#000000,0.42390354536581887,3.7938286660278178,0.3965461801625604,53.058496275413674,-1.6423946986491416,True,False,True,False,True,0.0,3.772708197602,,0,1.0354200142083994,0.992419661162023,False,False,False,False,0.230320946471261,0.18619747337766845,False,False,False,False,-23642270,-25642558.52659087,False,False,False,False,969732.3320839057,False,False,False,False
2024-01-05 00:00:00+00:00,3.9197778488,3.9619259977,3.8776296999,3.9450667381,639930,,3.8060331199284154,3.7756557506861355,3.9551186498467596,4.158403675915683,0.0,0.0,0.0,0.0,3.808297206858388,#000000,0.3954741066976774,3.7981683556712715,0.30750304778283116,53.589504173315134,-1.094507016713635,True,False,True,False,True,0.0,3.7763636041460003,,1,0.9834066527813241,1.0173367275093763,False,False,False,False,0.18246135258934273,0.18432941298350558,False,False,False,False,-24282200,-25541791.22832488,False,False,False,False,945302.5297073202,False,False,False,False
2024-01-12 00:00:00+00:00,3.9703556275,3.9914297019,3.9071334041,3.911348219,547362,,3.814420862093453,3.7803824949097926,3.955125894416628,4.157353247334563,0.0,0.0,0.0,0.0,3.8111914782136194,#000000,0.3666398690104766,3.8026051777953827,0.4575346651670988,54.51761261478677,-0.12379239894071503,True,False,True,False,True,0.0,3.7798250799660003,,1,1.0076051558094448,1.0174117915639755,False,False,False,False,0.2158634804478999,0.20009644671570276,False,False,False,False,-23734838,-25407942.841041557,False,False,False,False,915825.4534327039,False,False,False,False
2024-01-19 00:00:00+00:00,3.9605911539,3.9691085543,3.9029185892,3.9619259977,698497,,3.823050584827021,3.785675778811485,3.9550415451972487,4.155948804408286,0.0,0.0,0.0,0.0,3.8143583440644004,#000000,0.33034294808887116,3.8073959277927423,0.46374601605251736,55.1027955926558,0.5391024339108696,True,False,True,False,True,0.0,3.7830912663140004,,1,0.9630349868631447,1.0341841078548561,False,False,False,False,0.2307494032464972,0.2154229249811,False,False,False,False,-24433335,-25335749.667631075,False,False,False,False,899727.0494747258,False,False,False,False
2024-01-26 00:00:00+00:00,4.0627999579,4.0721690983,3.9435563533,3.9520737536,846562,,3.8381990417265377,3.7947388298620544,3.955701309256562,4.154920667484388,0.0,0.0,0.0,0.0,3.820094856640589,"rgba(38, 166, 154, 0.5)",0.2948657532087497,3.8159075735994303,0.837304371951879,56.57368217652873,2.071847053741152,True,False,True,False,True,0.0,3.7897578008280006,,1,0.98613641300126,0.9943720878999516,False,False,False,False,0.31962533222203005,0.26752412860156505,False,False,False,False,-23586773,-25206195.840399142,False,False,False,False,895788.8976617832,False,False,False,False
2024-02-02 00:00:00+00:00,4.1394565609,4.1650087619,4.0457651572,4.0457651572,1558224,,3.8718198265713544,3.815625460602835,3.95840447689829,4.154371946135864,0.0,0.0,0.0,0.0,3.8336869675760896,"rgba(38, 166, 154, 1.0)",0.26476474110520887,3.8356059328126944,1.1476249700732077,58.38929091683865,3.920050366922453,True,False,True,False,True,0.0,3.797383275564,,0,1.0255220023240126,0.9786986963532441,False,False,False,False,0.3428281412785174,0.30517613494004125,False,False,False,False,-22028549,-24970814.59296217,False,False,False,False,944858.1645016511,False,False,False,False
2024-02-09 00:00:00+00:00,4.2757349662,4.2757349662,4.1096456597,4.1139043599,633605,,3.888126342448971,3.8260263817486275,3.960180363133851,4.154755432031909,0.0,0.0,0.0,0.0,3.8405950111855374,"rgba(0, 255, 255, 0.75)",0.24415793530528332,3.845450086791823,1.7623219121269573,60.82562342135761,6.336966888739191,True,False,True,False,True,0.0,3.80849508416,,0,1.044946649303641,0.928383233355559,False,False,False,False,0.3428281545908715,0.3240021447654564,False,False,False,False,-21394944,-24705935.289779786,False,False,False,False,921802.3745385659,False,False,False,False
2024-02-16 00:00:00+00:00,4.2652682931,4.3183219678,4.1564913615,4.2587001655,614909,,3.903699367087828,3.83626218534013,3.962053016543624,4.155270961279069,0.0,0.0,0.0,0.0,3.847425050636632,"rgba(0, 255, 255, 0.75)",0.22070346872535365,3.855082456972271,1.8585382390984069,62.5565239507522,8.042001352384169,True,False,True,False,True,0.0,3.81878894669,,0,1.0996993272206397,0.8925929108249584,False,False,False,False,0.3428281602651119,0.3334151525152842,False,False,False,False,-22009853,-24506225.49053684,False,False,False,False,899069.5319801536,False,False,False,False
2024-02-23 00:00:00+00:00,4.2652682931,4.299665618,4.153476987,4.2394702994,755734,,3.9207138628847065,3.847969930968072,3.9642637136015435,4.155847250211989,0.0,0.0,0.0,0.0,3.8552457484535423,"rgba(0, 255, 255, 0.75)",0.20517936654616603,3.8659716473165817,1.94608577121996,63.9027799180591,9.37588728023352,True,False,True,False,True,0.0,3.8322780253860005,,0,1.099856766135929,0.8887630522945057,False,False,False,False,0.33266051442212624,0.3330378334687052,False,False,False,False,-22009853,-24321309.00975633,False,False,False,False,888452.0851668089,False,False,False,False
2024-03-01 00:00:00+00:00,4.3168642805,4.3340629429,4.2394702994,4.2910662868,649701,,3.9364134468637055,3.8589009775636764,3.9665263415372354,4.156671766546406,0.0,0.0,0.0,0.0,3.8626214487099024,"rgba(0, 255, 0, 1.0)",0.21110781288201397,3.876159945422495,2.087579465018712,65.34606100131876,10.812776448721714,True,False,True,False,True,0.0,3.84805624776,,0,1.1127942759112868,0.887145801215875,False,False,False,False,0.3428281658237894,0.3379329996462473,False,False,False,False,-21360152,-24101964.046070676,False,False,False,False,870766.8195988971,False,False,False,False
2024-03-08 00:00:00+00:00,4.3426622742,4.3770595991,4.2738676243,4.299665618,966217,,3.9594896060754805,3.8754093337586,3.970179462201638,4.158176933284546,0.0,0.0,0.0,0.0,3.873846529398714,"rgba(0, 255, 0, 1.0)",0.21786976090504404,3.891498458270927,2.070795938155492,66.66289025215205,12.13381808980963,True,False,True,False,True,0.0,3.862352025166,,0,1.136268787093449,0.8621889225196798,False,False,False,False,0.34282816974296115,0.3403805846946042,False,False,False,False,-20393935,-23827295.227843218,False,False,False,False,877837.2033323122,False,False,False,False
2024-03-15 00:00:00+00:00,4.2807470893,4.3719191875,4.2720640323,4.3168642805,680145,,3.9732724565634436,3.885803316606402,3.9725466775938076,4.159082477442661,0.0,0.0,0.0,0.0,3.880939928357395,"rgba(0, 255, 255, 0.75)",0.2227405086121301,3.9010441414762855,1.704687441855992,66.56920441664172,12.13381808980963,True,False,True,False,False,0.0,3.8727962002360004,,0,1.1513807005026955,0.8444207455473798,False,False,False,False,0.3398911822818242,0.3401358834882142,False,False,False,False,-21074080,-23623353.35911409,False,False,False,False,863193.3364188076,False,False,False,False
2024-03-22 00:00:00+00:00,4.4196760009,4.4457251718,4.2720640323,4.2981132032,651565,,3.988078469552762,3.896897511824515,3.975256045137259,4.160347344137515,0.0,0.0,0.0,0.0,3.9492737858195834,"rgba(0, 255, 255, 0.75)",0.2312296646707335,4.0391931077763275,1.645476127232519,67.5846518192174,13.200547907915897,True,False,True,False,False,1.2824063901294949,3.8855577831899994,,1,1.19074465068259,0.8077289661060726,False,False,False,False,0.34282817285989126,0.3414820281740527,False,False,False,False,-20422515,-23386254.221401937,False,False,False,False,847517.1633507478,False,False,False,False
2024-03-29 00:00:00+00:00,4.4109929439,4.4283590579,4.376260716,4.4283590579,508106,,3.9996161743368615,3.9056576648023924,3.977478604874161,4.161439904752022,0.0,0.0,0.0,0.0,3.9564048874625057,"rgba(0, 255, 255, 0.75)",0.23896204384339126,4.048710171819441,1.5160682686409754,68.22234772870513,13.934557001932404,True,False,True,False,False,1.0917146843595873,3.898606875352,,1,1.2508570934250751,0.7645843942735188,False,False,False,False,0.34282817658081705,0.34215510237743485,False,False,False,False,-20930621,-23204355.46426105,False,False,False,False,822375.5956951368,False,False,False,False
2024-04-05 00:00:00+00:00,4.4196760009,4.4457251718,4.330848328,4.4370421149,747620,,4.015225077675133,3.917852194760098,3.9806586618286413,4.162987771998604,0.0,0.0,0.0,0.0,4.028356571486612,"rgba(38, 166, 154, 0.5)",0.24541640488452438,4.18140062013348,0.9709024173776643,68.7853245254668,14.611880773356546,True,False,True,False,False,1.279762403172814,3.912927126518,,1,1.2506631901727387,0.7482975238349185,False,False,False,False,0.331952071732001,0.3370535870547179,False,False,False,False,-20183001,-22980551.429871343,False,False,False,False,816838.1441621637,False,False,False,False
2024-04-12 00:00:00+00:00,4.3502115451,4.4370421149,4.3415284881,4.4283590579,470343,,4.023894342470423,3.9248751261278993,3.982528516294897,4.163859355238265,0.0,0.0,0.0,0.0,4.031099121209358,"rgba(38, 166, 154, 0.5)",0.2503567798064419,4.18228631685005,0.6707436817959466,67.95867497872584,14.611880773356546,True,False,True,False,False,0.0,3.925392218952,,1,1.2351507802004493,0.7634863597376932,False,False,False,False,0.33272400353812015,0.334888795296419,False,False,False,False,-20653344,-22808165.694325317,False,False,False,False,791171.8371871887,False,False,False,False
2024-04-19 00:00:00+00:00,4.2613886666,4.39362683,4.2438520877,4.384943773,775407,,4.034393821587833,3.9341069324890254,3.9849802952655446,4.164767915929124,0.0,0.0,0.0,0.0,4.029502732619543,#000000,0.24554911626538817,4.172848164647498,0.36058163555680545,65.88074367028364,14.611880773356546,True,False,True,False,False,0.0,3.936546723432,,1,1.2270902826154901,0.7718784117550187,False,False,False,False,0.27906211480775067,0.30697545505208484,False,False,False,False,-21428751,-22705986.828078996,False,False,False,False,790004.071469619,False,False,False,False
2024-04-26 00:00:00+00:00,4.3052301137,4.3446874162,4.2263155088,4.270156956,623190,,4.0420457828884935,3.9410567252907507,3.986876868933046,4.165448990761755,0.0,0.0,0.0,0.0,4.085132681699656,#000000,0.24617962734764948,4.257381495820365,0.19436465314030554,64.72326598112478,14.611880773356546,True,False,True,False,False,0.0,3.9488886365980007,,1,1.2633762657631402,0.7451763037643827,False,False,False,False,0.23788271729814417,0.2724290861751145,False,False,False,False,-20805561,-22565214.54451759,False,False,False,False,777647.4735829807,False,False,False,False
2024-05-03 00:00:00+00:00,4.3315349821,4.3578398504,4.2350837982,4.2964618243,1103299,,4.055336938699378,3.95325505591685,3.990351606239518,4.166787889487025,0.0,0.0,0.0,0.0,4.090452591806199,#000000,0.24886929864178559,4.258241470913498,0.2945060382558394,64.09447134883676,17.981449582095294,False,False,True,False,False,0.0,3.9619446791999997,,1,1.2760094388506995,0.8072171349464561,False,False,False,False,0.23969001178676647,0.2560595489809405,False,False,False,False,-19702262,-22353143.985664435,False,False,False,False,801769.8088731302,False,False,False,False
2024-05-10 00:00:00+00:00,4.4455227447,4.4455227447,4.3052301137,4.3490715609,740032,,4.066469115227548,3.9629681038768054,3.9932930116626593,4.1682385898160295,0.0,0.0,0.0,0.0,4.101651984952939,"rgba(38, 166, 154, 0.5)",0.25274485023397486,4.27286453180061,0.6831324663570951,64.67271412688882,17.981449582095294,False,False,True,False,False,1.9074992663531205,3.9788492330680003,,1,1.2307925992577982,0.7544828623032788,False,False,False,False,0.3120851148826834,0.28407233193181197,False,False,False,False,-18962230,-22101965.171911515,False,False,False,False,797196.637845491,False,False,False,False
2024-05-17 00:00:00+00:00,4.5402202707,4.5711964324,4.410449587,4.4455227447,749291,,4.080477509646935,3.974724559860586,3.997014064523939,4.170371965597241,0.0,0.0,0.0,0.0,4.118484258202777,"rgba(38, 166, 154, 0.5)",0.26219186302718833,4.297140248435099,0.9271074222455733,65.86898646565463,17.981449582095294,False,False,True,False,True,3.9191701131752197,3.994353349826,,0,1.2537729204984915,0.7555798428909574,False,False,False,False,0.3428281424320255,0.3134502371819187,False,False,False,False,-18212939,-21813889.15917733,False,False,False,False,793648.0720791583,False,False,False,False
2024-05-24 00:00:00+00:00,4.5313699387,4.602172594,4.4782679473,4.5225196068,540109,,4.090706705510257,3.9833484045119643,3.9998187002054655,4.172028553675473,0.0,0.0,0.0,0.0,4.129838893785257,"rgba(38, 166, 154, 0.5)",0.27122651942297243,4.312925742647816,0.8053939434717469,66.64374458301981,17.981449582095294,False,False,True,False,True,3.712573561987746,4.008896081938,,0,1.2288872576218934,0.7510615059987538,False,False,False,False,0.34282814834691083,0.3281391927644148,False,False,False,False,-18753048,-21587160.184423454,False,False,False,False,774867.4000732946,False,False,False,False
2024-05-31 00:00:00+00:00,4.4871182792,4.5579209345,4.3941897941,4.5225196068,790429,,4.103051659561459,3.9942406147195646,4.003437328595009,4.174048491720845,0.0,0.0,0.0,0.0,4.140356886536661,"rgba(38, 166, 154, 0.5)",0.27903312308853684,4.325089269704582,0.5806801991891326,66.46267625940752,17.981449582095294,False,False,True,False,True,2.6751253084266295,4.02133615998,,0,1.1942145335701317,0.781216909030736,False,False,False,False,0.27616581760872994,0.30215250518657233,False,False,False,False,-19543477,-21435776.24483653,False,False,False,False,776020.1111789765,False,False,False,False
2024-06-07 00:00:00+00:00,4.5756215983,4.602172594,4.4561421175,4.4871182792,504443,,4.111816912693664,4.001841793639989,4.006029119633262,4.175594549242359,0.0,0.0,0.0,0.0,4.148739132096993,"rgba(38, 166, 154, 0.5)",0.28842332331977893,4.335661446065144,0.8319720800415598,67.06792224084094,17.981449582095294,False,False,True,False,True,4.569589801815525,4.03705116451,,0,1.2180610650200179,0.768843890377413,False,False,False,False,0.3307727000495841,0.31646260261807824,False,False,False,False,-19039034,-21258239.78225605,False,False,False,False,755903.288128682,False,False,False,False
2024-06-14 00:00:00+00:00,4.6198732579,4.6818255812,4.5402202707,4.5490706026,560751,,4.122657674896373,4.011096970562026,4.009248344756661,4.177618135068398,0.0,0.0,0.0,0.0,4.1598580499428115,"rgba(38, 166, 154, 0.5)",0.2988049606038241,4.350364715504554,0.9019547127023058,67.88106205762624,17.981449582095294,False,False,True,False,True,5.498422237461384,4.050087059876001,,0,1.241833855641833,0.7544360107486316,False,False,False,False,0.3428281472670749,0.32964537494257656,False,False,False,False,-18478283,-21052317.05764449,False,False,False,False,741447.5630821129,False,False,False,False
2024-06-21 00:00:00+00:00,4.7245494649,4.7513427511,4.5548586523,4.6173763201,646142,,4.1361107218794775,4.0224982553794595,4.01329750396981,4.180259856127002,0.0,0.0,0.0,0.0,4.17396259944841,"rgba(38, 166, 154, 1.0)",0.3117078560334088,4.369278939644634,1.1397548004606226,69.2451644198169,15.968787508734138,True,False,True,False,True,7.642571392832231,4.065058073056,,0,1.2055864967576206,0.7507552929104634,False,False,False,False,0.342828153415202,0.33623676417888926,False,False,False,False,-17832141,-20813785.497818973,False,False,False,False,734387.8917426971,False,False,False,False
2024-06-28 00:00:00+00:00,4.8049293234,4.8138604188,4.6798939879,4.7334805603,748983,,4.15335411486161,4.036973307480799,4.018553564549185,4.183831671219557,0.0,0.0,0.0,0.0,4.192477085673611,"rgba(38, 166, 154, 1.0)",0.3255554958151567,4.394495575776648,1.2607182274581759,70.79514124136873,17.546197609293458,True,False,True,False,True,9.232382844696538,4.0808446517700006,,0,1.2255727057301415,0.7483187238860388,False,False,False,False,0.3428281648665993,0.33953246452274427,False,False,False,False,-17083158,-20537442.720202755,False,False,False,False,735469.0108728678,False,False,False,False
2024-07-05 00:00:00+00:00,4.8585158958,4.8763780866,4.7290150126,4.8049293234,537073,,4.166208947144918,4.047768884692364,4.022551891997257,4.186605903993035,0.0,0.0,0.0,0.0,4.206140923345108,"rgba(38, 166, 154, 1.0)",0.34056051917290003,4.412985613948818,1.3082264583493595,72.30214680147189,19.054330632258086,True,False,True,False,True,10.27167383861249,4.09757451479,,0,1.2535822093518494,0.7268620492079917,False,False,False,False,0.34282816895652063,0.34118031673963245,False,False,False,False,-16546085,-20241786.59278033,False,False,False,False,720773.0100674701,False,False,False,False
2024-07-12 00:00:00+00:00,4.9478268498,5.0014134222,4.8674469912,4.8674469912,1140631,,4.196550712776294,4.073078486145589,4.032143662244453,4.193495340828852,0.0,0.0,0.0,0.0,4.358351787592619,"rgba(38, 166, 154, 0.5)",0.35741824377306713,4.643047486085818,0.8527246972532647,73.93495512195457,20.662211404115425,True,False,True,False,True,11.965717291237393,4.115290989981999,,0,1.278540884608917,0.7009302153717055,False,False,False,False,0.34282818023218253,0.3420042484859075,False,False,False,False,-15405454,-19883539.73405586,False,False,False,False,751873.6019143242,False,False,False,False
2024-07-19 00:00:00+00:00,4.7763498182,5.0014134222,4.7673378374,4.9567579452,1059742,,4.219493982331295,4.093010569260615,4.0400050845480875,4.199020313604561,0.0,0.0,0.0,0.0,4.477644086781217,#000000,0.36695269832217914,4.728396954397903,0.1306785970544766,72.37649659241944,20.662211404115425,True,False,True,False,False,7.724045258560981,4.13149698112,,0,1.2391131120394043,0.7089694687914448,False,False,False,False,0.3033176064976544,0.32266092749178094,False,False,False,False,-16465196,-19630329.087088764,False,False,False,False,774678.6684391891,False,False,False,False
2024-07-26 00:00:00+00:00,4.7493138758,4.8574576453,4.7312899142,4.8033857605,874704,,4.235300369317085,4.107272300218205,4.04583635953012,4.203033587086949,0.0,0.0,0.0,0.0,4.480362276468684,#000000,0.3753018294501174,4.719654698050536,0.07902753310027943,70.77346874899433,20.662211404115425,True,False,True,False,False,7.07997139095664,4.147642017556,,0,1.2178279505075802,0.7778599264631435,False,False,False,False,0.2220816604855083,0.2723712939886446,False,False,False,False,-17339900,-19460667.67323034,False,False,False,False,782087.9522585084,False,False,False,False
2024-08-02 00:00:00+00:00,4.6411701063,4.8844935876,4.5961102024,4.7763498182,787434,,4.2469983059689875,4.118289618166403,4.050499440549303,4.20615321420341,0.0,0.0,0.0,0.0,4.479120014980767,#000000,0.38009676618189314,4.70718997380442,-0.1736922630718376,68.06059645122056,21.545553538194184,False,True,True,False,False,4.551905342470516,4.163730343196001,,1,1.144591053711318,0.8054678391444191,False,False,False,False,0.15858068697270927,0.21547599048067695,False,False,False,False,-18127334,-19361902.215954017,False,False,False,False,782483.9557949151,False,False,False,False
2024-08-09 00:00:00+00:00,4.6411701063,4.7583258566,4.4158705866,4.5330263369,1288274,,4.260954606649608,4.132488487679942,4.0568236428309525,4.21015117148053,0.0,0.0,0.0,0.0,4.5357325244611335,#000000,0.3847746027168077,4.68281129267194,-0.10822228410586673,65.95058466406319,19.569157589418012,False,True,True,False,False,4.551905342470516,4.179818668836,,1,1.075824482817193,0.8746378282437905,False,False,False,False,0.006151437103238463,0.1108137137919577,False,False,False,False,-18127334,-19270452.71847594,False,False,False,False,819949.8849952917,False,False,False,False
2024-08-16 00:00:00+00:00,4.8646672299,4.8646672299,4.6235967438,4.6862300103,797676,,4.273285578866538,4.144050900260171,4.061923945584364,4.213691661254792,0.0,0.0,0.0,0.0,4.552342340831309,#000000,0.39213460476330597,4.704999817214131,0.4071750127287163,66.09276165825256,19.569157589418012,False,True,True,False,False,8.930838332491394,4.199084556712,,1,1.1145419768367877,0.8611828435220278,False,False,False,False,0.1537685120270813,0.1322911129095195,False,False,False,False,-17329658,-19126690.146736983,False,False,False,False,818299.9675882331,False,False,False,False
2024-08-23 00:00:00+00:00,4.846481558,4.8601208119,4.7929247543,4.8373887221,784490,,4.2859654659528195,4.155866810218214,4.0672052810308195,4.217425849444829,0.0,0.0,0.0,0.0,4.56757264438941,#000000,0.39702414581998474,4.723691073380461,0.3092771205789913,65.95763395788502,19.569157589418012,False,True,True,False,False,8.499898801782127,4.219763753974,,1,1.1594581038674656,0.8537978111844923,False,False,False,False,0.223920418838715,0.17810576587411725,False,False,False,False,-18114148,-19051687.02475647,False,False,False,False,815795.5255446602,False,False,False,False
2024-08-30 00:00:00+00:00,4.855574394,4.8692136479,4.7828317064,4.8192030502,834067,,4.298894997746298,4.168041279012967,4.072761117674445,4.221364141552518,0.0,0.0,0.0,0.0,4.580249970522006,#000000,0.4030711302832672,4.737253905177844,0.2935474161570527,65.92016005476384,19.516500016283345,False,True,True,False,False,8.673648800703258,4.241432545604,,1,1.1352642187851154,0.859950890635364,False,False,False,False,0.22338591123030363,0.20074583855221045,False,False,False,False,-17280081,-18920456.948848583,False,False,False,False,817148.9680969076,False,False,False,False
2024-09-06 00:00:00+00:00,4.7464603626,4.855574394,4.7282746908,4.8101102142,596974,,4.30680385636464,4.1757429569569275,4.076384400671323,4.223884109388295,0.0,0.0,0.0,0.0,4.584741249938566,#000000,0.4077412075530068,4.739661313376448,0.01667491314982573,64.4024727543943,17.96493849194168,False,True,True,False,False,6.07965135051456,4.2640263495760005,,1,1.1118682781780145,0.8751765854218772,False,False,False,False,0.18722019628262868,0.19398301741741958,False,False,False,False,-17877055,-18843167.91560054,False,False,False,False,800839.7112008404,False,False,False,False
2024-09-13 00:00:00+00:00,4.846481558,4.8919457377,4.7191818548,4.7737388705,531054,,4.314238224479821,4.182904488376989,4.079769773388988,4.226277250463232,0.0,0.0,0.0,0.0,4.590343497536455,#000000,0.41438112745200545,4.744382557149771,0.24638911882408182,64.04849325336176,17.545953300142216,False,True,True,False,False,8.021874773058116,4.288620577456,,1,1.108020789391398,0.8671029217436035,False,False,False,False,0.20162336382550633,0.19780319062146295,False,False,False,False,-17346001,-18732266.66259309,False,False,False,False,780855.5844452226,False,False,False,False
2024-09-20 00:00:00+00:00,4.8995494073,4.936250152,4.8282958861,4.8646672299,708660,,4.325136615955996,4.193223744085789,4.084655643005176,4.229808198258814,0.0,0.0,0.0,0.0,4.600892807382881,#000000,0.42139055094510564,4.755384512660674,0.3421170558190956,64.1792834625727,17.545953300142216,False,True,True,False,False,9.028394167780348,4.315092588996,,1,1.1374511061572163,0.8723626969058224,False,False,False,False,0.2843787757481073,0.24109098318478514,False,False,False,False,-16637341,-18577086.98388249,False,False,False,False,775507.7633752062,False,False,False,False
2024-09-27 00:00:00+00:00,5.0004764551,5.0095598894,4.898448385,4.8995494073,680924,,4.336685508893344,4.203988162568629,4.089765392102866,4.233581156445692,0.0,0.0,0.0,0.0,4.613911626572808,"rgba(38, 166, 154, 0.5)",0.4294946156374882,4.77018210542183,0.5361984557975202,64.99625262201609,17.545953300142216,False,True,True,False,True,10.897835590493507,4.343746426826001,,1,1.1269325088988982,0.8516168520029418,False,False,False,False,0.3428281436218992,0.29195956340334217,False,False,False,False,-15956417,-18382963.281372674,False,False,False,False,768501.5586807465,False,False,False,False
2024-10-04 00:00:00+00:00,5.0004764551,5.0188268274,4.9546005243,4.9821260828,864531,,4.351250469215735,4.2176097241514015,4.0963272608623456,4.238456681994789,0.0,0.0,0.0,0.0,4.6297760537974515,#000000,0.4370909190912776,4.787756028219061,0.4866731784846739,65.63167307936095,17.545953300142216,False,True,True,False,True,10.897835590493507,4.373915805222,,1,1.1542238378469714,0.8517643068292076,False,False,False,False,0.34282814879009693,0.31739385609671955,False,False,False,False,-15956417,-18203219.112382103,False,False,False,False,775614.8506303208,False,False,False,False
2024-10-11 00:00:00+00:00,5.0096516412,5.0371771997,4.9591881174,5.0096516412,528966,,4.359990546707353,4.225826259218049,4.100342726615597,4.2414509472206285,0.0,0.0,0.0,0.0,4.6389008593848855,#000000,0.4437825938885903,4.797566955363946,0.4779022177902196,66.19309965981496,17.545953300142216,False,True,True,False,True,11.069317892370105,4.4059197547319995,,0,1.1533633671070285,0.8442428339358197,False,False,False,False,0.34282815048989557,0.33011100329330756,False,False,False,False,-15427451,-17997606.659613058,False,False,False,False,757344.5653984452,False,False,False,False
2024-10-18 00:00:00+00:00,5.0215793832,5.0692903512,4.9637757104,5.0280020135,638387,,4.370489476549147,4.2357184430008585,4.105227932737659,4.2451098284214215,0.0,0.0,0.0,0.0,4.747521447245031,#000000,0.4497359120502843,4.883955237411002,0.3060110213604867,66.72129921002858,17.545953300142216,False,True,True,False,True,11.295383655315028,4.432218416468,,0,1.1813592217059938,0.8230833462943679,False,True,False,False,0.34282815309863546,0.3364695781959715,False,False,False,False,-14789064,-17759936.832975056,False,False,False,False,748532.8938874493,False,True,False,False
2024-10-25 00:00:00+00:00,4.8781056866,5.0169511995,4.868849319,4.9984384644,1049415,,4.384562827058728,4.2495049787165105,4.112305927781719,4.250305511250506,0.0,0.0,0.0,0.0,4.748629529633886,#000000,0.45168776235386976,4.874594566326285,0.007773334959126657,64.95475241179001,17.545953300142216,False,True,True,False,False,7.705757857532969,4.456142924489999,,0,1.1589019323593233,0.8243175760731749,False,False,False,False,0.2688021531345702,0.30263586566527084,False,False,False,False,-15838479,-17617606.623125054,False,False,False,False,770820.4573031939,False,False,False,False
2024-11-01 00:00:00+00:00,4.8410802165,4.9382720755,4.8225674814,4.8781056866,943248,,4.39540030026448,4.26047336386618,4.118146213122283,4.254537533107361,0.0,0.0,0.0,0.0,4.748990149007524,#000000,0.45095507610978697,4.867621515338248,-0.05885574915179955,63.084373419055055,16.087601331096465,False,True,True,False,False,6.809633507286382,4.477043496906,,0,1.1451534666467562,0.8474126916603036,False,False,False,False,0.19221925432612444,0.24742755999569765,False,False,False,False,-16781727,-17555689.61400468,False,False,False,False,783592.8678733277,False,False,False,False
2024-11-08 00:00:00+00:00,5.0169511995,5.044720302,4.8133111139,4.8225674814,872838,,4.406856532291421,4.271752846957991,4.1241175267647865,4.258976327833387,0.0,0.0,0.0,0.0,4.826479364654205,#000000,0.4559528689730589,4.900940374875309,0.2544360009971692,63.195047293275564,16.087601331096465,False,True,True,False,False,10.212100842012873,4.500126613696,,1,1.122075422856255,0.8462013180365492,False,False,False,False,0.22694645339277142,0.23718700669423454,False,False,False,False,-15908889,-17433704.383337665,False,False,False,False,790203.6184012293,False,False,False,False
2024-11-15 00:00:00+00:00,4.8392289429,5.0633256008,4.821852561,4.9984384644,872732,,4.416853489482587,4.281873945722467,4.129649689249222,4.263044416367887,0.0,0.0,0.0,0.0,4.826396966582843,#000000,0.4574674755645977,4.895094249274593,-0.12211864090588118,61.171770507313575,14.165966070243854,False,True,True,False,False,6.0424010170520965,4.5188209883,,1,1.0960565244072278,0.8753833532801681,False,False,False,False,0.244459863006192,0.24082343485021326,False,False,False,False,-16781621,-17385401.910497837,False,False,False,False,796316.8318529901,False,False,False,False
2024-11-22 00:00:00+00:00,4.9092949991,4.9486254119,4.8298868021,4.8298868021,1292563,,4.430597938225131,4.296005208581151,4.137574984774136,4.268864467321085,0.0,0.0,0.0,0.0,4.8277824844457164,#000000,0.4605744229968169,4.890867607142945,0.0400095859365221,60.20329657464823,13.214104410606467,False,True,False,False,False,7.373649867882072,4.540251559314,,1,1.0815581199488955,0.9108499727572782,False,False,False,False,0.17638338480886412,0.20860340982953868,False,False,False,False,-15489058,-17244931.991201703,False,False,False,False,833075.8072712871,False,False,False,False
2024-11-29 00:00:00+00:00,4.9513346327,4.9700189144,4.885939647,4.9233082103,408033,,4.435131920683702,4.300619291808439,4.140172502177768,4.270794848051403,0.0,0.0,0.0,0.0,4.830048134706222,#000000,0.4629457378579798,4.892650379169717,0.12676270398732184,59.80256576217374,12.797832754066903,False,True,True,False,False,8.163628154491729,4.561354907126,,1,1.118127004416568,0.8927070649332338,False,False,False,False,0.213256244892156,0.21092982736084734,False,False,False,False,-15081025,-17084642.58444602,False,False,False,False,801591.1548808214,False,False,False,False
2024-12-06 00:00:00+00:00,5.0214006889,5.0260717593,4.9419924919,4.9419924919,523607,,4.441523685488081,4.307000539702154,4.143733623542055,4.273480412012879,0.0,0.0,0.0,0.0,4.835522405331682,#000000,0.468421192474811,4.8988878706827235,0.26154414058425546,60.059946796162535,12.797832754066903,False,True,True,False,False,9.465569475188992,4.5830501787380005,,1,1.1184863640962488,0.8880338962680515,False,False,False,False,0.2877353420047207,0.24933258468278402,False,False,False,False,-14557418,-16897440.763375945,False,False,False,False,780999.7360007606,False,False,False,False
2024-12-13 00:00:00+00:00,4.9419924919,5.0339191576,4.9139660695,5.0073874776,698661,,4.449332277651028,4.314933851571054,4.148256251180386,4.2768699067275175,0.0,0.0,0.0,0.0,4.8401130747009855,#000000,0.47202817894106636,4.903015785880982,0.08257283729640151,59.31796033731788,12.219596051065544,False,True,True,False,False,7.6047042868765296,4.602651508622,,1,1.0905855292092137,0.9057060861737355,False,False,False,False,0.2709864459955821,0.260159515339183,False,False,False,False,-15256079,-16775858.410533283,False,False,False,False,774900.5703710746,False,False,False,False
2024-12-20 00:00:00+00:00,4.8363355485,4.9683213139,4.7137773377,4.9306110952,800773,,4.4559115545568195,4.3221019944718595,4.1526006808791225,4.280020657595721,0.0,0.0,0.0,0.0,4.851290902356461,#000000,0.47402094514287635,4.890194137184398,-0.11362069384542568,57.60385345554816,10.504518169433112,False,True,False,False,False,5.205613978008731,4.620982662616,,1,1.0353439656875496,0.940994008323389,False,False,False,False,0.06037157120466448,0.16026554327192374,False,False,False,False,-16056852,-16722598.676419705,False,False,False,False,776817.0466398839,False,False,False,False
2024-12-27 00:00:00+00:00,4.8551906578,4.9117559859,4.8174804391,4.8363355485,471917,,4.4599024669385745,4.326411098406049,4.1552166676892694,4.281933368782087,0.0,0.0,0.0,0.0,4.851636013287827,#000000,0.476073507694464,4.890096580955358,-0.0733204486097147,56.453003312661835,9.361547819070239,False,True,False,False,False,5.5727918100667395,4.638679363222,,1,1.0302913634346746,0.9705907743951553,False,False,False,False,0.09682286610737802,0.1285442046896509,False,False,False,False,-15584935,-16638327.292981207,False,False,False,False,754231.8579998926,False,False,False,False
2025-01-03 00:00:00+00:00,4.9211835406,4.9211835406,4.7891977751,4.8269079938,767092,,4.466472028258213,4.33347185902893,4.159521641107759,4.285099304342894,0.0,0.0,0.0,0.0,4.85290363685669,#000000,0.4791924641490779,4.890899953485675,0.06319712720879454,56.18991006171363,9.071374022498375,False,True,False,False,False,6.8531854044215095,4.657891210956,,1,1.0107093405705487,0.9839880244401469,False,False,False,False,0.08221694666816014,0.10538057567890552,False,False,False,False,-14817843,-16503476.60461223,False,False,False,False,755184.4611110117,False,False,False,False
2025-01-10 00:00:00+00:00,4.8646182125,4.9588937593,4.8316217711,4.9211835406,392239,,4.469814707128815,4.337063923254971,4.161727017288585,4.286726480383277,0.0,0.0,0.0,0.0,4.8536053632016785,#000000,0.48021333943195615,4.891327562971986,-0.055619759550162504,55.34608563462041,8.201347448294769,False,True,False,False,False,5.5538324656188784,4.673927576048,,1,0.9885010363683246,1.0085207814319563,False,False,False,False,0.1446111637699846,0.12499586972444506,False,False,False,False,-15210082,-16407669.596863175,False,False,False,False,728299.6121398257,False,False,False,False
2025-01-17 00:00:00+00:00,5.0155533629,5.0583806686,4.8410493258,4.8457631032,1967256,,4.489141037856362,4.357135944038382,4.173889444353844,4.295918570497453,0.0,0.0,0.0,0.0,4.86922996548744,#000000,0.4829441837302933,4.911612431296487,0.21522348773447567,56.0599936096773,8.201347448294769,False,True,True,False,True,8.431078971580398,4.691449512088,,1,1.01656220388592,0.9830259123171533,False,False,False,False,0.23134787849304356,0.1781718741087443,False,False,False,False,-13242826,-16173236.737836273,False,False,False,False,820074.1593887275,False,False,False,False
2025-01-24 00:00:00+00:00,5.1107251534,5.1202423325,5.034587721,5.0536220791,405050,,4.493856200484292,4.361868177038438,4.176708622808472,4.298102650225358,0.0,0.0,0.0,0.0,4.915162419684228,#000000,0.4854309151053112,4.968754708622363,0.29246271788610134,57.356225730475444,8.201347448294769,False,True,True,False,True,10.159567350661565,4.708149315832,,0,1.0709877821540987,0.924907920307425,False,True,False,False,0.34282810335848163,0.26049998873361296,False,False,False,False,-12837776,-15926165.572070625,False,False,False,False,789331.6290636366,False,False,False,False
2025-01-31 00:00:00+00:00,5.0060361838,5.0918811389,4.9679674676,5.0250705419,941439,,4.503338887511546,4.371647932780254,4.18272101971784,4.302709238053174,0.0,0.0,0.0,0.0,4.916140481053165,#000000,0.4854734040877713,4.964766121836099,0.08500993384271811,57.17311195405705,8.201347448294769,False,True,True,False,True,7.747893886878909,4.7229646736460005,,1,1.0870898266295417,0.931776821049277,False,False,False,False,0.2726340440094129,0.2665670163715129,False,False,False,False,-13779215,-15767132.19636169,False,False,False,False,800598.8417255895,False,False,False,False
2025-02-07 00:00:00+00:00,5.0155533629,5.0774150267,4.9298987513,4.9298987513,451873,,4.507647950206401,4.37613858089166,4.185527790407277,4.304855885203866,0.0,0.0,0.0,0.0,4.917532938174445,#000000,0.4861908609712841,4.965114982200162,0.10374193500691402,57.111500441369635,8.201347448294769,False,True,True,False,True,7.924104790059804,4.737970375042,,1,1.1321156909282644,0.8964117936459817,False,False,False,False,0.1860542076696205,0.2263106120205667,False,False,False,False,-13327342,-15586406.996631196,False,False,False,False,774767.2978940643,False,False,False,False
2025-02-14 00:00:00+00:00,5.034587721,5.0632344299,4.9774846466,5.034587721,487168,,4.512371406257314,4.381041542973103,4.188596362169329,4.3072128060354515,0.0,0.0,0.0,0.0,4.9202824131496,#000000,0.4852615555495947,4.967749016771669,0.13773748087798052,57.23227252862674,8.201347448294769,False,True,True,False,True,8.280868923455497,4.752324843852,,1,1.0907991146023355,0.9273156597133914,False,False,False,False,0.200752416706069,0.21353151436331785,False,False,False,False,-12840174,-15382982.33021407,False,False,False,False,753463.6461982077,False,False,False,False
2025-02-21 00:00:00+00:00,5.0245359638,5.1110002538,4.9957145338,5.0629645371,790589,,4.520128121906695,4.389068307377141,4.1936386197690085,4.3111035310171175,0.0,0.0,0.0,0.0,4.925856070957158,#000000,0.48284735495835307,4.973910250870297,0.10484827639590069,57.19979866708936,8.201347448294769,False,True,True,False,True,8.042859209991306,4.765962317644,,1,1.0468278887247109,0.9142851846699215,False,False,False,False,0.2815976445411175,0.2475645794522177,False,False,False,False,-13630763,-15253188.305753767,False,False,False,False,756213.6724057479,False,False,False,False
2025-02-28 00:00:00+00:00,4.9188573871,5.0245359638,4.8708216704,5.0245359638,728538,,4.525675524112036,4.395128323771976,4.197661660961911,4.3141407329497055,0.0,0.0,0.0,0.0,4.9238706683205,#000000,0.47488848068773387,4.968449561190529,-0.10442909463440714,55.90569746516405,8.201347448294769,False,True,False,False,False,5.572527290228887,4.7787245236,,1,1.013031942964694,0.9433179106481054,False,False,False,False,0.030083368402955155,0.1388239739275864,False,False,False,False,-14359301,-15186974.431253487,False,False,False,False,754163.6225979148,False,False,False,False
2025-03-07 00:00:00+00:00,4.7843573804,4.9524823888,4.7171073771,4.9476788171,956909,,4.530684204583224,4.401171376716091,4.202033777574874,4.317326295402962,0.0,0.0,0.0,0.0,4.91382251828766,#000000,0.46480341238630435,4.95061060187607,-0.35768502778954303,53.52888867607392,5.995183617572003,False,True,False,True,False,2.575525400936659,4.78601815119,,0,0.9850832292334114,0.9612546123414325,False,False,False,False,-0.26507140463964785,-0.06312371535603072,False,False,False,False,-15316210,-15196547.436345821,False,False,False,False,769181.7987017729,False,False,False,False
2025-03-14 00:00:00+00:00,4.7555359504,4.7795538087,4.6498573737,4.7171073771,640750,,4.532926040883821,4.404272272026083,4.204505883446801,4.319058925775046,0.0,0.0,0.0,0.0,4.90449104182489,#000000,0.45261347881114156,4.935373008001225,-0.397330318296297,51.410837093050304,3.9575036483889505,False,True,False,True,False,1.9496700985960835,4.792909011320001,,0,0.967237094612557,1.0182816138799697,False,False,False,False,-0.34282825441539394,-0.20297598488571233,False,False,False,False,-15956960,-15252874.292912798,False,False,False,False,759668.3321312713,False,False,False,False
2025-03-21 00:00:00+00:00,4.8234701937,4.8525857079,4.7555339938,4.7555359504,737078,,4.53650179592308,4.408654191189314,4.207762922284596,4.321430829270582,0.0,0.0,0.0,0.0,4.899185409910789,#000000,0.43979255069474543,4.926449019469649,-0.2341531833746879,50.552836418095886,3.1614646069925385,False,True,False,True,False,3.340173653308373,4.800984895176,,0,0.9661679061597216,1.0102433741909345,False,False,False,False,-0.16899832527285455,-0.18598715507928343,False,False,False,False,-15219882,-15250430.419363702,False,False,False,False,757994.9741956214,False,False,False,False
2025-03-28 00:00:00+00:00,4.7652391652,4.8719960507,4.7458288223,4.8525857079,758656,,4.539875644718781,4.412889153090864,4.210989964599874,4.3237684269500285,0.0,0.0,0.0,0.0,4.893753754224244,#000000,0.42300148661845327,4.9176368646594195,-0.36027698313240764,49.30384894213158,1.9777029792053966,False,True,False,True,False,2.0572434378638285,4.8092854475780005,,0,0.9439047747969586,1.02532291331718,False,False,False,False,-0.15992732577461874,-0.1729572404269511,False,False,False,False,-15978538,-15304364.31422565,False,False,False,False,758043.9390700199,False,False,False,False
2025-04-04 00:00:00+00:00,4.4061478228,4.8137650223,4.3673271371,4.7264184795,934555,,4.539704399588547,4.414439741107391,4.2131311067599295,4.325010981836803,0.0,0.0,0.0,0.0,4.874093936713146,"rgba(239, 83, 80, 1.0)",0.4015388916699138,4.888662950889086,-1.2016647405744654,45.66941970815453,-1.4782028137476146,False,True,False,True,False,0.0,4.812180630702,,0,0.8391962977302956,1.0399743345191377,False,False,False,False,-0.34282825441539394,-0.2578927474211725,False,False,False,False,-16913093,-15423529.402060786,True,False,False,False,771118.8324722407,False,False,False,False
2025-04-11 00:00:00+00:00,4.4934943655,4.6584822796,4.1926340516,4.270275423,1454068,4.448203565566668,4.537500529687864,4.41512654192487,4.215567527518774,4.326160183509968,1.0,4.658482,4.192634,0.0,4.799243429126983,"rgba(239, 83, 80, 0.5)",0.3887140151124031,4.7381900857522545,-0.6295006373297257,43.81100173096836,-3.1573938368144354,False,True,False,True,False,0.0,4.815945915737999,,0,0.812222012810779,1.076458418639988,True,False,False,False,-0.34282825441539394,-0.30036050091828326,False,False,False,False,-15459025,-15426158.705611838,False,False,False,False,821707.6596965191,False,False,False,False
2025-04-18 00:00:00+00:00,4.5324121029,4.5814641819,4.4304107513,4.5226098798,738893,4.470629781300901,4.537225594510648,4.416145896705109,4.2171350728214225,4.3270500018502025,0.0,0.0,0.0,0.0,4.7911038157819865,"rgba(239, 83, 80, 0.5)",0.37423942565533724,4.730966644693206,-0.5305548485318274,42.78479269261743,-4.045647508998428,False,True,False,True,False,0.0,4.819963458154,,0,0.8674173632486425,1.1005808232250989,False,False,False,False,-0.2539377236574216,-0.27714911228785244,False,False,False,False,-14720132,-15373860.431122072,False,False,False,False,815573.2404597399,False,False,False,False
2025-04-25 00:00:00+00:00,4.7874829139,4.7874829139,4.4294027369,4.5324121029,567542,4.5112331111928015,4.538430094266584,4.418110558320596,4.218942675897679,4.328281538434979,0.0,0.0,0.0,0.0,4.792227046799297,#000000,0.3630429865639897,4.736828159433463,0.13952825516878187,44.3438608877047,-4.045647508998428,False,True,False,True,True,2.4235221952260027,4.826802661538,,1,0.894848212278817,1.0407379290668624,False,False,False,False,-0.1458563259285464,-0.2115027191081994,False,False,False,False,-14152590,-15283395.954742659,False,False,False,False,797200.5559812407,False,False,False,False
2025-05-02 00:00:00+00:00,4.934639151,4.9640703984,4.7483393548,4.7972933297,606750,4.578105113581163,4.541780468072789,4.4219482960145555,4.221773240843269,4.330412138038862,0.0,0.0,0.0,0.0,4.802122536612037,"rgba(38, 166, 154, 0.5)",0.3543662983494852,4.755917710075523,0.5043409651451028,46.64228292256451,-6.811554334132843,False,True,False,False,True,5.052738446735507,4.834691039144,,0,0.9750464008218767,0.9853833880506219,False,False,False,False,0.10642638052960819,-0.052538169289295604,False,False,False,False,-13545840,-15154688.106243202,False,False,False,False,783093.1073900377,False,False,False,False
2025-05-09 00:00:00+00:00,4.9248287352,4.9738808142,4.885587072,4.9248287352,775492,4.64362142247771,4.546531362061828,4.427240252746823,4.225604166242184,4.333335284720991,0.0,0.0,0.0,0.0,4.813539747540208,#000000,0.34598445848196224,4.7767256563672476,0.4280628080306501,48.34603679787513,-5.25244495105305,False,False,True,False,True,4.855940612440637,4.842560215073999,,0,1.006515659180833,1.006199394176652,False,False,False,False,0.18247257635524736,0.06496720353297587,False,False,False,False,-14321332,-15092958.02429926,False,False,False,False,782530.062398183,False,False,False,False
2025-05-16 00:00:00+00:00,5.1504682988,5.1602787146,4.9640703984,4.9935016458,930441,4.725783408233003,4.554457033111836,4.435471035084333,4.231203185590898,4.337758842424938,0.0,0.0,0.0,0.0,4.833187177184545,"rgba(38, 166, 154, 1.0)",0.3382598323554631,4.808855544490435,1.0099122675333738,51.14756310151118,-2.636757354937153,True,False,True,False,True,8.682213204382123,4.855827215466,,0,1.0132924958655765,0.9605647491928893,False,False,False,False,0.32560819673321184,0.19528770013309385,False,False,False,False,-13390891,-14966878.985462278,False,False,False,False,793486.4281464657,False,False,False,False
2025-05-23 00:00:00+00:00,5.1107597951,5.1800918078,5.0018094893,5.1305689415,762559,4.77436277212517,4.560852865947985,4.4421259642497235,4.235769610675265,4.341374247869854,0.0,0.0,0.0,0.0,4.846463203242572,"rgba(38, 166, 154, 0.5)",0.3305796916241341,4.829711087251441,0.8501693085493839,52.96507673474632,-0.9875924265730305,True,False,True,False,True,7.870454549964691,4.866529979402,,0,1.019584159840559,0.9318050813466392,False,False,False,False,0.34282814310402593,0.2690579216185599,False,False,False,False,-14153450,-14906624.986539146,False,False,False,False,791195.5075430237,False,False,False,False
2025-05-30 00:00:00+00:00,5.189996381,5.189996381,5.1209615055,5.1404735148,455306,4.802778237985204,4.565085141699969,4.446450265275251,4.238691057765458,4.343713266373213,0.0,0.0,0.0,0.0,4.855213797771132,"rgba(38, 166, 154, 1.0)",0.32473429380497915,4.842968259632012,1.0686525198856822,54.86653821967904,0.7576065297322145,True,False,True,False,True,9.170711217393016,4.877932441864,,0,1.0311276609022824,0.9320135420928862,False,False,False,False,0.34282815294445207,0.30594303728150596,False,False,False,False,-13698144,-14817107.876425136,False,False,False,False,766314.8032805774,False,False,False,False
2025-06-06 00:00:00+00:00,5.2593283937,5.2790384945,5.150378088,5.1602826613,406048,4.8286555134126585,4.5691973731949505,4.450594713227187,4.241455670590879,4.345945839844423,0.0,0.0,0.0,0.0,4.8638058046396075,"rgba(38, 166, 154, 1.0)",0.32023403927368504,4.855696131418252,1.2604289762487955,56.75727961169041,2.5042829781680567,True,False,True,False,True,10.28981408369269,4.8886280204400006,,0,1.0250818130664416,0.9255503728308755,False,False,False,False,0.3428281605603119,0.3243855989209089,False,False,False,False,-13292096,-14704144.033726977,False,False,False,False,739628.3734079421,False,False,False,False
2025-06-13 00:00:00+00:00,5.2256528447,5.2890421135,5.1999009543,5.269232967,643149,4.864539485005124,4.575691335129558,4.4571418122693105,4.245841088745649,4.349493389810914,0.0,0.0,0.0,0.0,4.876569976262824,"rgba(38, 166, 154, 1.0)",0.31253443553790666,4.874226117767453,1.1244416197776812,57.88349963318014,3.5338647861242407,True,False,True,False,True,9.57719259940933,4.897042490866,,0,1.042091975725056,0.9245838781586116,False,False,False,False,0.34282816397145555,0.3336068814461822,False,False,False,False,-13935245,-14647188.549747203,False,False,False,False,732481.7531555019,False,False,False,False
2025-06-20 00:00:00+00:00,5.21,5.269232967,5.2,5.2494238205,335567,4.88035958163083,4.5789704027093965,4.460463872267094,4.248086925642617,4.351308767675147,0.0,0.0,0.0,0.0,4.88254637262658,"rgba(38, 166, 154, 1.0)",0.30507261564361987,4.88275147159136,1.0726906042295385,58.59416004347613,4.205187401936222,True,False,True,False,True,9.24334377116412,4.90407217295,,0,1.0891800654557888,0.9110598858419385,False,False,False,False,0.3339407751084011,0.33377382827729163,False,False,False,False,-14270812,-14619308.805321483,False,False,False,False,703080.6603291684,False,False,False,False
2025-06-27 00:00:00+00:00,5.4,5.42,5.2,5.22,508177,4.908900505043951,4.584733980361576,4.466178495840047,4.25186108086986,4.354398673822291,0.0,0.0,0.0,0.0,4.893881954615939,"rgba(0, 255, 255, 0.75)",0.3008807310345935,4.898685056202824,1.6661583547519963,60.31700051683108,5.8857294267249,True,False,True,False,True,12.308411758853566,4.913115635954,,0,1.0638953199840158,0.8679009949355998,False,False,False,False,0.3428281706724636,0.3383009994748776,False,False,False,False,-13762635,-14555851.48640878,False,False,False,False,688643.3521566375,False,False,False,False
2025-07-04 00:00:00+00:00,5.44,5.46,5.4,5.42,426097,4.934853692616764,4.590088711292886,4.471418888900533,4.255275303584498,4.357218592974818,0.0,0.0,0.0,0.0,4.904692306594123,"rgba(0, 255, 255, 0.75)",0.30007766032569044,4.913669814771057,1.7539799019283493,61.87845352322795,7.410843184546273,True,False,True,False,True,12.929942839831899,4.926388639590001,,0,1.1159609613512782,0.8589399025386106,False,False,False,False,0.3428281806771745,0.340564590076026,False,False,False,False,-13336538,-14465531.968897019,False,False,False,False,669195.4742191088,False,False,False,False
