date,Close,High,Low,Open,Volume,aVWAP_peak_180,aVWAP_valley_171,aVWAP_valley_157,aVWAP_valley_150,aVWAP_valley_136,aVWAP_valley_130,aVWAP_valley_113,aVWAP_OB_bull_171,aVWAP_OB_bull_136,aVWAP_OB_bull_113,Peaks_avg,Valleys_avg,color,StDev,StDev_Mean,StdDev_ZScore,QQEMOD,QQE1_Value,QQE1_Above_Upper,QQE1_Below_Lower,QQE2_Above_Threshold,QQE2_Below_Threshold,QQE2_Above_TL,banker_RSI,OB,OB_High,OB_Low,OB_Mitigated_Index,TTM_squeeze_Active,VI_plus,VI_minus,VI_Regular_Bullish,VI_Regular_Bearish,VI_Hidden_Bullish,VI_Hidden_Bearish,Fisher,Fisher_Signal,Fisher_Regular_Bullish,Fisher_Regular_Bearish,Fisher_Hidden_Bullish,Fisher_Hidden_Bearish,OBV,OBV_Smoothed,OBV_Regular_Bullish,OBV_Regular_Bearish,OBV_Hidden_Bullish,OBV_Hidden_Bearish,Volume_MA,Vol_Regular_Bullish,Vol_Regular_Bearish,Vol_Hidden_Bullish,Vol_Hidden_Bearish
2021-12-31 00:00:00+00:00,15.2929480956,16.1029766163,14.0339881056,16.0541797175,3408510,,,,,,,,,,,,,#000000,,,,,,False,False,False,False,False,,0.0,0.0,0.0,0.0,0,,,False,False,False,False,,,False,False,False,False,0,0.0,False,False,False,False,3408510.0,False,False,False,False
2022-01-07 00:00:00+00:00,14.3072507391,15.5759701089,14.0827850045,15.068482361,2203753,,,,,,,,,,,,,#000000,,,,0.0,,False,False,False,True,False,,0.0,0.0,0.0,0.0,0,,,False,False,False,False,,,False,False,False,False,-2203753,-163240.96296296295,False,False,False,False,3319268.740740741,False,False,False,False
2022-01-14 00:00:00+00:00,14.648829031,15.3319856147,13.9949505866,14.1608600426,1427628,,,,,,,,,,,,,#000000,,,,7.735946364824696,-69.33986591206174,False,False,False,True,True,,0.0,0.0,0.0,0.0,0,,,False,False,False,False,,,False,False,False,False,-776125,-208639.78052126197,False,False,False,False,3179147.204389575,False,False,False,False
2022-01-21 00:00:00+00:00,14.6683477905,16.6982987821,14.5902727524,14.5902727524,2861640,,,,,,,,,,,,,#000000,,,,13.601380528432587,-63.372138112449804,False,False,False,True,True,,0.0,0.0,0.0,0.0,0,,,False,False,False,False,,,False,False,False,False,2085515,-38702.389371538884,False,False,False,False,3155628.1522125695,False,False,False,False
2022-01-28 00:00:00+00:00,12.9994938503,14.6683477905,12.7701484257,14.521957094,3481609,,,,,,,,,,,,,#000000,,13.479330022166666,,12.95357008034609,-63.372138112449804,False,False,False,True,True,,0.0,0.0,0.0,0.0,0,,,False,False,False,False,,,False,False,False,False,-1396094,-139249.91608475824,False,False,False,False,3179774.881678305,False,False,False,False
2022-02-04 00:00:00+00:00,13.4093878005,14.1413412831,13.0385313693,13.0970876479,1946928,,,,,,,,,,,,,#000000,,13.49741424085843,,15.940429056275711,-59.96235505117715,False,False,False,True,True,,0.0,0.0,0.0,0.0,0,,,False,False,False,False,,,False,False,False,False,550834,-88132.58896736873,False,False,False,False,3088452.890442875,False,False,False,False
2022-02-11 00:00:00+00:00,15.0294448419,15.1611964688,13.555778497,13.555778497,2118608,,,,,,,,,,,,,#000000,,13.80191462283342,,26.077523006828955,-49.5106413024828,False,False,False,True,True,,0.0,0.0,0.0,0.0,0,,,False,False,False,False,,,False,False,False,False,2669442,116132.1954005845,False,False,False,False,3016612.528187847,False,False,False,False
2022-02-18 00:00:00+00:00,15.3710231338,16.1029766163,14.9318510442,15.2441511968,1868192,,,,,,,,,,,,,#000000,,14.132621842267827,,34.37756456745269,-41.0238124144209,False,False,False,True,True,,0.0,0.0,0.0,0.0,0,,,False,False,False,False,,,False,False,False,False,4537634,443650.8475931338,False,False,False,False,2931544.340914673,False,False,False,False
2022-02-25 00:00:00+00:00,16.4640736677,17.4204928849,15.2441511968,15.3710231338,2200972,,,,,,,,,,,,,#000000,,14.557725813993347,,42.96504566354312,-32.3660536278613,False,False,False,True,True,,0.0,0.0,0.0,0.0,0,,,False,False,False,False,,,False,False,False,False,6738606,909943.8218454942,False,False,False,False,2877427.8712172904,False,False,False,False
2022-03-04 00:00:00+00:00,17.2838615682,17.5766429612,16.3323220409,16.7861332001,2586092,,,,,,,,,,,,,#000000,,15.01413935640671,,50.550540986390274,-24.745785297288695,False,False,False,False,True,,0.0,0.0,0.0,0.0,0,,,False,False,False,False,0.34282823240179827,0.34282823240179827,False,False,False,False,9324698,1533258.9461532354,False,False,False,False,2855847.4363123057,False,False,False,False
2022-03-11 00:00:00+00:00,17.2350646694,19.1088655847,16.8251707191,17.5083273028,3238545,,,,,,,,,,,,,#000000,,16.620088807893893,,55.789446951156954,-19.37150382024791,False,False,True,False,True,,0.0,0.0,0.0,0.0,0,,,False,False,False,False,0.3428282374941294,0.34282823494796383,False,False,False,False,6086153,1870510.357549292,False,False,False,False,2884195.4039928755,False,False,False,False
2022-03-18 00:00:00+00:00,16.0541797175,17.8206274554,15.6052482482,16.8837269977,3828254,,,,,,,,,,,,,#000000,,16.37486884725867,,55.79825664312803,-18.866389175918442,False,False,True,False,True,,0.0,0.0,0.0,0.0,0,,,False,False,False,False,0.14184674700824781,0.2423374909781058,False,False,False,False,2257899,1899205.8125456409,False,False,False,False,2954125.6703637736,False,False,False,False
2022-03-25 00:00:00+00:00,16.6104643642,17.3228990873,15.7906764638,15.8101952233,2243991,,,,,,,,,,,,,#000000,,16.358839525143228,,56.907416680440846,-17.052517758074174,False,False,True,False,True,,0.0,0.0,0.0,0.0,0,,,False,False,False,False,0.11790113055572626,0.18011931076691604,False,False,False,False,4501890,2091997.2338385563,False,False,False,False,2901523.1021886794,False,False,False,False
2022-04-01 00:00:00+00:00,16.3664798701,16.4347955284,14.7561822084,16.2688860724,2739580,,,,,,,,,,,,,#000000,,16.110216369321957,,57.02718519924038,-16.025380453825292,False,False,True,False,True,,0.0,0.0,0.0,0.0,0,,,False,False,False,False,-0.027598985439409345,0.07626016266375335,False,False,False,False,1762310,2067575.9572579227,False,False,False,False,2889527.3168413695,False,False,False,False
2022-04-08 00:00:00+00:00,16.5714268452,16.8544488584,15.5174138303,16.5031111868,1900340,,,,,,,,,,,,,#000000,,16.167994239508644,,57.5306661353226,-14.494533066746271,False,False,True,False,True,,0.0,0.0,0.0,0.0,0,,,False,False,False,False,0.06151559600312184,0.0688878793334376,False,False,False,False,3662650,2185729.590053632,False,False,False,False,2816254.1822605273,False,False,False,False
2022-04-15 00:00:00+00:00,17.6156804803,17.8011086959,16.3469611105,16.8349300989,1826336,,,,,,,,,,,,,#000000,,16.334954028721786,,59.74633401367164,-11.269313348917677,False,False,True,False,True,,0.0,0.0,0.0,0.0,0,,,False,False,False,False,0.1682430586708497,0.11856546900214365,False,True,False,False,5488986,2430415.250049659,False,False,False,False,2742926.9095004885,False,False,False,False
2022-04-22 00:00:00+00:00,15.1367980194,18.0255744305,15.0880011205,17.8596649745,2268611,,,,,,,,,,,,,#000000,,16.235861553649187,,55.99076453685098,-11.269313348917677,False,False,True,False,True,,0.0,0.0,0.0,0.0,0,,,False,False,False,False,-0.05000180032803067,0.03428183433705649,False,False,False,False,3220375,2488930.7870830176,False,False,False,False,2707792.3976856377,False,False,False,False
2022-04-29 00:00:00+00:00,14.3853257773,15.0977605003,13.555778497,14.4341226761,2825167,,,,,,,,,,,,,#000000,,15.766147419738079,,52.17581752225977,-11.269313348917677,False,False,False,False,True,,0.0,0.0,0.0,0.0,0,,,False,False,False,False,-0.34282825441539394,-0.15427321003916872,False,False,False,False,395208,2333840.210262053,False,False,False,False,2716486.8126718868,False,False,False,False
2022-05-06 00:00:00+00:00,14.3072507391,15.4686169314,13.7412067126,13.9461536877,2092480,,,,,,,,,,,,,#000000,,15.611249485551678,,49.33660241855611,-11.269313348917677,False,False,False,False,True,,0.0,0.0,0.0,0.0,0,,,False,False,False,False,-0.28721668923823124,-0.22074494963869998,False,False,False,False,-1697272,2035239.3057981974,False,False,False,False,2670264.0858073025,False,False,False,False
2022-05-13 00:00:00+00:00,13.0190126098,13.8778380293,11.7553681175,13.7119285733,3785684,,,,,,,,,,,,,#000000,,14.459990814779381,,45.592269696787596,-11.269313348917677,False,False,False,True,False,,0.0,0.0,0.0,0.0,1,,,False,False,False,False,-0.34282825441539394,-0.281786602027047,False,False,False,False,-5482956,1478335.9498131457,False,False,False,False,2752887.7831549095,False,False,False,False
2022-05-20 00:00:00+00:00,14.0632662449,14.3072507391,12.7262312168,13.0580501289,2422500,,,,,,,,,,,,,#000000,,14.433389568268531,,44.92078442036248,-11.269313348917677,False,False,False,True,False,,0.0,0.0,0.0,0.0,1,,,False,False,False,False,-0.22519351556453002,-0.2534900587957885,False,False,False,False,-3060456,1142129.1387158756,False,False,False,False,2728414.6140323235,False,False,False,False
2022-05-27 00:00:00+00:00,14.4926789547,14.7269040691,13.8875974091,14.3365288784,1870912,,,,,,,,,,,,,#000000,,14.479918920821394,,45.1903536038116,-11.269313348917677,False,False,False,True,False,,0.0,0.0,0.0,0.0,1,,,False,False,False,False,-0.09923979199893863,-0.17636492539736356,False,False,False,False,-1189544,969412.6099221071,False,False,False,False,2664895.901881781,False,False,False,False
2022-06-03 00:00:00+00:00,14.7073853096,15.3905418933,13.4679440791,14.4341226761,1760535,,,,,,,,,,,,,#000000,,14.517888806168852,,45.75647251337173,-11.269313348917677,False,False,False,True,False,,0.0,0.0,0.0,0.0,1,,,False,False,False,False,-0.08017502227753832,-0.12826997383745095,False,False,False,False,570991,939899.8980760251,False,False,False,False,2597906.2054460933,False,False,False,False
2022-06-10 00:00:00+00:00,14.4341226761,15.2051136777,13.2045384192,14.9904073228,1735266,,,,,,,,,,,,,#000000,,14.519915486429987,,45.7311135093494,-11.269313348917677,False,False,False,True,False,,0.0,0.0,0.0,0.0,1,,,False,False,False,False,-0.11530172384392788,-0.12178584884068941,False,False,False,False,-1164275,784035.0908111343,False,False,False,False,2534006.930968605,False,False,False,False
2022-06-17 00:00:00+00:00,12.2577809879,13.8680786496,12.1992247093,13.6436129149,4199544,,,,,,,,,,,,,#000000,,14.2483962268907,,42.922260926493365,-11.269313348917677,False,False,False,True,False,,0.0,0.0,0.0,0.0,1,,,False,False,False,False,-0.305516119241309,-0.2136509840409992,True,False,False,False,-5363819,328638.49149179104,False,False,False,False,2657380.047193153,False,False,False,False
2022-06-24 00:00:00+00:00,12.6188780393,12.9750954009,11.8186088984,12.296818507,1884325,,,,,,,,,,,,,#000000,,14.132732593831289,,41.58678004114452,-11.269313348917677,False,False,False,True,False,,0.0,0.0,0.0,0.0,0,,,False,False,False,False,-0.34282825441539394,-0.27823961922819657,False,False,False,False,-3479494,46554.603233139846,False,False,False,False,2600116.7103640307,False,False,False,False
2022-07-01 00:00:00+00:00,12.2577809879,12.8921406728,11.5453462649,12.6188780393,2102031,,,,,,,,,,,,,#000000,,14.003901041375004,,40.2201809153663,-11.269313348917677,False,False,False,True,False,,0.0,0.0,0.0,0.0,0,0.9134494734127638,1.040448236044961,False,False,False,False,-0.34282825441539394,-0.31053393682179525,False,False,False,False,-5581525,-370340.18219153717,False,False,False,False,2563221.4725592877,False,False,False,False
2022-07-08 00:00:00+00:00,10.8524303014,11.9552402152,10.452295731,11.9064433163,2206136,,,,,,,,,,,,,#000000,,13.805258031057665,,37.81345445220926,-0.3654054810226057,False,False,False,True,False,,0.0,0.0,0.0,0.0,0,0.8820854038600979,1.0425442773653384,False,False,False,False,-0.34282825441539394,-0.3266810956185946,False,False,False,False,-7787661,-919771.3538810529,False,False,False,False,2536770.696814155,False,False,False,False
2022-07-15 00:00:00+00:00,10.5108520096,11.2232867326,10.07167992,10.6377239465,2103817,,,,,,,,,,,,,#000000,,12.64686652681397,,35.78351345266974,-2.9185113237687617,False,False,False,True,False,,0.0,0.0,0.0,0.0,0,0.8750940589454582,1.0535620962544143,False,False,False,False,-0.34282825441539394,-0.3347546750169943,False,False,False,False,-9891478,-1584342.2165565304,False,False,False,False,2504700.0526056993,False,False,False,False
2022-07-22 00:00:00+00:00,11.3208805303,12.0528340128,10.6962802252,10.6962802252,2772280,,,,,,,,,,,,,#000000,,12.633708624877475,,35.91705487942458,-3.354745796186485,False,False,False,True,False,,0.0,0.0,0.0,0.0,0,0.8699892609402251,1.062150403980125,False,False,False,False,-0.20597391611820273,-0.2703642955675985,False,False,False,False,-7119198,-1994331.5338486393,False,False,False,False,2524520.7894497216,False,False,False,False
2022-07-29 00:00:00+00:00,13.5850566363,13.7900036114,10.8231521621,11.2623242517,3190429,,,,,,,,,,,,,#000000,,12.777252362004065,,39.532299217946786,-3.354745796186485,False,False,False,True,False,,0.0,0.0,0.0,0.0,0,0.9158261794548305,0.9779110738467198,False,False,False,False,-0.040473706366844775,-0.15541900096722164,False,False,False,False,-3928769,-2137623.1980079995,False,False,False,False,2573847.323564557,False,False,False,False
2022-08-05 00:00:00+00:00,13.136125167,13.8192817507,12.6969530775,13.6631316745,2256039,,,,,,,,,,,,,#000000,,12.865948784547397,,41.567370337442135,-3.354745796186485,False,False,False,True,False,,0.0,0.0,0.0,0.0,0,0.9519413341022788,0.9665305719651076,False,False,False,False,0.12627988229081438,-0.014569559338203628,False,False,False,False,-6184808,-2437414.6648222217,False,False,False,False,2550305.9662634786,False,False,False,False
2022-08-12 00:00:00+00:00,13.682650434,14.0242287259,13.2825158635,13.4386659398,2068659,,,,,,,,,,,,,#000000,,12.974687039295263,,43.76660764040516,-3.354745796186485,False,False,False,True,True,,0.0,0.0,0.0,0.0,0,0.9525420615123564,0.9841442371418498,False,False,False,False,0.23174949266748768,0.10858996666464202,False,False,False,False,-4116149,-2561765.356316872,False,False,False,False,2514628.4132069247,False,False,False,False
2022-08-19 00:00:00+00:00,12.4334498238,13.6631316745,12.3651341654,13.136125167,1933816,,,,,,,,,,,,,#000000,,12.887153833897386,,43.83157799564464,-3.354745796186485,False,False,False,True,True,,0.0,0.0,0.0,0.0,0,0.9010347751618389,1.012861119528238,False,False,False,False,0.1919666587798216,0.1502783127222318,False,False,False,False,-6049965,-2820150.5151082147,False,False,False,False,2471605.271487893,False,False,False,False
2022-08-26 00:00:00+00:00,12.4920061024,13.1750650923,12.012722962,12.1211496712,1844888,,,,,,,,,,,,,#000000,,12.828963219272715,,43.96350700120799,-3.354745796186485,False,False,False,True,True,,0.0,0.0,0.0,0.0,0,0.8835503850743919,1.0544231494110314,False,False,False,False,0.09768090927120268,0.12397961099671724,False,False,False,False,-4205077,-2922737.662137236,False,False,False,False,2425181.769896197,False,False,False,False
2022-09-02 00:00:00+00:00,11.3599180493,12.598285748,10.7938740228,12.1992247093,2230060,,,,,,,,,,,,,#000000,,12.305372793531333,,42.79635110726231,-3.354745796186485,False,False,False,True,True,,0.0,0.0,0.0,0.0,1,0.8329648356297157,1.070273686623791,False,False,False,False,-0.10009365856814557,0.011942976214285833,False,False,False,False,-6435137,-3182915.390867811,False,False,False,False,2410728.3054594416,False,False,False,False
2022-09-09 00:00:00+00:00,12.7750281156,12.8384640841,11.1354523147,11.4770306065,1497606,,,,,,,,,,,,,#000000,,12.35216377996797,,43.98567136200215,-3.354745796186485,False,False,False,True,True,,0.0,0.0,0.0,0.0,1,0.8272884283269841,1.1007484168128792,False,False,False,False,-0.035908292419518345,-0.011982658102616256,False,False,False,False,-4937531,-3312886.9174701953,False,False,False,False,2343089.6161661497,False,False,False,False
2022-09-16 00:00:00+00:00,11.9064433163,13.555778497,11.4770306065,13.2434783445,3267838,,,,,,,,,,,,,#000000,,12.383279399296473,,43.8707501837775,-3.354745796186485,False,False,False,True,True,,0.0,0.0,0.0,0.0,1,0.8625617241120404,1.0550648466938597,False,False,False,False,0.08053076493587867,0.03427405341663121,False,False,False,False,-8205369,-3675292.997657588,False,False,False,False,2411589.4964501387,False,False,False,False
2022-09-23 00:00:00+00:00,11.4867899863,12.716471837,11.037858517,11.6722182019,3116002,,,,,,,,,,,,,#000000,,12.290400331462235,,43.341927517844894,-3.354745796186485,False,False,False,True,True,,0.0,0.0,0.0,0.0,1,0.8487437701626175,1.0626887914259229,False,False,False,False,-0.18656747947802602,-0.07614671303069741,False,False,False,False,-11321371,-4241669.145979248,False,False,False,False,2463768.2004167954,False,False,False,False
2022-09-30 00:00:00+00:00,12.1797059498,12.5115248619,10.3839800726,11.3501586696,4028701,,,,,,,,,,,,,#000000,,11.991696526783691,,43.952835721919016,-3.354745796186485,False,False,False,True,True,,0.0,0.0,0.0,0.0,1,0.8623200294446605,1.0507708748122118,False,False,False,False,-0.34282825441539394,-0.20948748372304568,False,False,False,False,-7292670,-4467669.2092400445,False,False,False,False,2579689.14853407,False,False,False,False
2022-10-07 00:00:00+00:00,12.8335843942,13.682650434,12.4822467226,12.5993592798,2926943,,,,,,,,,,,,,#000000,,12.411381191149887,,45.275635786171655,-3.354745796186485,False,False,False,True,True,,0.0,0.0,0.0,0.0,1,0.8862496852549717,1.0267258021062105,False,False,False,False,0.16052399672244244,-0.02448174350030162,False,False,False,False,-4365727,-4460117.934481522,False,False,False,False,2605411.6560500646,False,False,False,False
2022-10-14 00:00:00+00:00,11.9259620759,12.9360578818,11.7308720743,12.5895999,2173134,,,,,,,,,,,,,#000000,,12.323905417269046,,45.13740654820086,-3.354745796186485,False,False,False,True,True,,0.0,0.0,0.0,0.0,1,0.8496229411715365,1.0654160974707887,False,False,False,False,-0.06505490509440466,-0.04476832429735314,False,False,False,False,-6538861,-4614098.902297705,False,False,False,False,2573391.0889352453,False,False,False,False
2022-10-21 00:00:00+00:00,12.423690444,12.5700811405,11.6234213031,12.2772997475,1628337,,,,,,,,,,,,,#000000,,12.296137308767165,,45.730133054311736,-3.354745796186485,False,False,False,True,True,,0.0,0.0,0.0,0.0,1,0.8699379936971245,1.0825975174224365,False,False,False,False,-0.06807512915918493,-0.056421726728269034,False,False,False,False,-4910524,-4636056.31694232,False,False,False,False,2503387.0823474494,False,False,False,False
2022-10-28 00:00:00+00:00,12.7262312168,13.3801096612,11.9446024912,12.3456154059,2019674,,,,,,,,,,,,,#000000,,12.341423041633886,,46.57213904769412,-3.354745796186485,False,False,False,False,True,,0.0,0.0,0.0,0.0,1,0.9147591430407803,0.9943965034209644,False,False,False,False,0.161786784101951,0.05268252868684098,False,False,False,False,-2890850,-4506781.774946593,False,False,False,False,2467556.4836550457,False,False,False,False
2022-11-04 00:00:00+00:00,14.3267694987,14.4438820559,12.3358560261,12.5310436214,2668625,,,,,,,,,,,,,#000000,,12.537118160128122,,49.166969855150846,-6.199015157178472,False,False,False,False,True,,0.0,0.0,0.0,0.0,1,0.9204079555049134,0.9780196388744141,False,False,False,False,0.3428282162787765,0.19775537248280875,False,False,False,False,-222225,-4189407.199024623,False,False,False,False,2482450.447828746,False,False,False,False
2022-11-11 00:00:00+00:00,15.7516389447,15.8150749132,14.0047099663,14.356047638,3108558,,,,,,,,,,,,,#000000,,12.913375252387668,,52.4747396335606,-2.855801306567159,False,False,False,False,True,,0.0,0.0,0.0,0.0,1,1.0175409673938407,0.9165108359294108,False,False,False,False,0.34282823302233656,0.27029180275257264,False,False,False,False,2886333,-3665278.2953931694,False,False,False,False,2528828.7850266164,False,False,False,False
2022-11-18 00:00:00+00:00,14.775700968,15.8101952233,14.388351185,15.5662107291,1971285,,,,,,,,,,,,,#000000,,13.079767776266412,,53.48909703438786,-1.7864900061288296,False,False,False,False,True,,0.0,0.0,0.0,0.0,0,1.003383178677956,0.926709616410292,False,False,False,False,0.34282823413185615,0.30656001844221437,False,False,False,False,915048,-3325994.8661047863,False,False,False,False,2487529.245395015,False,False,False,False
2022-11-25 00:00:00+00:00,15.3515043742,15.6345263875,14.3567307945,14.6781071703,975784,,,,,,,,,,,,,#000000,,13.15665105876063,,54.80179491396758,-0.42107516494082375,False,False,True,False,True,,0.0,0.0,0.0,0.0,0,0.9747513264175413,0.9417500257353061,False,False,False,False,0.32194724695461335,0.3142536326984139,False,False,False,False,1890832,-2939563.2463933206,False,False,False,False,2375548.1161064953,False,False,False,False
2022-12-02 00:00:00+00:00,16.1712922747,16.3957580094,14.1901381819,15.2636699563,1794732,,,,,,,,,,,,,#000000,,13.960037802740175,,56.53762854297031,1.3417988311901041,False,False,True,False,True,,0.0,0.0,0.0,0.0,0,0.9809465387792886,0.9398189456483456,False,False,False,False,0.34282823515349775,0.32854093392595585,False,False,False,False,3685564,-2448813.0799938156,False,False,False,False,2332524.7000986068,False,False,False,False
2022-12-09 00:00:00+00:00,15.1660761587,16.3273447572,14.7561822084,16.200570414,1819440,,,,,,,,,,,,,#000000,,14.040303139270987,,56.377132264301665,1.3417988311901041,False,False,True,False,True,2.323779608934064,0.0,0.0,0.0,0.0,0,1.000701930663748,0.936382545169956,False,False,False,False,0.3428282329159759,0.33568458342096585,False,False,False,False,1866124,-2129188.1111053852,False,False,False,False,2294518.4260172285,False,False,False,False
2022-12-16 00:00:00+00:00,15.9175484007,16.2200891735,14.5121977142,15.0782417407,2674254,,,,,,,,,,,,,#000000,,14.180591773136365,,57.024495800636004,2.0373915748655307,False,False,True,False,True,4.3808556306893855,0.0,0.0,0.0,0.0,0,1.0330505411758166,0.9193947233308394,False,False,False,False,0.30551830679823755,0.3206014451096017,False,False,False,False,4540378,-1635146.1769494307,False,False,False,False,2322646.9870529897,False,False,False,False
2022-12-23 00:00:00+00:00,15.6052482482,15.9175484007,14.26821322,15.9175484007,2277367,,,,,,,,,,,,,#000000,,14.24430590508212,,57.046805059347044,2.2249220384262287,False,False,True,False,True,3.4393451788964775,0.0,0.0,0.0,0.0,0,1.035947727776536,0.9061364885932526,False,False,False,False,0.24902555148212477,0.2848134982958632,False,False,False,False,2263011,-1346393.7934716952,False,False,False,False,2319292.9139379533,False,False,False,False
2022-12-30 00:00:00+00:00,15.2539105766,16.1306932549,15.0928808104,16.034660958,1321437,,,,,,,,,,,,,#000000,,14.294365116902624,,56.56205584787108,2.2249220384262287,False,False,True,False,True,2.3856948595893606,0.0,0.0,0.0,0.0,0,1.0628473767466673,0.8982511622634857,False,False,False,False,0.3428282293035131,0.31382086379968815,True,False,False,False,941574,-1176914.697658977,False,False,False,False,2245377.6610536603,False,False,False,False
2023-01-06 00:00:00+00:00,16.3176829712,16.5811862249,15.3807825135,15.4978950707,1806204,,,,,,,,,,,,,#000000,,14.403190447238174,,57.370849643000675,2.886904581769656,False,False,True,False,True,5.279190843260473,0.0,0.0,0.0,0.0,0,1.1017837299311788,0.8673219144007777,False,False,False,False,0.3428282258308855,0.32832454481528683,False,True,False,False,2747778,-886196.7200546084,False,False,False,False,2212846.278753389,False,True,False,False
2023-01-13 00:00:00+00:00,15.8394733626,16.6104643642,15.615007628,16.5909456047,2227226,,,,,,,,,,,,,#000000,,15.091180654929436,,57.23945954288864,2.9428876877073833,False,False,True,False,True,3.838135861287512,0.0,0.0,0.0,0.0,0,1.1173212293771728,0.8480593914713958,False,False,False,False,0.3428281928398437,0.33557636882756525,False,False,False,False,520552,-781993.1111616745,False,False,False,False,2213911.443290175,False,False,False,False
2023-01-20 00:00:00+00:00,15.195354298,15.874021567,14.6976259298,15.7711577042,1554702,,,,,,,,,,,,,#000000,,15.022898138377336,,56.22080521723294,2.9428876877073833,False,False,True,False,True,1.93989663765295,0.0,0.0,0.0,0.0,0,1.084666404663058,0.8902150866332105,False,False,False,False,-0.1598982909182844,0.08783903895464043,False,False,False,False,-1034150,-800671.3992237727,False,False,False,False,2165081.1141575696,False,False,False,False
2023-01-27 00:00:00+00:00,13.4386659398,15.4783763112,13.4386659398,14.8928135252,5129531,,,,,,,,,,,,,#000000,,14.684296221499562,,53.307747884375694,2.9428876877073833,False,False,False,False,False,0.0,0.0,0.0,0.0,0.0,0,1.0514022636895493,0.941893093226594,False,False,False,False,-0.34282825441539394,-0.12749460773037674,False,False,False,False,-6163681,-1197931.3696516412,False,False,False,False,2384669.994590342,False,False,False,False
2023-02-03 00:00:00+00:00,13.389869041,13.9949505866,13.0580501289,13.4191471803,3372538,,,,,,,,,,,,,#000000,,14.49851606119129,,51.17145437321983,5.323276218422762,False,False,False,False,False,0.0,0.0,0.0,0.0,0.0,0,0.9940120656907031,0.9802897162226307,False,False,False,False,-0.34282825441539394,-0.23516143107288534,False,False,False,False,-9536219,-1815582.3052330012,False,False,False,False,2457845.4023984647,False,False,False,False
2023-02-10 00:00:00+00:00,12.6286374191,13.5069815982,12.5115248619,13.2727564838,2889535,,,,,,,,,,,,,#000000,,14.324168373753983,,48.78211812290883,3.025859927735169,False,False,False,False,False,0.0,0.0,0.0,0.0,0.0,0,0.968898200080086,1.001741700798962,False,False,False,False,-0.34282825441539394,-0.28899484274413967,False,False,False,False,-12425754,-2601520.949289816,False,False,False,False,2489822.4096282083,False,False,False,False
2023-02-17 00:00:00+00:00,12.296818507,12.8531031538,12.0723527724,12.6286374191,2524629,,,,,,,,,,,,,#000000,,14.165519909935353,,46.710048395485,1.0711742669161026,False,False,False,False,False,0.0,0.0,0.0,0.0,0.0,0,0.9813322704524219,1.0098383980078438,False,False,False,False,-0.34282825441539394,-0.3159115485797668,False,False,False,False,-14950383,-3516251.471564644,False,False,False,False,2492400.675581674,False,False,False,False
2023-02-24 00:00:00+00:00,11.2720836314,12.3260966463,11.2184070427,12.2480216082,1887565,,,,,,,,,,,,,#000000,,14.019303701743361,,44.16258551330247,-1.3152446546439194,False,False,False,True,False,0.0,0.0,0.0,0.0,0.0,0,0.9683235399636752,1.0108602840523377,False,False,False,False,-0.34282825441539394,-0.3293699014975804,False,False,False,False,-16837948,-4503043.8070043,False,False,False,False,2447598.0329459948,False,False,False,False
2023-03-03 00:00:00+00:00,12.0333152533,12.0479543229,11.3208805303,11.3696774291,2062208,,,,,,,,,,,,,#000000,,13.891601945492308,,43.53048882565234,-1.8601331759624031,False,False,False,True,False,0.0,0.0,0.0,0.0,0.0,0,1.001297666537699,1.0019179511407459,False,False,False,False,-0.34282825441539394,-0.3360990779564872,False,False,False,False,-14775740,-5263984.265744722,False,False,False,False,2419050.6230981434,False,False,False,False
2023-03-10 00:00:00+00:00,10.7743552633,11.9747589747,10.701159915,11.9747589747,3111036,,,,,,,,,,,,,#000000,,13.03789226724486,,41.81015500042722,-3.491639023997635,False,False,False,True,False,0.0,0.0,0.0,0.0,0.0,0,0.9739192203541619,1.0087809660108056,False,False,False,False,-0.34282825441539394,-0.3394636661859406,False,False,False,False,-17886776,-6199005.875689558,False,False,False,False,2470308.7991649476,True,False,False,False
2023-03-17 00:00:00+00:00,11.8186088984,12.0528340128,11.1744898338,11.291602391,5358808,,,,,,,,,,,,,#000000,,12.932802859806404,,42.11664980654284,-3.491639023997635,False,False,False,True,False,0.0,0.0,0.0,0.0,0.0,0,0.9659797432159634,1.0155368101853328,False,False,False,False,-0.30063175653344265,-0.3200477113596916,False,False,False,False,-12527968,-6667817.884897739,False,False,False,False,2684271.702930507,False,False,False,False
2023-03-24 00:00:00+00:00,12.0821121521,12.5847202102,11.3501586696,12.1601871903,3913053,,,,,,,,,,,,,#000000,,12.886323015382457,,42.70634738374035,-3.491639023997635,False,False,False,True,False,0.0,0.0,0.0,0.0,0.0,0,0.9826443972594359,0.9776275433392675,False,False,False,False,-0.22866815262674023,-0.2743579319932159,False,False,False,False,-8614915,-6812047.30083124,False,False,False,False,2775292.539750469,False,False,False,False
2023-03-31 00:00:00+00:00,12.3651341654,12.7457499763,11.3940758785,11.8283682782,3301848,,,,,,,,,,,,,#000000,,12.859164716784145,,43.53392373240405,-3.491639023997635,False,False,False,True,False,0.0,0.0,0.0,0.0,0.0,0,1.0020786736383278,0.9667412217611961,False,False,False,False,-0.17701763971537354,-0.22568778585429472,False,False,False,False,-5313067,-6701011.722991888,False,False,False,False,2814296.647917101,False,False,False,False
2023-04-07 00:00:00+00:00,13.4191471803,13.4191471803,12.2480216082,12.3553747856,3261925,,,,,,,,,,,,,#000000,,12.90753803500579,,45.55936231067739,-3.491639023997635,False,False,False,True,True,0.0,0.0,0.0,0.0,0.0,0,0.9750984172108257,0.9893678635271224,False,False,False,False,0.12163307788120804,-0.05202735398654334,False,False,False,False,-2051142,-6356576.928696193,False,False,False,False,2847454.3036269457,False,False,False,False
2023-04-14 00:00:00+00:00,13.4972222184,14.0730256247,12.9019000526,13.2727564838,3576338,,,,,,,,,,,,,#000000,,12.990577954327987,,47.10868186265472,-7.524557826412,False,False,False,False,True,0.0,0.0,0.0,0.0,0.0,0,1.0154008592437487,0.9491679222983153,False,False,False,False,0.34282821995824564,0.14540043298585115,False,False,False,False,1525196,-5772741.89694092,False,False,False,False,2901445.6885434682,False,False,False,False
2023-04-21 00:00:00+00:00,12.5310436214,13.3703502814,12.296818507,13.3703502814,3005708,,,,,,,,,,,,,#000000,,12.908783501391795,,46.93453773938919,-7.524557826412,False,False,False,False,True,0.0,0.0,0.0,0.0,0.0,0,0.9974976227389696,0.9555132931840863,False,False,False,False,0.1299547895819802,0.13767761128391567,False,False,False,False,-1480512,-5454798.941611963,False,False,False,False,2909168.8227254334,False,False,False,False
2023-04-28 00:00:00+00:00,12.6676749382,12.7750281156,12.16994657,12.4920061024,2232135,,,,,,,,,,,,,#000000,,12.86452712281714,,47.01112023542369,-7.458679128745949,False,False,False,False,True,0.0,0.0,0.0,0.0,0.0,0,0.9843627633834108,0.9954435296691607,False,False,False,False,0.018356188230875033,0.07801689975739536,False,False,False,False,751623,-4995063.98297404,False,False,False,False,2859018.1691902163,False,False,False,False
2023-05-05 00:00:00+00:00,13.0190126098,13.2922752433,12.4724873428,12.9506969514,2740962,,,,,,,,,,,,,#000000,,12.871818017467982,,47.59313765505515,-6.755181074189295,True,False,False,False,True,0.0,0.0,0.0,0.0,0.0,0,0.9810622312810108,1.0118361054478522,False,False,False,False,0.14522347634799274,0.11162018805269405,False,False,False,False,3492585,-4366349.243494482,False,False,False,False,2850273.267768719,False,False,False,False
2023-05-12 00:00:00+00:00,11.3794368089,13.0775688884,11.2135273528,13.0775688884,2815126,,,,,,,,,,,,,#000000,,12.781621201954133,,45.92392392057853,-6.755181074189295,False,False,False,True,True,0.0,0.0,0.0,0.0,0.0,0,0.8924664474627808,1.0598229241439463,False,False,False,False,-0.08221654331049343,0.014701822371100313,False,False,False,False,677459,-3992733.818050446,False,False,False,False,2847669.7664525174,False,False,False,False
2023-05-19 00:00:00+00:00,11.5160681256,11.7649323097,11.1061741754,11.5258275054,2613704,,,,,,,,,,,,,#000000,,12.249986344045926,,44.94980639059361,-6.755181074189295,False,False,False,True,False,0.0,0.0,0.0,0.0,0.0,0,0.87470968912472,1.1017600096749562,False,False,False,False,-0.34282825441539394,-0.16406321602214682,False,False,False,False,3291163,-3453185.905602265,False,False,False,False,2830338.968937516,False,False,False,False
2023-05-26 00:00:00+00:00,11.3989555684,11.7014963412,11.1256929349,11.5258275054,2119175,,,,,,,,,,,,,#000000,,12.18855032534348,,44.109504826380984,-6.755181074189295,False,False,False,True,False,0.0,0.0,0.0,0.0,0.0,0,0.873543604534091,1.1004677158575407,False,False,False,False,-0.34282825441539394,-0.2534457352187704,False,False,False,False,1171988,-3110580.4311132086,False,False,False,False,2777660.156423626,False,False,False,False
2023-06-02 00:00:00+00:00,12.2089840891,12.6579155584,11.3208805303,11.4087149482,1624370,,,,,,,,,,,,,#000000,1.7995188931588812,12.215601903521721,-0.0036775465080583613,44.85165451756056,-6.755181074189295,False,False,False,True,False,0.0,0.0,0.0,0.0,0.0,1,0.8817497226522368,1.0969525123422545,False,False,False,False,-0.14782028778236064,-0.2006330115005655,False,False,False,False,2796358,-2673029.436215934,False,False,False,False,2692231.255947802,False,False,False,False
2023-06-09 00:00:00+00:00,12.0918715319,12.7652687359,11.9259620759,12.2089840891,2230369,,,,,,,,,,,,,#000000,1.79955642895289,12.25246127508039,-0.08923851488993459,45.216359598168495,-6.755181074189295,False,False,False,True,False,0.0,0.0,0.0,0.0,0.0,1,0.8801646433604113,1.093455296199619,False,False,False,False,-0.03340066468298357,-0.11701683809177454,False,False,False,False,565989,-2433102.1446443833,False,False,False,False,2658019.236988706,False,False,False,False
2023-06-16 00:00:00+00:00,12.0235558735,13.0678095086,11.7113533148,11.7893307591,20073834,,,,,,,,,,,,,#000000,1.8079741390309076,12.236247207269084,-0.11764069472978717,45.37555316289372,-6.755181074189295,False,False,False,True,False,0.0,0.0,0.0,0.0,0.0,1,0.8797345520571576,1.0807283343265945,False,False,False,False,-0.0193986832046064,-0.06820776064819048,False,False,False,False,-19507845,-3697897.911707762,False,False,False,False,3948079.5898043574,False,False,False,False
2023-06-23 00:00:00+00:00,10.5986864275,11.6722182019,10.5254910792,11.5648650245,4155895,,,,,,,,,,,,,"rgba(239, 83, 80, 1.0)",1.8377417987217866,12.09024867420434,-0.8116277530073986,43.572037330983086,-6.755181074189295,False,True,False,True,False,0.0,0.0,0.0,0.0,0.0,1,0.8378867114684729,1.10631356872302,False,False,False,False,-0.34282825441539394,-0.20551800753179222,False,False,False,False,-23663740,-5176849.177507187,False,False,False,False,3963473.3238929235,False,False,False,False
2023-06-30 00:00:00+00:00,10.871949061,10.8914678205,10.4132582119,10.7157989847,2749018,,,,,,,,,,,,,"rgba(239, 83, 80, 0.5)",1.8597398856190668,11.998204223719634,-0.6055982190997253,42.792928546295556,-3.507858136650725,False,True,False,True,False,0.0,0.0,0.0,0.0,0.0,1,0.8023382612610808,1.1427534494938913,False,False,False,False,-0.34282825441539394,-0.2741731309735931,False,False,False,False,-20914722,-6342617.534728877,False,False,False,False,3873513.6702712257,False,False,False,False
2023-07-07 00:00:00+00:00,10.4425363512,11.1354523147,10.2571081356,10.9207459598,2740316,,,,,,,,,,,,,"rgba(239, 83, 80, 1.0)",1.8928788607282894,11.912012546697696,-0.7763181395201975,41.68882123491531,-4.658479676043562,False,True,False,True,False,0.0,0.0,0.0,0.0,0.0,1,0.7880748826312974,1.1567199240017634,False,False,False,False,-0.32831085437424773,-0.3012419926739204,False,False,False,False,-23655038,-7625019.0506748855,False,False,False,False,3789573.102102987,False,False,False,False
2023-07-14 00:00:00+00:00,11.0964147956,11.5648650245,10.2229503064,10.3351831738,5849157,,,,,,,,,,,,,"rgba(239, 83, 80, 0.5)",1.9131656659502057,11.556422088586247,-0.24044300040152428,42.140998863589225,-4.658479676043562,False,True,False,True,False,0.0,0.0,0.0,0.0,0.0,1,0.7813066443482182,1.140943849454728,False,False,False,False,-0.24289986911288663,-0.2720709308934035,False,False,False,False,-17805881,-8379156.972847116,False,False,False,False,3942134.8723175805,False,False,False,False
2023-07-21 00:00:00+00:00,11.0085803777,11.6917369614,10.8426709217,11.0573772765,3463718,,,,,,,,,,,,,"rgba(239, 83, 80, 0.5)",1.9252493837693896,11.546866328734101,-0.279592844216476,42.338731470933766,-4.658479676043562,False,True,False,True,False,0.0,0.0,0.0,0.0,0.0,1,0.8327684467744652,1.1122484998221254,False,False,False,False,-0.09671146307547823,-0.18439119698444087,False,False,False,False,-21269599,-9334004.530413996,False,False,False,False,3906696.5854792413,False,False,False,False
2023-07-28 00:00:00+00:00,11.2623242517,12.1992247093,10.7743552633,11.0183397575,4937968,,,,,,,,,,,,,"rgba(239, 83, 80, 0.5)",1.9274097403621129,11.44637953307066,-0.09549359304165372,42.976573892909244,-4.658479676043562,False,True,False,True,False,0.0,0.0,0.0,0.0,0.0,1,0.8718104091431077,1.0823120221067553,False,False,False,False,-0.012987181339112471,-0.09868918916177667,False,False,False,False,-16331631,-9852347.231864812,False,False,False,False,3983087.0606289273,False,False,False,False
2023-08-04 00:00:00+00:00,11.1842492135,12.0333152533,10.6865208454,11.4282337077,3149718,,,,,,,,,,,,,"rgba(239, 83, 80, 0.5)",1.9089931526806454,11.432300387117683,-0.12993822071565095,43.305798460740654,-4.658479676043562,False,True,False,True,False,0.0,0.0,0.0,0.0,0.0,1,0.8840244529655424,1.034518586531333,False,False,False,False,-0.06126387323189831,-0.0799765311968375,False,False,False,False,-19481349,-10565606.622097047,False,False,False,False,3921356.019100859,False,False,False,False
2023-08-11 00:00:00+00:00,11.2818430112,11.3873419065,10.8426709217,11.1159335552,2328310,,,,,,,,,,,,,"rgba(239, 83, 80, 0.5)",1.8647598101872755,11.411554236791837,-0.06955921340819243,43.75034170198664,-4.658479676043562,False,True,False,True,False,0.0,0.0,0.0,0.0,0.0,1,0.9074014311774703,1.0407569804938948,False,False,False,False,-0.15547432621905985,-0.11772542870794866,False,False,False,False,-17153039,-11053564.576015783,False,False,False,False,3803352.610278573,False,False,False,False
2023-08-18 00:00:00+00:00,10.5498895286,11.2817454174,10.4230175917,11.1842492135,2162056,,,,,,,,,,,,,"rgba(239, 83, 80, 0.5)",1.8293864368332176,11.360263919496264,-0.4429760572069579,42.84569652502566,-4.658479676043562,False,True,False,True,False,0.0,0.0,0.0,0.0,0.0,1,0.9083566531399717,1.0209878270586852,False,False,False,False,-0.25969415401755686,-0.18870979136275276,False,False,False,False,-19315095,-11665529.792607207,False,False,False,False,3681775.083591271,False,False,False,False
2023-08-25 00:00:00+00:00,10.7060396049,11.164730454,10.3839800726,10.6767614656,3129825,,,,,,,,,,,,,"rgba(239, 83, 80, 0.5)",1.8178502030329637,11.303424747348199,-0.32862176512206576,42.56161362965168,-4.658479676043562,False,True,False,True,False,0.0,0.0,0.0,0.0,0.0,1,0.9368244080270064,1.0063674653976995,False,False,False,False,-0.23789740884669877,-0.21330360010472577,False,False,False,False,-16185270,-12000325.363525191,False,False,False,False,3640889.89221414,False,False,False,False
2023-09-01 00:00:00+00:00,10.7548365038,11.5648650245,10.6572427061,10.7060396049,2504913,,,,,,,,,,,,,"rgba(239, 83, 80, 0.5)",1.7885218833712693,11.28603350421078,-0.2970033553123215,42.47650623451938,-4.658479676043562,False,True,False,True,False,0.0,0.0,0.0,0.0,0.0,1,0.945050725659541,0.9836163167493527,False,False,False,False,0.032818751723690365,-0.0902424241905177,False,False,False,False,-13680357,-12124772.151412215,False,False,False,False,3556743.455753833,False,False,False,False
2023-09-08 00:00:00+00:00,10.1009580593,10.7157989847,10.0082439515,10.6767614656,2056279,,,,,,,,,,,,,"rgba(239, 83, 80, 1.0)",1.7742534716769398,11.231243038771913,-0.6370481994343353,41.299957962608275,-5.88903955553252,False,True,False,True,False,0.0,0.0,0.0,0.0,0.0,1,0.9435043903840635,1.0125917662276969,False,False,False,False,-0.34282825441539394,-0.21653533930295582,False,False,False,False,-15736636,-12392317.621677976,False,False,False,False,3445597.9405128085,False,False,False,False
2023-09-15 00:00:00+00:00,11.6234213031,11.6624588221,10.2473487558,10.2571081356,3774381,,,,,,,,,,,,,#000000,1.726942229777641,11.168374267585056,0.26349870173337275,43.75872778921308,-5.88903955553252,False,True,False,True,True,0.0,0.0,0.0,0.0,0.0,1,0.9448001994429471,0.9900242182486819,False,False,False,False,0.017897758397510653,-0.09931879045272259,False,False,False,False,-11962255,-12360461.131183311,False,False,False,False,3469952.2412155634,False,False,False,False
2023-09-22 00:00:00+00:00,10.3449425535,11.6234213031,10.3400628636,11.6234213031,2445836,,,,,,,,,,,,,"rgba(239, 83, 80, 1.0)",1.6570850938694899,11.111124879657378,-0.4623675205286245,43.45840914715299,-5.88903955553252,False,True,False,True,True,0.0,0.0,0.0,0.0,0.0,1,0.9418764220700677,1.0108397326503455,False,False,False,False,0.03365692227381921,-0.03283093408945169,False,False,False,False,-14408091,-12512137.417762326,False,False,False,False,3394091.7789032995,False,False,False,False
2023-09-29 00:00:00+00:00,10.1204768189,10.6377239465,9.6471469001,10.3547019333,3396920,,,,,,,,,,,,,"rgba(239, 83, 80, 1.0)",1.6598136300772777,10.97331616867049,-0.5138163311327808,42.92156993732258,-5.88903955553252,False,True,False,True,True,0.0,0.0,0.0,0.0,0.0,1,0.9139022984376882,1.0533143598245305,False,False,False,False,-0.34282825441539394,-0.18782959425242282,False,False,False,False,-17805011,-12904202.12755771,False,False,False,False,3394301.2767623146,False,False,False,False
2023-10-06 00:00:00+00:00,10.0521611605,10.1253565088,9.544966194,9.9350486033,2700177,,,,,,,,,,,,,"rgba(239, 83, 80, 1.0)",1.6743664923692558,10.540676231921294,-0.29176113691216826,42.4366574321858,-5.88903955553252,False,True,False,True,True,0.0,0.0,0.0,0.0,0.0,1,0.8759018440176572,1.0992497983609486,False,False,False,False,-0.34282825441539394,-0.26532892433390837,False,False,False,False,-20505188,-13467238.118108992,False,False,False,False,3342884.66366881,False,False,False,False
2023-10-13 00:00:00+00:00,10.6767614656,10.7353177442,10.0033642617,10.2473487558,2903804,,,,,,,,,,,,,"rgba(239, 83, 80, 0.5)",1.676941963477107,10.5967550033252,0.04770973833161692,43.3867190320674,-5.88903955553252,False,True,False,True,True,0.0,0.0,0.0,0.0,0.0,1,0.8663093994275395,1.1026076014788497,False,False,False,False,-0.05458444073552846,-0.15995668253471843,False,False,False,False,-17601384,-13773471.146397214,False,False,False,False,3310360.1700637126,False,False,False,False
2023-10-20 00:00:00+00:00,10.8133927824,11.2818430112,10.4327769714,10.5498895286,3066897,,,,,,,,,,,,,"rgba(239, 83, 80, 0.5)",1.6880115900250632,10.667553946329711,0.08639682152189646,44.34074414750327,-8.447357807090654,False,True,False,True,True,0.0,0.0,0.0,0.0,0.0,1,0.9096561855871266,1.0603544815059318,False,False,False,False,0.2014225533241391,0.020732935394710342,False,False,False,True,-14534487,-13829842.69110853,False,False,False,False,3292325.8611701042,False,False,False,False
2023-10-27 00:00:00+00:00,10.4230175917,10.7938740228,10.0228830212,10.7157989847,2840106,,,,,,,,,,,,,"rgba(239, 83, 80, 0.5)",1.6955411640063358,10.648243450898285,-0.1328342030140428,44.33334945731463,-8.409849750804469,False,True,False,True,True,0.0,0.0,0.0,0.0,0.0,1,0.8986194394109823,1.0550226701369287,False,False,False,False,-0.0334959272786675,-0.006381495941978579,False,False,False,False,-17374593,-14092416.788063454,False,False,False,False,3258828.0936760223,False,False,False,False
2023-11-03 00:00:00+00:00,10.5596489084,10.745077124,9.6617859698,10.49133325,4596925,,,,,,,,,,,,,"rgba(239, 83, 80, 0.5)",1.6932023137239602,10.608562004090775,-0.02888792159939682,44.630069597199906,-8.052115340672529,False,True,False,True,True,0.0,0.0,0.0,0.0,0.0,1,0.8742701295036046,1.0761080040417121,False,False,False,False,-0.14041498818603432,-0.07339824206400644,False,False,False,False,-12777668,-13995027.988947641,False,False,False,False,3357946.383033354,False,False,False,False
2023-11-10 00:00:00+00:00,9.65202659,10.6962802252,9.3738842667,10.5401301489,3251539,,,,,,,,,,,,,"rgba(239, 83, 80, 1.0)",1.701733329534427,10.336827554483296,-0.4024137933942029,43.29910064150751,-8.052115340672529,False,True,False,True,True,0.0,0.0,0.0,0.0,0.0,1,0.9095196912522561,1.0712405277367194,False,False,False,False,-0.218324612381102,-0.14586142722255424,True,False,False,False,-16029207,-14145707.91569226,False,False,False,False,3350064.354660513,False,False,False,False
2023-11-17 00:00:00+00:00,10.2473487558,10.6572427061,9.4104819408,9.8374548056,3354334,,,,,,,,,,,,,"rgba(239, 83, 80, 0.5)",1.7013785354523208,10.33624041019092,-0.052246841334040964,43.67224488433696,-8.052115340672529,False,True,False,True,True,0.0,0.0,0.0,0.0,0.0,1,0.9170434484663235,1.0210389494280492,False,False,False,False,-0.21906095312457793,-0.1824611901735661,False,False,False,False,-12674873,-14036757.181196537,False,False,False,False,3350380.62468566,False,False,False,False
2023-11-24 00:00:00+00:00,10.7060396049,10.9695428586,10.0228830212,10.1399955784,1953633,,,,,,,,,,,,,"rgba(239, 83, 80, 0.5)",1.7113314156875212,10.37525336780515,0.19329174586674555,44.88687106938831,-7.745826762240178,False,False,False,True,True,0.0,0.0,0.0,0.0,0.0,1,0.9405109033364532,1.006606635279319,False,False,False,False,0.050560519392020026,-0.06595033539077304,False,False,False,False,-10721240,-13791163.315922718,False,False,False,False,3246917.837671907,False,False,False,False
2023-12-01 00:00:00+00:00,11.8674057972,11.8918042467,10.7401974341,10.8426709217,3542010,,,,,,,,,,,,,#000000,1.7115290775762704,10.751934703513939,0.6517394932405713,47.83436074571394,-4.918184082009901,True,False,False,False,True,0.0,-1.0,11.891805,10.740197,118.0,1,0.9586374246528682,1.0066444569155462,False,False,False,True,0.3428282043993349,0.13843893450428094,False,False,False,False,-7179230,-13301390.477706222,False,False,False,False,3268776.516362877,False,False,False,True
2023-12-08 00:00:00+00:00,10.5791676679,11.7307744805,10.5401301489,11.5746244042,3037906,,,,,,,,,,,,,"rgba(239, 83, 80, 0.5)",1.7226495736898195,10.729373153887986,-0.08719445224501102,47.692699711823195,-4.918184082009901,False,False,False,False,True,0.0,0.0,0.0,0.0,0.0,1,0.9243922074915426,1.0114196814537284,False,False,False,False,0.25491231098521716,0.19667562274474903,False,False,False,False,-10217136,-13072927.183061317,False,False,False,False,3251674.996632294,False,False,False,False
2023-12-15 00:00:00+00:00,10.2180706165,10.9256256497,9.7691391472,10.452295731,7714382,,,,,,,,,,,,,"rgba(239, 83, 80, 0.5)",1.7311360749938314,10.556234441686673,-0.1953421398071654,47.03656487047489,-4.918184082009901,False,False,False,False,True,0.0,0.0,0.0,0.0,0.0,1,0.9029970442405255,1.052973478548088,False,False,False,False,-0.1702365288081001,0.013219546968324461,False,False,False,False,-17931518,-13432822.79913085,False,False,False,False,3582245.8857706427,False,False,False,False
2023-12-22 00:00:00+00:00,10.4815738703,10.9305053396,10.1595143379,10.3644613131,3188956,,,,,,,,,,,,,"rgba(239, 83, 80, 0.5)",1.7315346645594516,10.54817195353837,-0.03846188274568227,47.05281961243553,-4.918184082009901,False,False,False,False,True,0.0,0.0,0.0,0.0,0.0,1,0.9714519648578583,1.0140805925158543,False,False,False,False,-0.066979164656258,-0.02687980884396677,False,False,False,False,-14742562,-13529840.517713748,False,False,False,False,3553113.3016394842,False,False,False,False
2023-12-29 00:00:00+00:00,10.1595143379,10.7060396049,10.0424993745,10.5401301489,2097824,,,,,,,,,,,,,"rgba(239, 83, 80, 0.5)",1.7450077962999089,10.529632792745383,-0.2121013187621158,46.538174637110515,-4.918184082009901,False,False,False,False,True,0.0,0.0,0.0,0.0,0.0,1,0.9714714042750422,0.992724275782548,False,False,False,False,-0.15602418034410767,-0.09145199459403722,False,False,False,False,-16840386,-13775066.108994212,False,False,False,False,3445314.0941106337,False,False,False,False
2024-01-05 00:00:00+00:00,9.7691391472,10.3059050345,9.65202659,10.2571081356,2755914,,,,,,,,,,,,,"rgba(239, 83, 80, 1.0)",1.760371374105377,10.478131703583665,-0.40275169592778437,45.545598012797974,-4.918184082009901,False,False,False,True,False,0.0,0.0,0.0,0.0,0.0,1,0.9621932503775676,1.0174871733108268,False,False,False,False,-0.34282825441539394,-0.2171401245047156,False,False,False,False,-19596300,-14206268.619439086,False,False,False,False,3394247.420472809,False,False,False,False
2024-01-12 00:00:00+00:00,9.6032296912,9.8862517045,9.1835763612,9.6617859698,3150481,,,,,,,,,,,,,"rgba(239, 83, 80, 1.0)",1.7814162498114436,10.400741348207722,-0.4476840587325599,44.57161824516861,-2.6398818051085797,False,True,False,True,False,0.0,0.0,0.0,0.0,0.0,1,0.9440767907688705,1.05148051306683,False,False,False,False,-0.34282825441539394,-0.27998418946005477,False,False,False,False,-22746781,-14838899.166147301,False,False,False,False,3376190.6485859347,False,False,False,False
2024-01-19 00:00:00+00:00,8.8712762086,9.4665983744,8.6760886133,9.3885233363,2585260,,,,,,,,,,,,,"rgba(239, 83, 80, 1.0)",1.8110151828803205,10.312221278177256,-0.7956559852168179,42.76353299430672,-4.391932466030092,False,True,False,True,False,0.0,0.0,0.0,0.0,0.0,1,0.8944606346702071,1.067469684965229,False,False,False,False,-0.34282825441539394,-0.3114062219377244,False,False,False,False,-25332041,-15616168.93161787,False,False,False,False,3317603.1931351246,False,False,False,False
2024-01-26 00:00:00+00:00,8.9883887658,9.5153952733,8.6565698537,8.6956073728,2905281,,,,,,,,,,,,,"rgba(239, 83, 80, 1.0)",1.8448554367533694,10.229538729928354,-0.6727627213504415,41.747172968904685,-5.354254671802096,False,True,False,True,False,0.0,0.0,0.0,0.0,0.0,1,0.8940197088451213,1.0874904640857384,False,False,False,False,-0.33800552897677305,-0.3247058754572487,False,False,False,False,-22426760,-16120657.158905435,False,False,False,False,3287060.808458449,False,False,False,False
2024-02-02 00:00:00+00:00,8.9688700063,9.1982154308,8.7346448919,9.0859825635,3661237,,,,,,,,,,,,,"rgba(239, 83, 80, 1.0)",1.8771598078696,10.134096078086387,-0.6207388773728377,40.99009774878018,-6.073844828285758,False,True,False,True,False,0.0,0.0,0.0,0.0,0.0,1,0.8970405949766588,1.0970389640002978,False,False,False,False,-0.34282825441539394,-0.33376706493632136,False,False,False,False,-26087997,-16858978.628616143,False,False,False,False,3314777.5633874526,False,False,False,False
2024-02-09 00:00:00+00:00,8.6565698537,9.0030278355,8.5443369864,8.7639230312,2211449,,,,,,,,,,,,,"rgba(239, 83, 80, 1.0)",1.914607475171065,10.073363691932427,-0.7399918033360019,39.94176301223268,-7.082025154311637,False,True,False,True,False,0.0,0.0,0.0,0.0,0.0,1,0.8821423163909573,1.0784872181994474,False,False,False,False,-0.34282825441539394,-0.3382976596758577,False,False,False,False,-28299446,-17706420.656126056,False,False,False,False,3233049.5216550487,False,False,False,False
2024-02-16 00:00:00+00:00,8.519938537,8.8761558985,8.0222101689,8.6565698537,3012998,,,,,,,,,,,,,"rgba(239, 83, 80, 1.0)",1.9520170461737536,9.984368300722924,-0.7502136144730017,38.970577445379064,-8.015859099820076,False,True,False,True,False,0.0,0.0,0.0,0.0,0.0,0,0.8778246650897634,1.079399642268659,False,False,False,False,-0.34282825441539394,-0.3405629570456258,False,False,False,False,-31312444,-18714274.237153754,False,False,False,False,3216749.40893986,False,False,False,False
2024-02-23 00:00:00+00:00,8.4516228786,8.6077729549,8.0514883082,8.6077729549,1797324,,,,,,,,,,,,,"rgba(239, 83, 80, 1.0)",1.9916717187052106,9.932774267756347,-0.7436724512608162,38.1615171521001,-8.799163502199207,False,True,False,True,False,0.0,0.0,0.0,0.0,0.0,0,0.8795559063040526,1.0865627362865204,False,False,False,False,-0.34282825441539394,-0.34169560573050983,False,False,False,False,-33109768,-19780607.108475696,False,False,False,False,3111606.7860554256,False,False,False,False
2024-03-01 00:00:00+00:00,8.4321041191,8.5101791572,7.9978117194,8.3637884607,3050827,,,,,,,8.313364998566666,,,8.313364998566666,,8.313364998566666,"rgba(239, 83, 80, 1.0)",2.0296737383516557,9.42515266593776,-0.4892651109750467,37.54881166765945,-9.4061316662659,False,True,False,True,False,0.0,1.0,8.5101795,7.997812,0.0,0,0.8634287371096914,1.1094671199404016,True,False,False,False,-0.34282825441539394,-0.3422619300729519,False,False,False,False,-36160595,-20993939.544884905,False,False,False,False,3107104.5796809494,False,False,False,False
2024-03-08 00:00:00+00:00,8.7932011705,9.1201403927,8.5052994674,8.5882541954,4333572,,,,,,,8.602595744700222,,,8.602595744700222,,8.602595744700222,"rgba(239, 83, 80, 0.5)",2.058355947813302,9.443251592584629,-0.3158105004992995,38.256099501171015,-9.4061316662659,False,True,False,True,False,0.0,0.0,0.0,0.0,0.0,0,0.911530894675061,1.0452877562921514,False,False,False,False,-0.1167510862999841,-0.229506508186468,False,False,False,False,-31827023,-21796390.171189725,False,False,False,False,3197954.0182231017,False,False,False,False
2024-03-15 00:00:00+00:00,9.2030951207,9.4568389947,8.7444042717,8.8224793098,3995303,,,,,,,8.789440286301039,,,8.789440286301039,,8.789440286301039,"rgba(239, 83, 80, 0.5)",2.0750303882729773,9.462457141795573,-0.12499191460585625,39.97419311582534,-9.4061316662659,False,True,False,True,True,0.0,0.0,0.0,0.0,0.0,0,0.9147246480741136,1.0809022569453322,False,False,False,False,0.10663084353379873,-0.06143783232633464,False,False,False,False,-27831720,-22243451.639990486,False,False,False,False,3257016.9057621313,False,False,False,False
2024-03-22 00:00:00+00:00,8.9591106265,9.5739515519,8.7248855121,9.2421326398,4491655,,,,,,,8.873362889900221,,,8.873362889900221,,8.873362889900221,"rgba(239, 83, 80, 0.5)",2.0987421374073905,9.453974626017338,-0.2357907580436023,40.65510606610244,-12.450421645787586,False,True,False,True,True,0.0,0.0,0.0,0.0,0.0,0,0.9079033631950956,1.075372065947483,False,False,False,False,0.34282817169946705,0.1406951696865662,False,False,False,False,-32323375,-22990112.62962082,False,False,False,False,3348471.579409381,False,False,False,False
2024-03-29 00:00:00+00:00,10.325423794,10.3449425535,8.7541636514,9.0762231838,5062980,,,,,,,9.099448074906869,,,9.099448074906869,,9.099448074906869,#000000,2.102365862891407,9.519594374606509,0.3832964726154873,44.531034925999634,-8.754760919352165,False,False,False,True,True,0.0,0.0,0.0,0.0,0.0,0,0.9424840800229964,0.9952250934292584,False,False,False,False,0.34282819724637964,0.24176168346647292,False,False,False,False,-27260395,-23306429.8422415,False,False,False,False,3475472.203156834,False,False,False,False
2024-04-05 00:00:00+00:00,11.8478870377,11.9991574241,10.3644613131,10.6572427061,9834009,,,,,,,9.835963593192211,,,9.835963593192211,,9.835963593192211,#000000,2.0986142865967534,9.860953074292016,0.9467837782759603,49.87949491944131,-3.7854720613998794,True,False,False,False,True,0.6588958142219639,0.0,0.0,0.0,0.0,0,1.016131702909092,0.9035492230138203,False,False,False,False,0.34282822911810373,0.2922949562922883,False,False,False,False,-17426386,-22870871.0391125,False,False,False,False,3946474.9288489204,False,False,False,False
2024-04-12 00:00:00+00:00,11.6526994424,12.5603217607,11.5111884357,12.1797059498,7357129,,,,,,,10.235820991711524,,,10.235820991711524,,10.235820991711524,#000000,2.0745373223355466,10.086609089248999,0.7549106667253747,53.223101602736264,-0.8577566601310451,True,False,False,False,True,0.0817483781434909,0.0,0.0,0.0,0.0,0,1.0447260072438773,0.9068718753063755,False,False,False,False,0.342828234830395,0.31756159556134167,False,False,False,False,-24783515,-23012548.36954861,False,False,False,False,4199115.971156408,False,False,False,False
2024-04-19 00:00:00+00:00,12.1016309117,12.3065778868,11.1803454616,11.711255721,4852610,,,,,,,10.419527271941988,,,10.419527271941988,,10.419527271941988,"rgba(38, 166, 154, 0.5)",2.017417817796813,10.202859508664202,0.9411889725002093,56.28138807034492,1.7786264138363208,True,False,True,False,True,1.3994276790439493,0.0,0.0,0.0,0.0,0,1.0127592221655823,0.9410491633810756,False,False,False,False,0.28658472156752285,0.3020731585644323,False,False,False,False,-19930905,-22784278.490322787,False,False,False,False,4247522.936255934,False,False,False,False
2024-04-26 00:00:00+00:00,12.6481561786,12.9311781919,11.3013617707,11.3696774291,4159942,,,,,,,10.58491157699521,,,10.58491157699521,,10.58491157699521,"rgba(38, 166, 154, 0.5)",1.9859172054750271,10.312523449846346,1.1760977357537807,59.225931449209156,4.309475941795256,True,False,True,False,True,2.973123499509253,0.0,0.0,0.0,0.0,0,1.0343395872948424,0.8993225735970372,False,False,False,False,0.3428282352386736,0.3224506969015529,False,False,False,False,-15770963,-22264773.639187764,False,False,False,False,4241035.459496235,False,False,False,False
2024-05-03 00:00:00+00:00,11.9845183545,12.9311781919,11.8576464175,12.8921406728,3402060,,,,,,,10.69751926024454,,,10.69751926024454,,10.69751926024454,#000000,1.9351889981325847,10.391481250703498,0.8231945847840955,59.66365529338891,4.483347025950401,True,False,True,False,True,0.9606819966414761,0.0,0.0,0.0,0.0,0,1.0710482347209986,0.8973313970761835,False,False,False,False,0.342828236526915,0.33263946671423394,False,False,False,False,-19173023,-22035755.073322,False,False,False,False,4178889.12916318,False,False,False,False
2024-05-10 00:00:00+00:00,12.3944123047,13.00925323,12.1797059498,12.2089840891,3483564,,,,,,,10.815539180502226,,,10.815539180502226,,10.815539180502226,"rgba(38, 166, 154, 0.5)",1.85854980778842,10.47625943195776,1.0320696624346826,60.59029712146025,5.238243176333974,True,False,True,False,True,2.145761424246352,0.0,0.0,0.0,0.0,0,1.0886952124297589,0.8830566464195281,False,False,False,False,0.342828234830395,0.33773385077231444,False,False,False,False,-15689459,-21565659.067890745,False,False,False,False,4127383.564039982,False,False,False,False
2024-05-17 00:00:00+00:00,13.7216879531,13.7216879531,11.9259620759,12.3358560261,5443135,,,,,,,11.026756816766211,,,11.026756816766211,,11.026756816766211,"rgba(38, 166, 154, 1.0)",1.8262999454539435,10.630280834595503,1.6927159890683234,62.94421250081585,7.415561866793965,True,False,True,False,True,5.805260728368715,0.0,0.0,0.0,0.0,0,1.075268900319678,0.8558392820593227,False,False,False,False,0.34282823452237404,0.34028104264734427,False,True,False,False,-10246324,-20727189.803602543,False,True,False,False,4224846.633370354,False,False,False,False
2024-05-24 00:00:00+00:00,13.0287719896,13.9559130675,12.7067124573,13.936394308,4259755,,,,,,,11.17406216827295,,,11.17406216827295,,11.17406216827295,"rgba(38, 166, 154, 0.5)",1.7587377266435877,11.407746276714569,0.9216983796549528,63.0133765197331,7.432121804647565,True,False,True,False,True,3.6993906224918156,0.0,0.0,0.0,0.0,0,1.08096578431753,0.8606013619069334,False,False,False,False,0.3428282367043387,0.3415546396758415,False,False,False,False,-14506079,-20266366.781113464,False,False,False,False,4227432.438305884,False,False,False,False
2024-05-31 00:00:00+00:00,13.0580501289,13.6143347756,12.8726219133,13.3117940028,2462592,,,,,,,11.248755945775596,,,11.248755945775596,,11.248755945775596,"rgba(38, 166, 154, 0.5)",1.6990681439482649,11.450188091954136,0.9463199240552779,63.101672748229944,7.562521438507346,True,False,True,False,True,3.779417209803764,0.0,0.0,0.0,0.0,0,1.0617982113488422,0.9098290249546006,False,False,False,False,0.3257212994010806,0.33363796953846103,False,False,False,False,-12043487,-19657264.57510506,False,False,False,False,4096703.516949892,False,False,False,False
2024-06-07 00:00:00+00:00,12.3260966463,13.4679440791,12.2772997475,13.1458845468,3406072,,,,,,,11.319314009854828,,,11.319314009854828,,11.319314009854828,#000000,1.6400148305173203,11.453746055813143,0.5319162816422127,61.534279717104795,7.562521438507346,True,False,True,False,True,1.586573752161172,0.0,0.0,0.0,0.0,0,1.0517802640952532,0.9142206190990149,False,False,False,False,0.1914658756049285,0.2625519225716948,False,False,False,False,-15449559,-19345582.68065283,False,False,False,False,4045545.6268054554,False,False,False,False
2024-06-14 00:00:00+00:00,11.9747589747,12.9214188121,11.7307744805,12.3358560261,2803193,,,,,,,11.35376113862209,,,11.35376113862209,,11.35376113862209,#000000,1.5328595080934533,11.435023817508485,0.3521099972578892,59.68555251427012,7.562521438507346,True,False,True,False,False,0.5564683204432228,0.0,0.0,0.0,0.0,0,1.0606855318652344,0.903995878851127,False,False,False,False,-0.08805108127014653,0.08725042065077412,False,False,False,False,-18252752,-19264632.259863734,False,False,False,False,3953519.5063013476,False,False,False,False
2024-06-21 00:00:00+00:00,11.6819775817,12.1894653296,11.5453462649,11.8576464175,3286616,,,,,,,11.373382050277533,,,11.373382050277533,,11.373382050277533,#000000,1.4356645838189586,11.40071084044639,0.19591396515850712,57.76650500690173,7.562521438507346,True,False,True,False,False,0.0,0.0,0.0,0.0,0.0,0,1.037852192090702,0.93312125645934,False,False,False,False,-0.28603555578137035,-0.09939256756529811,False,False,False,False,-21539368,-19433131.203577533,False,False,False,False,3904119.2465753215,False,False,False,False
2024-06-28 00:00:00+00:00,11.3891961886,11.8381276579,11.1354523147,11.7893307591,2206146,,,,,,11.4542587204,11.375672756209811,,,11.375672756209811,,11.414965738304906,#000000,1.356361825087578,11.539811497964882,-0.11104360693368626,55.803033879186465,11.340025930770068,True,False,True,False,False,0.0,0.0,0.0,0.0,0.0,0,1.0260397900824065,0.9383175374037924,False,False,False,False,-0.34282825441539394,-0.22111041099034603,False,False,False,False,-23745514,-19752566.966275495,False,False,False,False,3778343.450532705,False,False,False,False
2024-07-05 00:00:00+00:00,12.16994657,12.340735716,11.2720836314,11.457511847,1606664,,,,,,11.653713227850352,11.386827066296606,,,11.386827066296606,,11.520270147073479,"rgba(38, 166, 154, 0.5)",1.334722621923762,11.584595825640431,0.4385560975327533,55.812534121841,11.286443070692464,True,False,True,False,False,1.142462001896984,0.0,0.0,0.0,0.0,0,1.0464193535932136,0.9036942871471113,False,False,False,False,-0.2190736131441684,-0.2200920120672572,False,False,False,False,-22138850,-19929328.67247731,False,False,False,False,3617478.306048801,False,False,False,False
2024-07-12 00:00:00+00:00,13.2825158635,13.4093878005,11.9162026961,12.0821121521,2846328,,,,,,12.173323191708947,11.438072964243947,,,11.438072964243947,,11.805698077976448,"rgba(38, 166, 154, 1.0)",1.332286464924011,11.751807496713443,1.1489333616204407,57.49992336556592,11.286443070692464,True,False,True,False,False,4.2400099194819205,0.0,0.0,0.0,0.0,0,1.0876013298945835,0.8496395083892662,False,False,False,False,0.09104435450512526,-0.06452382878106597,False,True,False,False,-19292522,-19882157.807849362,False,False,False,False,3560356.061156297,False,False,False,False
2024-07-19 00:00:00+00:00,12.8726219133,13.7704848519,12.5255783688,13.2434783445,3564762,,,,,,12.481165292834081,11.505217788459184,,,11.505217788459184,,11.993191540646633,"rgba(38, 166, 154, 0.5)",1.3363706065734708,11.87919998317325,0.7433730772288833,57.82441810395487,11.286443070692464,True,False,True,False,False,3.010046746093632,0.0,0.0,0.0,0.0,0,1.1339528909831205,0.8270873162923039,False,False,False,False,0.27085368853396263,0.10316492987644833,False,False,False,False,-22857284,-20102537.52578645,False,False,False,False,3560682.4269965715,False,False,False,False
2024-07-26 00:00:00+00:00,12.7555093561,13.7314473328,12.4627279631,12.843343774,2621068,,,,,,12.583613275996937,11.548976589164557,,,11.548976589164557,,12.066294932580746,"rgba(38, 166, 154, 0.5)",1.3429579506979568,11.935052498967986,0.6109326481187358,57.803897805134866,11.286443070692464,True,False,True,False,False,2.6586132941489566,0.0,0.0,0.0,0.0,0,1.13029446185361,0.8329977539229086,False,False,False,False,0.25135338806180213,0.17725915896912522,False,False,False,False,-25478352,-20500746.00535782,False,False,False,False,3491081.358330159,False,False,False,False
2024-08-02 00:00:00+00:00,12.3651341654,13.809522371,12.1748262599,12.8726219133,3126036,,,,,,12.622671130887825,11.591069893792438,,,11.591069893792438,,12.106870512340132,"rgba(38, 166, 154, 0.5)",1.3506985918139436,12.407622705133772,-0.03145671431900317,56.94703042076745,11.286443070692464,True,False,True,False,False,1.4866051884429368,0.0,0.0,0.0,0.0,1,1.1117898212050665,0.8258725526381161,False,False,False,False,0.24009269417155205,0.20867592657033862,False,False,False,False,-28604388,-21101015.782738723,False,False,False,False,3464040.9614168135,False,False,False,False
2024-08-09 00:00:00+00:00,11.75029324,12.1016309117,11.0183397575,11.2623242517,2621279,,,,,11.623421303066666,12.481789422631705,11.591969389985577,,11.623421303066666,11.591969389985577,,11.899060038561316,#000000,1.3485063146960385,12.229237670578703,-0.35516662054835135,55.0932457730631,10.01804216681252,True,False,True,False,False,0.0,1.0,12.101631,11.01834,0.0,1,1.0708870330723197,0.8744286842711004,False,False,True,False,-0.3105308866844398,-0.050927480057050584,False,False,False,False,-31225667,-21850989.946980298,False,False,False,False,3401614.1494600126,False,False,False,False
2024-08-16 00:00:00+00:00,12.6969530775,12.9116594324,11.6526994424,11.8478870377,2272306,,,,,11.993510771532312,12.475107730662844,11.6114674778477,,11.993510771532312,11.6114674778477,,12.02669532668095,"rgba(38, 166, 154, 0.5)",1.3601415248844648,12.329763875429439,0.26996396724359345,55.40660180715189,10.01804216681252,True,False,True,False,False,2.377253368169182,0.0,0.0,0.0,0.0,1,1.1093556505384792,0.8442056485449763,False,False,False,False,-0.013998113352814267,-0.03246279670493243,False,False,False,False,-28953361,-22377091.506463237,False,False,False,False,3317961.693944456,False,False,False,False
2024-08-23 00:00:00+00:00,13.1849220659,13.4581846993,12.5993592798,12.6481561786,2201339,,,,,12.330870360639105,12.532915180550333,11.644222076254067,,12.330870360639105,11.644222076254067,,12.169335872481168,"rgba(38, 166, 154, 1.0)",1.3783550761153947,12.477975829474552,0.5128912343964579,56.38213535055975,10.01804216681252,True,False,True,False,False,3.722047303593925,0.0,0.0,0.0,0.0,1,1.1392110604383625,0.8182842607517519,False,False,False,False,0.29052606046949914,0.12903163188228337,False,False,False,False,-26752022,-22701160.431910403,False,False,False,False,3235248.9018004225,False,False,False,False
2024-08-30 00:00:00+00:00,12.7262312168,13.3996284207,12.5895999,13.1946814456,1744860,,,,,12.44422642439994,12.55909343793844,11.666115013077718,,12.44422642439994,11.666115013077718,,12.223144958472034,"rgba(38, 166, 154, 0.5)",1.3861616832174621,12.532220573945278,0.13996249153590712,56.12043826200323,10.01804216681252,True,False,True,False,False,2.348210581804242,0.0,0.0,0.0,0.0,1,1.1392939395695525,0.8187873924330833,False,False,False,False,0.27583752318568744,0.20243457753398542,False,False,False,False,-28496882,-23130473.140657783,False,False,False,False,3124849.72388928,False,False,False,False
2024-09-06 00:00:00+00:00,11.4672712268,12.5017654821,11.4379930875,12.5017654821,1998285,,,,,12.325878267708099,12.502687066916296,11.668770999206215,,12.325878267708099,11.668770999206215,,12.165778777943537,#000000,1.3795510849556867,12.45322303202127,-0.714690319172154,53.65732676554526,8.119427115562473,True,False,False,False,False,0.0,0.0,0.0,0.0,0.0,1,1.082987949953377,0.8668035408228977,False,False,False,False,-0.16102344592248446,0.020705565805750475,False,False,False,False,-30495167,-23676006.019127578,False,False,False,False,3041400.485082667,False,False,False,False
2024-09-13 00:00:00+00:00,14.1803788021,14.1998975617,11.4867899863,11.5160681256,2972903,,,,,12.533201346641253,12.58118077829754,11.71444262980789,,12.533201346641253,11.71444262980789,,12.276274918248895,"rgba(0, 255, 255, 0.75)",1.3990828420576003,12.574291725778963,1.147957095920782,55.633679030633786,8.119427115562473,True,False,True,False,False,5.8317079201919775,0.0,0.0,0.0,0.0,1,1.0713865793187933,0.8326314652877752,False,False,False,False,0.206245631865124,0.11347559883543724,False,False,False,False,-27522264,-23960914.017710723,False,False,False,False,3036326.5972987656,False,False,False,False
2024-09-20 00:00:00+00:00,14.0339881056,14.4536414356,13.5948160161,14.1120631438,3659989,,,,,12.846237945722061,12.739468307813977,11.792019212509567,,12.846237945722061,11.792019212509567,,12.459241822015201,"rgba(0, 255, 255, 0.75)",1.4124730679373299,12.782692970857145,0.8858895529740286,56.799717144882464,8.119427115562473,True,False,True,False,True,5.420154382989022,0.0,0.0,0.0,0.0,1,1.1367332741615228,0.8284836999586517,False,False,False,False,0.342828224359208,0.22815191159732262,False,False,False,False,-31182253,-24495828.016398817,False,False,False,False,3082523.8123136717,False,False,False,False
2024-09-27 00:00:00+00:00,14.2389350807,15.1660761587,13.8875974091,14.0535068652,3658523,,,,,13.12061337149907,12.906259384657412,11.87761793291458,,13.12061337149907,11.87761793291458,,12.634830229690353,"rgba(0, 255, 255, 0.75)",1.4479667031122891,12.982646385630506,0.8676226410242726,57.8725401239257,8.119427115562473,True,False,True,False,True,5.922592493190351,0.0,0.0,0.0,0.0,1,1.1462324702675535,0.8286385545100171,False,False,False,False,0.34282822945096286,0.28549007052414277,False,False,False,False,-27523730,-24720117.052221127,False,False,False,False,3125190.4188089552,False,False,False,False
2024-10-04 00:00:00+00:00,14.6000321321,14.8244978668,13.5304041096,14.1120631438,3544891,,,,,13.292682931673603,13.02941164687646,11.951992238493611,,13.292682931673603,11.951992238493611,,12.758028939014558,"rgba(0, 255, 255, 0.75)",1.4910426872085947,13.119267075412651,0.9931070849886359,59.065553486537745,4.647045052000166,True,False,True,False,True,6.8078907118920355,0.0,0.0,0.0,0.0,1,1.087437118186533,0.8892483594057027,False,False,False,False,0.2578423406489655,0.27166620558655413,False,False,False,False,-23978839,-24665207.566871412,False,False,False,False,3156279.3507490326,False,False,False,False
2024-10-11 00:00:00+00:00,15.0977605003,15.615007628,14.1144053949,14.6390696512,3272376,,,,,13.485852637178906,13.171950542463435,12.033810659505967,,13.485852637178906,12.033810659505967,,12.897204613049437,"rgba(0, 255, 255, 0.75)",1.5432915790717678,13.275655101357888,1.180661790455722,60.49191964745948,6.077379310069105,True,False,True,False,True,8.01534653887785,0.0,0.0,0.0,0.0,1,1.0687969743096126,0.8836970443932103,False,False,False,False,0.3428282320032887,0.30724721879492145,False,False,False,False,-20706463,-24371967.22858464,False,False,False,False,3164879.1025454,False,False,False,False
2024-10-18 00:00:00+00:00,16.3372017308,16.5323893261,14.775700968,15.0392042217,2989814,,,,,13.717401594218481,13.34466975196983,12.127655364561013,,13.717401594218481,12.127655364561013,,13.063242236916443,"rgba(0, 255, 0, 1.0)",1.6512937703413197,13.464619069471103,1.739595166482787,62.782045863885955,8.314279516184797,True,False,True,False,True,10.89942151036163,0.0,0.0,0.0,0.0,0,1.097602313536862,0.8503668235110431,False,False,False,False,0.34282823431158715,0.3250377265532543,False,False,False,False,-17716649,-23878980.693133924,False,False,False,False,3151911.317171667,False,False,False,False
2024-10-25 00:00:00+00:00,17.0105989347,17.5766429612,16.6798535544,17.0984333526,5238328,,,,,14.20563261677936,13.720810498885415,12.330965479343263,,14.20563261677936,12.330965479343263,,13.419136198336012,"rgba(0, 255, 0, 1.0)",1.777342180250011,13.871091768117076,1.7664055922767234,65.02268744375387,10.461443694692328,True,False,True,False,True,12.393824403824993,0.0,0.0,0.0,0.0,0,1.1430319168095706,0.8342119151309062,False,False,False,False,0.34282824005702595,0.3339329833051401,False,False,False,False,-12478321,-23034487.382531412,False,True,False,False,3306460.7010848764,False,True,False,False
2024-11-01 00:00:00+00:00,16.3469611105,17.8303868352,16.3079235914,16.9813207954,3918674,,,,,14.461979571297011,13.93801939582347,12.464734956995315,,14.461979571297011,12.464734956995315,,13.621577974705266,"rgba(0, 255, 255, 0.75)",1.867248650966141,14.892243725886438,0.7790699882743904,65.28585380577898,10.709918944456739,True,False,True,False,True,10.391861714190782,0.0,0.0,0.0,0.0,0,1.112954462096873,0.8287773742073689,False,False,False,False,0.3343669323779404,0.3341499578415402,False,False,False,False,-16396995,-22542821.28012168,False,False,False,False,3351809.8343378487,False,False,False,False
2024-11-08 00:00:00+00:00,15.6638045268,16.4640736677,14.4341226761,16.4055173891,3218307,,,,,14.54064578241017,14.023937048543337,12.537603601537159,,14.54064578241017,12.537603601537159,,13.70072881083022,"rgba(0, 255, 255, 0.75)",1.9277186076731798,14.806408204024834,0.44477255101566504,64.19043657912303,10.709918944456739,True,False,True,False,True,8.385411615615272,0.0,0.0,0.0,0.0,0,1.0507732668930443,0.8820610117349102,False,False,False,False,0.11567019803247615,0.22491007793700818,False,False,False,False,-19615302,-22325968.000112668,False,False,False,False,3341920.735498008,False,False,False,False
2024-11-15 00:00:00+00:00,14.5414758535,15.234391817,14.1608600426,15.0489636014,5248246,,,,14.645575904366666,14.551986345259637,14.074494259332342,12.616504342666085,,14.551986345259637,12.616504342666085,,13.972140212906181,"rgba(38, 166, 154, 0.5)",1.9583604187581707,14.801546950000436,-0.13280042529931824,61.5282234174295,10.709918944456739,True,False,True,False,False,5.22533827121325,0.0,0.0,0.0,0.0,0,1.0378960717051358,0.9259131653335391,False,False,False,False,-0.044415771137569386,0.0902471533997194,False,False,False,False,-24863548,-22513936.88899321,False,False,False,False,3483130.0143500073,False,False,False,False
2024-11-22 00:00:00+00:00,15.1172792598,15.6325745115,14.9464901139,15.0001667026,2629811,,,,14.8413711351436,14.586926983105265,14.119823032381706,12.66465804075336,,14.586926983105265,12.66465804075336,,14.053194797845983,"rgba(38, 166, 154, 1.0)",2.0009221759804694,14.85424288308035,0.13145757485083623,60.34326744933789,15.041371007134174,True,False,True,False,False,6.582716894312423,0.0,0.0,0.0,0.0,0,1.0261481446947585,0.9086051220003529,False,False,False,False,-0.06103732130564254,0.014604916047038428,False,False,False,False,-22233737,-22493181.34166038,False,False,False,False,3419921.198472229,False,False,False,False
2024-11-29 00:00:00+00:00,15.0001667026,15.3515043742,14.4146039166,14.6585884107,1508672,,,,14.854344856065433,14.596522181865256,14.137448882806407,12.688250821340237,,14.596522181865256,12.688250821340237,,14.069141685519334,"rgba(38, 166, 154, 1.0)",2.0361179318227878,14.849532839934362,0.07398091255489612,59.300677317587315,14.019662170109413,True,False,True,False,False,6.254655837586341,0.0,0.0,0.0,0.0,0,1.0053185335965356,0.9073406753578358,False,False,False,False,-0.17391126869646373,-0.07965317632471265,False,False,False,False,-23742409,-22585716.72375961,False,False,False,False,3278347.183770582,False,False,False,False
2024-12-06 00:00:00+00:00,14.7464228287,15.7906764638,14.4243632963,15.0099260824,2794909,,,,14.884816129322157,14.616196210294715,14.170680046478429,12.73191542382121,,14.616196210294715,12.73191542382121,,14.100901952479127,"rgba(38, 166, 154, 0.5)",2.0654526868382517,14.851112597467685,-0.050686113235516125,58.11813560466748,12.84404381006867,True,False,True,False,False,5.538633129104802,0.0,0.0,0.0,0.0,0,1.0231290207436199,0.8905579275642588,False,False,False,False,-0.12258335756611557,-0.10111826694541412,False,False,False,False,-26537318,-22878427.929407045,False,False,False,False,3242536.947935724,False,False,False,False
2024-12-13 00:00:00+00:00,14.5805133726,15.8687515019,14.3462882582,14.8244978668,2534219,,,,14.892916016065504,14.629981661902484,14.196747708375073,12.769161408674417,,14.629981661902484,12.769161408674417,,14.12220169875437,"rgba(38, 166, 154, 0.5)",2.0869433926504586,14.946798016114423,-0.17551249583690617,56.9805748912104,11.700151824467447,True,False,True,False,False,5.0678873783434355,0.0,0.0,0.0,0.0,0,1.0365812657378402,0.8733830618953693,False,False,False,False,-0.22228965050750177,-0.16170395872645793,False,False,False,False,-29071537,-23337176.74945097,False,False,False,False,3190068.951792337,False,False,False,False
2024-12-20 00:00:00+00:00,13.4972222184,14.6683477905,13.2958862138,14.6000321321,3319623,,,,14.695523691942347,14.586178266823586,14.180593084556026,12.791971359079788,,14.586178266823586,12.791971359079788,,14.063566600600437,#000000,2.0953155940697368,14.679092098919382,-0.5640533979054839,54.38847875784607,9.17122017857897,False,False,True,False,False,2.066674811032641,0.0,0.0,0.0,0.0,0,1.0110926667273863,0.8894109113232038,False,False,False,False,-0.34282825441539394,-0.25226610657092596,False,False,False,False,-32391160,-24007842.17541757,False,False,False,False,3199665.547955868,False,False,False,False
2024-12-27 00:00:00+00:00,13.4581846993,13.7314473328,13.2873955534,13.42890656,975870,,,,14.633763301335234,14.569050759396212,14.172014635195259,12.796410082145474,,14.569050759396212,12.796410082145474,,14.042809694518045,#000000,2.1023161503913776,14.615153723639335,-0.5503306551319349,52.47644675746297,7.337382404241573,False,False,False,False,False,1.9605986579927652,0.0,0.0,0.0,0.0,0,1.0227356409012975,0.9054513259403768,False,False,False,False,-0.34282825441539394,-0.29754718049316,False,False,False,False,-33367030,-24701115.34760886,False,False,True,False,3034939.9518109886,False,False,True,False
2025-01-03 00:00:00+00:00,13.6924098138,14.1413412831,12.8823812931,13.4777034589,1887331,,,13.57204413,14.537880910223791,14.539745896373848,14.15789239876505,12.805801949529195,,14.539745896373848,12.805801949529195,,13.922673056978377,#000000,2.1125275446273584,14.283459760196811,-0.2797833088141203,51.523820106603225,6.420767858186039,False,False,False,False,False,2.570962821483892,0.0,0.0,0.0,0.0,0,1.007097432454267,0.9086223042188523,False,False,False,False,-0.3423206919632161,-0.319933936228188,False,False,False,False,-31479699,-25203232.65519339,False,False,False,False,2949931.881306471,False,False,False,False
2025-01-10 00:00:00+00:00,13.7021691935,14.3638551418,13.6338535352,13.8778380293,1503919,,,13.717464797825341,14.495056307502916,14.525103958693261,14.1531435681008,12.81625831903444,,14.525103958693261,12.81625831903444,,13.941405390231353,#000000,2.1219798271984325,14.2898466907068,-0.27694773045165433,50.86128300344505,5.745520211979077,False,False,False,False,False,2.596687676526013,0.0,0.0,0.0,0.0,0,1.0103996684869148,0.9313576154190967,False,False,False,False,-0.16494390647650278,-0.2424389213523454,False,False,False,False,-29975780,-25556754.68073462,False,False,False,False,2842819.8160245097,False,False,False,False
2025-01-17 00:00:00+00:00,14.8049791073,15.3905418933,13.2434783445,13.4777034589,3156844,,,14.084923131090179,14.49315550776427,14.523021246527808,14.165292950285671,12.84897000604975,,14.523021246527808,12.84897000604975,,14.023072568343537,"rgba(38, 166, 154, 0.5)",2.1475846253092516,14.397192361670937,0.1898815724527461,52.27258648277031,5.745520211979077,False,False,False,False,False,5.445210072041025,0.0,0.0,0.0,0.0,0,0.981609816260617,0.9141355221497122,False,False,False,False,-0.030585208163003128,-0.13651206475767427,False,False,False,False,-26818936,-25650249.593272794,False,False,False,False,2866080.8666893607,False,False,False,False
2025-01-24 00:00:00+00:00,14.7854603477,15.2099933676,14.395085157,15.0196854621,1424315,,,14.212112144495615,14.509185570054408,14.52856943069289,14.175720282652264,12.866100979357745,,14.52856943069289,12.866100979357745,,14.058337681450585,"rgba(38, 166, 154, 0.5)",2.1667058080297155,14.448075013816307,0.15571349494396441,53.24149772530574,5.745520211979077,False,False,False,False,False,5.388091360959542,0.0,0.0,0.0,0.0,1,1.0164706678750879,0.9170994248370479,False,False,False,False,0.15056837503347822,0.007028155137901976,False,False,False,False,-28243251,-25842323.771548886,False,False,False,False,2759283.3950827415,False,False,False,False
2025-01-31 00:00:00+00:00,15.4198200326,16.3469611105,13.936394308,14.6293102714,2509132,,,14.456831374169372,14.570883088988538,14.552894782692627,14.205642260848867,12.902233327858838,,14.552894782692627,12.902233327858838,,14.137696966911648,"rgba(38, 166, 154, 1.0)",2.1975387556957644,14.56838293884117,0.38745031984168876,54.93172027695738,5.745520211979077,False,False,True,False,True,6.989533479388712,0.0,0.0,0.0,0.0,1,1.0112812759486702,0.8889833056983892,False,False,False,False,0.3428282090390902,0.1749281820884961,False,False,False,False,-25734119,-25834308.603286006,False,False,False,False,2740753.66211365,False,False,False,False
2025-02-07 00:00:00+00:00,15.4100606528,16.2786454521,15.2148730575,15.4978950707,3829001,,,14.771941408688704,14.693105778309901,14.606938433585519,14.264723437225674,12.964399625829314,,14.606938433585519,12.964399625829314,,14.260221736727823,"rgba(38, 166, 154, 1.0)",2.226356841705026,14.753358966638732,0.29496694952923264,56.11709766336448,1.2934895626377028,False,False,True,False,True,6.959933604740396,0.0,0.0,0.0,0.0,1,1.0841002450204662,0.8488732030073778,False,False,False,False,0.3428282213109798,0.25887820169973796,False,False,False,False,-29563120,-26110516.85489445,False,False,False,False,2821364.5760311573,False,False,False,False
2025-02-14 00:00:00+00:00,16.0053828187,16.8934863775,15.6345263875,15.6345263875,3948237,,,15.075940766739068,14.850387735868011,14.683905097546402,14.34295273418355,13.038060832380886,,14.683905097546402,13.038060832380886,,14.398249433343583,"rgba(38, 166, 154, 1.0)",2.258861990574357,15.234449542018975,0.34129277481224085,57.87749337163919,3.044891726380648,True,False,True,False,True,8.455303600984593,0.0,0.0,0.0,0.0,1,1.071129915239349,0.8490047228318341,False,False,False,False,0.3428282275272203,0.30085321461347914,False,False,False,False,-25614883,-26073803.236013383,False,False,False,False,2904836.607436257,False,False,False,False
2025-02-21 00:00:00+00:00,15.3807825135,16.5811862249,15.3515043742,16.2493673128,2827365,,,15.169159898524578,14.915313309060016,14.720760189964933,14.383585070969838,13.08220126821205,,14.720760189964933,13.08220126821205,,14.454203947346283,"rgba(38, 166, 154, 0.5)",2.2878554908517477,15.255301875750188,0.05484640015576175,57.6979281299863,3.044891726380648,True,False,True,False,True,6.536804137013899,0.0,0.0,0.0,0.0,1,1.0359323850870175,0.8746400334708367,False,False,False,False,0.26469346829544155,0.2827733414544603,False,False,False,False,-28442248,-26249243.58890128,False,False,False,False,2899097.969848386,False,False,False,False
2025-02-28 00:00:00+00:00,14.648829031,15.6735639066,14.102303764,15.5466919696,2552866,,,15.130181956404135,14.9089038992425,14.723357893589379,14.39422014276218,13.107009111536433,,14.723357893589379,13.107009111536433,,14.452734600706924,"rgba(38, 166, 154, 0.5)",2.293927480624525,15.159342251029987,-0.222549851441249,56.06380834878271,3.044891726380648,False,False,True,False,True,4.35538383329844,0.0,0.0,0.0,0.0,1,1.0011754971742273,0.9005540099402346,False,False,False,False,0.0002922820901919752,0.14153281177232616,False,False,False,False,-30995114,-26600789.545278963,False,False,False,False,2873451.1572670243,False,False,False,False
2025-03-07 00:00:00+00:00,14.5902727524,15.1855949182,13.8290411305,14.9806479431,3104854,,,15.06108021910498,14.883529492653519,14.716790729905238,14.398380600250697,13.13154171798459,,14.716790729905238,13.13154171798459,,14.438264551979804,"rgba(38, 166, 154, 0.5)",2.2949585933502443,15.055386609338811,-0.20266764650416813,54.780306719835,3.044891726380648,False,False,True,False,False,4.182450578444822,0.0,0.0,0.0,0.0,1,1.02656357323787,0.8956620046534611,False,False,False,False,-0.09153136702626302,0.025000722373031567,False,False,False,False,-34099968,-27156284.24562867,False,False,False,False,2890592.108580578,False,False,False,False
2025-03-14 00:00:00+00:00,15.6833232863,16.1840770622,13.6240941554,14.4536414356,3268400,,,15.072270054391188,14.902217202724428,14.732614635630702,14.421479859388272,13.167643036312775,,14.732614635630702,13.167643036312775,,14.459244957689473,"rgba(38, 166, 154, 1.0)",2.3109578893411706,15.057111872125025,0.27097482695952585,55.73682417937955,3.044891726380648,False,False,True,False,False,7.00486421014913,0.0,0.0,0.0,0.0,1,1.0202449045336988,0.9149547517374153,False,False,False,False,-0.0663388624837954,-0.02066907005538192,False,True,False,False,-30831568,-27428527.48669321,False,False,False,False,2918577.87831535,False,False,False,False
2025-03-21 00:00:00+00:00,15.3417449945,16.8934863775,14.9220916645,15.8004358435,3688110,,,15.143058832909828,14.959373025095976,14.770504226661918,14.464212223731808,13.217782110887216,,14.770504226661918,13.217782110887216,,14.51098608385735,"rgba(38, 166, 154, 0.5)",2.3261043669248154,15.125293307981874,0.09305329958357932,55.69984990521111,3.044891726380648,False,False,True,False,False,5.975761426184516,0.0,0.0,0.0,0.0,1,0.9980171447908643,0.9053154068602983,False,False,False,False,0.21238488002700925,0.09585790498581367,False,False,False,False,-34519678,-27953797.895086307,False,False,False,False,2975580.2576993983,False,False,False,False
2025-03-28 00:00:00+00:00,15.3222262349,16.9325238966,15.195354298,15.4490981719,4502556,,,15.222453626103773,15.026841659899032,14.8173632928552,14.516485246563722,13.27867110938993,,14.8173632928552,13.27867110938993,,14.572362986962332,"rgba(38, 166, 154, 0.5)",2.3405829564253997,15.399176814840933,-0.03287667276636657,55.631369580644304,3.044891726380648,False,False,True,False,False,5.916551791205755,0.0,0.0,0.0,0.0,1,0.9975263198528704,0.9242219876942251,False,False,False,False,0.260575031217705,0.17821646810175934,False,False,False,False,-39022234,-28773682.05100584,False,False,False,False,3088689.571943887,False,False,False,False
2025-04-04 00:00:00+00:00,13.2239595849,15.3515043742,12.9964718733,15.195354298,4444472,,,15.080186249967928,14.942539887542553,14.776714575203878,14.492261352063545,13.291750481217452,,14.776714575203878,13.291750481217452,,14.516690509199071,#000000,2.328608272162527,15.029039896461892,-0.7751755987217012,51.87916325170293,6.327227557422489,False,True,False,False,False,0.0,0.0,0.0,0.0,0.0,1,0.9503407528699401,0.9580855379624836,False,False,False,False,-0.34282825441539394,-0.0823058931568173,False,False,False,False,-43466706,-29862054.195375778,False,False,False,False,3189117.8999480437,True,False,False,False
2025-04-11 00:00:00+00:00,14.8361551065,15.1427689787,12.2843364282,12.8975641726,5619506,,14.087753504466667,14.964641625316586,14.871142717770214,14.741705837979708,14.474300591371435,13.313867805899118,14.087753504466667,14.741705837979708,13.313867805899118,,14.408902013800622,"rgba(38, 166, 154, 0.5)",2.330807086180475,14.662528260404194,0.0744921564402527,51.849863188441134,6.248190241185547,False,True,False,False,False,4.039333791535842,1.0,15.142769,12.284336,0.0,1,0.9198766564434893,0.9842714977360475,True,False,False,False,-0.34282825441539394,-0.21256707378610562,False,False,False,False,-37847200,-30453546.477199793,False,False,False,False,3369146.648100041,False,False,False,False
2025-04-18 00:00:00+00:00,15.3603659203,16.3098798471,14.6917498635,14.8262643364,2966515,,14.559798285438376,14.992976344207815,14.895757368461167,14.760313528956285,14.496738184027649,13.344805126144191,14.559798285438376,14.760313528956285,13.344805126144191,,14.508398139539247,"rgba(38, 166, 154, 0.5)",2.3251862559883176,14.833980364372053,0.2263842539806374,52.56220624121605,6.248190241185547,False,True,False,False,False,5.311351078739456,0.0,0.0,0.0,0.0,1,0.9630422470868178,0.9780042483576165,False,False,False,False,0.13328692434946296,-0.03964007471832133,False,False,False,True,-34880685,-30781482.66407388,False,False,False,False,3339322.0815741117,False,False,False,False
2025-04-25 00:00:00+00:00,15.3109120699,15.9637028946,14.6581212452,15.8252321136,3407856,,14.773214482474602,15.012805293863522,14.91496628821645,14.776355665615014,14.51760986402217,13.376921858059168,14.773214482474602,14.776355665615014,13.376921858059168,,14.561978908708484,"rgba(38, 166, 154, 0.5)",2.3261127912398387,14.921869475957543,0.16725009870871077,52.987946110347394,6.248190241185547,False,True,False,False,False,5.173003506443788,0.0,0.0,0.0,0.0,1,0.9234828182133893,1.0137615394601918,False,False,False,False,0.11910635633083871,0.03973314080625869,False,False,False,False,-38288541,-31337561.05932767,False,False,False,False,3344398.6681241775,False,False,False,False
2025-05-02 00:00:00+00:00,14.4108519934,15.7263244129,14.3069989077,15.3504751502,2410009,,14.780159897974176,15.00443782214779,14.911790193344148,14.77713029239162,14.522900400606998,13.39334184603225,14.780159897974176,14.77713029239162,13.39334184603225,,14.564960075416161,#000000,2.3207764923413263,14.91781461183048,-0.2184452574832091,51.83295690594743,5.990363802422635,False,True,False,False,False,2.6876292758054703,0.0,0.0,0.0,0.0,1,0.92380444778744,1.0260268093350418,False,False,False,False,0.03593481540771163,0.03783397810698516,False,False,False,False,-40698550,-32030967.64752562,False,False,False,False,3275184.6186334975,False,False,False,False
2025-05-09 00:00:00+00:00,16.7351829601,16.8192545057,14.4701966139,14.8262643364,4023839,,15.048314614115432,15.070569868150335,14.966878423163683,14.817274038004573,14.56578394674331,13.442268143036761,15.048314614115432,14.817274038004573,13.442268143036761,,14.651848172202348,"rgba(38, 166, 154, 1.0)",2.3611851618167146,15.065542218076379,0.7071197841760904,54.03093988481166,5.990363802422635,False,True,True,False,False,8.148654518895789,0.0,0.0,0.0,0.0,1,0.9733035669867255,0.9636515060937458,False,False,False,False,0.2155606279491222,0.12669730302805368,False,False,False,False,-36674711,-32374948.636597797,False,False,False,False,3330640.49873472,False,False,False,False
2025-05-16 00:00:00+00:00,17.6451338067,18.9606062261,17.279175314,18.7924631349,33521688,,16.92821136354991,16.095059952215117,15.850524516899304,15.48898176515762,15.224203105657224,14.051727168089723,16.92821136354991,15.48898176515762,14.051727168089723,,15.606451311928152,"rgba(38, 166, 154, 1.0)",2.40800910070259,16.494017735205816,0.478036428997847,56.525755178461765,2.3030247849248937,False,False,True,False,True,10.106404860928418,0.0,0.0,0.0,0.0,1,1.0456997899928644,0.9021000848005437,False,False,False,False,0.3428282376064794,0.23476277031726656,False,False,False,False,-3153023,-30210361.552405365,False,False,False,False,5567014.387717334,False,False,False,False
2025-05-23 00:00:00+00:00,18.67,18.785,17.71,17.71,7120413,,17.104217831813955,16.255593756729215,16.000201148459162,15.614832312055704,15.349361328958512,14.172489206434957,17.104217831813955,15.614832312055704,14.172489206434957,,15.74944926407525,"rgba(0, 255, 255, 0.75)",2.4734192999106344,16.666284200075072,0.8100995249763453,59.24416559916956,4.886047394407235,True,False,True,False,True,12.219387190034052,0.0,0.0,0.0,0.0,1,1.0452909989174621,0.9243410737465889,False,False,False,False,0.34282823807957113,0.2887955041984188,False,False,False,False,3967390,-27678676.252227187,False,False,False,False,5682080.951590124,False,False,False,False
2025-05-30 00:00:00+00:00,18.76,18.925,18.24,18.33,6116828,,17.248485247067304,16.390942440873552,16.127579748538743,15.723641204226794,15.457558025567195,14.27690403194055,17.248485247067304,15.723641204226794,14.27690403194055,,15.870851783035688,"rgba(0, 255, 255, 0.75)",2.538727074737383,16.80907979735315,0.7684639369313315,61.265577768293966,6.761352889512565,True,False,True,False,True,12.402030404972525,0.0,0.0,0.0,0.0,1,1.071433713158461,0.9136206684086675,False,False,False,False,0.3428282392035308,0.3158118717009748,False,False,False,False,10084218,-24881424.826136284,False,False,False,False,5714284.436657522,False,False,False,False
2025-06-06 00:00:00+00:00,21.18,21.51,19.0,19.07,14831591,,17.862901009905272,16.89542920405908,16.59194082577457,16.111666353181985,15.834383355015108,14.613934470441345,17.862901009905272,16.111666353181985,14.613934470441345,,16.31837586972956,"rgba(0, 255, 0, 1.0)",2.6748840782330277,17.373360914052014,1.4231043195197346,64.5507480498753,9.825381012755031,True,False,True,False,True,17.02938401614985,0.0,0.0,0.0,0.0,0,1.0811276169898258,0.8637535567171142,False,False,False,False,0.34282824309285964,0.3293200573969172,False,False,False,False,24915809,-21192740.839015078,False,False,False,False,6389640.478386594,False,False,False,False
2025-06-13 00:00:00+00:00,21.42,21.83,20.97,21.3,9417096,21.406666666666666,18.236041884844468,17.21706665115671,16.89202360569742,16.368158101051613,16.08381525165089,14.83754968164861,18.236041884844468,16.368158101051613,14.83754968164861,21.406666666666666,16.605775862674953,"rgba(0, 255, 0, 1.0)",2.798965999785236,18.77109764789666,0.9463860412404408,67.05236131348315,12.094709195986134,True,False,True,False,True,17.459824807906294,0.0,0.0,0.0,0.0,0,1.1314387172162637,0.8558021096160504,False,False,False,False,0.34282824477950385,0.33607415108821054,False,False,False,False,34332905,-17079730.03612507,False,False,False,False,6613896.4429505505,False,False,False,False
2025-06-20 00:00:00+00:00,21.18,21.74,21.14,21.26,11204709,21.377688384697656,18.583103949584164,17.54051203226506,17.200021426020392,16.63982413940326,16.35027869156835,15.083145509225865,18.583103949584164,16.63982413940326,15.083145509225865,21.377688384697656,16.899480958011182,"rgba(0, 255, 0, 1.0)",2.8977827773657747,19.02156735341766,0.7448566067275965,68.40141310786827,13.269604770038256,True,False,True,False,True,16.764553374420156,0.0,0.0,0.0,0.0,0,1.16367786011031,0.8260052258478199,False,False,False,False,0.34282824288466696,0.3394511969864388,False,False,False,False,23128196,-14101365.144560251,False,False,False,False,6953956.632361621,False,False,False,False
2025-06-27 00:00:00+00:00,20.71,21.69,20.63,21.31,8639977,21.269122912268298,18.77498097078021,17.73781870980389,17.392594038520897,16.816057996303154,16.52515313846393,15.250542599048192,18.77498097078021,16.816057996303154,15.250542599048192,21.269122912268298,17.082857908820046,"rgba(0, 255, 255, 0.75)",2.9547550975116055,19.141947152892364,0.5306879234858408,68.50338583604514,13.312847013729112,True,False,True,False,True,15.406054211711083,0.0,0.0,0.0,0.0,0,1.1492057947420673,0.8072707257109488,False,False,False,False,0.31087169568753725,0.325161446336988,False,False,True,False,14488219,-11983618.170889122,False,False,False,False,7078847.029964464,False,False,False,False
2025-07-04 00:00:00+00:00,21.63,21.63,20.7,20.79,4792251,21.276282586265186,18.881898884594445,17.847356400731563,17.499695869918032,16.91459586343789,16.622926542015193,15.344158512202755,18.881898884594445,16.91459586343789,15.344158512202755,21.276282586265186,17.18510534548331,"rgba(0, 255, 0, 1.0)",3.0344744905119874,19.225691235235296,0.7923311836307577,69.2991045525776,14.101186504865282,True,False,True,False,True,17.11762419796334,0.0,0.0,0.0,0.0,0,1.1618985681957057,0.8171153400786852,False,False,False,False,0.3114368131900044,0.31829912976349617,False,False,False,False,19280470,-9667759.787860299,False,False,False,False,6909469.546263393,False,False,False,False
2025-07-11 00:00:00+00:00,22.31,22.36,20.91,21.36,10042944,21.409222340796738,19.12287579497177,18.089009799993327,17.735413980794974,17.131398504170466,16.83755280132268,15.548179995244276,19.12287579497177,17.131398504170466,15.548179995244276,21.409222340796738,17.41073847941625,"rgba(0, 255, 0, 1.0)",3.1254648999627292,19.44190058091339,0.9176552963755279,70.36187454672911,15.181404015013086,True,False,True,False,True,18.34485676650437,0.0,0.0,0.0,0.0,0,1.1462350667121974,0.8081698326168889,False,False,False,False,0.34282824205105883,0.33056368590727747,False,True,False,False,29323414,-6779524.69246324,False,False,False,False,7141578.765058697,False,False,False,False
2025-07-18 00:00:00+00:00,20.96,22.655,20.86,22.36,6344886,21.419592692284183,19.238081188169396,18.213726918945355,17.859467366699143,17.248908244510773,16.95501349249191,15.663472788798611,19.238081188169396,17.248908244510773,15.663472788798611,21.419592692284183,17.5297783332692,"rgba(0, 255, 255, 0.75)",3.154711041774917,19.5344003901739,0.451895463942087,68.7503943029699,15.181404015013086,True,False,True,False,True,14.50066057274174,0.0,0.0,0.0,0.0,0,1.155641439190249,0.8241124085828233,False,False,False,False,0.34282823405428464,0.33669595998078106,False,False,False,False,22978528,-4575224.493021518,False,False,False,False,7082564.48616546,False,False,False,False
2025-07-25 00:00:00+00:00,21.54,22.31,21.22,21.22,4664174,21.44247996204118,19.322715687631536,18.30493347196172,17.950259089701003,17.335182563571163,17.041260040445824,15.748201328572991,19.322715687631536,17.335182563571163,15.748201328572991,21.44247996204118,17.61709203031404,"rgba(0, 255, 255, 0.75)",3.188286737834924,19.605993525042585,0.6065974092000093,68.10034783570252,15.181404015013086,True,False,True,False,True,15.573569708632704,0.0,0.0,0.0,0.0,0,1.1287445056762204,0.8240784577935021,False,False,False,False,0.34282823335903045,0.33976209666990576,False,False,False,False,27642702,-2188711.419464369,False,False,False,False,6903424.450153204,False,False,False,False
2025-08-01 00:00:00+00:00,20.33,21.49,20.199,21.34,4423849,21.385297538399453,19.365521376695092,18.362431965857265,18.010122820373105,17.395570570239823,17.102937202445037,15.81300858746918,19.365521376695092,17.395570570239823,15.81300858746918,21.385297538399453,17.674932087179915,"rgba(38, 166, 154, 1.0)",3.178204830399841,19.628090119581483,0.22085105204821245,65.73685247595247,15.181404015013086,True,False,True,False,False,12.278600317525118,0.0,0.0,0.0,0.0,0,1.1172037198029514,0.8658737527273492,False,False,False,False,0.14001064995862028,0.23988637331426302,False,False,False,False,23218853,-306669.6106151566,False,False,False,False,6719752.1945863,False,False,False,False
2025-08-08 00:00:00+00:00,23.15,23.245,20.29,20.29,6612665,21.46958085089078,19.49504185650449,18.49782815594304,18.144343173030613,17.522824423709466,17.229826830942308,15.93676572807681,19.49504185650449,17.522824423709466,15.93676572807681,21.46958085089078,17.804438361367787,"rgba(0, 255, 0, 1.0)",3.241591427202213,19.748682898001196,1.0492738453884818,66.34189720862834,15.181404015013086,True,False,True,False,False,17.272822782185024,0.0,0.0,0.0,0.0,0,1.084445009014178,0.8293835003015132,False,False,False,False,0.34282820544629955,0.29135728938028127,False,False,False,False,29831518,1925788.7309118921,False,False,False,False,6711819.80980213,False,False,False,False
2025-08-15 00:00:00+00:00,23.06,23.42,22.33,22.33,17518122,21.77678120421846,19.863389863928685,18.874707434210375,18.51690630295462,17.87585070281187,17.58107735441709,16.277102185692005,19.863389863928685,17.87585070281187,16.277102185692005,21.77678120421846,18.16483897400244,"rgba(0, 255, 0, 1.0)",3.298504201876386,20.105964098084712,0.8955683307102822,66.64251665978408,15.181404015013086,True,False,True,False,False,17.034168867536213,0.0,0.0,0.0,0.0,0,1.1285073428727292,0.8433945372588221,False,False,False,False,0.3428282179387838,0.31709275365953254,False,False,False,False,12313396,2695241.121214715,False,False,False,False,7512286.638705676,False,False,False,False
