date,Close,High,Low,Open,Volume,aVWAP_peak_169,aVWAP_valley_171,aVWAP_valley_141,aVWAP_valley_140,aVWAP_valley_97,aVWAP_valley_64,aVWAP_OB_bull_171,aVWAP_OB_bull_141,aVWAP_OB_bull_64,aVWAP_OB_bull_4,Peaks_Valleys_avg,Peaks_avg,Valleys_avg,color,StDev,StDev_Mean,StdDev_ZScore,QQEMOD,QQE1_Value,QQE1_Above_Upper,QQE1_Below_Lower,QQE2_Above_Threshold,QQE2_Below_Threshold,QQE2_Above_TL,banker_RSI,SMA_50,SMA_200,OB,OB_High,OB_Low,OB_Mitigated_Index,VI_plus,VI_minus,VI_Regular_Bullish,VI_Regular_Bearish,VI_Hidden_Bullish,VI_Hidden_Bearish,Fisher,Fisher_Signal,Fisher_Regular_Bullish,Fisher_Regular_Bearish,Fisher_Hidden_Bullish,Fisher_Hidden_Bearish,OBV,OBV_Smoothed,OBV_Regular_Bullish,OBV_Regular_Bearish,OBV_Hidden_Bullish,OBV_Hidden_Bearish,Volume_MA,Vol_Regular_Bullish,Vol_Regular_Bearish,Vol_Hidden_Bullish,Vol_Hidden_Bearish
2021-12-31 00:00:00+00:00,2.85,3.2,2.85,3.19,1638374,,,,,,,,,,,,,,#000000,,,,,,False,False,False,False,False,,,,-1.0,3.2,2.85,9.0,,,False,False,False,False,,,False,False,False,False,0,0.0,False,False,False,False,1638374.0,False,False,False,False
2022-01-07 00:00:00+00:00,2.65,3.22,2.57,2.9,1700006,,,,,,,,,,,,,,#000000,,,,0.0,,False,False,False,True,False,,,,0.0,0.0,0.0,0.0,,,False,False,False,False,,,False,False,False,False,-1700006,-125926.37037037036,False,False,False,False,1642939.3333333333,False,False,False,False
2022-01-14 00:00:00+00:00,2.58,2.8042,2.41,2.68,1789798,,,,,,,,,,,,,,#000000,,,,0.0,-50.0,False,False,False,True,True,,,,0.0,0.0,0.0,0.0,,,False,False,False,False,,,False,False,False,False,-3489804,-375102.4910836762,False,False,False,False,1653817.7530864198,False,False,False,False
2022-01-21 00:00:00+00:00,2.39,2.67,2.32,2.53,1140687,,,,,,,,,,,,,,#000000,,,,0.0,-50.0,False,False,False,True,True,,,,0.0,0.0,0.0,0.0,,,False,False,False,False,,,False,False,False,False,-4630491,-690316.4547071076,False,False,False,False,1615808.0676726107,False,False,False,False
2022-01-28 00:00:00+00:00,2.18,2.45,2.08,2.33,1031549,,,,,,,,,,2.236666666666667,,,,#000000,,2.236666666666667,,0.0,-50.0,False,False,False,True,True,,,,0.0,0.0,0.0,0.0,,,False,False,False,False,,,False,False,False,False,-5662040,-1058592.2728769514,False,False,False,False,1572529.6182153805,False,False,False,False
2022-02-04 00:00:00+00:00,2.3,2.37,2.11,2.19,1227620,,,,,,,,,,2.2493458715719514,,,,#000000,,2.2493458715719514,,4.967571773235038,-45.30409230811375,False,False,False,True,True,,,,0.0,0.0,0.0,0.0,,,False,False,False,False,,,False,False,False,False,-4434420,-1308653.5859971773,False,False,False,False,1546980.7576068337,False,False,False,False
2022-02-11 00:00:00+00:00,2.17,2.32,2.12,2.28,961145,,,,,,,,,,2.235612825333182,,,,#000000,,2.235612825333182,,7.6816823817980175,-42.94215768446816,False,False,False,True,True,,,,0.0,0.0,0.0,0.0,,,False,False,False,False,,,False,False,False,False,-5395565,-1611387.7648122013,False,False,False,False,1503585.5163026238,False,False,False,False
2022-02-18 00:00:00+00:00,2.32,2.47,2.09,2.16,1503599,,,,,,,,,,2.253984988010293,,,,#000000,,2.253984988010293,,13.821392170318788,-37.39810051242408,False,False,False,True,True,,,,0.0,0.0,0.0,0.0,,,False,False,False,False,,,False,False,False,False,-3891966,-1780319.4859372233,False,False,False,False,1503586.5150950218,False,False,False,False
2022-02-25 00:00:00+00:00,2.8,3.0,2.255,2.32,2502355,,,,,,,,,,2.4032394261694514,,,,#000000,,2.4032394261694514,,25.71136055493062,-26.59535673516781,False,False,False,True,True,,,,0.0,0.0,0.0,0.0,,,False,False,False,False,,,False,False,False,False,-1389611,-1751378.11660854,False,False,False,False,1577569.3658287239,False,False,False,False
2022-03-04 00:00:00+00:00,3.65,3.86,2.91,2.93,5411948,,,,,,,,,,2.861475982712539,,,,#000000,,2.861475982712539,,39.46273791329655,-14.392371708436336,False,False,False,True,True,,,,0.0,0.0,0.0,0.0,,,False,False,False,False,0.3428281908396398,0.3428281908396398,False,False,False,False,4022337,-1323695.5153782777,False,False,False,False,1861597.412804374,False,False,False,False
2022-03-11 00:00:00+00:00,3.86,4.27,3.55,3.73,3843483,,,,,,,,,,3.1021020362241374,,,,#000000,,3.1021020362241374,,50.02170888853333,-5.536096249475875,False,False,False,False,True,,,,0.0,0.0,0.0,0.0,,,False,False,False,False,0.3428282105895028,0.3428282007145713,False,False,False,False,7865820,-642990.6623872942,False,False,False,False,2008403.7525966426,False,False,False,False
2022-03-18 00:00:00+00:00,3.58,3.84,3.06,3.77,1696958,,,,,,,,,,3.138623055322513,,,,#000000,,3.138623055322513,,54.86926329451856,-2.1704280244356227,False,False,True,False,True,,,,0.0,0.0,0.0,0.0,,,False,False,False,False,0.15150362828234007,0.2471659144984557,False,False,False,False,6168862,-138408.9836919391,False,False,False,False,1985333.6968487431,False,False,False,False
2022-03-25 00:00:00+00:00,6.36,6.61,3.6551,3.67,21014272,,,,,,,,,,4.4270930380681675,,,,#000000,,4.4270930380681675,,63.68563863479257,5.139227858989813,False,False,True,False,True,,,,0.0,0.0,0.0,0.0,,,False,False,False,False,0.34282822898552723,0.29499707174199147,False,False,False,False,27183134,1885409.0151000563,False,False,False,False,3394884.682267355,False,False,False,False
2022-04-01 00:00:00+00:00,6.94,7.3295,5.3,6.24,16806109,,,,,,,,,,5.056154592201507,,,,#000000,,5.056154592201507,,70.44223730288768,10.5062806216457,False,False,True,False,True,,,,0.0,0.0,0.0,0.0,,,False,False,False,False,0.342828236327413,0.31891265403470226,False,False,False,False,43989243,5004211.532500052,False,False,False,False,4388308.705803107,False,False,False,False
2022-04-08 00:00:00+00:00,6.21,7.81,5.81,7.0,19412815,,,,,,,,,,5.456151571989176,,,,#000000,,6.033075785994588,,71.9790312977167,11.050409434175009,False,False,True,False,True,,,,0.0,0.0,0.0,0.0,,,False,False,False,False,0.3428282382790627,0.3308704461568825,False,False,False,False,24576428,6454005.344907456,False,False,False,False,5501235.097965839,False,False,False,False
2022-04-15 00:00:00+00:00,7.37,7.61,5.82,6.12,8192892,,,,,,,,,,5.600908794023193,,,,#000000,,6.153434241903814,,74.34301556634242,12.695863749529877,False,False,True,False,True,,,,0.0,0.0,0.0,0.0,,,False,False,False,False,0.3275746986795,0.32922257241819125,False,True,False,False,32769320,8403287.911951348,False,False,False,False,5700617.090709111,False,False,False,False
2022-04-22 00:00:00+00:00,6.1,7.58,6.025,7.4,7332931,,,,,,,,,,5.678918896177861,,,,#000000,,6.177996764116152,,71.97388859881526,12.695863749529877,False,False,True,False,True,,,,0.0,0.0,0.0,0.0,,,False,False,False,False,0.34160247918374165,0.3354125258009665,False,False,False,False,25436389,9664999.103658656,False,False,False,False,5821529.232138065,False,False,False,False
2022-04-29 00:00:00+00:00,5.59,6.31,5.13,5.9,6030476,,,,,,,,,,5.678778829406105,,,,#000000,,6.104298872614037,,68.94641908368789,12.695863749529877,False,False,True,False,True,,,,0.0,0.0,0.0,0.0,,,False,False,False,False,0.159332357850448,0.24737244182570722,False,False,False,False,19405913,10386548.281165423,False,False,False,False,5837006.770498209,False,False,False,False
2022-05-06 00:00:00+00:00,6.29,6.96,5.72,5.73,6448630,,,,,,,,,,5.718970502655619,,,,#000000,,6.110354088476621,,67.82390551027504,12.695863749529877,False,False,True,False,True,,,,0.0,0.0,0.0,0.0,,,False,False,False,False,0.24417004091012334,0.24577124136791528,False,False,False,False,25854543,11532325.667745763,False,False,False,False,5882312.1949057495,False,False,False,False
2022-05-13 00:00:00+00:00,6.09,6.21,4.97,6.155,5240117,,,,,,,,,,5.720788448057035,,,,#000000,,5.968349629211063,,66.50120909507731,12.695863749529877,False,False,True,False,False,,,,0.0,0.0,0.0,0.0,,,False,False,False,False,0.09060424626409888,0.1681877438160071,False,False,False,False,20614426,12205073.840505337,False,False,False,False,5834742.180468286,False,False,False,False
2022-05-20 00:00:00+00:00,6.57,7.54,6.015,6.14,5097025,,,,,,,,,,5.76503783121568,,,,#000000,,6.147773634024386,,66.26367809105676,12.695863749529877,False,False,True,False,False,,,,0.0,0.0,0.0,0.0,,,False,False,False,False,0.33568090911381054,0.2519343264649088,False,False,False,False,25711451,13205546.222690126,False,False,False,False,5780096.463396561,False,False,False,False
2022-05-27 00:00:00+00:00,7.79,7.8,6.3,6.57,5536021,,,,,,,,,,5.836117832109823,,,,#000000,,6.3205645210328925,,67.61238528429863,12.695863749529877,False,False,True,False,False,,,,0.0,0.0,0.0,0.0,,,False,False,False,False,0.3428282157881771,0.297381271126543,False,False,False,False,31247472,14541985.169157524,False,False,False,False,5762016.79944126,False,False,False,False
2022-06-03 00:00:00+00:00,7.05,8.1,6.89,7.94,5643220,,,,,,,,,,5.904349189205017,,,,#000000,,6.659939483810724,,66.72192206001786,12.695863749529877,False,False,True,False,False,,,,0.0,0.0,0.0,0.0,,,False,False,False,False,0.3428282155357315,0.32010474333113725,False,False,False,False,25604252,15361412.341812521,False,False,False,False,5753217.036519686,False,False,False,False
2022-06-10 00:00:00+00:00,6.22,7.53,5.965,7.25,6186606,,,,,,,,,,5.935835137346042,,,,#000000,,6.553550416744032,,64.26204238534172,12.695863749529877,False,False,True,False,False,,,,0.0,0.0,0.0,0.0,,,False,False,False,False,0.07114338642844667,0.19562406487979195,False,False,False,False,19417646,15661874.094270851,False,False,False,False,5785319.922703412,False,False,False,False
2022-06-17 00:00:00+00:00,5.15,5.96,5.12,5.82,4699897,,,,,,,,,,5.9176391645469675,,,,#000000,,6.374331082078676,,60.50814694816958,21.775275946636157,False,False,True,False,False,,,,0.0,0.0,0.0,0.0,,,False,False,False,False,-0.34282825441539394,-0.073602094767801,False,False,False,False,14717749,15591938.902102642,False,False,False,False,5704918.224725382,False,False,False,False
2022-06-24 00:00:00+00:00,4.56,5.72,4.55,5.3,7697847,,,,,,,,,,5.865380335930193,,,,#000000,,6.125242036458076,,56.8578117331545,17.982146573969345,False,False,True,False,False,,,,0.0,0.0,0.0,0.0,,,False,False,False,False,-0.34282825441539394,-0.20821517459159747,False,False,False,False,7019902,14956973.205650594,False,False,False,False,5852542.578449428,False,False,False,False
2022-07-01 00:00:00+00:00,4.42,5.035,4.19,4.59,3482678,,,,,,,,,,5.834177311449062,,,,#000000,,5.698662149139794,,54.024235647607696,15.020387171761044,False,False,True,False,False,,,,0.0,0.0,0.0,0.0,1.0231775457008727,0.9137976626703803,False,False,False,False,-0.34282825441539394,-0.2755217145034957,False,False,False,False,3537224,14111065.857083885,False,False,False,False,5676997.054119841,False,False,False,False
2022-07-08 00:00:00+00:00,5.16,5.22,4.32,4.54,2461794,,,,,,,,,,5.818790441874918,,,,#000000,,5.69074185408024,,53.301959972058704,14.06765572783479,False,False,False,False,False,,,,0.0,0.0,0.0,0.0,1.0369406885561838,0.9089132307524679,False,False,False,False,-0.3028707674830107,-0.28919624099325325,False,False,False,False,5999018,13510173.42322582,False,False,False,False,5438833.8649257785,False,False,False,False
2022-07-15 00:00:00+00:00,4.75,5.2199,4.37,5.06,2295095,,,,,,,,,,5.803079812618344,,,,#000000,,5.655628668373176,,52.072459232084825,12.560736615730384,False,False,False,False,False,,,,0.0,0.0,0.0,0.0,1.043417470259251,0.8963667332787919,False,False,False,False,-0.29662915406495044,-0.2929126975291019,False,False,False,False,3703923,12783784.50298687,False,False,False,False,5205964.319375721,False,False,False,False
2022-07-22 00:00:00+00:00,4.84,5.0972,4.755,4.91,1372055,,,,,,,,,,5.794964815435919,,,,#000000,,5.641851976723368,,51.3585869224281,11.509626422726122,False,False,False,False,False,,,,0.0,0.0,0.0,0.0,1.05918193524157,0.8958037127451244,False,False,False,False,-0.2641742274475065,-0.2785434624883042,False,False,False,False,5075978,12212835.873135991,False,False,False,False,4921971.036459001,False,False,False,False
2022-07-29 00:00:00+00:00,7.07,7.24,4.83,4.85,3958461,,,,,,,,,,5.809707156595943,,,,#000000,,5.789737831286788,,54.168420114790166,11.509626422726122,False,False,True,False,False,,,,0.0,0.0,0.0,0.0,1.0652792075727522,0.8283168453561655,False,False,False,False,-0.004293185984563731,-0.14141832423643397,False,False,False,False,9034439,11977399.06771851,False,False,False,False,4850599.922647223,False,False,False,False
2022-08-05 00:00:00+00:00,7.7,7.72,6.65,6.9,3140426,,,,,,,,,,5.840027145228976,,,,#000000,,5.9488180554872665,,56.89834261070314,11.509626422726122,False,False,True,False,False,,,,0.0,0.0,0.0,0.0,1.118448438399099,0.8154329754282006,False,False,False,False,0.26505756489711857,0.0618196203303423,False,False,False,False,12174865,11992026.173813436,False,False,False,False,4723920.372821503,False,False,False,False
2022-08-12 00:00:00+00:00,8.13,8.514,7.31,7.7,3602238,,,,,,,,,,5.887182670014895,,,,#000000,,6.1397639363631855,,59.319980821285185,11.509626422726122,False,False,True,False,True,,,,0.0,0.0,0.0,0.0,1.1342188409412155,0.7958729762795614,False,False,False,False,0.3428282319678235,0.2023239261490829,False,False,False,False,15777103,12272402.235012442,False,False,False,False,4640832.78964954,False,False,False,False
2022-08-19 00:00:00+00:00,8.19,8.9477,7.51,7.83,4085332,,,,,,,,,,5.943839608185526,,,,#000000,,6.783440353225277,,61.11657725676476,11.509626422726122,False,False,True,False,True,,,,0.0,0.0,0.0,0.0,1.1367534901664973,0.793921107409892,False,False,False,False,0.342828233934589,0.272576080041836,False,False,False,False,19862435,12834626.88427078,False,False,False,False,4599684.583008833,False,False,False,False
2022-08-26 00:00:00+00:00,8.5,8.9,8.03,8.12,3175924,,,,,,,,,,5.990855768524226,,,,#000000,,6.931852932478329,,62.75419368426187,3.634180542595992,False,False,True,False,True,,,,0.0,0.0,0.0,0.0,1.1464471876138538,0.8112329057928815,False,False,False,False,0.3428282351900184,0.30770215761592723,False,False,False,False,23038359,13590458.892843314,False,False,False,False,4494220.83611929,False,False,False,False
2022-09-02 00:00:00+00:00,7.07,8.45,6.66,8.35,2968274,,,,,,,,,,6.0147724792325,,,,#000000,,6.90665851281728,,61.03486486241087,3.634180542595992,False,False,True,False,True,,,,0.0,0.0,0.0,0.0,1.0881046514564385,0.8538061579817219,False,False,False,False,0.17589299542194875,0.241797576518938,False,False,False,False,20070085,14070431.197077142,False,False,False,False,4381187.737147491,False,False,False,False
2022-09-09 00:00:00+00:00,6.83,7.4294,6.71,7.1,1856486,,,,,,,,,,6.025062174776874,,,,#000000,,6.8778144784901745,,59.37752113278634,3.634180542595992,False,False,True,False,True,,,,0.0,0.0,0.0,0.0,1.0715506331777862,0.893946579044102,False,False,False,False,0.08094818782356353,0.16137288217125076,False,False,False,False,18213599,14377332.515812168,False,False,False,False,4194172.7936550844,False,False,False,False
2022-09-16 00:00:00+00:00,6.53,7.49,6.07,6.96,4542663,,,,,,,,,,6.041968363292863,,,,#000000,,6.803481381179445,,57.653204958240934,3.634180542595992,False,False,True,False,True,,,,0.0,0.0,0.0,0.0,1.066741685214451,0.882780761052135,False,False,False,False,0.026986144452425843,0.0941795133118383,False,False,False,False,13670936,14325006.84797423,False,False,False,False,4219986.883013967,False,False,False,False
2022-09-23 00:00:00+00:00,6.44,7.13,6.18,6.31,4025844,,,,,,,,,,6.053782079618833,,,,#000000,,6.755494810493512,,56.25559586126189,3.634180542595992,False,False,True,False,False,,,,0.0,0.0,0.0,0.0,1.0588073509920213,0.9694245077930933,False,False,False,False,-0.007562672714757886,0.04330842029854021,False,False,False,False,9645092,13978346.488865027,False,False,False,False,4205605.928716636,False,False,False,False
2022-09-30 00:00:00+00:00,6.02,6.74,5.9,6.53,3147125,,,,,,,,,,6.056570030627164,,,,#000000,,6.70339183623609,,54.47894309239276,3.634180542595992,False,False,True,False,False,,,,0.0,0.0,0.0,0.0,1.0025766789336794,1.0019552446026156,False,False,False,False,-0.25818016767507057,-0.10743587368826518,False,False,False,False,6497967,13424244.304504653,False,False,False,False,4127199.9339968855,False,False,False,False
2022-10-07 00:00:00+00:00,6.46,6.7118,6.11,6.11,1942389,,,,,,,,,,6.060368209346422,,,,#000000,,6.685397656184465,,53.99190751393208,3.634180542595992,False,False,False,False,False,,,,0.0,0.0,0.0,0.0,0.9903724747474748,1.015252525252525,False,False,False,False,-0.3117527189211877,-0.20959429630472645,False,False,False,False,8440356,13055067.393059865,False,False,False,False,3965362.0870341533,False,False,False,False
2022-10-14 00:00:00+00:00,5.93,6.53,5.61,6.41,1887303,,,,,,,,,,6.060003143809134,,,,#000000,,6.545165856691746,,52.648382154095046,10.28526154365067,False,False,False,False,False,,,,0.0,0.0,0.0,0.0,0.9735475494969166,1.0150925024342745,False,False,False,False,-0.34282825441539394,-0.2762112753600602,False,False,False,False,6553053,12573436.697277654,False,False,False,False,3811431.7842908823,False,False,False,False
2022-10-21 00:00:00+00:00,6.42,6.5,6.01,6.2,2557969,,,,,,,,,,6.0632991216578525,,,,#000000,,6.564756664364684,,52.578220491326086,9.916959873486753,False,False,False,False,False,,,,0.0,0.0,0.0,0.0,0.9765297569153395,1.0129086336965634,False,False,False,False,-0.28661770973859807,-0.28141449254932915,False,False,False,False,9111022,12316961.534516346,False,False,False,False,3718582.6891582245,False,False,False,False
2022-10-28 00:00:00+00:00,6.92,7.15,6.17,6.44,2504461,,,,,,,,,,6.0720078141659535,,,,#000000,,6.613873850673961,,53.38347372415441,9.916959873486753,False,False,False,False,False,,,,0.0,0.0,0.0,0.0,1.0119831223628692,0.9481856540084387,False,False,False,False,-0.16900210452000453,-0.22520829853466684,False,False,False,False,11615483,12265000.161589209,False,False,False,False,3628647.7492205785,False,False,False,False
2022-11-04 00:00:00+00:00,7.22,7.38,6.68,6.98,2266292,,,,,,,,,,6.083651347950248,,,,#000000,,6.827666089220012,,54.45392187715582,9.916959873486753,False,False,True,False,False,,,,0.0,0.0,0.0,0.0,1.013987221550682,0.9659816957347609,False,False,False,False,0.09696943594006044,-0.0641194312973032,False,False,False,False,13881775,12384761.260730749,False,False,False,False,3527732.5085375723,False,False,False,False
2022-11-11 00:00:00+00:00,6.61,7.34,6.15,7.29,2324032,,,,,,,,,,6.090773733537285,,,,#000000,,6.780556965807451,,53.94440323356549,9.916959873486753,False,False,False,False,False,,,,0.0,0.0,0.0,0.0,1.024457935819601,0.9439722463139636,False,False,False,False,0.11615320475687203,0.026016886729784416,False,False,False,False,11557743,12323500.648824766,False,False,False,False,3438569.5079051596,False,False,False,False
2022-11-18 00:00:00+00:00,5.56,6.7,5.53,6.68,3740997,,,,,,,,,,6.087837739695612,,,,#000000,,6.596835321129506,,51.68668818732303,7.952461780848012,False,False,False,False,False,,,,0.0,0.0,0.0,0.0,0.9662802950474183,1.0124692658939234,False,False,False,False,-0.3084897059054104,-0.141236409587813,False,False,False,False,7816746,11989666.971134042,False,False,False,False,3460971.5443566293,False,False,False,False
2022-11-25 00:00:00+00:00,5.74,5.85,5.13,5.5,2018466,,,,,,,,,,6.082817724808699,,,,#000000,,6.504926741681581,,50.42231951064288,6.505125815493841,False,False,False,False,False,,,,0.0,0.0,0.0,0.0,0.940592271578187,1.0529071867100037,False,False,False,False,-0.34282825441539394,-0.24203233200160346,False,False,False,False,9835212,11830077.714013003,False,False,False,False,3354119.2818116937,False,False,False,False
2022-12-02 00:00:00+00:00,5.2,5.65,5.14,5.6,1830361,,,,,,,,,,6.076215421953057,,,,#000000,,6.421029208532918,,48.60502542328227,4.55208681963142,False,False,False,False,False,,,,0.0,0.0,0.0,0.0,0.9145125553914327,1.0692392909896602,False,False,False,False,-0.34282825441539394,-0.29243029320849867,False,False,False,False,8004851,11546727.587049076,False,False,False,False,3241248.29797379,False,False,False,False
2022-12-09 00:00:00+00:00,4.47,5.34,4.42,5.25,2831563,,,,,,,,,,6.058373805439586,,,,#000000,,6.258227431869367,,46.18273811888,2.065415822298995,False,False,False,False,False,0.0,5.476,,0.0,0.0,0.0,0.0,0.9201815774541326,1.0610932475884243,False,False,False,False,-0.34282825441539394,-0.3176292738119463,False,False,False,False,5173288,11074620.950971367,False,False,False,False,3210901.23886462,False,False,False,False
2022-12-16 00:00:00+00:00,4.45,4.8,4.28,4.5,4001968,,,,,,,,,,6.029624579178166,,,,#000000,,6.058640187272571,,44.42255787894413,0.26028483521904633,False,False,False,True,False,0.0,5.507999999999999,,0.0,0.0,0.0,0.0,0.9553277895958228,1.0326822664861728,False,False,False,False,-0.34282825441539394,-0.3302287641136701,False,False,False,False,1171320,10341043.102751264,False,False,False,False,3269498.7767265,False,False,False,False
2022-12-23 00:00:00+00:00,4.71,4.815,4.06,4.46,3904231,,,,,,,,,,6.002914152863875,,,,#000000,,5.48021518822557,,43.767410511083256,-0.48466406043591803,False,False,False,True,False,0.06680668142611168,5.5492,,0.0,0.0,0.0,0.0,0.9683569182389936,1.023191823899371,False,False,False,False,-0.34282825441539394,-0.33652850926453204,False,False,False,False,5075551,9951006.650695615,False,False,False,False,3316515.978450463,False,False,False,False
2022-12-30 00:00:00+00:00,4.94,5.115,4.63,4.75,2754498,,,,,,,,,,5.989179696460185,,,,#000000,,5.471525770409549,,43.83234345383853,-0.5747457269110754,False,False,False,True,False,1.036176016118393,5.5964,,0.0,0.0,0.0,0.0,1.0049840510366825,0.984250398724083,False,False,False,False,-0.2228759545916589,-0.27970223192809546,False,False,False,False,7830049,9793898.676570013,False,False,False,False,3274885.017083762,False,False,False,False
2023-01-06 00:00:00+00:00,4.84,4.94,4.49,4.89,1703404,,,,,,,,,,5.9798028805254555,,,,#000000,,5.445194267685814,,43.69279449721999,-0.912735391707379,False,False,False,True,False,0.6022697133386394,5.6453999999999995,,0.0,0.0,0.0,0.0,0.9941128704831507,0.9985789687373121,False,False,False,False,-0.26541559745610094,-0.2725589146920982,False,False,False,False,6126645,9522250.256083347,False,False,False,False,3158479.0158182983,False,False,False,False
2023-01-13 00:00:00+00:00,5.54,5.59,4.9,4.98,2220061,,,,,,,,,,5.97355397811499,,,,#000000,,5.468811935803654,,45.209583082089566,-0.912735391707379,False,False,False,True,False,3.516046114056916,5.7126,,0.0,0.0,0.0,0.0,1.0063187675549627,0.9696250728696579,False,False,False,False,-0.0993614654979304,-0.1859601900950143,False,False,False,False,8346706,9435172.903780878,False,False,False,False,3088966.5702021285,False,False,False,False
2023-01-20 00:00:00+00:00,5.8,6.0,5.18,5.6,1856988,,,,,,,,,,5.970999921135576,,,,#000000,,5.50249390937011,,46.849921093406195,-0.912735391707379,False,False,False,False,True,4.5616209459190245,5.7825999999999995,,0.0,0.0,0.0,0.0,1.0021997448295996,0.9490939051070074,False,False,False,False,0.12407540086941873,-0.030942394612797783,False,False,False,False,10203694,9492100.392389702,False,False,False,False,2997708.898335304,False,False,False,False
2023-01-27 00:00:00+00:00,5.75,6.055,5.47,5.86,1762319,,,,,,,,,,5.969368565455862,,,,#000000,,5.532614551210678,,47.907844655328915,-0.912735391707379,False,False,False,False,True,4.333914136938059,5.8542,,0.0,0.0,0.0,0.0,1.0116490277376293,1.0351628059487703,False,False,False,False,0.34282819851671126,0.15594290195195673,False,False,False,False,8441375,9414268.881842317,False,False,False,False,2906198.5354956524,False,False,False,False
2023-02-03 00:00:00+00:00,6.94,7.07,5.62,5.68,4330082,,,,,,,,,,5.979986423388225,,,,#000000,,5.683733012190347,,51.01076358616778,-4.024576683736569,False,False,False,False,True,8.926433792650894,5.9466,,0.0,0.0,0.0,0.0,0.9405719525085001,1.0118856094982998,False,False,False,False,0.34282821558668786,0.24938555876932228,False,False,False,False,12771457,9662949.48318733,False,False,False,False,3011671.3847181965,False,False,False,False
2023-02-10 00:00:00+00:00,7.1,7.28,6.17,7.0,3196570,,,,,,,,,,5.991707702006669,,,,#000000,,5.790907231480365,,53.50250381857393,-1.5979799965028647,False,False,False,False,True,9.510362089962008,6.0325999999999995,,0.0,0.0,0.0,0.0,0.9356458218795681,1.0368225231099688,False,False,False,False,0.34282822203692076,0.29610689040312155,False,False,False,False,15968027,10129992.262210492,False,False,False,False,3025367.5784427747,False,False,False,False
2023-02-17 00:00:00+00:00,6.81,7.25,6.76,7.05,1761225,,,,,,,,,,5.998695010890866,,,,#000000,,5.8446300722658835,,54.54126450276459,-0.5862070043909497,False,False,True,False,True,8.151258559596183,6.0958000000000006,,0.0,0.0,0.0,0.0,0.9502580364359883,1.0589664330570876,False,False,False,False,0.34282822556797116,0.3194675579855464,False,False,False,False,14206802,10431978.168713419,False,False,False,False,2931727.3874470135,False,False,False,False
2023-02-24 00:00:00+00:00,7.06,7.22,6.6,6.72,1727752,,,,,,,,,,6.0055937158583115,,,,#000000,,5.892797140666941,,55.7554536258244,0.6210354415530404,False,False,True,False,True,9.083763023813429,6.159800000000001,,0.0,0.0,0.0,0.0,0.9191599823948408,1.0588335683681993,False,False,False,False,0.3156621142015968,0.31756483609357156,False,False,False,False,15934554,10839576.378438352,False,False,False,False,2842544.0254139015,False,False,False,False
2023-03-03 00:00:00+00:00,7.06,7.4799,6.78,7.12,2693211,,,,,,,,,,6.017774269306401,,,,#000000,,6.172855647914023,,56.62273157086712,1.5157908584386703,False,False,True,False,True,9.083763023813429,6.229400000000001,,0.0,0.0,0.0,0.0,0.9905330373329673,1.03077236214919,False,False,False,False,0.3428282237457082,0.3301965299196399,False,False,False,False,15934554,11216982.12818366,False,False,False,False,2831482.3198276865,False,False,False,False
2023-03-10 00:00:00+00:00,5.84,7.08,5.8,7.05,3187155,,,,,,,,,,6.020645991706962,,,,#000000,,6.075806796656407,,54.25828712923606,1.5157908584386703,False,False,True,False,True,3.518360534489563,6.218999999999999,,0.0,0.0,0.0,0.0,0.943283210446956,1.0013556696039507,False,False,False,False,0.14239294555462867,0.23629473773713427,False,False,False,False,12747399,11330346.340910796,False,False,False,False,2857828.444284895,False,False,False,False
2023-03-17 00:00:00+00:00,4.01,5.81,3.93,5.81,7741233,,,,,,,,,,5.976905415015506,,,,#000000,,5.63519397563989,,49.50155715476313,4.838661881971845,False,False,False,False,False,0.0,6.160399999999999,,0.0,0.0,0.0,0.0,0.8877199944085459,1.0599728543922224,False,False,False,False,-0.34282825441539394,-0.05326675833912983,False,False,False,False,5006166,10861888.537880369,False,False,False,False,3219562.115078606,False,False,False,False
2023-03-24 00:00:00+00:00,4.13,4.5,3.925,4.02,4657507,,,,,,4.185,,,4.185,5.944686425533897,,,4.185,#000000,,5.0989168456163085,,46.3777649738654,1.9567301452622985,False,True,False,False,False,0.0,6.1188,,1.0,4.5,3.925,0.0,0.8805139048789773,1.1045790007201275,True,False,False,False,-0.34282825441539394,-0.19804750637726187,False,False,False,False,9663673,10773131.831370711,False,False,False,False,3326076.5509987096,False,False,False,False
2023-03-31 00:00:00+00:00,4.97,5.0175,4.03,4.23,3031122,,,,,,4.3771892674233595,,,4.3771892674233595,5.9299719415423775,,,4.3771892674233595,#000000,,5.106306481683156,,45.959998938188676,1.6598137614401338,False,True,False,True,False,0.05194607360679271,6.0708,,0.0,0.0,0.0,0.0,0.8988573615439288,1.0625307528292602,False,False,False,False,-0.26566603455688687,-0.23185677046707437,False,False,False,False,12694795,10915477.251269177,False,False,False,False,3304228.065739546,False,False,False,False
2023-04-07 00:00:00+00:00,4.76,5.24,4.57,5.22,2377499,,,,,,4.49043609254058,,,4.49043609254058,5.920322276448701,,,4.49043609254058,#000000,,5.116024357345428,,45.315995640586884,1.0544953022637884,False,True,False,True,False,0.0,6.044,,0.0,0.0,0.0,0.0,0.917910924231783,1.0552641900088473,False,False,False,False,-0.17510728665451866,-0.2034820285607965,False,False,False,False,10317296,10871167.528952941,False,False,False,False,3235581.468277357,False,False,False,False
2023-04-14 00:00:00+00:00,5.65,5.985,4.76,4.76,3716757,,,,,,4.75324153748169,,,4.75324153748169,5.914011392953427,,,4.75324153748169,#000000,,5.19592647416833,,46.60853327168712,1.0544953022637884,False,True,False,False,False,2.5689655235885525,6.045200000000001,,0.0,0.0,0.0,0.0,0.9500728666270848,1.0128191288389916,False,False,False,False,-0.06768221827334608,-0.1355821234170713,False,False,False,False,14034053,11105455.341623094,False,False,False,False,3271224.1002568123,False,False,False,False
2023-04-21 00:00:00+00:00,6.15,6.32,5.21,5.65,6257000,,,,,,5.10920936696992,,,5.10920936696992,5.9135399100012265,,,5.10920936696992,#000000,,5.436569853085528,,48.41387616812969,1.0544953022637884,False,True,False,False,False,4.3392633954714555,6.0424,,0.0,0.0,0.0,0.0,0.956965449403664,1.0,False,False,False,False,0.02121741658216131,-0.05718235341745499,False,False,False,False,20291053,11785869.982984345,False,False,False,False,3492392.685422974,False,False,False,False
2023-04-28 00:00:00+00:00,6.23,6.2599,5.34,6.09,4140399,,,,,,5.252031015504202,,,5.252031015504202,5.913982256698522,,,5.252031015504202,#000000,,5.503561473955703,,49.84383509389028,1.0544953022637884,False,True,False,False,True,4.620106761766806,6.045200000000001,,0.0,0.0,0.0,0.0,0.9555307036275498,1.031264997380274,False,False,False,False,0.02912903111526342,-0.014026661151095786,False,False,False,False,24431452,12722579.762022542,False,False,False,False,3540393.1531694205,False,False,False,False
2023-05-05 00:00:00+00:00,6.09,6.3,5.54,6.18,3402524,,,,,,5.341419673625445,,,5.341419673625445,5.9147386965417095,,,5.341419673625445,#000000,,5.549025989108573,,50.572172308697205,1.0544953022637884,False,True,False,False,True,4.058995128841904,6.0356,,0.0,0.0,0.0,0.0,0.9420348405738551,1.039521699608735,False,False,False,False,0.05633863183885279,0.021155985343878504,False,False,False,False,21028928,13337864.81668754,False,False,False,False,3530180.623305019,False,False,False,False
2023-05-12 00:00:00+00:00,6.05,6.2601,5.52,6.19,4074194,,,,,,5.418889069728292,,,5.418889069728292,5.915146466707672,,,5.418889069728292,#000000,,5.5876051439958045,,51.00493711456757,1.0544953022637884,False,True,False,False,True,3.8968916667164812,6.000800000000001,,0.0,0.0,0.0,0.0,0.9637135791850338,1.0403137655449235,False,False,False,False,0.16863231201548418,0.09489414867968134,False,False,False,False,16954734,13605781.052488463,False,False,False,False,3570477.91046761,False,False,False,False
2023-05-19 00:00:00+00:00,5.97,6.44,5.75,6.07,4196061,,,,,,5.493141214689708,,,5.493141214689708,5.917144335689862,,,5.493141214689708,#000000,,5.7471037068474216,,51.130006188027686,-4.324309441120413,False,True,False,False,True,3.568122338192719,5.9792,,0.0,0.0,0.0,0.0,1.0018313005896788,1.0036626011793575,False,False,False,False,0.3428282150710345,0.2188611818753579,False,False,False,False,12758673,13543032.307859687,False,False,False,False,3616817.3985811207,False,False,False,False
2023-05-26 00:00:00+00:00,5.68,6.1199,5.43,5.96,3395045,,,,,,5.514780482836692,,,5.514780482836692,5.915134253948801,,,5.514780482836692,#000000,,5.714904621893564,,50.54570692457293,-4.324309441120413,False,True,False,False,True,2.375462501727938,5.968399999999999,,0.0,0.0,0.0,0.0,1.0055014831081543,0.9793740229136768,False,False,False,False,0.22133615246999333,0.22009866717267562,True,False,False,False,9363628,13233446.803573785,False,False,False,False,3600389.8135010377,False,False,False,False
2023-06-02 00:00:00+00:00,5.75,5.84,5.33,5.64,2698840,,,,,,5.522837027062533,,,5.522837027062533,5.91262839933186,,,5.522837027062533,#000000,1.5621628919228945,5.693694880850374,0.03604305251440151,50.29875930675813,-4.324309441120413,False,True,False,False,True,2.645987130229358,5.9803999999999995,,0.0,0.0,0.0,0.0,1.0046035640793103,0.9871100205779314,False,False,False,False,0.11629711377164706,0.16819789047216133,False,False,False,False,12062468,13146707.632938689,False,False,False,False,3533608.3458342943,False,False,False,False
2023-06-09 00:00:00+00:00,6.14,6.225,5.31,5.79,4960245,,,,,,5.561839262299636,,,5.561839262299636,5.912283291538886,,,5.561839262299636,#000000,1.5312722497004583,5.714963176265589,0.27757103533846117,51.06198488699841,-3.8193947235973127,False,True,False,False,True,4.146450956843307,6.0120000000000005,,0.0,0.0,0.0,0.0,1.0368369917070723,0.9551049163570058,False,False,False,False,0.1494644408182386,0.15883116564519995,False,False,False,False,17022713,13433819.141609896,False,False,False,False,3639285.135031754,False,False,False,False
2023-06-16 00:00:00+00:00,8.0,8.5,4.97,6.15,52974029,,,,,,6.407688276531097,,,6.407688276531097,6.098362544218922,,,6.407688276531097,"rgba(38, 166, 154, 1.0)",1.5169339394240529,6.775849297625384,0.8069901203736003,54.97120477691534,0.10042206354869876,False,False,True,False,True,10.641617470079773,6.083599999999999,,0.0,0.0,0.0,0.0,1.024264679119839,0.8467281102263491,False,False,False,False,0.342828200055207,0.25082968285020346,False,False,False,False,69996742,17623665.27926842,False,False,False,False,7293710.606510883,False,False,False,False
2023-06-23 00:00:00+00:00,7.93,8.31,7.5299,7.99,6888264,,,,,,6.505468401395132,,,6.505468401395132,6.133170221874708,,,6.505468401395132,"rgba(38, 166, 154, 1.0)",1.4956424754647797,6.869740279468412,0.7088991773933845,57.57863046456205,2.649473388239599,False,False,True,False,True,10.341185343952237,6.138999999999999,,0.0,0.0,0.0,0.0,1.1365483751070602,0.8551655597033015,False,False,False,False,0.34282822269490415,0.29682895277255383,False,False,False,False,63108478,20992910.66598928,False,False,False,False,7263677.524547114,False,False,False,False
2023-06-30 00:00:00+00:00,8.21,8.51,7.605,7.94,6460206,,,,,,6.596918245226702,,,6.596918245226702,6.167881178719203,,,6.596918245226702,"rgba(38, 166, 154, 1.0)",1.4705557814330967,6.958110232234835,0.8513038291857006,59.86239777831997,4.840672384705876,True,False,True,False,True,11.25392905159761,6.208200000000001,,0.0,0.0,0.0,0.0,1.1146096518409052,0.8615547186601199,False,False,False,False,0.3428282244595769,0.31982858861606533,False,False,False,False,69568684,24591116.09813822,False,False,False,False,7204161.115321402,False,False,False,False
2023-07-07 00:00:00+00:00,8.55,8.7385,7.98,8.21,5042450,,,,,,6.674764857119664,,,6.674764857119664,6.198393795810106,,,6.674764857119664,"rgba(38, 166, 154, 1.0)",1.4416274212228417,7.472777946806786,0.7472263896586231,61.992629700974874,6.861999090439397,True,False,True,False,True,12.349747839671544,6.2824,,0.0,0.0,0.0,0.0,1.1334332774745004,0.8473955001589426,False,False,False,False,0.3428282277178151,0.3313284081669402,False,False,False,False,74611134,28296302.60938724,False,False,False,False,7044034.3660383355,False,False,False,False
2023-07-14 00:00:00+00:00,6.07,8.73,5.77,8.57,20102965,,,,,,6.701191327819774,,,6.701191327819774,6.232087454267623,,,6.701191327819774,#000000,1.3788800521431142,7.113617634727614,-0.7568588965411305,58.054005332654384,6.861999090439397,True,False,True,False,False,2.441319905439652,6.2624,,0.0,0.0,0.0,0.0,1.0303348753561639,0.8855219584773338,False,False,False,False,0.06620359400837704,0.19876600108765863,False,False,False,False,54508169,30237922.342025224,False,False,False,False,8011362.561146607,False,False,False,False
2023-07-21 00:00:00+00:00,6.25,6.44,5.895,6.13,7023134,,,,,,6.676740897742588,,,6.676740897742588,6.231435911852809,,,6.676740897742588,#000000,1.3064317954015185,7.017608420983022,-0.5875610373881823,55.56033069525803,11.12973198796361,False,False,True,False,False,3.0458165535553974,6.2334000000000005,,0.0,0.0,0.0,0.0,1.0249855011143167,0.9828566634690089,False,False,False,False,-0.19381285204760676,0.0024765745200259343,False,False,False,False,61531303,32555950.538912244,False,False,False,False,7938160.445506117,False,False,False,False
2023-07-28 00:00:00+00:00,5.6,6.28,5.52,6.23,5721431,,,,,,6.643547254023508,,,6.643547254023508,6.225348477898355,,,6.643547254023508,"rgba(239, 83, 80, 0.5)",1.2344441357648888,6.928664770507204,-1.0763263658617768,52.69220242815456,8.499994664049701,False,False,False,False,False,0.721275503824252,6.182799999999999,,0.0,0.0,0.0,0.0,1.0007248766803547,0.9907578223254767,False,False,False,False,-0.26081837818427067,-0.12917090183212238,False,False,False,False,55809872,34278463.23973356,False,False,False,False,7773958.264357516,False,False,False,False
2023-08-04 00:00:00+00:00,5.58,5.74,5.29,5.63,5151727,,,,,,6.6070572331741895,,,6.6070572331741895,6.216708713252397,,,6.6070572331741895,"rgba(239, 83, 80, 0.5)",1.1760395899446225,6.846091266169589,-1.076571976823677,50.610553924244876,6.623957624891233,False,True,False,False,False,0.6505314182077484,6.1306,,0.0,0.0,0.0,0.0,0.9864615338330031,1.0488889056030446,False,False,False,False,-0.34282825441539394,-0.23599957812375816,False,False,False,False,50658145,35491772.9997533,False,False,False,False,7579718.911442145,False,False,False,False
2023-08-11 00:00:00+00:00,5.62,5.64,5.17,5.64,4797769,,,,,,6.573386277489597,,,6.573386277489597,6.208162345878583,,,6.573386277489597,"rgba(239, 83, 80, 0.5)",1.1425028160510955,6.459792651531595,-0.7350464609218411,49.20797292860691,5.361542122329766,False,True,False,False,False,0.7920217406738992,6.0729999999999995,,0.0,0.0,0.0,0.0,0.9603096617073011,1.0620402375254807,False,False,False,False,-0.34282825441539394,-0.289413916269576,False,False,False,False,55455914,36970598.259030834,False,False,False,False,7373648.547631616,False,False,False,False
2023-08-18 00:00:00+00:00,6.01,6.29,5.35,5.64,8126934,,,,,,6.540241218783318,,,6.540241218783318,6.201929968459178,,,6.540241218783318,#000000,1.1118848861280552,6.467955523481113,-0.41187314369913136,49.03529670073994,5.2094738126590485,False,True,False,False,False,2.170920025383822,6.051800000000001,,0.0,0.0,0.0,0.0,0.9454564048952876,1.03522607183846,False,False,False,False,-0.24189633598438903,-0.2656551261269825,False,False,False,False,63582848,38941876.01762114,False,False,False,False,7429447.470029274,False,False,False,False
2023-08-25 00:00:00+00:00,6.04,6.49,5.97,6.03,5548937,,,,,,6.528378554948274,,,6.528378554948274,6.201473981402753,,,6.528378554948274,#000000,1.070960670032637,6.328684387429606,-0.2695564790636132,48.97635836494208,5.073065087095401,False,True,False,False,False,2.2769879477048924,6.035999999999999,,0.0,0.0,0.0,0.0,0.9749058017026032,1.0266150588002692,False,False,False,False,-0.14673336608432005,-0.2061942461056513,False,False,False,False,69131785,41178165.57187142,False,False,False,False,7290150.3981752535,False,False,False,False
2023-09-01 00:00:00+00:00,6.26,6.32,5.95,6.1,4573290,,,,,,6.51940858255042,,,6.51940858255042,6.201212389489456,,,6.51940858255042,#000000,1.0707831603908304,6.335381983210161,-0.07039892482306818,49.421272887484676,5.073065087095401,False,True,False,False,False,3.0609932964931197,6.0306,,0.0,0.0,0.0,0.0,0.9668861422355703,1.0435062184744521,False,False,False,False,-0.16848942595103988,-0.1873418360283456,False,False,False,False,73705075,43587566.27025132,False,False,False,False,7088901.479791901,False,False,False,False
2023-09-08 00:00:00+00:00,5.95,6.28,5.78,6.28,3671168,,,,,,6.509054988647062,,,6.509054988647062,6.199551429644678,,,6.509054988647062,#000000,1.0672423333986507,6.316089729802486,-0.34302399590603466,49.047732175754014,4.841680531240037,False,True,False,False,False,1.8694390560082148,6.0208,,0.0,0.0,0.0,0.0,0.9980151641459251,1.030566472152753,False,False,False,False,-0.19272173637133555,-0.19003178619984057,False,False,False,False,70033907,45546554.47245492,False,False,False,False,6835736.036844353,False,False,False,False
2023-09-15 00:00:00+00:00,5.78,6.15,5.61,5.96,9027272,,,,,,6.477914169106761,,,6.477914169106761,6.192415150069112,,,6.477914169106761,"rgba(239, 83, 80, 0.5)",1.068100072917217,6.252515881729365,-0.44238914846136046,48.404750126266265,4.011249077714844,False,True,False,False,False,1.2184093936934808,6.016,,0.0,0.0,0.0,0.0,1.0705260064648838,0.9857268796440116,False,False,False,False,-0.1614701434924641,-0.17575096484615232,False,False,False,False,61006635,46691745.62264345,False,False,False,False,6998072.034115141,False,False,False,False
2023-09-22 00:00:00+00:00,5.37,5.81,5.32,5.8,7996229,,,,,,6.438818581736372,,,6.438818581736372,6.180230205525965,,,6.438818581736372,"rgba(239, 83, 80, 0.5)",1.0621726501556783,6.164944692734249,-0.7484138220069373,47.062482891898554,2.5112695866440617,False,True,False,False,False,0.0,5.994199999999999,,0.0,0.0,0.0,0.0,1.0587714863498485,0.944809571958207,False,False,False,False,-0.20481677499783307,-0.1902838699219927,False,False,False,False,53010406,47159794.53948467,False,False,False,False,7072009.587143649,False,False,False,False
2023-09-29 00:00:00+00:00,5.12,5.48,5.07,5.34,6877356,,,,,,6.398413968353497,,,6.398413968353497,6.165963146784782,,,6.398413968353497,"rgba(239, 83, 80, 1.0)",1.0684694787531486,6.079555869864835,-0.898065774405264,45.58723135636398,0.9108101308153493,False,True,False,True,False,0.0,5.978,,0.0,0.0,0.0,0.0,1.0449079171794373,0.9800289310620292,False,False,False,False,-0.34282825441539394,-0.2665560621686933,False,False,False,False,46133050,47083739.38841173,False,False,False,False,7057590.802910787,False,False,False,False
2023-10-06 00:00:00+00:00,4.54,5.12,4.38,5.12,5579868,,,,,,6.353285182669973,,,6.353285182669973,6.148202543814199,,,6.353285182669973,"rgba(255, 0, 0, 1.0)",1.0821662459085397,5.980690528584991,-1.3313024075847513,43.417471215698384,-1.3193344844836048,False,True,False,True,False,0.0,5.9404,,0.0,0.0,0.0,0.0,0.9918203930516389,1.0051660675463332,False,False,False,False,-0.34282825441539394,-0.30469215829204366,False,False,False,False,40553182,46599994.39667753,False,False,False,False,6948129.854547026,False,False,False,False
2023-10-13 00:00:00+00:00,4.56,4.71,4.36,4.64,4666406,,,,,,6.314388151582913,,,6.314388151582913,6.132319693854666,,,6.314388151582913,"rgba(255, 0, 0, 1.0)",1.096320348395625,5.902127842747788,-1.2242113764575133,41.928452569718075,-2.8553916975876845,False,True,False,True,False,0.0,5.8932,,0.0,0.0,0.0,0.0,0.982105710515132,1.0570380477330172,False,False,False,False,-0.34282825441539394,-0.3237602063537188,False,False,False,False,45219588,46497742.070997715,False,False,False,False,6779113.272728727,False,False,False,False
2023-10-20 00:00:00+00:00,4.55,4.745,4.475,4.58,3833882,,,,,,6.284469676509624,,,6.284469676509624,6.119880207890751,,,6.284469676509624,"rgba(239, 83, 80, 1.0)",1.1103284636977004,5.847309318011428,-1.1684013879019455,40.844832292171894,-3.997267827483043,False,True,False,True,False,0.0,5.839799999999999,,0.0,0.0,0.0,0.0,0.965835405675506,1.073209844981058,False,False,False,False,-0.31039506715394505,-0.31707763675383194,False,False,False,False,41385706,46119072.73240529,False,False,False,False,6560947.99326734,False,False,False,False
2023-10-27 00:00:00+00:00,4.35,4.635,4.31,4.5,3622238,,,,,,6.254587618747156,,,6.254587618747156,6.10711297485292,,,6.254587618747156,"rgba(255, 0, 0, 1.0)",1.1258264952013235,5.793623653149979,-1.2822789828656735,39.658490157363616,-5.243926199379224,False,True,False,True,False,0.0,5.7946,,0.0,0.0,0.0,0.0,0.9507615232376927,1.0776772824185175,False,False,False,False,-0.34282825441539394,-0.32995294558461297,False,False,False,False,37763468,45500139.04852342,False,False,False,False,6343265.771543833,False,False,False,False
2023-11-03 00:00:00+00:00,4.46,4.53,4.22,4.37,4677497,,,,,,6.216818930680982,,,6.216818930680982,6.090635193842451,,,6.216818930680982,"rgba(239, 83, 80, 1.0)",1.1208431189498804,5.729638617184021,-1.1327531888437226,39.20566161712131,-5.797820042273344,False,True,False,True,False,0.0,5.7726,,0.0,0.0,0.0,0.0,0.9355109777903716,1.086473916144729,False,False,False,False,-0.34282825441539394,-0.3363906000000034,False,False,False,False,42440965,45273533.56344761,False,False,False,False,6219875.4921702165,False,False,False,False
2023-11-10 00:00:00+00:00,4.27,4.52,4.01,4.44,3811836,,,,,4.266666666666667,6.184926043104389,,,6.184926043104389,6.076372095352569,,,5.225796354885528,"rgba(239, 83, 80, 1.0)",1.1308491587386083,5.158093116932585,-0.785332959811544,38.460110192323135,-6.6580478449426295,False,True,False,True,False,0.0,5.743200000000001,,0.0,0.0,0.0,0.0,0.9253897274995676,1.0859796921708624,True,False,False,False,-0.34282825441539394,-0.3396094272076987,False,False,False,False,38629129,44781355.44763668,True,False,False,False,6041502.196453904,True,False,False,False
2023-11-17 00:00:00+00:00,4.75,5.015,4.27,4.33,4564449,,,,,4.490994218200551,6.155989093814527,,,6.155989093814527,6.063402626408345,,,5.323491656007539,"rgba(239, 83, 80, 0.5)",1.1386660917356182,5.185414866221327,-0.3823902980703006,39.64938636765695,-6.6580478449426295,False,True,False,True,False,0.0,5.7342,,0.0,0.0,0.0,0.0,0.9270702441668515,1.07021952842043,False,False,False,False,-0.17757066816196362,-0.2585900476848312,False,False,False,False,43193578,44663742.303367294,False,False,False,False,5932090.848568429,False,False,False,False
2023-11-24 00:00:00+00:00,4.68,4.93,4.5,4.78,3542621,,,,,4.554107142187938,6.134652276708472,,,6.134652276708472,6.053679977930309,,,5.344379709448205,"rgba(239, 83, 80, 1.0)",1.144250366353841,5.181613759743093,-0.4383776265167279,40.32066090336655,-6.6580478449426295,False,True,False,True,False,0.0,5.7383999999999995,,0.0,0.0,0.0,0.0,0.9535779889785161,1.0593952160370579,False,False,False,False,-0.10188960982324843,-0.18023982875403982,False,False,False,False,39650957,44292424.87348823,False,False,False,False,5755093.082007805,False,False,False,False
2023-12-01 00:00:00+00:00,5.23,5.245,4.59,4.65,8538630,,,,,4.7492585906566,6.0965973503345765,,,6.0965973503345765,6.036199505732567,,,5.422927970495588,"rgba(239, 83, 80, 0.5)",1.136111481016408,5.209592775154813,0.01796234364864472,42.61774500166103,-6.6580478449426295,False,True,False,True,True,0.0,5.754,,0.0,0.0,0.0,0.0,0.9633274855540027,1.02948668391266,False,False,False,False,0.09668625591620496,-0.04177678641891743,False,False,False,False,48189587,44581103.54952614,False,False,False,False,5961281.001859078,False,False,False,False
2023-12-08 00:00:00+00:00,5.05,5.335,4.945,5.25,4319655,,,,,4.8121502409884425,6.079821899873586,,,6.079821899873586,6.028330358521363,,,5.445986070431014,"rgba(239, 83, 80, 0.5)",1.1271316861120693,5.080261420517276,-0.026848167689846644,43.74679498424475,-10.850585099457497,False,True,False,True,True,0.0,5.760800000000001,,0.0,0.0,0.0,0.0,0.9814283388285097,1.045284324500346,False,False,False,False,0.3428281697688216,0.15052569167495208,False,False,False,False,43869932,44528424.17548716,False,False,False,False,5839679.075795443,False,False,False,False
2023-12-15 00:00:00+00:00,4.55,5.07,4.47,5.04,12851097,,,,,4.772709418819869,6.0132233244966296,,,6.0132233244966296,5.995500585058591,,,5.392966371658249,"rgba(239, 83, 80, 1.0)",1.1349572361670401,4.962073819499235,-0.3630743136110435,43.23227747402235,-10.850585099457497,False,True,False,True,True,0.0,5.753000000000001,,0.0,0.0,0.0,0.0,0.9701021311200938,1.2050993805161565,False,False,False,False,0.050958305053791994,0.10074199836437203,False,False,False,False,31018835,43527713.86619182,False,False,False,False,6359043.366477262,False,False,False,False
2023-12-22 00:00:00+00:00,4.98,5.005,4.3602,4.59,5265472,,,,,4.7738171596474634,5.989398072267738,,,5.989398072267738,5.983362756826845,,,5.3816076159576,"rgba(239, 83, 80, 0.5)",1.1320473838489613,4.952705126158959,0.0241110701110753,44.254955093343305,-10.200369727987514,False,True,False,True,True,0.0,5.755799999999999,,0.0,0.0,0.0,0.0,0.8089195396755544,1.1992368114876146,False,False,False,False,-0.01501144918951283,0.0428652745874296,False,False,False,False,36284307,42991165.20943687,False,False,False,False,6278038.080071539,False,False,False,False
2023-12-29 00:00:00+00:00,4.77,5.27,4.77,5.06,3099443,,,,,4.784791450013458,5.977544406226432,,,5.977544406226432,5.9772375103277104,,,5.381167928119945,"rgba(239, 83, 80, 0.5)",1.1329847688678276,4.957200790751223,-0.16522798531377433,44.423525498035445,-9.917832642096265,False,True,False,True,True,0.0,5.740400000000001,,0.0,0.0,0.0,0.0,0.8248194126043513,1.200206385595027,False,False,False,False,0.2442283958895587,0.14354683523849415,False,False,False,False,33184864,42264772.52725636,False,False,False,False,6042586.592658832,False,False,False,False
2024-01-05 00:00:00+00:00,4.49,4.82,4.44,4.81,4121169,,,,,4.768224487042027,5.956978565791975,,,5.956978565791975,5.966475176493378,,,5.362601526417001,"rgba(239, 83, 80, 1.0)",1.1369659007461295,4.935678899727906,-0.39198968010863866,43.81846593989789,-9.917832642096265,False,True,False,True,True,0.0,5.714200000000001,,0.0,0.0,0.0,0.0,0.7760174124316664,1.2479310083012756,False,False,False,False,-0.05474035690900097,0.04440323916474659,False,False,False,False,29063695,41286914.932644784,False,False,False,False,5900259.363572992,False,False,False,False
2024-01-12 00:00:00+00:00,4.65,4.68,4.255,4.46,4246938,,,,,4.749483164278663,5.935586842553539,,,5.935586842553539,5.955122744373654,,,5.342535003416101,"rgba(239, 83, 80, 0.5)",1.1259306941050706,4.767255790246957,-0.10414121478423315,43.93856311028008,-9.917832642096265,False,True,False,True,True,0.0,5.692200000000001,,1.0,4.68,4.255,0.0,0.8858309846418182,1.3052042984822676,False,False,False,False,-0.17914944322979198,-0.0673731020325227,False,False,False,False,33310633,40696079.23393036,False,False,False,False,5777791.114419437,False,False,False,False
2024-01-19 00:00:00+00:00,4.58,4.77,4.41,4.64,3366966,,,,,4.739986992737031,5.919761784106896,,,5.919761784106896,5.946611923929313,,,5.329874388421963,"rgba(239, 83, 80, 1.0)",1.1032510189484572,4.764399913013679,-0.16714230020783133,43.828909984135564,-9.917832642096265,False,True,False,True,True,0.0,5.645,,0.0,0.0,0.0,0.0,0.8865095377842994,1.127629004646613,False,False,False,False,-0.2129380381363334,-0.14015557008442805,False,False,False,False,29943667,39899604.25363922,False,False,False,False,5599211.476314293,False,False,False,False
2024-01-26 00:00:00+00:00,4.9,4.93,4.52,4.58,3938792,,,,,4.742755605306223,5.904376492875862,,,5.904376492875862,5.938209582376026,,,5.323566049091042,"rgba(239, 83, 80, 0.5)",1.07208169985835,4.783802017289225,0.10838538026171729,44.88596511499244,-8.86950942234202,False,True,False,True,True,0.0,5.601,,0.0,0.0,0.0,0.0,0.9214750133492476,1.1060087319785155,False,False,False,False,-0.07744071814778308,-0.10879814411610557,False,False,False,False,33882459,39453889.79040668,False,False,False,False,5476217.441031753,False,False,False,False
2024-02-02 00:00:00+00:00,5.01,5.32,4.7911,4.95,5913920,,,,,4.768799142994674,5.887163544356914,,,5.887163544356914,5.928576954269433,,,5.327981343675795,"rgba(239, 83, 80, 0.5)",1.026334332545765,4.834523370314104,0.17097413983086396,46.0199046572165,-7.6343094710219574,False,True,False,False,True,0.0,5.565,,0.0,0.0,0.0,0.0,0.9610651099994538,1.0327774179198825,False,False,False,False,0.25234275158781133,0.07177230373585289,False,False,False,False,39796379,39479259.361487664,False,False,False,False,5508639.852807179,False,False,False,False
2024-02-09 00:00:00+00:00,5.13,5.21,4.68,4.94,4205948,,,,,4.782735640234968,5.874862478926666,,,5.874862478926666,5.921595909939884,,,5.328799059580817,"rgba(239, 83, 80, 0.5)",1.0160930651850328,4.854048274535067,0.27158115227829177,47.24915259838362,-6.337661430169568,False,False,False,False,True,0.0,5.5264,,0.0,0.0,0.0,0.0,0.9619379044097657,1.033401430824083,False,False,False,False,0.13952281685579881,0.10564756029582585,False,False,False,False,44002327,39814301.408784874,False,False,False,False,5412144.160006647,False,False,False,False
2024-02-16 00:00:00+00:00,5.39,5.44,4.835,5.13,6589092,,,,,4.819636679859135,5.8608724921180295,,,5.8608724921180295,5.913390017062709,,,5.340254585988582,#000000,1.007796061165601,4.901392224019469,0.48482802702703015,49.01357132332878,-4.562087183727165,False,False,False,False,True,0.734658443139427,5.492999999999999,,0.0,0.0,0.0,0.0,0.9589271615079714,1.0677901217829602,False,False,False,False,0.3428281438695019,0.22423785208266386,False,False,False,False,50591419,40612606.415541545,False,False,False,False,5499325.481487636,False,False,False,False
2024-02-23 00:00:00+00:00,5.08,5.44,4.98,5.33,3265774,,,,,4.8335183125567625,5.853580657152858,,,5.853580657152858,5.909076060987187,,,5.34354948485481,"rgba(239, 83, 80, 0.5)",1.0049585711509348,4.916571328975639,0.16262229679497478,49.146103955251455,-4.372391819793684,False,False,False,False,True,0.0,5.477799999999999,,0.0,0.0,0.0,0.0,0.9206648128410811,1.0841433803200653,False,False,False,False,0.34282815466354344,0.28353300337310366,False,False,False,False,47325645,41109868.53290884,False,False,False,False,5333877.223599663,False,False,False,False
2024-03-01 00:00:00+00:00,4.85,5.2,4.525,5.03,9473680,,,,,4.836098440114345,5.82415158503092,,,5.82415158503092,5.891756896756045,,,5.3301250125726325,"rgba(239, 83, 80, 0.5)",1.0048302801428164,4.86868288217152,-0.01859307242300115,48.456567600337216,-4.372391819793684,False,False,False,False,True,0.0,5.4946,,0.0,0.0,0.0,0.0,0.8885299248261458,1.0876115678559417,False,False,False,False,0.02111420090098442,0.15232360213704405,True,False,False,False,37851965,40868542.34528597,False,False,False,False,5640529.281110799,False,False,False,False
2024-03-08 00:00:00+00:00,5.14,5.49,4.64,4.87,6912192,,,,,4.854001714357383,5.808647066308826,,,5.808647066308826,5.882229405090039,,,5.331324390333105,"rgba(239, 83, 80, 0.5)",1.0053335245059196,4.908851492014104,0.22992221223249798,49.0250775039403,-4.362724945872962,False,False,False,False,True,0.0,5.5148,,0.0,0.0,0.0,0.0,0.9132003928824322,1.0601506049323497,False,False,False,False,0.20389015541394603,0.17810687877549503,False,False,False,False,44764157,41157106.3937833,False,False,False,False,5734726.519547036,False,False,False,False
2024-03-15 00:00:00+00:00,5.42,5.55,4.9518,5.09,7729000,,,,,4.887127612552692,5.797080326775176,,,5.797080326775176,5.874689768714682,,,5.342103969663934,#000000,1.000705913005576,4.967540661869483,0.4521401665066363,50.38356774677224,-2.9722588039556967,False,False,False,False,True,0.9150545111069128,5.5238,,0.0,0.0,0.0,0.0,0.9501057467082072,1.0454824551429287,False,False,False,False,0.34282815987141946,0.26046751932345724,False,False,False,False,52493157,41996813.84609565,False,False,False,False,5882450.4810620705,False,False,False,False
2024-03-22 00:00:00+00:00,5.53,5.74,5.35,5.48,4658674,,,,,4.914673779564897,5.793554556301127,,,5.793554556301127,5.872065109273473,,,5.354114167933012,#000000,1.0000041801714428,5.012073028915944,0.5179248060695721,51.717542089757956,-1.6343198452596894,True,False,False,False,True,1.3998202004552702,5.539200000000001,,0.0,0.0,0.0,0.0,1.0022914932133609,1.0053468174978422,False,False,False,False,0.3428281768596329,0.3016478480915451,False,False,False,False,57151831,43119407.70934782,False,False,False,False,5791800.371353769,False,False,False,False
2024-03-29 00:00:00+00:00,5.68,5.79,5.305,5.5,3305574,,,,,4.934352217326671,5.791608863749545,,,5.791608863749545,5.8705135055529825,,,5.362980540538108,#000000,0.9954190208284279,5.041380520696029,0.6415584451786807,53.16704070760767,-0.2086824314357827,True,False,False,False,True,2.0638949598949985,5.539799999999999,,0.0,0.0,0.0,0.0,1.0178477849759624,0.9764561134359644,False,False,False,False,0.34282816436584945,0.32223800622869725,False,False,False,False,60457405,44403703.80495169,False,False,False,False,5607635.454957193,False,False,False,False
2024-04-05 00:00:00+00:00,5.53,5.7472,5.295,5.74,4862202,,,,,4.9585319713953,5.787869229979488,,,5.787869229979488,5.867716409680688,,,5.373200600687394,#000000,0.9831405460733134,5.073333731959621,0.46449744125020104,53.5567998446202,0.19423869248666392,True,False,False,False,True,1.3608505172523593,5.5274,,0.0,0.0,0.0,0.0,1.071045337018891,0.9513009449418051,False,False,False,False,0.3145419394509191,0.3183899728398082,False,False,False,False,55595203,45232703.74532564,False,False,False,False,5552418.1619974,False,False,False,False
2024-04-12 00:00:00+00:00,6.22,6.7,5.48,5.57,5686551,,,,,5.012290604461091,5.793425884635037,,,5.793425884635037,5.870201034675505,,,5.402858244548064,"rgba(38, 166, 154, 0.5)",0.9670981578138005,5.152081343398402,1.1042505333850596,55.965061420649405,2.533415627806768,True,False,True,False,True,4.384714816859045,5.527199999999999,,0.0,0.0,0.0,0.0,1.0814598773737918,0.8552632535947807,False,False,False,False,0.3428281940766942,0.3306090834582512,False,False,False,False,61281754,46421522.28270893,False,False,False,False,5562353.927775371,False,False,False,False
2024-04-19 00:00:00+00:00,6.11,6.36,5.88,6.1,4849977,,,,,5.05377304666166,5.7978001997913475,,,5.7978001997913475,5.872151782577715,,,5.425786623226504,#000000,0.961439198978975,5.208073866584659,0.9381000216895307,57.20280991756874,3.70420129127109,True,False,True,False,True,3.8579502709120526,5.5276,,0.0,0.0,0.0,0.0,1.1006511881138468,0.8843048620613075,False,False,False,False,0.34282819551618576,0.3367186394872185,False,False,False,False,56431777,47163022.632137895,False,False,False,False,5509585.266458677,False,False,False,False
2024-04-26 00:00:00+00:00,6.4,6.435,6.01,6.06,4035997,,,,,5.090990956708115,5.803188566464479,,,5.803188566464479,5.8748314106409225,,,5.447089761586297,"rgba(38, 166, 154, 0.5)",0.9664479031740661,5.257209570803069,1.1824645958087447,58.89740307024961,5.309518721336623,True,False,True,False,True,5.105624243554185,5.5346,,0.0,0.0,0.0,0.0,1.120918124204252,0.8719690449602038,False,False,False,False,0.34282819995528013,0.3397734197212493,False,False,False,False,60467774,48148559.77049805,False,False,False,False,5400430.580054331,False,False,False,False
2024-05-03 00:00:00+00:00,6.475,6.83,6.325,6.45,6836464,,,,,5.1619155692501995,5.816891487826118,,,5.816891487826118,5.882159673961092,,,5.489403528538158,"rgba(38, 166, 154, 0.5)",0.9720056213458478,5.349320987674956,1.1580992821486142,60.31231317961618,6.634759901921612,True,False,True,False,True,5.427618998999378,5.544700000000001,,0.0,0.0,0.0,0.0,1.1476768087778253,0.8386429167748227,False,False,False,False,0.3428282112283642,0.34130081547480673,False,False,False,False,67304238,49567498.89860931,False,False,False,False,5506803.425976232,False,False,False,False
2024-05-10 00:00:00+00:00,6.8,7.41,6.44,6.5,7611162,,,,,5.250680466046118,5.8384288504132655,,,5.8384288504132655,5.894231112209761,,,5.544554658229692,"rgba(38, 166, 154, 1.0)",0.9812876124655695,5.461934257762552,1.363581609753987,62.17695890507659,8.386241810636484,True,False,True,False,True,6.816552790370061,5.5671,,0.0,0.0,0.0,0.0,1.165147715456603,0.8035897540454394,False,False,False,False,0.34282821459509466,0.3420645150349507,False,False,False,False,74915400,51445121.202416025,False,False,False,False,5662681.838866881,False,False,False,False
2024-05-17 00:00:00+00:00,6.98,7.21,6.37,6.83,6875687,,,,,5.322012764907107,5.8566130327703,,,5.8566130327703,5.904565263022305,,,5.5893128988387035,"rgba(38, 166, 154, 1.0)",0.9853189130227633,5.547235951545861,1.4541119930994755,63.951973460426274,10.036774164895306,True,False,True,False,True,7.5772541307233325,5.5917,,0.0,0.0,0.0,0.0,1.141804701163474,0.8517803242600833,False,False,False,False,0.2841886651420029,0.3131265900884768,False,False,False,False,81791087,53692970.52075558,False,False,False,False,5752534.07302489,False,False,False,False
2024-05-24 00:00:00+00:00,7.22,8.239,7.12,7.4,10779704,,,,,5.465799011183273,5.902234760610824,,,5.902234760610824,5.931506294911876,,,5.684016885897048,"rgba(38, 166, 154, 1.0)",0.9925736544254329,6.236478859836774,0.9908797556515365,65.78547769615804,11.735876941517972,True,False,True,False,True,8.58537273062218,5.613300000000001,,0.0,0.0,0.0,0.0,1.15858704062514,0.7794489100338277,False,False,False,False,0.342828220100273,0.3279774050943749,False,False,False,False,92570791,56572809.074773684,False,False,False,False,6124917.030578602,False,False,False,False
2024-05-31 00:00:00+00:00,7.16,7.355,6.505,7.3,10329667,,,,,5.556446547384976,5.930413523353335,,,5.930413523353335,5.948353167891283,,,5.743430035369155,"rgba(38, 166, 154, 1.0)",1.0011049885991965,6.247720920290537,0.9112721343901963,66.7634068908693,12.62069952805431,True,False,True,False,True,8.267761380540566,5.5965,,0.0,0.0,0.0,0.0,1.1121069152598038,0.8578926426284177,False,False,False,False,0.10115998710838604,0.21456869610138046,False,False,False,False,82241124,58474165.73590156,False,False,False,False,6436379.991276484,False,False,False,False
2024-06-07 00:00:00+00:00,7.79,8.065,7.11,7.17,10911165,,,,,5.6792225506898335,5.9756723424960745,,,5.9756723424960745,5.976140396490428,,,5.827447446592954,"rgba(0, 255, 255, 0.75)",1.0258639646044074,6.386996763977602,1.3676308793665666,68.83922988040538,14.576446003510199,True,False,True,False,True,10.8783222907402,5.5937,,0.0,0.0,0.0,0.0,1.123489916514718,0.8249797232606216,False,False,False,False,0.3115736425064832,0.2630711693039318,False,False,False,False,93152289,61042915.607316256,False,False,False,False,6767845.547478225,False,False,False,False
2024-06-14 00:00:00+00:00,7.78,8.2,7.69,7.73,9634608,,,,,5.7878215829221125,6.019028261447661,,,6.019028261447661,6.003265739381811,,,5.903424922184887,"rgba(0, 255, 255, 0.75)",1.047248755050563,6.507527153731113,1.2150626488044385,70.26579592987972,15.899669139137728,True,False,True,False,True,10.823942194627715,5.5851,,0.0,0.0,0.0,0.0,1.1888632029482282,0.7994861449218487,False,False,False,False,0.3428282144877624,0.3029496918958471,False,False,False,False,83517681,62707713.04381134,False,False,False,False,6980198.321739098,False,False,False,False
2024-06-21 00:00:00+00:00,7.86,8.025,7.394,7.75,5104071,,,,,5.837834147428861,6.039665121382459,,,6.039665121382459,6.016355231550098,,,5.93874963440566,"rgba(0, 255, 255, 0.75)",1.0742295667882917,6.554733163697797,1.215072528867979,71.45115459385104,17.009302313864524,True,False,True,False,True,11.15397279484846,5.5713,,0.0,0.0,0.0,0.0,1.177595846400275,0.8060671523170679,False,False,False,False,0.2499087086011097,0.2764292002484784,False,False,False,False,88621752,64627271.485010505,False,False,False,False,6841225.927536202,False,False,False,False
2024-06-28 00:00:00+00:00,7.94,8.14,7.77,7.9,13049115,,,,,5.966455377610228,6.095865675854361,,,6.095865675854361,6.052508154010057,,,6.031160526732295,"rgba(0, 255, 255, 0.75)",1.1022160029309662,6.680473621696608,1.142721911997388,72.4680804136204,17.982041617037183,True,False,True,False,True,11.487257942809578,5.6087,,0.0,0.0,0.0,0.0,1.176933118044085,0.813787172967589,False,False,False,False,0.34282821166459676,0.3096287059565376,False,False,False,False,101670867,67371241.52315788,False,False,False,False,7301069.56253352,False,False,False,False
2024-07-05 00:00:00+00:00,7.84,8.155,7.7,8.02,4326734,,,,,6.004690445084251,6.113278205390399,,,6.113278205390399,6.063880560918684,,,6.058984325237326,"rgba(0, 255, 255, 0.75)",1.1262941505279656,6.714630127891639,0.9991793632070525,72.54622864031715,18.092180167013723,True,False,True,False,True,10.915205227531764,5.640499999999999,,0.0,0.0,0.0,0.0,1.1921265079159815,0.7860129439076808,False,False,False,False,0.32811267074093375,0.31887068834873566,False,False,False,False,97344133,69591455.70662767,False,False,False,False,7080748.409753259,False,False,False,False
2024-07-12 00:00:00+00:00,8.01,8.05,7.47,7.85,5297927,,,,,6.048194133344309,6.13350341682692,,,6.13350341682692,6.077204419015941,,,6.090848775085615,"rgba(0, 255, 255, 0.75)",1.1467629215309485,6.751290239817963,1.0976198624399518,73.0087057716261,18.62345267886066,True,False,True,False,True,11.642159569224319,5.6887,,0.0,0.0,0.0,0.0,1.187565190340545,0.7859011973673776,False,False,False,False,0.2231599985969654,0.2710153434728505,False,True,False,False,102642060,72039648.61724783,False,False,False,False,6948687.564586352,False,False,False,False
2024-07-19 00:00:00+00:00,7.78,8.26,7.57,8.1,5570504,,,,,6.092417020793301,6.1545892025244875,,,6.1545892025244875,6.091208579506487,,,6.123503111658894,"rgba(38, 166, 154, 1.0)",1.1592134837470185,6.78825962212624,0.8555286767956478,71.84803404549255,18.62345267886066,True,False,True,False,True,10.306223450437926,5.7326999999999995,,0.0,0.0,0.0,0.0,1.1805755696800466,0.782950556973984,False,False,False,False,0.3176041764939462,0.29430975998339837,False,False,False,False,97071556,73893863.97893319,False,False,False,False,6846599.893135511,False,False,False,False
2024-07-26 00:00:00+00:00,7.77,8.52,7.63,7.79,8388430,,,,,6.158746847963787,6.187248300137842,,,6.187248300137842,6.113090335906378,,,6.1729975740508145,"rgba(38, 166, 154, 1.0)",1.1747906579855356,7.265814703644228,0.42917033169153723,70.9546239486832,18.62345267886066,True,False,True,False,True,10.24790765017974,5.7757000000000005,,0.0,0.0,0.0,0.0,1.1726312607894538,0.7831937364496087,False,False,False,False,0.3428281897291463,0.31856897485627234,False,False,False,False,88683126,74989364.86938259,False,False,False,False,6960809.530681029,False,False,False,False
2024-08-02 00:00:00+00:00,8.3,8.38,7.6003,7.84,9091353,,,,,6.229967929303282,6.223637672064237,,,6.223637672064237,6.1377327904872425,,,6.2268028006837595,"rgba(0, 255, 255, 0.75)",1.1998638248560527,7.3260148336494275,0.8117464216969971,71.71501954092427,18.62345267886066,True,False,True,False,True,12.556475922929746,5.8214999999999995,,0.0,0.0,0.0,0.0,1.1529180583325216,0.8166724911343962,False,False,False,False,0.2888660334282008,0.3037175041422365,False,True,False,False,97774479,76677151.10128018,False,False,False,False,7118627.565445397,False,False,False,False
2024-08-09 00:00:00+00:00,4.97,8.04,4.78,7.82,26651596,,,,,6.2007492896992975,6.208075611339082,,,6.208075611339082,6.1304216865085115,,,6.2044124505191895,"rgba(239, 83, 80, 1.0)",1.1971003367371569,6.85210543856026,-1.572220289980177,61.467715434357046,16.097888999711856,True,False,True,False,False,0.0,5.8001,,0.0,0.0,0.0,0.0,0.9853265574636467,0.8420159353585944,False,False,False,False,-0.34282825441539394,-0.019555375136578707,False,False,False,False,71122883,76265723.83451869,False,False,False,False,8565514.116153145,False,False,False,False
2024-08-16 00:00:00+00:00,4.7,5.245,4.37,5.02,13619748,,,,,6.132986513056565,6.170198781095129,,,6.170198781095129,6.106415492929336,,,6.151592647075847,"rgba(239, 83, 80, 1.0)",1.2048762300459446,6.610325912193555,-1.585495559258157,53.71119798347692,9.029189877479354,False,False,False,False,False,0.0,5.768900000000001,,0.0,0.0,0.0,0.0,0.9582430207915965,0.9901038372974305,False,False,False,False,-0.34282825441539394,-0.18119181477598634,False,False,False,False,57503135,74875902.43936916,False,False,False,False,8939901.811252913,False,False,False,False
2024-08-23 00:00:00+00:00,4.9,5.08,4.635,4.7,9204687,,,,,6.093821346043069,6.147462642514559,,,6.147462642514559,6.091845956134724,,,6.120641994278814,"rgba(239, 83, 80, 1.0)",1.1906221895287339,6.49217331919973,-1.3372615874309681,48.78545875484623,4.816344297441454,False,True,False,False,False,0.0,5.7479,,0.0,0.0,0.0,0.0,0.9640098357012767,0.9980676421853033,False,False,False,False,-0.3315363014559905,-0.2563640581159884,False,False,False,False,66707822,74270859.44386034,False,False,False,False,8959515.528937882,False,False,False,False
2024-08-30 00:00:00+00:00,4.66,5.075,4.51,4.99,7013454,,,,,6.062724082434858,6.129042660605432,,,6.129042660605432,6.07987456366496,,,6.095883371520145,"rgba(239, 83, 80, 1.0)",1.181631194273102,6.4088436049805475,-1.4800249125585878,44.8459982230872,1.5438996266137934,False,True,False,True,False,0.0,5.7255,,0.0,0.0,0.0,0.0,0.9798446826387437,0.9866440668088061,False,False,False,False,-0.34282825441539394,-0.29959615626569114,False,False,False,False,59694368,73191119.33690771,True,False,False,False,8815362.823090632,True,False,False,False
2024-09-06 00:00:00+00:00,4.69,4.87,4.27,4.64,6349785,,,,4.610000000000001,6.032948612367641,6.1111496914205174,,,6.1111496914205174,6.06811149266038,,,5.584699434596054,"rgba(239, 83, 80, 1.0)",1.1850067966505957,5.9188000475253295,-1.03695611788769,42.132068174994735,-0.6155830628781302,False,True,False,True,False,0.0,5.711900000000001,,0.0,0.0,0.0,0.0,0.9621437456059705,1.0108160726840083,False,False,False,False,-0.34282825441539394,-0.3212122053405425,False,False,False,False,66044153,72661714.4230627,False,False,False,False,8632727.428787623,False,False,False,False
2024-09-13 00:00:00+00:00,4.88,4.96,4.27,4.7,8776542,,,4.703333333333333,4.664153524513916,5.996318893945337,6.088596441802514,,4.703333333333333,6.088596441802514,6.053180473603539,,,5.363100548398775,"rgba(239, 83, 80, 0.5)",1.183549048984177,5.436845381980303,-0.47048779470376473,40.844488892013246,-1.5215670443012712,False,True,False,True,False,0.0,5.7071000000000005,,0.0,0.0,0.0,0.0,0.9470533822111502,1.0092991841189514,False,False,False,False,-0.33334856107929656,-0.32728038320991953,False,False,False,True,74820695,72821638.91024324,False,False,False,False,8643380.35998854,False,False,False,False
2024-09-20 00:00:00+00:00,4.72,5.195,4.71,4.9,11790949,,,4.801746548229922,4.756513540411741,5.956298753280729,6.063027374132312,,4.801746548229922,6.063027374132312,6.036114628170856,,,5.394396554013676,"rgba(239, 83, 80, 0.5)",1.1908976287499107,5.429577352258947,-0.5958340457893039,39.59352522247432,-2.5312401114017575,False,True,False,True,False,0.0,5.710699999999999,,0.0,0.0,0.0,0.0,0.9493347753435735,1.0070639015145977,False,False,False,False,-0.26393709075118127,-0.2956087369805504,False,False,False,False,63029746,72096313.50948448,False,False,False,False,8876533.592581982,False,False,False,False
2024-09-27 00:00:00+00:00,4.8,5.05,4.63,4.75,7202087,,,4.808209623075054,4.771321815660314,5.9321980264857075,6.047318608980302,,4.808209623075054,6.047318608980302,6.025507759046597,,,5.3897620185503445,"rgba(239, 83, 80, 0.5)",1.1968418464464734,5.404648598933457,-0.5052034241021163,38.99477438651816,-3.0355591851828265,False,True,False,True,False,0.0,5.7155,,0.0,0.0,0.0,0.0,0.947463334294469,1.0166162477580283,False,False,False,False,-0.2867690533573228,-0.2911888951689366,False,False,False,False,70231833,71958203.84211525,False,False,False,False,8752500.511649983,False,False,False,False
2024-10-04 00:00:00+00:00,5.0,5.03,4.59,4.8,4770068,,,4.817756270458505,4.783834260907547,5.917444157426693,6.037521761706022,,4.817756270458505,6.037521761706022,6.018853968172558,,,5.389139112624691,"rgba(239, 83, 80, 0.5)",1.20005674415387,5.3925796835538105,-0.32713426716384864,39.311518154921934,-3.0355591851828265,False,True,False,True,False,0.0,5.724500000000001,,0.0,0.0,0.0,0.0,0.9459649774813322,1.0155112299935938,False,False,False,False,-0.2916864083414057,-0.2914376517551711,False,False,False,False,75001901,72183662.89084746,False,False,False,False,8457505.510787021,False,False,False,False
2024-10-11 00:00:00+00:00,5.63,5.69,4.935,4.99,6524568,,,4.918065619725511,4.8749918870831,5.908109670581739,6.0305338951445995,,4.918065619725511,6.0305338951445995,6.014147566592167,,,5.432925268133737,#000000,1.1999300017121863,5.430191447391672,0.1665168404183745,41.648495907921244,-3.0355591851828265,False,True,False,True,False,0.0,5.7501,,0.0,0.0,0.0,0.0,0.9527138260769489,1.0305233503630278,False,False,False,False,-0.06375473308794873,-0.1775961924215599,False,False,False,False,81526469,72875722.60263653,False,False,False,False,8314324.954432427,False,False,False,False
2024-10-18 00:00:00+00:00,5.52,5.81,5.305,5.66,6654719,,,5.009320420710606,4.960623258287251,5.901312894555264,6.025008684665935,,5.009320420710606,6.025008684665935,6.010427157246957,,,5.474066314554764,#000000,1.2001922030759584,5.467437224490364,0.04379529826549669,43.01174554274418,-3.0355591851828265,False,True,False,True,False,0.0,5.7713,,0.0,0.0,0.0,0.0,0.9512736322883399,1.0074963642633321,False,False,False,False,0.34282817941210064,0.08261599349527037,False,False,False,False,74871750,73023576.4839227,False,False,False,False,8191391.180030026,False,False,False,False
2024-10-25 00:00:00+00:00,5.87,5.94,5.345,5.55,4567526,,,5.073720161259847,5.021730073001781,5.8989918953125775,6.022631950775584,,5.073720161259847,6.022631950775584,6.008845918253346,,,5.5042685200874475,#000000,1.2000849331805,5.49676789925432,0.31100473843674503,45.07847479811034,-3.0355591851828265,False,True,False,True,True,0.8479991339737012,5.803299999999999,,0.0,0.0,0.0,0.0,0.9472241906470363,1.0047077013037855,False,False,False,False,0.3428281853564168,0.21272208942584359,False,False,False,False,79439276,73498813.48511362,False,False,False,False,7922956.722250024,False,False,False,False
2024-11-01 00:00:00+00:00,5.39,6.11,5.285,5.87,6977156,,,5.1372343273589465,5.084606663637955,5.893213632187385,6.017628633881694,,5.1372343273589465,6.017628633881694,6.005451739992653,,,5.533170814266496,#000000,1.201022211014996,5.522769162449895,-0.11054680024417737,45.19165431985016,-3.0355591851828265,False,True,False,True,True,0.0,5.8161000000000005,,0.0,0.0,0.0,0.0,0.9297550695863841,1.0156099845363589,False,False,False,False,0.3428281887251471,0.27777513907549534,False,False,False,False,72462120,73422021.3751052,False,False,False,False,7852897.409490763,False,False,False,False
2024-11-08 00:00:00+00:00,7.09,7.1,5.36,5.44,12542417,,,5.385084192580951,5.320458558274019,5.913812822332966,6.02790843590385,,5.385084192580951,6.02790843590385,6.012879297931469,,,5.661816002272947,"rgba(38, 166, 154, 1.0)",1.2098980561627102,5.666558625999222,1.176496950921086,49.39874270126607,-8.211240823961774,False,False,False,False,True,5.841123913053043,5.864299999999999,,0.0,0.0,0.0,0.0,0.9304174482949924,0.9957686286125331,False,False,False,False,0.34282820979746864,0.310301674436482,False,False,False,False,85004537,74279985.49546778,False,False,False,False,8200269.231009966,False,False,False,False
2024-11-15 00:00:00+00:00,7.26,7.45,6.97,7.21,11175202,,,5.639217837266677,5.564384037551041,5.951356462967482,6.049513630323673,,5.639217837266677,6.049513630323673,6.028391492032915,,,5.801117992027218,"rgba(38, 166, 154, 1.0)",1.2205401440523131,5.829262142762586,1.1722169600151158,52.719838940306516,-4.942972597854265,False,False,False,False,True,6.49761825787925,5.9049000000000005,,0.0,0.0,0.0,0.0,1.0095649387604795,0.9693921959664653,False,False,False,False,0.34282822587367606,0.326564950155079,False,False,False,False,96179739,75902189.45876646,False,False,False,False,8420634.621305523,False,False,False,False
2024-11-22 00:00:00+00:00,7.48,7.76,7.2,7.36,17324582,,,5.963621649981184,5.8814931602816625,6.016248976820786,6.088395730257717,,5.963621649981184,6.088395730257717,6.05659266670436,,,5.987439879335337,"rgba(38, 166, 154, 1.0)",1.2096071769473429,6.310877346078643,0.9665308508435317,55.502452595401195,-2.233248144140596,True,False,True,False,True,7.345677700770235,5.9535,,0.0,0.0,0.0,0.0,0.9910938265374282,1.0108358443794625,False,False,False,False,0.3428282266754095,0.3346965884152443,False,False,False,False,113504321,78687532.53589487,False,False,False,False,9080186.278986596,False,False,False,False
2024-11-29 00:00:00+00:00,7.24,7.6,6.93,7.48,8482560,,,6.066332566164942,5.984597114555068,6.041506233016341,6.103739498728146,,6.066332566164942,6.103739498728146,6.067900471826976,,,6.049043853116125,"rgba(38, 166, 154, 0.5)",1.1960915441478466,6.359146903920908,0.7364428754545328,56.75310080535948,-0.9859302289163949,True,False,True,False,True,6.226292048287718,6.0073,,0.0,0.0,0.0,0.0,1.0082373556590634,0.974788699346503,False,False,False,False,0.2842715928155733,0.3094840906154088,False,False,False,False,105021761,80638216.12582858,False,False,False,False,9035917.665728329,False,False,False,False
2024-12-06 00:00:00+00:00,6.99,7.21,6.8625,7.21,5713546,,,6.114808040568409,6.03441199271122,6.054756019811131,6.111781348783322,,6.114808040568409,6.111781348783322,6.073910323403746,,,6.07893935046852,"rgba(38, 166, 154, 0.5)",1.1714226624297706,6.37395573931717,0.525894094796688,56.892655266902494,-0.7356350489842427,True,False,True,False,True,5.069359672366144,6.047500000000001,,0.0,0.0,0.0,0.0,0.9723695844385499,1.0290440647297103,False,False,False,False,0.22398081502784328,0.26673245282162605,False,False,False,False,99308215,82021179.00539683,False,False,False,False,8789816.060859563,False,False,False,False
2024-12-13 00:00:00+00:00,7.01,7.09,6.56,7.03,4907897,,,6.147072826152073,6.068209597279686,6.064313190913141,6.117574439522809,,6.147072826152073,6.117574439522809,6.078289627705318,,,6.099292513466927,"rgba(38, 166, 154, 0.5)",1.1358918669192644,6.380754959564101,0.5539656183493247,57.03829859614903,-0.39397869060345414,True,False,True,False,True,5.1505750172534235,6.0923,,0.0,0.0,0.0,0.0,0.927079267916932,1.0421091551465602,False,False,False,False,0.13130302016363296,0.1990177364926295,False,False,False,False,104216112,83665248.11610818,False,False,False,False,8502266.500795892,False,False,False,False
2024-12-20 00:00:00+00:00,6.95,7.03,6.19,7.0,7962143,,,6.183670072380298,6.107809655644789,6.076370940181988,6.124833352223222,,6.183670072380298,6.124833352223222,6.083879329004676,,,6.123171005107574,"rgba(38, 166, 154, 0.5)",1.143239127524378,6.547929472208376,0.35169416276215604,56.946369700244645,-0.22473313996619737,True,False,True,False,True,4.866632036120858,6.1415,,0.0,0.0,0.0,0.0,0.9240938512971111,1.0358191665565841,False,False,False,False,0.031336632460145133,0.1151771844763873,False,False,False,False,96253969,84597745.95935942,False,False,False,False,8462257.352588788,False,False,False,False
2024-12-27 00:00:00+00:00,6.95,7.14,6.775,6.97,2860142,,,6.2008741348032475,6.125814193282723,6.082107951671719,6.128391543089769,,6.2008741348032475,6.128391543089769,6.086582575261415,,,6.134296955711865,"rgba(38, 166, 154, 0.5)",1.1497040081283116,6.56867996172501,0.3316680080952045,56.88070620317008,0.018022557974710196,True,False,True,False,True,4.866632036120858,6.1875,,0.0,0.0,0.0,0.0,0.9346959933323847,1.036082369442807,False,False,False,False,0.14329938518139118,0.12923828482888924,False,False,False,False,96253969,85461169.88829575,False,False,False,False,8047285.844989618,False,False,False,False
2025-01-03 00:00:00+00:00,8.23,8.48,6.8621,6.97,12729586,,,6.3504641698171085,6.275442361240811,6.132241388662089,6.160756329982616,,6.3504641698171085,6.160756329982616,6.110706194607517,,,6.229726062425655,"rgba(0, 255, 255, 0.75)",1.1825084537724209,6.825261480651849,1.1879310586463676,59.633276823231654,2.9634248503915686,True,False,True,False,True,9.98295870319707,6.2605,,0.0,0.0,0.0,0.0,0.9458783787025973,0.9704895849827974,False,False,False,False,0.3428282168861917,0.23603325085754046,False,False,False,False,108983555,87203568.78545903,False,False,False,False,8394122.893508906,False,False,False,False
2025-01-10 00:00:00+00:00,7.88,8.41,7.595,8.25,5809041,,,6.414233978005238,6.339413841884301,6.15551745648235,6.176009922748697,,6.414233978005238,6.176009922748697,6.122142153801952,,,6.271293799780147,"rgba(38, 166, 154, 1.0)",1.204861148592395,6.9011077580964635,0.8124523253547916,60.417430321939236,3.9565481408612158,True,False,True,False,True,8.287659999670492,6.3201,,0.0,0.0,0.0,0.0,0.992170855654303,0.9691579162139208,False,False,False,False,0.3428282126293537,0.2894307317434471,False,False,False,False,103174514,88386601.76431392,False,False,False,False,8202635.345841579,False,False,False,False
2025-01-17 00:00:00+00:00,9.1,9.3693,7.735,7.8,14919046,,,6.628348528529007,6.552080303007058,6.237130709310507,6.230485243984399,,6.628348528529007,6.230485243984399,6.162950776671943,,,6.412011196207743,"rgba(0, 255, 0, 1.0)",1.2601835165941082,7.17642937735488,1.5264210309970916,63.003719566648385,6.662343473397513,True,False,True,False,True,12.707588436545027,6.4018999999999995,,0.0,0.0,0.0,0.0,0.9943231877344522,0.9364514927745532,False,False,False,False,0.34282821627943283,0.31612947401144,False,False,False,False,118093560,90587117.18917955,False,False,False,False,8700147.24614961,False,False,False,False
2025-01-24 00:00:00+00:00,8.51,9.47,8.33,9.38,9796651,,,6.7506964733450125,6.674261184228733,6.288687448032478,6.2654981962932395,,6.7506964733450125,6.2654981962932395,6.1894192552320355,,,6.4947858254748665,"rgba(0, 255, 255, 0.75)",1.294828372222941,7.831794735161405,0.5237800463657301,63.084983716604505,6.929744340102616,True,False,True,False,True,9.930814911373908,6.4695,,0.0,0.0,0.0,0.0,1.0184109136303625,0.9443182124350005,False,False,False,False,0.3428282220722684,0.3294788480418542,False,False,False,False,108296909,91898953.6196107,False,False,False,False,8781369.746434825,False,False,False,False
2025-01-31 00:00:00+00:00,8.48,8.795,7.74,8.39,10754338,,,6.844385628567138,6.769154561722801,6.333485599951511,6.2964029276447775,,6.844385628567138,6.2964029276447775,6.213105234322312,,,6.560857179471557,"rgba(0, 255, 255, 0.75)",1.3269522520721224,7.82598242297043,0.4928719748644153,63.05579820054486,7.137649280152232,True,False,True,False,True,9.791531646732917,6.5313,,0.0,0.0,0.0,0.0,0.9933332446206867,0.9687287921329625,False,False,False,False,0.14879588840190816,0.23913736822188117,False,False,False,False,97542571,92316999.35149138,False,False,False,False,8927515.542995207,False,False,False,False
2025-02-07 00:00:00+00:00,7.77,8.81,7.63,8.24,9267836,,,6.903697810239702,6.8300871426767795,6.365588943343251,6.318902036249567,,6.903697810239702,6.318902036249567,6.230577468850747,,,6.604568983127326,"rgba(38, 166, 154, 0.5)",1.3423299865505465,7.8082954604619035,-0.028529095561899573,61.07360776114208,7.137649280152232,True,False,True,False,True,6.561334796077212,6.585100000000001,,0.0,0.0,0.0,0.0,1.1395714858424029,0.9604052522432899,False,False,False,False,0.13482855389722306,0.18698296105955212,False,False,False,False,88274735,92017572.36249201,False,False,False,False,8952724.465736303,False,False,False,False
2025-02-14 00:00:00+00:00,8.12,8.21,7.533,7.85,5171481,,,6.931323086590657,6.858723411180401,6.381810976957592,6.330397219058304,,6.931323086590657,6.330397219058304,6.239580717116534,,,6.625563673446739,"rgba(38, 166, 154, 1.0)",1.3640281264437795,7.797824486740147,0.23619418618574287,60.34022450218907,7.137649280152232,True,False,True,False,True,7.84815560314706,6.650499999999999,,0.0,0.0,0.0,0.0,1.1565975398241588,0.8503001494499343,False,False,False,False,0.033589029610117595,0.11028599533483485,False,False,False,False,93446216,92123397.81712224,False,False,False,False,8672632.357163243,False,False,False,False
2025-02-21 00:00:00+00:00,7.86,8.4369,7.85,8.15,3993387,,,6.953564109997035,6.8816826770044095,6.3948529439865345,6.339674619788638,,6.953564109997035,6.339674619788638,6.246849020970385,,,6.642443587694155,"rgba(38, 166, 154, 1.0)",1.3795582169208633,7.797404697162958,0.045373440619819246,59.12223173589835,7.137649280152232,True,False,True,False,False,6.683942553362531,6.7049,,0.0,0.0,0.0,0.0,1.158075499042117,0.8319039536245696,False,False,False,False,0.11242629705784646,0.11135614619634066,False,False,False,False,89452829,91925577.9047428,False,False,False,False,8326021.589965966,False,False,False,False
2025-02-28 00:00:00+00:00,8.22,8.27,7.07,7.86,7562308,,,6.986240204667903,6.915925062320711,6.416143839780507,6.3549919461813715,,6.986240204667903,6.3549919461813715,6.258977326398764,,,6.668325263237623,"rgba(38, 166, 154, 1.0)",1.3989656635986194,7.782545608558177,0.3126984477349794,58.98046131778137,7.137649280152232,True,False,True,False,False,8.01389893001273,6.7609,,0.0,0.0,0.0,0.0,1.1217305952770453,0.8448295771666122,False,False,False,False,-0.08814262686492552,0.011606759665707567,False,False,False,False,97015137,92302582.28216927,False,False,False,False,8269450.2129314495,False,False,False,False
2025-03-07 00:00:00+00:00,7.03,8.3299,6.77,8.24,7840220,,,7.000405443026424,6.932164430580275,6.430463617338179,6.365599000502272,,7.000405443026424,6.365599000502272,6.267657325391803,,,6.682158122861788,#000000,1.3980120925123676,7.73478371787474,-0.5041327765686012,56.0235797813775,11.177647752565392,False,False,True,False,False,2.898692617412568,6.790899999999999,,0.0,0.0,0.0,0.0,1.1135971669694391,0.8394968611309126,False,False,False,False,-0.34282825441539394,-0.1656107473748432,False,False,False,False,89174917,92070903.37237895,False,False,False,False,8237655.382343935,False,False,False,False
2025-03-14 00:00:00+00:00,7.22,7.285,6.62,6.97,6552437,,,7.001619850199728,6.935297944777892,6.437985488548734,6.371414793708624,,7.001619850199728,6.371414793708624,6.272648727906508,,,6.6865795193087445,"rgba(38, 166, 154, 0.5)",1.3908108108983441,7.682336803028625,-0.3324224972985331,54.327425092921374,9.440053214151163,False,False,True,False,False,3.615327392749151,6.821700000000001,,0.0,0.0,0.0,0.0,1.1068213734834358,0.8915670971752193,False,False,False,False,-0.34282825441539394,-0.2542195008951186,False,False,False,False,95727354,92341751.56701754,False,False,False,False,8112824.391059198,False,False,False,False
2025-03-21 00:00:00+00:00,9.03,9.1,7.1595,7.2,11861139,,,7.0738628858117165,7.008902575091142,6.481391645379773,6.4029768528542474,,7.0738628858117165,6.4029768528542474,6.2975399880832,,,6.74178348978422,"rgba(0, 255, 255, 0.75)",1.4162066036225582,7.742794483346381,0.9089108279547887,56.31525350492014,9.440053214151163,False,False,True,False,False,9.90464645630022,6.891699999999999,,0.0,0.0,0.0,0.0,1.1044057996030034,0.8301976352809184,False,False,False,False,0.06907497074865022,-0.09257226507323418,False,False,False,False,107588493,93471139.82131253,False,False,False,False,8390477.325054813,False,False,False,False
2025-03-28 00:00:00+00:00,8.05,9.7092,8.015,9.06,10147104,8.5914,,7.136807686433675,7.072881188751602,6.520008166893981,6.43131157063327,,7.136807686433675,6.43131157063327,6.319962081601522,7.150481722542506,8.5914,6.790252153178132,"rgba(38, 166, 154, 0.5)",1.4176063666655876,8.161846259116517,-0.07889796613963786,55.718715332006965,9.440053214151163,False,False,True,False,False,5.963614391611749,6.9283,,-1.0,9.7092,8.015,184.0,1.1372289166482603,0.8081985585850902,False,False,False,False,0.3284816442582925,0.11795468959252917,False,False,False,False,97441389,93765232.35306716,False,False,False,False,8520597.819495197,False,False,False,False
2025-04-04 00:00:00+00:00,5.68,8.17,5.625,7.87,13003799,7.411985520129964,,7.104245706090404,7.044251356863812,6.519358678169569,6.432296676052669,,7.104245706090404,6.432296676052669,6.322086366612906,6.902427587461284,7.411985520129964,6.775038104294114,"rgba(239, 83, 80, 0.5)",1.4013447627704403,7.74991294073679,-1.4770904317968117,51.73198694426162,6.893379156850017,False,True,False,False,False,0.0,6.919700000000001,,0.0,0.0,0.0,0.0,1.0378485455613635,0.8806170254432611,False,False,False,False,-0.34282825441539394,-0.11243678241143239,False,False,False,False,84437590,93074295.8824696,False,False,False,False,8852686.795828886,False,False,False,False
2025-04-11 00:00:00+00:00,6.84,7.58,5.16,5.51,17930413,7.0255779211308615,6.5266666666666655,7.0666647020989775,7.0113324967705895,6.519582527554939,6.434373774418314,6.5266666666666655,7.0666647020989775,6.434373774418314,6.325517745269376,6.764033014773392,7.0255779211308615,6.711724033501897,#000000,1.3859983652474002,7.247638372751963,-0.2941117269494035,50.67388038904799,5.889900088783406,False,True,False,False,False,1.4195678239103096,6.928499999999999,,1.0,7.58,5.16,0.0,1.0069104336917307,0.9319588067275729,False,False,True,False,-0.34282825441539394,-0.22763251841341317,False,False,False,False,102368003,93762718.63191628,False,False,False,False,9525110.95910082,False,False,False,False
2025-04-18 00:00:00+00:00,7.82,8.05,7.21,7.37,8397505,7.13890882310905,6.898784551820619,7.0851965283753975,7.031059492286475,6.536182523912582,6.447218979103392,6.898784551820619,7.0851965283753975,6.447218979103392,6.3361786524305,6.856225149767918,7.13890882310905,6.799688415099693,"rgba(38, 166, 154, 0.5)",1.375242887638397,7.368369467131499,0.3284005588598628,51.23546896378222,5.889900088783406,False,True,False,False,False,4.391384211762379,6.955400000000001,,0.0,0.0,0.0,0.0,1.0520343530453062,0.908723792664712,False,False,False,False,0.0036944779582116435,-0.11196902022760076,False,False,False,False,110765508,95022184.5110336,False,False,False,False,9441584.591760019,False,False,False,False
2025-04-25 00:00:00+00:00,7.37,7.7722,7.155,7.73,6196809,7.171574978236139,7.000452215681933,7.0926114546592345,7.039447029384182,6.545439184977575,6.454581143260044,7.000452215681933,7.0926114546592345,6.454581143260044,6.342447561913236,6.884017667699851,7.171574978236139,6.826506205592594,"rgba(38, 166, 154, 0.5)",1.366573880612083,7.396038577079112,-0.019053910987563805,51.007599791059924,5.889900088783406,False,True,False,False,False,2.9168615472727915,6.966799999999999,,0.0,0.0,0.0,0.0,1.0469834305975194,0.921360870824883,False,False,False,False,-0.04039635414292089,-0.07618268718526083,False,False,False,False,104568699,95729333.7324385,False,False,False,False,9201230.844222238,False,False,False,False
2025-05-02 00:00:00+00:00,7.65,7.82,7.28,7.42,5274188,7.207205781520136,7.081783243203321,7.1013718282381255,7.048952203314435,6.554483598275551,6.461714961996031,7.081783243203321,7.1013718282381255,6.461714961996031,6.348457975589661,6.909251936091266,7.207205781520136,6.849661167005493,"rgba(38, 166, 154, 0.5)",1.3586821151726722,7.423231650662074,0.16690316800785068,51.2289474419157,5.889900088783406,False,True,False,False,False,3.7569786947583523,6.9802,,0.0,0.0,0.0,0.0,1.0538940093771119,0.924836806208679,False,False,False,False,-0.01749427325143115,-0.046838480218345996,False,False,False,False,109842887,96774782.12262824,False,False,False,False,8910338.781687258,False,False,False,False
2025-05-09 00:00:00+00:00,7.67,7.79,7.17,7.51,6386442,7.239085471812661,7.148494549410716,7.110723451593611,7.059197453808311,6.564808891187345,6.469929628187303,7.148494549410716,7.110723451593611,6.469929628187303,6.355425183765342,6.932039907666659,7.239085471812661,6.870630794837457,"rgba(38, 166, 154, 0.5)",1.3582209382560384,7.444777284606705,0.1658218549350905,51.41559255224853,5.889900088783406,False,True,False,False,False,3.8174466958803563,6.9892,,0.0,0.0,0.0,0.0,1.0493761825708092,0.9587577297540252,False,False,False,False,-0.03604667439795598,-0.041442577308150985,False,False,False,False,116229329,98215859.66910022,False,False,False,False,8723383.464525238,False,False,False,False
2025-05-16 00:00:00+00:00,7.63,8.595,7.4,7.93,9445558,7.317314507220968,7.276447790015641,7.133915491246302,7.083458148071154,6.584734871003115,6.485537061184041,7.276447790015641,7.133915491246302,6.485537061184041,6.368417831158389,6.980234644790204,7.317314507220968,6.91281867230405,"rgba(38, 166, 154, 0.5)",1.3540440762251265,7.537292202297436,0.06846734115260109,51.48339707430111,5.889900088783406,False,True,False,False,False,3.6811585918654437,6.9986,,0.0,0.0,0.0,0.0,0.9993710958478192,0.9437236778880127,False,False,False,False,0.10136779035540533,0.029962606523627172,False,False,False,False,106783771,98850519.76768538,False,False,False,False,8776877.874560405,False,False,False,False
2025-05-23 00:00:00+00:00,7.53,7.88,7.02,7.47,8847785,7.333779766858586,7.304801350085709,7.143388802833058,7.094114672389388,6.597262830356663,6.4957435255796,7.304801350085709,7.143388802833058,6.4957435255796,6.377223358035013,6.9948484913505,7.333779766858586,6.927062236248884,"rgba(38, 166, 154, 0.5)",1.3391051772268194,7.449397325422129,0.06019144421858884,51.35916607790028,5.784700351593806,False,True,False,False,False,3.335610298477242,6.9934,,0.0,0.0,0.0,0.0,0.9780514068355988,0.9801490742294569,False,False,False,False,-0.04400455766584216,-0.007020975571107493,False,False,False,False,97935986,98782776.52563462,False,False,False,False,8782130.254222598,False,False,False,False
2025-05-30 00:00:00+00:00,8.28,8.36,7.52,7.64,8070740,7.3957574455431825,7.390432178884292,7.165765863613051,7.1172557356752835,6.615682461019183,6.510238461503657,7.390432178884292,7.165765863613051,6.510238461503657,6.389283796849737,7.032522024373107,7.3957574455431825,6.959874940139093,"rgba(38, 166, 154, 1.0)",1.340722667172546,7.583464686307618,0.5195222925269897,52.47233557712467,5.784700351593806,False,True,False,False,False,5.665952745425482,7.0034,,0.0,0.0,0.0,0.0,1.0049420988975852,0.9580234384774721,False,False,False,False,0.08600532455940929,0.0394921744941509,False,False,False,False,106006726,99317883.89410613,False,False,False,False,8729434.679835739,False,False,False,False
2025-06-06 00:00:00+00:00,8.31,8.55,7.85,8.36,9112889,7.470291746645347,7.48723629008637,7.1946983242230536,7.146939980248639,6.638510077481595,6.528190544209215,7.48723629008637,7.1946983242230536,6.528190544209215,6.404172127718563,7.077644493815703,7.470291746645347,6.999115043249775,"rgba(38, 166, 154, 1.0)",1.3376148498302798,7.697041604494713,0.45824730159287697,53.31436756459952,5.784700351593806,False,False,False,False,False,5.757853859255153,7.0124,,0.0,0.0,0.0,0.0,1.0195802128836906,0.9395855745006993,False,False,False,False,0.34282821394230295,0.19116019421822691,False,False,False,False,115119615,100488382.49454272,False,False,False,False,8757838.70355161,False,False,False,False
2025-06-13 00:00:00+00:00,8.32,8.74,8.185,8.39,10063939,7.554520347967732,7.591296757451228,7.230053008583,7.183018810624806,6.665715418090051,6.549611923433721,7.591296757451228,7.230053008583,6.549611923433721,6.421911068835638,7.129036044358423,7.554520347967732,7.043939183636562,"rgba(38, 166, 154, 1.0)",1.3270823344926712,7.806459742579919,0.38696940202764607,53.93248955852417,5.784700351593806,False,False,False,False,True,5.789057240510708,7.02,,0.0,0.0,0.0,0.0,1.0414550474404805,0.928992091536261,False,False,False,False,0.3428282190195721,0.2669942066188995,False,False,False,False,125183554,102317654.45790993,False,False,False,False,8854586.873658897,False,False,False,False
2025-06-20 00:00:00+00:00,8.44,8.67,8.16,8.22,6741801,7.603487197921524,7.649444754788238,7.252771631382582,7.206216925275987,6.683563483669894,6.563754932253821,7.649444754788238,7.252771631382582,6.563754932253821,6.433669259208391,7.159873154215341,7.603487197921524,7.071150345474105,"rgba(38, 166, 154, 1.0)",1.3200422904773332,7.860542017365408,0.4389692563751549,54.58451830881977,5.784700351593806,False,False,True,False,True,6.16887144086877,7.032,,0.0,0.0,0.0,0.0,1.0539132428179934,0.9285255308137698,False,False,False,False,0.3084616703522325,0.287727938485566,False,False,False,False,131925355,104510817.46102771,False,False,False,False,8698084.216350831,False,False,False,False
2025-06-27 00:00:00+00:00,8.69,9.42,8.0908,8.4,21891044,7.778311212323891,7.849964085950862,7.338986829047696,7.293665767303356,6.749001465003825,6.6156636430999844,7.849964085950862,7.338986829047696,6.6156636430999844,6.476721959542182,7.270932167121603,7.778311212323891,7.169456358081145,"rgba(38, 166, 154, 1.0)",1.3139441861526384,8.055314881475248,0.4830381116744192,55.495909658588225,5.784700351593806,False,False,True,False,True,6.962608711105727,7.0456,,0.0,0.0,0.0,0.0,1.0301799031420036,0.9093325805161503,False,False,False,False,0.34282819767741757,0.3152780680814918,False,False,False,False,153816399,108163082.76021084,False,False,False,False,9675340.49662114,False,False,False,False
2025-07-04 00:00:00+00:00,9.14,9.15,8.57,8.75,9449368,7.851862230719401,7.931540378672783,7.378562897115595,7.33369348528172,6.778961233427846,6.6395565649727475,7.931540378672783,7.378562897115595,6.6395565649727475,6.496573065471469,7.319029465031682,7.851862230719401,7.212462911894138,"rgba(0, 255, 255, 0.75)",1.3219753272152097,8.133467782723045,0.7613850247850338,56.92248164733442,3.2985789615784213,False,False,True,False,True,8.373791948095914,7.0728,,0.0,0.0,0.0,0.0,1.0449246091165512,0.9621199986070968,False,False,False,False,0.3428282018864897,0.32905313498399075,False,False,False,False,163265767,112244763.07426931,False,False,False,False,9658601.793167721,False,False,False,False
2025-07-11 00:00:00+00:00,10.77,10.785,8.89,9.08,18495062,8.102509979578425,8.21177776935313,7.505380162398081,7.46057070804989,6.866270706159426,6.708373063694616,8.21177776935313,7.505380162398081,6.708373063694616,6.55297858716867,7.475813731538929,8.102509979578425,7.350474481931029,"rgba(0, 255, 0, 1.0)",1.3789259268400558,8.4348004642501,1.6934916446898913,60.195563712191316,6.502002675781192,True,False,True,False,True,13.117851724141754,7.1328,,0.0,0.0,0.0,0.0,1.0294392052891228,0.9062724435345839,False,False,False,False,0.342828223393087,0.33594067918853887,False,False,False,False,181760829,117394101.2909901,False,False,False,False,10313154.401081225,False,False,False,False
2025-07-18 00:00:00+00:00,12.0,12.12,10.585,10.88,19744112,8.464191406710404,8.610893366555924,7.69471613005672,7.649168322671418,6.992841070382696,6.80804028204778,8.610893366555924,7.69471613005672,6.80804028204778,6.634336544885765,7.703308429737489,8.464191406710404,7.551131834342907,"rgba(0, 255, 0, 1.0)",1.4814161626115874,8.865935354304543,2.1155869125731805,63.78929330116484,9.903579894332076,True,False,True,False,True,16.334329295996795,7.206799999999999,,0.0,0.0,0.0,0.0,1.081898598207942,0.8933082359913395,False,False,False,False,0.3428282354363396,0.33938445731243927,False,False,False,False,201504941,123624533.86202787,False,False,False,False,11011743.852852987,False,False,False,False
