date,Close,High,Low,Open,Volume,aVWAP_OB_bear_160,aVWAP_OB_bear_151,aVWAP_OB_bear_133,aVWAP_OB_bear_46,OB,OB_High,OB_Low,OB_Mitigated_Index,Peaks_Valleys_avg,color,StDev,StDev_Mean,StdDev_ZScore,QQEMOD,QQE1_Value,QQE1_Above_Upper,QQE1_Below_Lower,QQE2_Above_Threshold,QQE2_Below_Threshold,QQE2_Above_TL,banker_RSI,SMA_50,SMA_200,TTM_squeeze_Active,VI_plus,VI_minus,VI_Regular_Bullish,VI_Regular_Bearish,VI_Hidden_Bullish,VI_Hidden_Bearish,Fisher,Fisher_Signal,Fisher_Regular_Bullish,Fisher_Regular_Bearish,Fisher_Hidden_Bullish,Fisher_Hidden_Bearish,OBV,OBV_Smoothed,OBV_Regular_Bullish,OBV_Regular_Bearish,OBV_Hidden_Bullish,OBV_Hidden_Bearish,Volume_MA,Vol_Regular_Bullish,Vol_Regular_Bearish,Vol_Hidden_Bullish,Vol_Hidden_Bearish
2021-12-31 00:00:00+00:00,30.8443338237,31.5765435287,29.2609303366,29.5538142186,8867640,,,,,0.0,0.0,0.0,0.0,,#000000,,,,,,False,False,False,False,False,,,,0,,,False,False,False,False,,,False,False,False,False,0,0.0,False,False,False,False,8867640.0,False,False,False,False
2022-01-07 00:00:00+00:00,34.6060611832,35.5670864211,30.7436549893,30.7985707172,14932116,,,,,0.0,0.0,0.0,0.0,,#000000,,,,100.0,,False,False,True,False,False,,,,0,,,False,False,False,False,,,False,False,False,False,14932116,1106082.6666666665,False,False,False,False,9316860.444444444,False,False,False,False
2022-01-14 00:00:00+00:00,37.8277838853,37.832360196,34.0202934192,34.5328402127,16520626,,,,,0.0,0.0,0.0,0.0,,#000000,,,,100.0,50.0,False,False,True,False,True,,,,0,,,False,False,False,False,,,False,False,False,False,31452742,3353983.358024691,False,False,False,False,9850472.707818931,False,False,False,False
2022-01-21 00:00:00+00:00,33.5809675962,37.8099362737,32.4277373108,37.058963695,18721676,,,,,0.0,0.0,0.0,0.0,,#000000,,,,91.03818044160123,41.45826573340116,False,False,True,False,False,,,,0,,,False,False,False,False,,,False,False,False,False,12731066,4048582.072245084,False,False,False,False,10507598.87761012,False,False,False,False
2022-01-28 00:00:00+00:00,34.9904712784,36.9765901032,31.4941699369,32.3087532338,16899974,,,,,0.0,0.0,0.0,0.0,,#000000,,,,85.1918845403068,36.20107892132988,False,False,True,False,False,,,,0,,,False,False,False,False,,,False,False,False,False,29631040,5943578.955782485,False,False,False,False,10981108.145935297,False,False,False,False
2022-02-04 00:00:00+00:00,37.5806631099,39.3745768871,34.2124984668,35.0453870062,16349148,,,,,0.0,0.0,0.0,0.0,,#000000,,,,82.19697143332674,33.781820350472486,False,False,True,False,False,,,,0,,,False,False,False,False,,,False,False,False,False,45980188,8909253.699798597,False,False,False,False,11378740.727717867,False,False,False,False
2022-02-11 00:00:00+00:00,38.9718615494,39.4477063314,35.3657287522,37.4250685475,16003444,,,,,0.0,0.0,0.0,0.0,,#000000,,,,80.51065254533644,32.59051990024524,False,False,True,False,False,,,,0,,,False,False,False,False,,,False,False,False,False,61983632,12840689.129443146,False,False,False,False,11721311.340479506,False,False,False,False
2022-02-18 00:00:00+00:00,37.0681163163,39.3471190232,36.3188827357,39.1183034904,14011083,,,,,0.0,0.0,0.0,0.0,,#000000,,,,77.03652776295489,29.625745281029722,False,False,True,False,False,,,,1,,,False,False,False,False,,,False,False,False,False,47972549,15443049.119854765,False,False,False,False,11890924.055999544,False,False,False,False
2022-02-25 00:00:00+00:00,37.9010048558,38.6789776674,34.9538607931,38.4135516493,24002994,,,,,0.0,0.0,0.0,0.0,,#000000,,,,74.78414337667623,27.828456107811945,False,False,True,False,False,,,,1,,,False,False,False,False,,,False,False,False,False,71975543,19630641.259124782,False,False,False,False,12788114.4222218,False,False,False,False
2022-03-04 00:00:00+00:00,44.5275026862,44.9393706452,38.1298203886,38.1298203886,27691545,,,,,0.0,0.0,0.0,0.0,,#000000,,,,75.45499146846977,27.828456107811945,False,True,True,False,False,,,,1,,,False,False,False,False,,,False,False,False,False,99667088,25559266.943634056,False,False,False,False,13892072.242797963,False,False,False,False
2022-03-11 00:00:00+00:00,42.0379896891,46.5548083069,39.9244663756,45.1590335568,26575338,,,,,0.0,0.0,0.0,0.0,,#000000,,,,73.95280124936913,27.601505818763684,False,True,True,False,False,,,,0,,,False,False,False,False,,,False,False,False,False,73091750,29080191.61447598,False,False,False,False,14831573.409998115,False,False,False,False
2022-03-18 00:00:00+00:00,44.1146159134,44.592723464,38.3313534271,41.5309962653,23545283,,,,,0.0,0.0,0.0,0.0,,#000000,,,,73.44331826080658,27.267205812114042,False,True,True,False,False,,,,1,,,False,False,False,False,,,False,False,False,False,96637033,34084402.08747776,False,False,False,False,15477033.379627885,False,False,False,False
2022-03-25 00:00:00+00:00,50.6885947334,50.9782175765,44.583529088,45.1443860223,20234201,,,,,0.0,0.0,0.0,0.0,,#000000,,,,74.57829937162303,27.267205812114042,False,True,True,False,True,,,,0,,,False,False,False,False,,,False,False,False,False,116871234,40216760.006923854,False,False,False,False,15829416.166322116,False,False,False,False
2022-04-01 00:00:00+00:00,50.7897328691,51.0747585242,47.1303712322,49.0795789383,21593859,,,,,0.0,0.0,0.0,0.0,,#000000,,,,75.48008954023432,27.267205812114042,False,True,True,False,True,,,,0,,,False,False,False,False,,,False,False,False,False,138465093,47494414.30270727,False,False,False,False,16256411.931779739,False,False,False,False
2022-04-08 00:00:00+00:00,48.3900007404,51.7735310981,45.8523529721,51.5068941949,20490835,,,,,0.0,0.0,0.0,0.0,,#000000,,,,74.57151371671637,27.267205812114042,False,True,True,False,True,,,,0,,,False,False,False,False,,,False,False,False,False,117974258,52715143.465469696,False,False,False,False,16570072.899796054,False,False,False,False
2022-04-15 00:00:00+00:00,48.8956914188,49.5484921128,45.7420204605,47.544118151,14850561,,,,,0.0,0.0,0.0,0.0,,#000000,,,,73.99439237150398,27.267205812114042,False,True,True,False,True,,,,0,,,False,False,False,False,,,False,False,False,False,132824819,58649193.50506453,False,False,False,False,16442701.647959309,False,False,False,False
2022-04-22 00:00:00+00:00,46.2477111389,52.6010249355,45.5121610612,49.502520233,20601482,,,,,0.0,0.0,0.0,0.0,,#000000,,,,71.90456230281718,25.997121784936198,False,True,True,False,False,,,,1,,,False,False,False,False,,,False,False,False,False,112223337,62617648.578763455,False,False,False,False,16750759.451814175,False,False,False,False
2022-04-29 00:00:00+00:00,47.0660106004,49.6128527446,42.3492957268,44.2801146809,22417751,,,,,0.0,0.0,0.0,0.0,,#000000,,,,70.53765995577305,24.653060611661473,False,True,True,False,False,,,,1,,,False,False,False,False,,,False,False,False,False,134641088,67952718.16552171,False,False,False,False,17170536.603531644,False,False,False,False
2022-05-06 00:00:00+00:00,51.139119156,52.9596055984,45.4386060534,46.210933635,22480959,,,,,0.0,0.0,0.0,0.0,49.84577693593333,#000000,,49.84577693593333,,70.60913036193753,24.653060611661473,False,True,True,False,False,,,,1,,,False,False,False,False,,,False,False,False,False,157122047,74557853.63474232,False,False,False,False,17563901.22549226,False,False,False,False
2022-05-13 00:00:00+00:00,41.5126075134,49.4473539772,37.706135861,49.4473539772,42390148,,,,,0.0,0.0,0.0,0.0,44.094180173679845,#000000,,44.094180173679845,,66.34918228799009,20.523900798585373,False,True,True,False,False,,,,1,,,False,False,False,False,,,False,False,False,False,114731899,77533708.84698363,False,False,False,False,19402882.46804839,False,False,False,False
2022-05-20 00:00:00+00:00,43.3974545876,44.0226721537,40.4736430285,41.5218018893,23935147,,,,,0.0,0.0,0.0,0.0,43.6881323830239,#000000,,43.6881323830239,,63.6225878536767,17.938578767417198,False,True,True,False,False,,,,1,,,False,False,False,False,,,False,False,False,False,138667046,82062104.1916515,False,False,False,False,19738605.76671147,False,False,False,False
2022-05-27 00:00:00+00:00,51.8930579857,51.9666129935,43.590536483,44.0410609056,19445415,,,,,0.0,0.0,0.0,0.0,44.81885574521863,#000000,,44.81885574521863,,63.62401049435994,17.938578767417198,False,True,True,False,False,,,,1,,,False,False,False,False,,,False,False,False,False,158112461,87695463.95523286,False,False,False,False,19716887.93214025,False,False,False,False
2022-06-03 00:00:00+00:00,52.8400787108,54.3479563702,51.1667022839,53.3825468931,21263585,,,,,0.0,0.0,0.0,0.0,46.274098869368316,#000000,,46.274098869368316,,63.820996841951725,17.938578767417198,False,True,True,False,True,,,,1,,,False,False,False,False,,,False,False,False,False,179376046,94486618.18077117,False,False,False,False,19831458.085315045,False,False,False,False
2022-06-10 00:00:00+00:00,54.3755394981,58.2003999024,52.2424442726,53.3273806373,20975466,,,,,0.0,0.0,0.0,0.0,50.04121393366415,#000000,,50.04121393366415,,64.2928245185935,17.938578767417198,False,True,True,False,True,,,,1,,,False,False,False,False,,,False,False,False,False,200351512,102328462.16738072,False,False,False,False,19916199.412328746,False,False,False,False
2022-06-17 00:00:00+00:00,43.268469922,54.3141668327,41.8369623792,51.9941961214,26206065,,,,,0.0,0.0,0.0,0.0,48.35635880936977,#000000,,48.35635880936977,,61.165461342431826,15.45692000277397,False,True,True,False,False,,,,1,,,False,False,False,False,,,False,False,False,False,174145447,107648238.82164882,False,False,False,False,20382115.381785877,False,False,False,False
2022-06-24 00:00:00+00:00,41.9570243022,46.7502656873,38.7430589803,44.358262761,59683984,,,,,0.0,0.0,0.0,0.0,46.04045129056481,#000000,,46.04045129056481,,58.406277306290995,12.782185562446998,False,True,False,False,False,,,,1,,,False,False,False,False,-0.001953636490971208,-0.001953636490971208,False,False,False,False,114461463,108152922.09411928,False,False,False,False,23293364.909060996,False,False,False,False
2022-07-01 00:00:00+00:00,40.1745665231,46.2146048004,38.927769631,42.871342023,27428218,,,,,0.0,0.0,0.0,0.0,45.44511494453588,#000000,,45.44511494453588,,55.81718878812249,10.310743723860199,False,True,False,True,False,,,,0,1.0436784634617913,0.8921304036449079,False,False,False,False,-0.048408829150429114,-0.025181232820700162,False,False,False,False,87033245,106588501.56862895,False,False,False,False,23599650.323204625,False,False,False,False
2022-07-08 00:00:00+00:00,39.7866741567,40.6455786823,34.5593627424,39.2233066721,27348609,,,,,0.0,0.0,0.0,0.0,44.58930849834332,#000000,,44.58930849834332,,53.70531074604811,8.317721408191886,False,True,False,True,False,,,,0,1.0071387626080335,0.9521141166207449,False,False,False,False,-0.22797588121879445,-0.1265785570197473,False,False,False,False,59684636,103114141.15613791,False,False,False,False,23877350.96593021,False,False,False,False
2022-07-15 00:00:00+00:00,38.0503940403,39.6481411687,34.4208297544,39.0478315539,17369169,,,,,0.0,0.0,0.0,0.0,42.405742959420174,#000000,,42.405742959420174,,51.61670714678887,6.345951101581569,False,True,False,True,False,,,,0,0.9852948537189463,0.9717139848117784,False,False,False,False,-0.2468651523918543,-0.1867218547058008,False,False,False,False,42315467,98610535.66309066,False,False,False,False,23395263.412898343,False,False,False,False
2022-07-22 00:00:00+00:00,41.0796487114,43.1290133807,39.2694843348,39.2694843348,13205574,,,,,0.0,0.0,0.0,0.0,42.70744596734998,#000000,,42.70744596734998,,50.919726283088565,5.697197268757918,False,True,False,True,False,,,,0,1.017438012910044,0.9427733932283623,False,False,False,False,-0.11144913603060058,-0.1490854953682007,False,False,False,False,55521041,95418721.24360247,False,False,False,False,22640471.604535505,False,False,False,False
2022-07-29 00:00:00+00:00,47.1843357164,47.3043976394,41.107355309,41.5876030008,14577313,,,,,0.0,0.0,0.0,0.0,43.26276203137344,#000000,,43.26276203137344,,51.97216311590012,5.697197268757918,False,True,False,False,True,,,,0,1.0341283374032413,0.9122507830948312,False,False,False,False,-0.06461472116517819,-0.10685010826668945,False,False,False,False,70098354,93543138.4848171,False,False,False,False,22043200.596792135,False,False,False,False
2022-08-05 00:00:00+00:00,44.1643165778,45.8821256291,41.1165908416,45.7712992387,18921700,,,,,0.0,0.0,0.0,0.0,43.454299444782215,#000000,,43.454299444782215,,51.94047399824986,5.697197268757918,False,True,False,False,True,,,,1,1.009558703113393,0.9280391985674071,False,False,False,False,-0.09059810984877166,-0.09872410905773055,False,False,False,False,51176654,90404880.37483065,False,False,False,False,21811978.330363087,False,False,False,False
2022-08-12 00:00:00+00:00,46.9996250658,47.8215874613,42.8621064905,43.8133663415,18535160,,,,,0.0,0.0,0.0,0.0,43.77212392461453,#000000,,43.77212392461453,,52.60818799588181,5.697197268757918,False,True,False,False,True,,,,1,1.013088957774555,0.9171371019896531,False,False,False,False,-0.024284511467739273,-0.06150431026273491,False,False,False,False,69711814,88872060.64336172,False,False,False,False,21569251.046632487,False,False,False,False
2022-08-19 00:00:00+00:00,45.7620637062,47.1843357164,43.7579531463,44.6907419322,17470333,,,,,0.0,0.0,0.0,0.0,43.95687173940773,#000000,,43.95687173940773,,52.76903720848276,5.697197268757918,False,True,False,False,True,,,,0,1.0127118766743508,0.9205729809845936,False,False,False,False,-0.019645682985775945,-0.04057499662425543,False,False,False,False,52241481,86158684.37348306,False,False,False,False,21265627.48762267,False,False,False,False
2022-08-26 00:00:00+00:00,49.3085081993,51.137143641,43.9888414597,44.9401013107,14724587,,,,,0.0,0.0,0.0,0.0,44.24310329059775,#000000,,44.24310329059775,,53.751701995735445,5.697197268757918,False,True,True,False,True,,,,0,1.021885732936274,0.8948722993188105,False,False,False,False,0.05212440023536674,0.005774701805555657,False,False,False,False,66966068,84737009.08655839,False,False,False,False,20781105.970020995,False,False,False,False
2022-09-02 00:00:00+00:00,48.7359051822,52.0052836992,46.4824352439,49.0683843534,15249418,,,,,0.0,0.0,0.0,0.0,45.4525043908358,#000000,,45.58617127878815,,54.336759504541206,5.697197268757918,False,True,True,False,True,,,,0,1.0193790415317963,0.9274400791960146,False,False,False,False,0.11356120418505503,0.05966795299530534,False,False,False,False,51716650,82291056.56162813,False,False,False,False,20371351.305574995,False,False,False,False
2022-09-09 00:00:00+00:00,48.3018351531,49.5671031102,45.5404109254,49.3823924595,14352069,,,,,0.0,0.0,0.0,0.0,45.47068173125242,#000000,,45.585125015463035,,54.64990405317219,5.697197268757918,False,True,True,False,True,,,,1,1.0031088474187324,0.9508482585279449,False,False,False,False,0.05178833919894507,0.0557281460971252,False,False,False,False,37364581,78963169.48298901,False,False,False,False,19925478.54219907,False,False,False,False
2022-09-16 00:00:00+00:00,45.9753470009,50.132149313,44.3887104041,49.0129711582,18343413,,,,,0.0,0.0,0.0,0.0,45.45277890011198,#000000,,45.544367349305624,,54.13701596839525,5.697197268757918,False,True,True,False,True,,,,1,1.005800645914265,0.9353387714131849,False,False,False,False,0.0411204714330124,0.0484243087650688,False,False,False,False,19021168,74523021.22498982,False,False,False,False,19808288.502036177,False,False,False,False
2022-09-23 00:00:00+00:00,39.5452934244,47.3021834532,38.6174357654,44.2402531786,15756108,,,,,0.0,0.0,0.0,0.0,45.03091971254069,#000000,,45.044424916432156,,51.95693037741354,5.697197268757918,False,True,False,True,False,,,,1,0.9363003089878589,0.9942445594683482,False,False,False,False,-0.1154819027810635,-0.03352879700799735,False,False,False,False,3265060,69244653.72684242,False,False,False,False,19508126.983366832,False,False,False,False
2022-09-30 00:00:00+00:00,42.6814523116,43.2428061953,37.1328635111,39.2019860906,20737898,,,,,0.0,0.0,0.0,0.0,43.992261192053554,#000000,,43.64411768871419,,51.177987909530785,4.923851941231142,False,True,False,True,False,,,,1,0.9132031359180326,1.018972593568885,False,False,False,False,-0.21900094089003158,-0.12626486894901445,False,False,False,False,24002958,65893417.00633557,False,False,False,False,19599221.13274707,False,False,False,False
2022-10-07 00:00:00+00:00,51.5610501077,52.8600508303,44.8248035038,45.0103750356,23786288,,,,,0.0,0.0,0.0,0.0,45.828649634174084,#000000,,46.60919634007039,,52.67441113769035,4.923851941231142,False,True,False,False,True,,,,1,0.9548410666172353,0.9728072024016193,False,False,False,False,0.09882815001755568,-0.013718359465729385,False,False,False,False,47789246,64552367.302162565,False,False,False,False,19909374.23402506,False,False,False,False
2022-10-14 00:00:00+00:00,46.2258685688,52.5074649199,46.1330828029,51.4775429184,18347910,,,,,0.0,0.0,0.0,0.0,45.98722968657402,#000000,,46.7844626841619,,52.47853246333813,4.923851941231142,False,True,False,False,True,,,,1,0.9635903529291125,0.9625296547416562,False,False,False,False,0.11637108155486507,0.05132636104456784,False,False,False,False,29441336,61951550.16866904,False,False,False,False,19793710.21668987,False,False,False,False
2022-10-21 00:00:00+00:00,47.3207406063,49.1990956511,45.1226458123,47.125890498,18090799,,,,,0.0,0.0,0.0,0.0,46.00153837131366,#000000,,46.74588007055812,,52.569408038595874,4.923851941231142,False,True,False,False,True,,,,1,0.9584259010411338,0.9987748894718486,False,False,False,False,0.0375019020596063,0.04441413155208707,False,False,False,False,47532135,60883445.34136022,False,False,False,False,19667568.645083215,False,False,False,False
2022-10-28 00:00:00+00:00,46.5227830197,49.6682204835,45.5021395948,47.1351690746,17190115,,,,,0.0,0.0,0.0,0.0,46.03570055763105,#000000,,46.74906077719925,,52.435350737457526,4.923851941231142,False,True,False,False,True,,,,1,0.9785906765703446,0.9783294773182738,False,False,False,False,0.05293180314395078,0.04867296734801893,False,False,False,False,30342020,58621117.5382965,False,False,False,False,19484053.560262237,False,False,False,False
2022-11-04 00:00:00+00:00,49.5568775644,50.5682424127,44.8619178101,45.9567898477,15615500,,,,,0.0,0.0,0.0,0.0,46.15456292586106,#000000,,46.88449661585466,,53.03842543994655,4.923851941231142,False,True,True,False,True,,,,1,0.956088816116933,0.9927046382637696,False,False,False,False,0.05766028600857452,0.053166626678296726,False,False,False,False,45957520,57683073.27620046,False,False,False,False,19197494.03727985,False,False,False,False
2022-11-11 00:00:00+00:00,53.4353225788,53.6672869936,46.7408295695,50.0208063939,24630760,,,,,0.0,0.0,0.0,0.0,46.6144559898804,#000000,,47.48441632999684,,54.33679050960304,4.923851941231142,False,True,True,False,True,,,,0,1.0245357017890766,0.9618466855239322,False,False,False,False,0.149014204778994,0.10109041572864536,False,False,False,False,70588280,58639014.51500042,False,True,False,False,19599958.182666533,False,False,False,False
2022-11-18 00:00:00+00:00,50.5311281063,54.8410269321,47.4784764084,52.9992294791,18059746,,,,50.95021048226667,-1.0,54.841026,47.478477,0.0,47.373405605723846,#000000,,48.94845069995139,,54.52781281336772,4.923851941231142,False,True,True,False,True,,,,1,1.0116490136456189,0.9226850941584493,False,False,False,False,0.18467401007995185,0.1428822129042986,False,False,False,False,52528534,58186386.32870409,False,False,False,False,19485868.3913579,False,False,False,False
2022-11-25 00:00:00+00:00,51.1620713144,51.9414717479,47.1722833809,49.250684537,10830713,,,,50.62845519245564,0.0,0.0,0.0,0.0,47.41871353894079,#000000,,48.94686065959904,,54.81933158411244,4.923851941231142,False,True,True,False,True,,,,1,0.9918589737387851,0.9894200454939641,False,False,False,False,0.12508318629434684,0.1339826995993227,False,False,False,False,63359247,58569561.193244524,False,False,False,False,18844745.769775834,False,False,False,False
2022-12-02 00:00:00+00:00,51.486821495,53.0085080557,49.046555852,49.3805846092,34972978,,,,50.93083703580439,0.0,0.0,0.0,0.0,47.79568698614771,#000000,,49.35841499319454,,55.12315670541123,2.3500947669625347,True,False,True,False,True,,,,1,0.9566486419566942,0.9975962738699935,False,False,False,False,0.17971472973872726,0.156848714669025,False,False,False,False,98332225,61514943.69744863,False,False,False,False,20039429.638681326,False,False,False,False
2022-12-09 00:00:00+00:00,43.3402312495,52.8693294069,43.2845597899,52.4610720369,17314817,,,,49.985349012654396,0.0,0.0,0.0,0.0,47.65948641190531,#000000,,48.59470238514145,,53.18282936254351,2.3500947669625347,False,True,False,False,False,2.407085903983564,44.708106508876,,1,0.9162547991451783,1.0217844105895932,False,False,False,False,0.18814555300067926,0.17249713383485213,False,False,False,False,81017408,62959570.68282281,False,False,False,False,19837606.480260488,False,False,False,False
2022-12-16 00:00:00+00:00,46.7826294091,47.9295824522,43.3495098261,43.711374313,15945990,,,,49.33440686101604,0.0,0.0,0.0,0.0,47.47985008084747,#000000,,48.27022385945426,,52.54513655523352,2.3500947669625347,False,True,False,False,False,4.875516286198987,45.026872420584006,,1,0.9788635374250917,1.0299069748567387,False,False,False,False,0.07219475839381698,0.12234594611433455,False,False,False,False,96963398,65478372.70631742,False,False,False,False,19549338.592833783,False,False,False,False
2022-12-23 00:00:00+00:00,48.4517724555,48.6662433498,45.2067345775,47.258195305,10599303,,,,49.14816523324113,0.0,0.0,0.0,0.0,47.483011184306406,#000000,,48.26493071759999,,52.453401937940896,2.3500947669625347,False,True,False,False,False,6.035780398965898,45.30378664602999,,1,1.0106189603664242,0.9765045948183294,False,False,False,False,0.13345565878345952,0.12790080244889704,False,False,False,False,107562701,68595730.35770132,False,False,False,False,18886372.993364614,False,False,False,False
2022-12-30 00:00:00+00:00,47.2861697695,49.0765354953,45.4491799362,48.936663173,6893945,,,,49.03523626022242,0.0,0.0,0.0,0.0,47.473391662057594,#000000,,48.24082936630657,,52.07316666206634,4.602497434892605,False,True,False,False,False,5.091492388949696,45.492954363714006,,1,1.0112662557177623,0.9695894439388145,False,False,False,False,0.14901167204938703,0.13845623724914202,False,False,False,False,100668756,70971510.03490862,False,False,False,False,17998044.993856125,False,False,False,False
2023-01-06 00:00:00+00:00,44.8430665394,47.5099654852,42.71700724,46.6427570867,13108457,,,,48.62349780103749,0.0,0.0,0.0,0.0,47.184434121930295,#000000,,47.179270156767394,,51.14039660320652,3.613342779242757,False,True,False,True,False,3.143944311415691,45.718196342578004,,1,1.0224252612058935,0.9422680364665766,False,False,False,False,0.04752531098968389,0.09299077411941295,False,False,False,False,87560299,72200309.21750799,False,False,False,False,17635853.290607523,False,False,False,False
2023-01-13 00:00:00+00:00,46.8852024454,47.9948562026,44.9829388617,46.3350379776,15626067,,,,48.40521571020479,0.0,0.0,0.0,0.0,47.241183422886955,#000000,,47.324961278119886,,50.97273801691492,3.3717339482656357,False,True,False,False,False,4.603990485139441,45.956090965918,,1,1.039257300840481,0.93120928046894,False,False,False,False,0.049070779459346486,0.07103077678937972,False,False,False,False,103186366,74495572.68287776,False,False,False,False,17486980.232044004,False,False,False,False
2023-01-20 00:00:00+00:00,46.7826294091,47.6607478487,44.2183034997,47.1276478041,12985227,,,,48.22376024578237,0.0,0.0,0.0,0.0,47.1957680252597,#000000,,47.271187729548174,,50.81339292818128,3.125755693051687,False,True,False,False,False,4.5211755812405805,46.140130291902,,1,1.0092057124023228,0.965366441727124,False,False,False,False,0.015986112580233195,0.043508444684806455,False,False,False,False,90201139,75658947.96562757,False,False,False,False,17153517.029670373,False,False,False,False
2023-01-27 00:00:00+00:00,47.8549838803,48.9273383515,45.2347090419,46.9691258388,12594710,,,,48.15779778443106,0.0,0.0,0.0,0.0,47.23501876876407,#000000,,47.34926777637986,,51.000532075756745,3.125755693051687,False,True,False,False,False,5.294778420477208,46.317792738520005,,1,1.003762858566242,0.9854918836855913,False,False,False,False,0.08485299829799386,0.06418072149140017,False,False,False,False,102795849,77669088.78298849,False,False,False,False,16815827.62006516,False,False,False,False
2023-02-03 00:00:00+00:00,43.2578468863,47.1369726256,42.8755292053,46.7733045876,16005871,,,,47.834599995801035,0.0,0.0,0.0,0.0,47.02744646956241,#000000,,47.040232975924084,,49.832198402941806,1.9992438227205795,False,True,False,True,False,1.6160141371448553,46.44158734992,,1,0.9910897151175515,0.9921590935321177,False,False,False,False,-0.04017666324370845,0.012002029123845858,False,False,False,False,86789978,78344710.20647082,False,False,False,False,16755830.833393667,False,False,False,False
2023-02-10 00:00:00+00:00,45.5424281511,45.7848735098,41.5793790183,43.3231206367,18400947,,,,47.514941280800535,0.0,0.0,0.0,0.0,46.828791796167536,#000000,,46.759456109988285,,49.616100420087896,1.7198858948322595,False,True,False,True,False,3.2822422199742682,46.594415815826,,1,0.9692703607657637,1.015676714141899,False,False,False,False,-0.12038408520783687,-0.054191028041995506,False,False,False,False,105190925,80333318.7096952,False,False,False,False,16877691.29017932,False,False,False,False
2023-02-17 00:00:00+00:00,40.600272762,45.7195997593,40.3298529388,44.8617161824,13956255,,,,47.174641964617244,0.0,0.0,0.0,0.0,46.585161783194025,#000000,,46.415697071243976,,48.17225960083765,0.262420070524513,False,True,False,True,False,0.0,46.515871217342,,1,0.9545531422364498,1.0114221621776607,False,False,False,False,-0.16072055363768617,-0.10745579083984083,False,False,False,False,91234670,81140826.21268074,False,False,False,False,16661288.602017889,False,False,False,False
2023-02-24 00:00:00+00:00,42.4838867027,42.8102554549,39.6118416842,40.180655795,11133528,,,,46.90465773264174,0.0,0.0,0.0,0.0,46.39003325044994,#000000,,46.14686722388733,,47.62799847270334,-0.29941921906450375,False,True,False,True,False,0.9210108548340941,46.524789157613995,,1,0.9463598491235913,1.061575294650335,False,False,False,False,-0.27519273797606,-0.19132426440795042,False,False,False,False,102368198,82713224.12285253,False,False,False,False,16251824.853720268,False,False,False,False
2023-03-03 00:00:00+00:00,42.9781022416,43.6215149244,39.5652175768,42.4838867027,21775598,,,,46.48258081703411,0.0,0.0,0.0,0.0,46.09271327957512,#000000,,45.7549553267975,,47.3579529166017,-0.6026487681537773,False,True,False,True,False,1.2806932941184428,46.502058884178,,1,0.9271396730281484,1.062655487843472,False,False,False,False,-0.25056773252275044,-0.22094599846535043,False,False,False,False,124143796,85782155.37301162,False,False,False,False,16660993.234926175,False,False,False,False
2023-03-10 00:00:00+00:00,36.5346505929,42.4838867027,36.0730719292,42.4838867027,24224955,,,,45.76590971530439,0.0,0.0,0.0,0.0,45.54014258270958,#000000,,45.022910078581624,,45.59310612363893,-2.3420404610032577,False,True,False,True,False,0.0,46.218980001368,,0,0.9067665611631938,1.0484598756313082,False,False,False,False,-0.34282825441539394,-0.28188712644037217,False,False,False,False,99918841,86829317.27130705,False,False,False,False,17221286.69900572,False,False,False,False
2023-03-17 00:00:00+00:00,31.993772599,36.6838477367,30.2851849778,35.1639018341,27441213,,,,44.604310688031106,0.0,0.0,0.0,0.0,43.1000751414481,#000000,,40.59769796904246,,43.32532659386729,-4.516292098907584,False,True,False,True,False,0.0,45.843060795966,,0,0.8740383358417921,1.0937657397545402,False,False,False,False,-0.34282825441539394,-0.3123576904278831,False,False,False,False,72477628,85766229.17713615,False,False,False,False,17978318.27685715,False,False,False,False
2023-03-24 00:00:00+00:00,31.8998941583,34.0965557928,30.8813130764,31.8998941583,16347867,,,,43.971818836318526,0.0,0.0,0.0,0.0,42.58956536537062,#000000,,40.011463222571955,,41.543736879570474,-6.176487211061215,False,True,False,True,False,0.0,45.51325866432399,,0,0.916313568628217,1.0957771758620525,False,False,False,False,-0.34282825441539394,-0.32759297242163854,False,False,False,False,56129761,83570935.23808903,False,False,False,False,17857544.108201064,False,False,False,False
2023-03-31 00:00:00+00:00,33.8713414135,33.993289508,31.6370345243,32.3974498941,14606804,,,,43.49763379837621,0.0,0.0,0.0,0.0,42.246002783830704,#000000,,39.66429085446259,,40.853271844007224,-6.77726545440045,False,True,False,True,False,0.0,45.212771664217996,,0,0.9310658049074775,1.0682312978947823,False,False,False,False,-0.3299413641522229,-0.32876716828693076,False,False,False,False,70736565,82620241.14637873,False,False,False,False,17616748.544630617,False,False,False,False
2023-04-07 00:00:00+00:00,36.6876946353,38.3868944124,35.9272792654,36.4811620657,23162061,,,,43.07491009287192,0.0,0.0,0.0,0.0,42.082935567058094,#000000,,39.67427083836414,,41.25909960962826,-6.77726545440045,False,True,False,True,True,0.0,45.02157133414599,,0,0.9014058324004293,1.1194819968867995,False,False,False,False,-0.1665060383671375,-0.24763660332703413,False,False,False,False,93898626,83455677.06146178,False,False,False,False,18027512.430213533,False,False,False,False
2023-04-14 00:00:00+00:00,36.1901388994,37.7297453273,35.8240129806,36.8942272048,13691965,,,,42.83440335385649,0.0,0.0,0.0,0.0,41.94977771588407,#000000,,39.603562847345295,,41.45261088079896,-6.77726545440045,False,True,False,True,True,0.0,44.804053900126,,0,0.8860272653824021,1.1264441054300707,False,False,False,False,-0.18035462985375825,-0.21399561659039618,False,False,False,False,80206661,83215009.2050572,False,False,False,False,17706360.768716235,False,False,False,False
2023-04-21 00:00:00+00:00,34.7444109122,35.9366671095,34.4768573562,35.1574760514,11220445,,,,42.605170186288156,0.0,0.0,0.0,0.0,41.78487892151869,#000000,,39.457243063242885,,41.24225874006604,-6.77726545440045,False,True,False,True,True,0.0,44.47615973525,,0,0.8787476110079455,1.1139945187574765,False,False,False,False,-0.2383395116526898,-0.22616756412154299,False,False,False,False,68986216,82161024.52320112,False,False,False,False,17225922.563626144,False,False,False,False
2023-04-28 00:00:00+00:00,33.8713414135,35.7019710076,32.0547935855,34.71624738,13069136,,,,42.315598248052474,0.0,0.0,0.0,0.0,41.55536833581441,#000000,,39.22941193863751,,40.85962521573528,-6.77726545440045,False,True,False,True,True,0.0,44.323334413252006,,1,0.8543802134850649,1.1204849447613876,False,False,False,False,-0.2886415478351453,-0.2574045559783441,False,False,False,False,55917080,80217028.63259363,False,False,False,False,16918012.447801985,False,False,False,False
2023-05-05 00:00:00+00:00,32.5664310874,33.9276684779,30.3884512626,33.1766409521,12805444,,,,42.00011925798131,0.0,0.0,0.0,0.0,41.28636312879898,#000000,,38.94213434000372,,40.23264543847155,-7.427719223807003,False,True,False,True,True,0.0,44.106713943248,,1,0.8427523880196245,1.1459249043781758,False,False,False,False,-0.34282825441539394,-0.300116405196869,False,False,False,False,43111636,77468481.03017929,False,False,False,False,16613377.7479648,False,False,False,False
2023-05-12 00:00:00+00:00,30.8672313103,34.1457480957,30.2804910558,33.6272574676,16944394,,,,41.590799016893534,0.0,0.0,0.0,0.0,40.93404064517167,#000000,,38.567578195334605,,39.32468650526491,-8.356298796698681,False,True,False,True,False,0.0,43.68619740974,,1,0.8207783705617353,1.1755501972919662,False,False,False,False,-0.3406836247984444,-0.3204000149976567,False,False,False,False,26167242,73668389.25016601,True,False,False,False,16637897.470337778,False,False,False,False
2023-05-19 00:00:00+00:00,32.4068377382,32.7119426706,30.1068159404,31.2990721376,15630914,,,,41.24039942354033,0.0,0.0,0.0,0.0,39.19591753707435,#000000,,35.88328140695363,,39.27190474327948,-8.458628695506718,False,True,False,True,False,0.0,43.27753259028799,,1,0.8043798413080093,1.2075552132346468,True,False,False,False,-0.34282825441539394,-0.33161413470652534,False,False,False,False,41798156,71307631.2316352,False,False,False,False,16563306.10216461,False,False,False,False
2023-05-26 00:00:00+00:00,32.3317349856,34.847677197,31.8905063142,32.4162255823,15017056,,,,40.96882003742764,0.0,0.0,0.0,0.0,39.07937129332264,#000000,,35.90237682365271,,39.20999765811747,-8.59102959332553,False,True,False,True,False,0.0,42.836656500037996,,1,0.8207894855634702,1.1634990686055082,False,False,False,False,-0.2704792733510497,-0.3010467040287875,False,False,False,False,26781100,68009369.65892148,False,False,False,False,16448769.057559824,False,False,False,False
2023-06-02 00:00:00+00:00,33.411337054,33.7164419863,30.5011053915,31.6558102124,14199876,,,,40.71347484648233,0.0,0.0,0.0,0.0,38.898604731898814,#000000,6.4507718593920576,35.778963077074735,-0.3670298802503097,39.6452918992249,-8.59102959332553,False,True,False,True,True,0.0,42.639513842678,,1,0.7884354355845397,1.1855956202172815,False,False,False,False,-0.31205502656762363,-0.3065508652982056,False,False,False,False,40980976,66007266.424927294,False,False,False,False,16282184.386629466,False,False,False,False
2023-06-09 00:00:00+00:00,35.4109478414,36.4032429599,32.9888840707,35.2982937125,22507431,,,,40.448600014705335,0.0,0.0,0.0,0.0,38.838777398932265,#000000,6.356427486152738,35.923045023067836,-0.08056367869898931,40.847880102403636,-8.59102959332553,False,True,False,True,True,0.0,42.508592313462,,1,0.8586945970318456,1.1685903791253334,False,False,False,False,-0.1956292632510578,-0.2510900642746317,False,False,False,False,63488407,65820684.24530305,False,False,False,False,16743313.765397653,False,False,False,False
2023-06-16 00:00:00+00:00,35.8693536201,37.1570868389,34.4439999019,34.5284904986,60382743,,,,39.9421639708628,0.0,0.0,0.0,0.0,37.93621577544178,#000000,6.3356634255496225,35.50658590597239,0.05725804698915747,41.97825883310365,-10.121844770565644,True,False,False,False,True,0.0,42.422488055402,,1,0.8703931106818968,1.1132288982147416,False,False,False,False,-0.14826738157243088,-0.19967872292353128,False,False,False,False,123871150,70120718.74565098,False,False,False,False,19975864.0790719,False,False,False,False
2023-06-23 00:00:00+00:00,33.0963402664,35.7368546885,32.6515224247,35.0743600307,20262778,,,,39.72547526343104,0.0,0.0,0.0,0.0,37.73289516575136,#000000,6.410618201557934,35.311980017479115,-0.3456202945514152,41.89977630640878,-10.121844770565644,True,False,False,True,True,0.0,42.288681377596006,,1,0.8309649824286244,1.1344420889560225,False,False,False,False,-0.21742763915256938,-0.20855318103805032,False,False,False,False,103608372,72601285.65338053,False,False,False,False,19997116.962103613,False,False,False,False
2023-06-30 00:00:00+00:00,36.0302451799,36.4930450195,33.0774118476,33.134197104,13999876,,,,39.617312809351674,0.0,0.0,0.0,0.0,37.68339168816628,#000000,6.3685954787377,35.32061773498594,0.11142605104739912,43.085729124728545,-8.983471597802797,True,False,False,False,True,0.0,42.248278400387996,,1,0.8324949463457407,1.1311529326544605,False,False,False,False,-0.19008535384679448,-0.1993192674424224,False,False,False,False,117608248,75935134.71609308,False,False,False,False,19552876.89083668,False,False,False,False
2023-07-07 00:00:00+00:00,35.8977462483,36.721132466,34.3266874882,36.1722083209,10768633,,,,39.545662634718,0.0,0.0,0.0,0.0,37.66246736646083,#000000,6.354147574993193,35.350765601726856,0.08608245875903073,43.95953747544561,-8.118116865416397,True,False,False,False,True,0.0,42.144640351126,,1,0.8705319221299402,1.1154258591883277,False,False,False,False,-0.15802181860923084,-0.17867054302582663,False,False,False,False,106839615,78224355.47786395,False,False,False,False,18902192.15818211,False,False,False,False
2023-07-14 00:00:00+00:00,36.2006009491,38.3300480637,35.1879305434,35.6232841758,15987353,,,,39.468063973489116,0.0,0.0,0.0,0.0,37.67537289435907,#000000,6.371869839269086,35.45640919182478,0.11679330809440756,44.77116521261573,-7.318543130884564,True,False,True,False,True,0.0,41.92496565578,,1,0.8570775643834502,1.1049792520967237,False,False,False,False,-0.10509020382598934,-0.14188037342590798,False,False,False,False,122826968,81528252.70172589,False,False,False,False,18686278.146464918,False,False,False,False
2023-07-21 00:00:00+00:00,39.9389636615,40.0809268024,35.8882820389,35.8882820389,17166074,,,,39.445380760642074,0.0,0.0,0.0,0.0,37.7822077121482,"rgba(38, 166, 154, 0.5)",6.3647300400744955,35.698584928585746,0.6662307287528916,46.905708703605946,-5.2606335189372615,True,False,True,False,True,0.694337144411584,41.840458597453996,,1,0.8736530781437781,1.0821672831390408,False,False,False,False,-0.0531390995686256,-0.0975097364972668,False,False,False,False,139993042,85858977.83493137,False,False,False,False,18573670.43191196,False,False,False,False
2023-07-28 00:00:00+00:00,42.7025128058,43.0621527629,39.5207402481,40.0336057554,14966761,,,,39.499164340526114,0.0,0.0,0.0,0.0,37.98522982684841,"rgba(38, 166, 154, 1.0)",6.327617979392172,36.05989146038138,1.0497822983391778,49.506613046689644,-2.806470283350606,True,False,True,False,True,2.78032133988188,41.754516352254,,0,0.9010759653865013,1.064192512992807,False,False,False,False,0.1508143599583465,0.02665231173053985,False,False,False,False,154959803,90977557.47678831,False,False,False,False,18306491.955474038,False,False,False,False
2023-08-04 00:00:00+00:00,45.343027228,46.3367692148,42.4185865239,43.0621527629,19522669,,,,39.652031367234436,0.0,0.0,0.0,0.0,38.35726785745085,"rgba(38, 166, 154, 1.0)",6.30463083083905,36.66704272138699,1.3761288708887598,52.327421058023106,-0.1940943809439446,True,False,True,False,True,4.704355567853884,41.74613562269,,0,0.9637642718154592,1.0184972522423992,False,False,False,False,0.3428282487041003,0.18474028021732006,False,False,False,False,174482472,97163106.70072992,False,False,False,False,18396579.143957444,False,False,False,False
2023-08-11 00:00:00+00:00,46.0244503047,47.1412270137,44.4391952304,45.5890966723,12010617,,,,39.76245373158397,0.0,0.0,0.0,0.0,39.18882566129243,"rgba(38, 166, 154, 1.0)",6.31152768856574,39.04116220799135,1.1064338843605013,54.718138792673365,1.9643763052313616,True,False,True,False,True,5.194079936585997,41.680454464798004,,0,0.9991717838333067,0.9953926632840292,False,False,False,False,0.3428282492650827,0.26378426474120137,False,False,False,False,186493089,103780142.42660177,False,False,False,False,17923544.911071707,False,False,False,False
2023-08-18 00:00:00+00:00,45.6932029757,46.1569492362,44.5291052197,45.6553461381,9405161,,,,39.840616221660774,0.0,0.0,0.0,0.0,39.32396341762558,"rgba(38, 166, 154, 1.0)",6.317050050536567,39.221969688136504,1.0244074743422098,56.40861884903419,3.440828501327914,True,False,True,False,True,4.91790969057476,41.619600420668,,0,1.014293090245831,1.0055956457922501,False,False,False,False,0.3199666305804719,0.2918754476608366,False,False,False,False,177087928,109210348.76537201,False,False,False,False,17292553.51025158,False,False,False,False
2023-08-25 00:00:00+00:00,44.1600010532,46.223198702,43.2041159039,46.0149860953,10532325,,,,39.91155746677207,0.0,0.0,0.0,0.0,39.42072075252321,"rgba(38, 166, 154, 0.5)",6.317142573452881,39.33300856948634,0.764110106363371,56.94228779346675,3.8319883576582754,True,False,True,False,True,3.6388447443551506,41.53676373867,,0,1.00743984870846,0.9718678424524428,False,False,False,False,0.28832474218875004,0.29010009492479333,False,False,False,False,166555603,113458145.37534446,False,False,False,False,16791795.84282554,False,False,False,False
2023-09-01 00:00:00+00:00,45.6932029757,46.0988389905,43.847682143,44.5196410103,11922711,,,,40.000837577995625,0.0,0.0,0.0,0.0,39.58668313819602,"rgba(38, 166, 154, 0.5)",6.263057928185998,39.56281461386387,0.9788171260954154,57.8789683594936,4.664251930258885,True,False,True,False,True,4.7855424671053015,41.531120858166005,,0,1.0155846514506088,0.9821103270125517,False,False,False,False,0.30130511856757786,0.2957026067461856,False,False,False,False,178478314,118274454.16235597,False,False,False,False,16431122.89150513,False,False,False,False
2023-09-08 00:00:00+00:00,44.7846388735,46.0812355611,43.9707168652,45.6364177193,10510001,,,,40.07316590259656,0.0,0.0,0.0,0.0,39.71248124080692,"rgba(38, 166, 154, 0.5)",6.2017411110952265,39.7314720470305,0.8147980923339626,58.132946053214596,4.876610103201536,True,False,True,False,False,4.017753444119666,41.635907767148,,0,1.0668641357106023,0.9733893627443293,False,False,False,False,0.3039528962586142,0.29982775150239993,False,False,False,False,167968313,121955480.74292219,False,False,False,False,15992521.269912157,False,False,False,False
2023-09-15 00:00:00+00:00,45.0634971479,46.4633986865,42.9107254126,43.2892937885,34654971,,,,40.29123575988382,0.0,0.0,0.0,0.0,40.075073890281416,"rgba(38, 166, 154, 0.5)",6.174783897447826,40.20707656432226,0.7864923962092033,58.4338602678781,5.182434267675717,True,False,True,False,False,4.231039468672002,41.683548663874,,1,1.1293186359320804,0.8939218684773156,False,False,False,False,0.28700034914337347,0.2934140503228867,False,False,False,False,202623284,127930873.5767798,False,False,False,False,17374924.953622367,False,False,False,False
2023-09-22 00:00:00+00:00,43.0445915276,45.9301028623,42.7493741963,45.8253483254,14316970,,,,40.35870488743365,0.0,0.0,0.0,0.0,40.17183457485536,#000000,6.136047927320129,40.321960936487564,0.44371077660430236,57.5980292635585,5.182434267675717,True,False,True,False,False,2.510442005448059,41.513219492272,,1,1.1197521372434331,0.8677808890210724,False,False,False,False,0.26979211876651904,0.28160308454470284,False,False,False,False,188306314,132403128.42294426,False,False,False,False,17148409.77187256,False,False,False,False
2023-09-29 00:00:00+00:00,45.3015756409,46.9490788122,42.8065130346,42.9588832701,12981636,,,,40.43622147072546,0.0,0.0,0.0,0.0,40.297083358401025,"rgba(38, 166, 154, 0.5)",6.1300744938142335,40.48474827182098,0.7857697934893945,57.838091155854535,5.182434267675717,True,False,True,False,False,4.262781749500746,41.494733633714006,,1,1.108416792540066,0.8567739825836244,False,False,False,False,0.29652055437255187,0.28906181945862736,False,False,False,False,201287950,137505707.79902247,False,False,False,False,16839759.862844966,False,False,False,False
2023-10-06 00:00:00+00:00,43.368378278,45.6158392516,41.0542553264,45.4444227366,14082548,,,,40.48779713286937,0.0,0.0,0.0,0.0,40.58517293511413,#000000,6.11097992738826,41.96717093176772,0.22929339694806328,57.04660961876976,5.182434267675717,True,False,True,False,False,2.6227453966079004,41.415686387148,,1,1.058860696647189,0.9054590318475378,False,False,False,False,0.22084328365374783,0.25495255155618757,False,False,False,False,187205402,141187166.62872452,False,False,False,False,16635521.947078673,False,False,False,False
2023-10-13 00:00:00+00:00,47.463328357,47.9585316223,44.8254186549,45.4158533175,13132655,,,,40.589604057669156,0.0,0.0,0.0,0.0,40.95230805026637,"rgba(38, 166, 154, 0.5)",6.0581436527229275,42.552140874226424,0.8106753098477893,57.909250490042155,5.182434267675717,True,False,True,False,False,5.721102521840862,41.434497293894,,1,1.086006744191127,0.8549596589943873,False,False,False,False,0.34282824947194074,0.2988904005140641,False,False,False,False,200338057,145568714.0636338,False,False,False,False,16376050.321369141,False,False,False,False
2023-10-20 00:00:00+00:00,47.5204671953,49.139305716,47.1014490477,47.8633002251,11404673,,,,40.69167579320806,0.0,0.0,0.0,0.0,42.125093517780215,#000000,6.080507083356566,44.99442304562166,0.41543313987620795,58.59903711099635,5.566767142617373,True,False,True,False,True,5.763303491116236,41.393769086512,,1,1.132069017011275,0.8229651904779782,False,False,False,False,0.3428282499832371,0.3208593252486506,False,False,False,False,211742730,150470493.02188313,False,False,False,False,16007800.149415873,False,True,False,False
2023-10-27 00:00:00+00:00,45.5206078544,47.1300184668,44.9016037727,46.8824168341,10841553,,,,40.7590700863537,0.0,0.0,0.0,0.0,42.086100635347535,#000000,6.0878641205188995,44.79192882903594,0.11969370717524325,58.11511199986039,5.566767142617373,True,False,True,False,True,4.0436908149894855,41.235474792024,,1,1.1316761533337392,0.8375312935558302,False,False,False,False,0.2520878446626061,0.28647358495562836,False,False,False,False,200901177,154206099.24248436,False,False,False,False,15625115.175385067,False,False,False,False
2023-11-03 00:00:00+00:00,46.4824449659,47.325242831,44.6254327208,45.4920384352,13246863,,,,40.84367710363695,0.0,0.0,0.0,0.0,42.16604930082741,#000000,6.011593067005247,44.79970109527643,0.2799164633846131,58.100278193772496,5.566767142617373,True,False,True,False,True,4.777476104446617,41.154501129215994,,1,1.15004740550003,0.8117512786162988,False,False,False,False,0.2503863139393123,0.26842994944747034,False,False,False,False,214148040,158646243.00230032,False,False,False,False,15448948.347578768,False,False,False,False
2023-11-10 00:00:00+00:00,42.4636800047,46.8157548561,41.8399143532,46.5395838043,15532542,,,,40.89545983857754,0.0,0.0,0.0,0.0,42.05024507483587,#000000,5.896664631295382,44.46129895709183,-0.3387709963679904,56.241509480638584,5.566767142617373,True,False,False,False,False,1.4085986031475137,40.980533303022,,1,1.1156963779355933,0.8230635430210435,False,False,False,False,0.18220357087263328,0.2253167601600518,False,False,False,False,198615498,161606928.55768546,False,False,False,False,15455140.46998034,False,False,False,False
2023-11-17 00:00:00+00:00,42.8541287332,43.6255030504,40.9971164881,42.4732031445,14028649,,,,40.92112721079787,0.0,0.0,0.0,0.0,41.92048051825809,#000000,5.736350967713545,44.137630659460285,-0.22374884896066208,54.959858889307654,7.7927765077012765,False,True,False,False,False,1.7154039720810843,40.807879447786,,1,1.1075847726611507,0.8443208951929353,False,False,False,False,0.09079831893264263,0.15805753954634721,False,False,False,False,212644147,165387463.25711617,False,False,False,False,15349474.435166981,False,False,False,False
2023-11-24 00:00:00+00:00,42.930313851,43.4445633958,40.9685470689,43.3207625794,12408336,,,,40.94252892051919,0.0,0.0,0.0,0.0,41.84315098466568,#000000,5.735910672375812,43.92958063405388,-0.17421240324859877,53.99671025910909,6.824438506044409,False,True,False,False,False,1.7761850347406671,40.799681099816,,0,1.0862040169373735,0.8715465942520056,False,False,False,False,0.0864463171178544,0.1222519283321008,False,False,False,False,225052483,169807094.34918165,False,False,False,False,15131612.328858316,False,False,False,False
2023-12-01 00:00:00+00:00,42.0922775557,43.4920838629,41.4208962056,42.4446337253,15754624,,,,40.966881538652935,0.0,0.0,0.0,0.0,41.76993524241383,#000000,5.7357447479881,43.72114622636129,-0.2839855576266083,52.85584193675801,5.688892019922406,False,True,False,True,False,1.0680364271428324,40.705874062747995,,0,1.1101014993524372,0.8552191237780766,False,False,False,False,0.061650946736913716,0.09195143753450725,False,False,False,False,209297859,172732336.1751682,False,False,False,False,15177761.341535477,False,False,False,False
2023-12-08 00:00:00+00:00,39.6448306481,41.9208610408,38.835363772,41.5208891726,16340002,,,,40.9520386745826,0.0,0.0,0.0,0.0,41.589779392010925,"rgba(239, 83, 80, 0.5)",5.73902999930702,43.353684509807195,-0.6462509974952277,50.90161586924259,3.7860784226352138,False,True,False,True,False,0.0,40.5297352266,,0,1.0455965010685382,0.9053657680743274,False,False,False,False,-0.0369438145914262,0.02750381147154053,False,False,False,False,192957857,174230522.9029335,False,False,False,False,15263853.24216248,False,False,False,False
2023-12-15 00:00:00+00:00,41.4806988133,41.9121901325,38.4449150435,39.5686455303,17339490,,,,40.945740990276455,0.0,0.0,0.0,0.0,41.51721325615121,#000000,5.731379040791042,42.868468605110465,-0.24213540614457837,50.29143018490977,3.198788137377221,False,True,False,True,False,0.5574093770260582,40.413625807476,,0,1.0226121563595818,0.9155608861226074,False,False,False,False,-0.046418008415940334,-0.009457098472199903,False,False,False,False,210297347,176902139.5027162,False,False,False,False,15417604.113113405,False,False,False,False
2023-12-22 00:00:00+00:00,42.0176657883,42.9190032105,41.4471383774,42.5354553712,11866745,,,,40.960563641289085,0.0,0.0,0.0,0.0,41.57769294134107,#000000,5.707436856458041,42.9532523044457,-0.1639241115890873,50.0751528636649,2.9647506374750634,False,True,False,True,False,1.000562444961993,40.357117792454,,1,1.084659364301591,0.8850540518358319,False,False,False,False,0.03615908679609795,0.013350994161949025,False,False,False,False,222164092,180254876.72473723,False,False,False,False,15154577.512142042,False,False,False,False
2023-12-29 00:00:00+00:00,42.1135527481,43.5422684492,42.0368431802,42.4299797155,6213275,,,,40.971022775670825,0.0,0.0,0.0,0.0,41.944644682029285,#000000,5.704927204582478,42.62945853806113,-0.09043161664652449,49.955044562730784,2.791524811146971,False,True,False,True,False,1.0807442381904444,40.261684798508,,1,1.08855839147509,0.8837282558134026,False,False,False,False,0.05073165508409394,0.032041324623021485,False,False,False,False,228377367,183819505.63401595,False,False,False,False,14492258.807538928,False,False,False,False
2024-01-05 00:00:00+00:00,41.8738353486,42.9957127783,41.0731792342,42.4827175433,15587051,,,,40.987280196312206,0.0,0.0,0.0,0.0,41.88665275684104,#000000,5.68052129861598,42.508380225519076,-0.1117053952554816,49.737109198924074,2.49881705825743,False,True,False,True,False,0.8710255013854287,40.163508917298,,1,1.0606098805402728,0.8929936716299414,False,False,False,False,-0.02354519473356995,0.004248064944725767,False,False,False,False,212790316,185965491.5870518,False,False,False,False,14573354.525499009,False,False,False,False
2024-01-12 00:00:00+00:00,39.8697978886,40.9629092304,39.2944761297,40.6752483509,14367171,,,,40.97346462408369,0.0,0.0,0.0,0.0,41.653415211785,#000000,5.685749323638144,42.094662999590874,-0.3913055226935771,48.566346173175845,1.2825342536475262,False,True,False,True,False,0.0,40.003805197464004,,1,1.0178689963125904,0.927621998925287,False,False,False,False,-0.19273740732364258,-0.09424467118945841,False,False,False,False,198423145,186888280.7287517,False,False,False,False,14558081.67175834,False,False,False,False
2024-01-19 00:00:00+00:00,39.2273552578,39.630080489,38.0479456522,39.4095404815,10116810,,,,40.95303178997177,0.0,0.0,0.0,0.0,41.45407187085655,#000000,5.673453397841497,40.81796621412949,-0.280360275266322,47.35305292827598,0.048822610153997914,False,True,False,True,False,0.0,39.923195364894,,1,0.9891836829807602,0.9633729854155715,False,False,True,False,-0.34282825441539394,-0.21853646280242617,False,False,False,False,188306335,186993321.7858812,True,False,False,False,14229098.584961427,False,False,False,False
2024-01-26 00:00:00+00:00,41.0971509741,41.3752231576,38.8773678545,39.0355813382,10837006,,,,40.94759886769969,0.0,0.0,0.0,0.0,41.489237796854106,#000000,5.6616192939008165,40.947888790019064,0.026363868061870077,47.51173966809053,0.048822610153997914,False,True,False,True,False,0.23132509695836134,39.834289821354,,1,0.951000967770469,0.9796247001289166,False,False,False,False,-0.243141733272802,-0.2308390980376141,False,False,False,False,199143341,187893323.20914927,False,False,False,False,13977832.467556877,False,False,False,False
2024-02-02 00:00:00+00:00,39.8122657127,41.8690410006,39.4862500493,40.8957883585,11083581,,,,40.941499003146,0.0,0.0,0.0,0.0,41.46060964583753,#000000,5.6094933925590835,40.948759899693776,-0.202601929882175,46.99081409022214,-0.41917188707076747,False,True,False,True,False,0.0,39.818529680368,,1,0.9182428600743717,1.0177217374991032,False,False,False,False,-0.20195602343862099,-0.21639756073811756,False,False,False,False,188059760,187905651.8603234,False,False,False,False,13763443.469960071,False,False,False,False
2024-02-09 00:00:00+00:00,39.8506204966,40.5045695625,38.8821622025,39.5246048332,12695659,,,,40.926722661911334,0.0,0.0,0.0,0.0,41.35910708752418,#000000,5.563399874417094,40.828226295955766,-0.1757209299031724,46.60911317456911,-0.8658956860551541,False,True,False,True,False,0.0,39.765864356246,,1,0.8800814058026574,1.048499751416408,False,False,False,False,-0.2760515437286418,-0.2462245522333797,False,False,False,False,200755419,188857486.46326238,False,False,False,False,13684348.324037103,False,False,False,False
2024-02-16 00:00:00+00:00,42.9861240823,43.2546075698,39.7355561448,39.9560961524,14652670,,,,40.941704052962244,0.0,0.0,0.0,0.0,41.466109009927855,#000000,5.516852303272513,41.04804739601724,0.3513011731586733,48.06739309335271,-0.8658956860551541,False,True,False,False,True,1.9182450977038386,39.76602479306,,1,0.8936499878451248,0.9960760021591788,False,False,False,False,-0.1420746043680977,-0.1941495783007387,False,False,False,False,215408089,190824197.76228,False,False,False,False,13756075.85558991,False,False,False,False
2024-02-23 00:00:00+00:00,44.0792354242,44.8319480587,42.3149153637,42.8998258185,9362065,,,,40.96664021857483,0.0,0.0,0.0,0.0,41.6069344663114,"rgba(38, 166, 154, 0.5)",5.502801788670372,41.2933479025623,0.5062671033097204,49.73389702524296,-2.7932197936693015,False,False,True,False,True,2.858219699335905,39.916916489686,,0,0.9467806266191522,0.9752006892736144,False,False,False,False,0.006665718596197169,-0.09374192985227077,False,False,False,False,224770154,193338713.03914815,False,False,False,False,13430593.569990657,False,False,False,False
2024-03-01 00:00:00+00:00,48.3270277437,48.6338660151,43.5806232332,43.9449936804,20587406,,,,41.079579546443846,0.0,0.0,0.0,0.0,42.15021312512181,"rgba(38, 166, 154, 1.0)",5.54328907666209,42.1591748992611,1.1126702503043358,52.763697275111134,0.11643161263499735,True,False,True,False,True,6.358989999805228,40.24358159258,,0,0.9570255322147984,0.9239701383102409,False,False,False,False,0.18906670463580308,0.047662387391766155,False,False,False,False,245357560,197191960.96217424,False,False,False,False,13960727.824065425,False,False,False,False
2024-03-08 00:00:00+00:00,47.4256903215,48.2215520879,46.5531189872,47.9434799045,20766519,,,,41.19969859591085,0.0,0.0,0.0,0.0,42.60740600642872,"rgba(38, 166, 154, 0.5)",5.576860955292179,42.84712981601308,0.820992408129179,54.57969494527854,1.7966789596358979,True,False,True,False,True,5.5130470504965885,40.554097515844,,0,0.9934451776353829,0.9274878868153326,False,False,False,False,0.28537584958749956,0.16651911848963286,False,False,False,False,224591041,199221522.44645762,False,False,False,False,14464860.503764281,False,False,False,False
2024-03-15 00:00:00+00:00,48.6699023213,49.8852030927,46.9750216104,47.2339164019,27360538,,,,41.37827165526229,0.0,0.0,0.0,0.0,43.1798941910684,"rgba(38, 166, 154, 0.5)",5.520806647062455,43.662539346817724,0.9069984324023783,56.458481760599774,3.526948426590259,True,False,True,False,True,6.516056885524762,40.850068734,,0,1.0133322003972396,0.9096143035852136,False,False,False,False,0.3428282466930507,0.25467368259134177,False,False,False,False,251951579,203127452.56153482,False,False,False,False,15420095.873855816,False,False,False,False
2024-03-22 00:00:00+00:00,49.142519288,50.2420771288,48.4191259717,48.9978406247,16857519,,,,41.49525297806387,0.0,0.0,0.0,0.0,43.5096928192242,"rgba(38, 166, 154, 0.5)",5.560143698528837,44.11241329893546,0.9046719404743919,58.095516887609335,5.019344145521764,True,False,True,False,True,6.897084520585057,41.099165227054,,0,1.0355891547233262,0.8957287949900561,False,False,False,False,0.34282824735585665,0.2987509649735992,False,False,False,False,268809098,207992759.63105077,False,False,False,False,15526571.660977606,False,False,False,False
2024-03-29 00:00:00+00:00,50.0588174886,50.2131413961,49.1087609332,49.2003907533,13367569,,,,41.59168739753062,0.0,0.0,0.0,0.0,43.76326057569055,"rgba(38, 166, 154, 1.0)",5.603215839213277,44.44980855589401,1.0010338872638407,59.71084357675557,6.496278048399624,True,False,True,False,True,7.638532535052342,41.376538798838,,0,1.0461834158366947,0.9061870753152332,False,False,False,False,0.34282824757135555,0.3207896062724774,False,False,False,False,282176667,213487863.88060257,False,False,False,False,15366645.537942229,False,False,False,False
2024-04-05 00:00:00+00:00,53.3092647899,53.5503958954,49.7791054063,50.2613676172,14380406,,,,41.722828834036804,0.0,0.0,0.0,0.0,44.11491032100656,"rgba(38, 166, 154, 1.0)",5.727221100797203,44.91561342747916,1.465571385266143,62.03873285778543,8.659318128775048,True,False,True,False,True,10.192529024884983,41.747835876392,,0,1.0817619127420937,0.8375412717472037,False,False,False,False,0.34282824864061806,0.3318089274565477,False,False,False,False,296557073,219641138.63018757,False,False,False,False,15293590.757353915,False,True,False,False
2024-04-12 00:00:00+00:00,51.8335424246,53.9651413967,51.6743958951,53.4635886974,13970124,,,,41.85046059923987,0.0,0.0,0.0,0.0,45.74695341953219,"rgba(38, 166, 154, 0.5)",5.772056453228833,47.30442888853317,0.7846620303814402,62.86007658537862,9.368752055027038,True,False,True,False,True,8.721966044435892,42.107079896614,,0,1.078307337850629,0.8826102548710336,False,True,False,False,0.3428282491177002,0.33731858828712397,False,False,False,False,282586949,224303791.2501737,False,False,False,False,15195556.182735106,False,False,False,False
2024-04-19 00:00:00+00:00,50.1359794424,52.3013367692,49.3450694165,52.2097069491,13452833,,,,41.94913262318035,0.0,0.0,0.0,0.0,45.822783883771294,"rgba(38, 166, 154, 0.5)",5.698387612231315,47.28005377513065,0.5011813624505359,62.439792707461095,9.368752055027038,True,False,True,False,False,7.059299775919239,42.458470863714,,0,1.0092564205984238,0.9261965908969392,False,False,False,False,0.24026562788533962,0.2887921080862318,False,False,False,False,269134116,227624556.0464571,False,False,False,False,15066465.57660658,False,False,False,False
2024-04-26 00:00:00+00:00,51.3705707022,51.5731208308,49.4029408818,49.9623650465,8514462,,,,42.011774539891334,0.0,0.0,0.0,0.0,45.91699576459385,"rgba(38, 166, 154, 0.5)",5.715596940141424,47.358954184045345,0.7018718359897841,62.57672487553883,9.368752055027038,True,False,True,False,False,8.046063129712728,42.868537651551996,,0,1.0486738724797142,0.912468467932481,False,False,False,False,0.22357614381031318,0.2561841259482725,False,False,False,False,277648578,231330039.15412697,False,False,False,False,14581131.978339424,False,False,False,False
2024-05-03 00:00:00+00:00,49.7115886968,51.6695732729,48.1924627326,51.1680205736,11273171,,,,42.08476009718877,0.0,0.0,0.0,0.0,45.99225371137836,#000000,5.687585682419157,47.39122379324324,0.40797010069302625,61.681536657428786,9.368752055027038,True,False,True,False,False,6.424512319719689,43.214632670723994,,1,1.034391377012119,0.9149192085381811,False,False,False,False,0.19610436016924812,0.2261442430587603,False,False,False,False,266375407,233925992.32789534,False,False,False,False,14336097.831795763,False,False,False,False
2024-05-10 00:00:00+00:00,48.168349622,51.0233419104,48.0526066914,49.9816555349,17795831,,,,42.18601494677398,0.0,0.0,0.0,0.0,46.06907430818836,#000000,5.627579014333183,47.39557551983272,0.1373191029746651,60.119938886532026,9.368752055027038,True,False,True,False,False,4.942825337101304,43.531364963452006,,0,1.0754845588128943,0.9144067578310496,False,False,False,False,0.17689622764844384,0.20152023535360208,False,False,False,False,248579576,235011442.9702735,False,False,False,False,14592374.362773854,False,False,False,False
2024-05-17 00:00:00+00:00,48.0236709587,48.7567095193,47.502827771,48.4577069485,13324368,,,,42.24934955550024,0.0,0.0,0.0,0.0,46.087280117916414,#000000,5.665863572450504,47.351566448116756,0.1186234899568114,58.82476200943799,12.34595768640827,False,False,True,False,False,4.8039034625975106,43.823611641545995,,0,1.081618423545365,0.8983093970614648,False,False,False,False,0.1090255903979893,0.1552729128757957,False,False,False,False,235255208,235029499.63914213,False,False,False,False,14498447.965531347,False,False,False,False
2024-05-24 00:00:00+00:00,46.5768843261,48.3708997506,46.3646889533,48.2262210873,9863017,,,,42.28756816633898,0.0,0.0,0.0,0.0,46.07277434059608,#000000,5.663712000301905,47.28358989264678,-0.12477780764790115,57.0164997701083,10.57326069064279,False,True,False,False,False,3.4134526107174104,44.04693037124,,0,1.0649367907539022,0.9007557618928406,False,False,False,False,0.07275265060051636,0.11401278173815603,False,False,False,False,225392191,234315624.9251316,False,False,False,False,14155082.708825322,False,False,False,False
2024-05-31 00:00:00+00:00,49.8369768716,49.8852030927,46.750498722,46.8855321411,13307147,,,,42.35626635984719,0.0,0.0,0.0,0.0,46.140219221897716,#000000,5.686275287680037,47.32692082657399,0.4414235889114152,57.12375035783298,10.57326069064279,False,True,False,False,False,6.170873928187774,44.32628283627,,0,1.06004030989637,0.8775693467167415,False,False,False,False,0.11801950743727681,0.11601614458771642,False,False,False,False,238699338,234640344.41215888,False,False,False,False,14092272.656319743,False,False,False,False
2024-06-07 00:00:00+00:00,45.9402982078,49.7598149179,45.3905192874,49.6247814988,13366701,,,,42.40509242002855,0.0,0.0,0.0,0.0,46.13185513954643,#000000,5.672476084058549,47.26462640921186,-0.23346562978619514,55.286606868049766,8.833104087944662,False,True,False,False,False,2.528602904075612,44.583161995097996,,0,1.0787729085885291,0.8594736318148013,False,False,False,False,0.08260151616600439,0.0993088303768604,False,False,False,False,225332637,233950884.6038508,False,False,False,False,14038526.607703466,False,False,False,False
2024-06-14 00:00:00+00:00,44.4742210867,47.7343136322,44.2266566602,46.0656863826,12426213,,,,42.43465150932811,0.0,0.0,0.0,0.0,46.07316877457757,#000000,5.670396786729951,47.13980667742872,-0.4700880187021155,53.23746609335124,6.834596990095754,False,True,False,True,False,1.2156405078142463,44.752041513234,,0,1.0671268156783085,0.8898038366060809,False,False,False,False,0.007132939778570746,0.05322088507771557,False,False,False,False,212906424,232392035.6702322,False,False,False,False,13919095.970095802,False,False,False,False
2024-06-21 00:00:00+00:00,44.7072228999,45.5809796992,44.037342687,44.5227631311,27386555,,,,42.48323498359484,0.0,0.0,0.0,0.0,45.9229539020591,#000000,5.652094373399922,46.85525569977055,-0.3800419203861305,51.759160862904665,5.408148555902727,False,True,False,True,False,1.4177282308604298,44.928231046266,,0,1.019244675190103,0.9372620497938341,False,False,False,False,-0.04820004012929184,0.002510422474211866,False,False,False,False,240292979,232977290.7316965,False,False,False,False,14916685.527866483,False,False,False,False
2024-06-28 00:00:00+00:00,45.5033124282,46.2023178676,43.8917165538,44.9693499397,19929287,,,,42.52364865062734,0.0,0.0,0.0,0.0,46.04208800122477,#000000,5.6401826861365,46.537017984290934,-0.18327519047065122,51.013740016706535,4.68035673879865,False,True,False,True,False,2.1137102142767468,45.114285275848005,,1,1.0084174187981658,0.938304628097811,False,False,False,False,-0.036950908909479344,-0.01722024321763374,False,False,False,False,260222266,234995437.04786712,False,False,False,False,15287989.340617113,False,False,False,False
2024-07-05 00:00:00+00:00,45.1635181173,46.8819064894,45.0674048694,45.9693160545,9886085,,,,42.546954718356844,0.0,0.0,0.0,0.0,46.04418008696247,#000000,5.612495406200796,46.539003960307184,-0.24507562919116505,50.26895819071245,3.926692900015496,False,True,False,True,False,1.797337452985012,45.21877636496401,,1,1.0401566863857743,0.9200225330363067,False,False,False,False,0.006857730306459598,-0.005181256455587071,False,False,False,False,250336181,236131788.45172882,False,False,False,False,14887848.27834918,False,False,False,False
2024-07-12 00:00:00+00:00,46.833364445,47.6197455644,44.7557649443,44.9499331219,9854791,,,,42.5749159285534,0.0,0.0,0.0,0.0,46.07432717310756,#000000,5.636664451025768,46.584691428268506,0.04411705165210618,50.55889857946588,3.926692900015496,False,True,False,True,False,3.2729914259469197,45.301393397748,,1,1.071847584471197,0.8928957116447925,False,False,False,False,0.01691918821755432,0.005868965880983625,False,False,False,False,260190972,237913950.19604522,False,False,False,False,14515029.220693685,False,False,False,False
2024-07-19 00:00:00+00:00,45.8625235568,48.1233207331,45.5421460637,47.2799512535,12052120,,,46.50933011786667,42.60950032614028,-1.0,48.12332,45.542145,0.0,46.241339603726146,#000000,5.639307063931779,46.67504692144817,-0.14408212843116097,50.274592031904035,3.8003689855257363,False,True,False,True,False,2.34796945473634,45.311783324324,,1,1.104239307358528,0.8707660955108318,False,False,False,False,0.02897793505684805,0.017423450468915837,False,False,False,False,248138852,238671350.3296715,False,False,False,False,14332591.5006423,False,False,False,False
2024-07-26 00:00:00+00:00,44.7072228999,45.7557310591,44.0179258693,45.5518544726,12863849,,,45.64074034338951,42.63011173480457,0.0,0.0,0.0,0.0,46.066764412771896,#000000,5.642909171686823,46.351686841982705,-0.2914213027446489,49.46570031212896,2.911831621137381,False,True,False,True,False,1.253705845070506,45.28543877622799,,1,1.068966179209595,0.9285857106962576,False,False,False,False,-0.06898013581552657,-0.02577834267330537,False,False,False,False,235275003,238419769.04599214,False,False,False,False,14223795.759853981,False,False,False,False
2024-08-02 00:00:00+00:00,40.3772725387,46.9401569427,39.8627268679,44.862557442,20317240,,,44.18213746737181,42.62668671702853,0.0,0.0,0.0,0.0,45.64268094379962,"rgba(239, 83, 80, 0.5)",5.647298397762799,45.634476463661684,-0.9309237009760898,46.99904426501812,0.4459755778745702,False,True,False,True,False,0.0,45.179120167488,,1,0.9988062582635917,0.9236856300642229,False,False,False,False,-0.14455521649648756,-0.08516677958489646,False,False,False,False,214957763,236681842.67221493,False,False,False,False,14675161.999864798,False,False,False,False
2024-08-09 00:00:00+00:00,41.251029338,41.5228647867,37.8530862295,38.872469162,16011891,,,43.14340050864298,42.59943012806596,0.0,0.0,0.0,0.0,44.630034855821975,#000000,5.647963032816442,43.51620289793295,-0.4010602666433148,45.58621733384515,-0.9538708897169101,False,True,False,True,False,0.0,45.12094073318401,,0,0.979989078414131,0.9801336597145884,False,False,False,False,-0.34282825441539394,-0.2139975170001452,False,False,False,False,230969654,236258717.5853842,False,False,False,False,14774178.962837776,False,False,False,False
2024-08-16 00:00:00+00:00,41.9403263686,42.6199149903,40.4840650364,41.4937395601,10710089,,,42.925795969639765,42.592559471375,0.0,0.0,0.0,0.0,44.57957361036702,#000000,5.608214244970133,43.501489793706256,-0.2783708604760288,44.88653679056981,-1.6648768616034815,False,True,False,True,False,0.0,45.045883201041995,,0,1.0039007403971036,1.0023454925121023,False,False,False,False,-0.24086772942166704,-0.22743262321090613,False,False,False,False,241679743,236660275.0235039,False,False,False,False,14473135.26188683,False,False,False,False
2024-08-23 00:00:00+00:00,42.0665356841,42.9694177101,41.0374443426,42.1733281818,10503305,,,42.8109873666806,42.58842009599594,0.0,0.0,0.0,0.0,44.53065555894884,#000000,5.4762533086338525,43.47775249628917,-0.2576975045994028,44.41783366860486,-2.174164717691589,False,True,False,True,False,0.0,44.991521137254004,,0,0.976024980938368,1.0192774493279904,False,False,False,False,-0.21696756613219886,-0.2222000946715525,False,False,False,False,252183048,237810110.05879992,False,False,False,False,14179073.761006324,False,False,False,False
2024-08-30 00:00:00+00:00,41.58111524,43.3674624742,41.0471527515,42.8820420301,9844456,,,42.724340733371164,42.58441916144044,0.0,0.0,0.0,0.0,44.474278247901864,#000000,5.336032712968043,43.43220433750119,-0.3469036261720297,43.827584716076444,-2.8210684628473928,False,True,False,True,False,0.0,44.921873499096,,0,0.9571093809726234,1.0687528824608017,False,False,False,False,-0.20625496711105454,-0.21422753089130353,False,False,False,False,242338592,238145553.16555548,False,False,False,False,13857990.963894743,False,False,False,False
2024-09-06 00:00:00+00:00,39.1151793841,40.8626929828,38.7753850732,40.7559004851,12545777,,,42.34863034421343,42.5587084633514,0.0,0.0,0.0,0.0,44.235066746017345,"rgba(239, 83, 80, 0.5)",5.2538465442344835,43.09157913868198,-0.7568549482941477,42.30645316097025,-4.3666380959926485,False,True,False,True,False,0.0,44.84328525622601,,1,0.8803202786479134,1.088620993525271,False,False,False,False,-0.3354538829110155,-0.2748407069011595,False,False,False,False,229792815,237526831.81995878,False,False,False,False,13760789.92953217,False,False,False,False
2024-09-13 00:00:00+00:00,37.969587136,39.610308237,36.7074939814,39.1345962018,17444203,,,41.74199431259366,42.50615275945826,0.0,0.0,0.0,0.0,43.84202100647815,"rgba(239, 83, 80, 0.5)",5.23617967590801,42.5329675413712,-0.8715095141535338,40.680442040641964,-5.987123297664155,False,True,False,True,False,0.0,44.696645486128,,1,0.8451851986402037,1.1297656918054921,False,False,False,False,-0.34282825441539394,-0.30883448065827673,False,False,False,False,212348612,235661778.49996182,False,False,False,False,14033635.342159417,False,False,False,False
2024-09-20 00:00:00+00:00,39.6425578653,40.1610809568,37.915778136,38.2533073182,23978219,,,41.33181070443559,42.45412249812553,0.0,0.0,0.0,0.0,43.52758707065834,#000000,5.193298301028336,42.14743507116811,-0.48232877463867546,40.53924489419512,-6.169540337988671,False,True,False,True,False,0.0,44.622129077874,,1,0.8427951870625678,1.1262780709866562,False,False,False,False,-0.2990091256087707,-0.3039218031335237,False,False,False,False,236326831,235711041.6481128,False,False,False,False,14770271.168666128,False,False,False,False
2024-09-27 00:00:00+00:00,37.5391151355,41.1198595034,36.1058390429,39.7501758654,25023834,,,40.882322032317724,42.38545751922685,0.0,0.0,0.0,0.0,42.406170484877364,"rgba(239, 83, 80, 0.5)",5.145010527361208,40.15237860452233,-0.5079218895908918,39.585572050113115,-7.161493979501557,False,True,False,True,False,0.0,44.423644813444,,1,0.8177360822152198,1.1065837728965828,True,False,False,False,-0.3200634064704916,-0.31199260480200763,False,False,False,False,211302997,233903038.3408452,False,False,False,False,15529794.341357527,False,False,False,False
2024-10-04 00:00:00+00:00,42.587377687,42.9102316874,36.8347064074,37.1771273169,26323064,,,40.86835137779986,42.358265760173296,0.0,0.0,0.0,0.0,42.4801633629001,#000000,5.038640244081452,40.49114323725186,0.4160317760749921,41.621131273058126,-7.161493979501557,False,True,False,True,True,0.0,44.324983023278,,1,0.8239083238872807,1.123369219769045,False,False,False,False,-0.25846468629374103,-0.2852286455478743,False,False,False,False,237626061,234178817.79707888,False,False,False,False,16329295.797553267,False,False,False,False
2024-10-11 00:00:00+00:00,42.1960395047,43.0667669603,40.2197816842,42.7047791417,13696085,,,40.93051940871161,42.35363683031612,0.0,0.0,0.0,0.0,42.224517057675264,#000000,4.892704220492941,40.70776231708658,0.3041829468006295,43.030794928574835,-10.264131699447276,False,True,False,True,True,0.0,44.258491656283994,,1,0.8442427629417885,1.1257973045045215,False,False,False,False,-0.14951619438448385,-0.21737241996617906,False,False,False,False,223929976,233419644.3306286,False,False,False,False,16134243.145882655,False,False,False,False
2024-10-18 00:00:00+00:00,39.9067111383,41.9221027771,39.5740736834,41.5601149585,10262865,,,40.909079549022856,42.34139099827933,0.0,0.0,0.0,0.0,42.12518029603318,#000000,4.696850757415281,40.57789926146765,-0.14290173519096733,43.15452280309508,-10.115171445891612,False,False,False,True,True,0.0,44.126976979732,,1,0.8617047431799132,1.1161374392230294,False,False,False,False,-0.19378612243752352,-0.2055792712018513,False,False,False,False,213667111,231956493.713545,False,False,False,False,15699326.246187644,False,False,False,False
2024-10-25 00:00:00+00:00,39.515372956,40.4056673207,38.4294095002,40.3273996843,10666779,,,40.84207202728308,42.3220101477466,0.0,0.0,0.0,0.0,41.98676827766049,#000000,4.546765497053365,40.39430001477426,-0.19330820103738974,43.09152769361422,-10.110711938289974,False,False,False,True,True,0.0,44.068010838758,,1,0.8458529102323734,1.1265914918483113,False,False,False,False,-0.2655024313887666,-0.23554085129530894,False,False,False,False,203000332,229811592.845875,False,False,False,False,15326544.968692264,False,False,False,False
2024-11-01 00:00:00+00:00,38.1163389544,38.9199519117,37.6271662265,38.2239569545,10459138,,,40.72912505029252,42.29523199363794,0.0,0.0,0.0,0.0,41.806804491579776,#000000,4.40629751951712,40.15027521840541,-0.461597578238046,42.47819213591465,-10.110711938289974,True,False,False,True,True,0.0,43.973255043182,,1,0.8401645366418206,1.1422290307726688,False,False,False,False,-0.33538342816815125,-0.28546213973173007,False,False,False,False,192541194,227050822.56099537,False,False,False,False,14965996.304344688,False,False,False,False
2024-11-08 00:00:00+00:00,42.2351733229,43.0472000512,38.4000591365,38.5565944095,14085464,,,40.75646088844106,42.28592412694246,0.0,0.0,0.0,0.0,41.84851763921753,#000000,4.25367221131885,40.28955311563511,0.45739777552385863,44.08868916675565,-9.01138031464675,True,False,False,True,True,0.0,43.95935223261999,,1,0.85225742242629,1.0737522531405113,False,False,False,False,-0.16485373937858358,-0.22515793955515684,False,False,False,False,206626658,225537921.4824031,False,False,False,False,14900771.689208044,False,False,False,False
2024-11-15 00:00:00+00:00,42.8417475055,44.1918642343,39.9898705021,41.8829689589,21030439,,,40.87642012689337,42.28663381418808,0.0,0.0,0.0,0.0,41.9858348480347,"rgba(38, 166, 154, 0.5)",4.149771214783743,40.594076676645734,0.5416372885442073,45.612100995823134,-7.488552709943065,True,False,False,False,True,0.2281316507490132,43.974341631616,,1,0.884099684546267,1.0288823340591298,False,False,False,False,-0.07468916723068982,-0.14992355339292332,False,False,False,False,227657097,225694897.44666952,False,False,False,False,15354821.119637078,False,False,False,False
2024-11-22 00:00:00+00:00,45.6985162361,46.1583386003,43.3309202333,43.6048569609,16742101,,45.062591689899996,41.114351579534976,42.314739544945105,-1.0,46.15834,43.33092,0.0,42.36297076739899,"rgba(38, 166, 154, 0.5)",4.058994996123761,42.034014761052816,0.9028100499130177,47.985034067942806,-5.178850458204941,True,False,True,False,True,2.750643237817073,44.095415343376,,1,0.9344983482294592,0.9938468591525316,False,False,False,False,0.09817145024930136,-0.025876051571810978,False,False,False,True,244399198,227080401.19136068,False,False,False,False,15457582.592256553,False,False,False,True
2024-11-29 00:00:00+00:00,44.4364505983,46.0213702365,44.2994822345,45.7082996907,9394256,,45.011016481559764,41.231943887039854,42.329451669954686,0.0,0.0,0.0,0.0,42.47251987581408,"rgba(38, 166, 154, 0.5)",3.867056223818934,42.193530417824206,0.5800071296250209,49.21702145042488,-4.003587885410276,True,False,True,False,True,1.5859149444010079,44.15453037907601,,0,0.942593688574608,1.0163681071597213,False,False,False,False,0.16215366088044525,0.06813880465431714,False,False,False,False,235004942,227667404.21422288,False,False,False,False,15008447.289126439,False,False,False,False
2024-12-06 00:00:00+00:00,40.3078327752,44.8082218714,40.0632464112,44.6321196894,14850142,,43.82095336038883,41.2549775171664,42.32411449218534,0.0,0.0,0.0,0.0,42.322823188812336,#000000,3.781424639117232,41.916806955525416,-0.4254941811298482,48.430048034922365,-4.003587885410276,True,False,False,False,False,0.0,44.120333718814,,0,0.9082037874550395,1.0307081970287715,False,False,False,False,-0.004571815750231536,0.0317834944520428,False,False,False,False,220154800,227110915.01316932,False,False,False,False,14996720.97141337,False,False,False,False
2024-12-13 00:00:00+00:00,39.9262780474,41.5111976857,39.6700244732,40.9339738668,14117882,,42.936596883173344,41.21741398249545,42.30780214388743,0.0,0.0,0.0,0.0,42.150373957354326,#000000,3.6943660223619017,41.635717265709246,-0.4627151743931322,47.67261628567984,-4.003587885410276,True,False,False,False,False,0.0,44.0765882248,,0,0.9159998041517575,1.0474029957230104,False,False,False,False,-0.14599747551528258,-0.05710699053161989,False,False,False,False,206036918,225549878.197379,False,False,False,False,14931621.788345713,False,False,False,False
2024-12-20 00:00:00+00:00,37.235615518,39.6897362866,36.9990737571,39.6207449397,21470017,,41.545405006019216,41.020968928117355,42.25350763393926,0.0,0.0,0.0,0.0,41.74743433949552,"rgba(239, 83, 80, 1.0)",3.6669859650398844,41.02992860078909,-1.0347225538802463,46.10676659843419,-4.003587885410276,True,False,False,True,False,0.0,43.983823828187994,,0,0.8837221223280657,1.0395381376108466,False,False,False,False,-0.327069160766789,-0.19208807564920444,False,False,False,False,184566901,222514102.10868424,False,False,False,False,15415947.359579364,True,False,False,False
2024-12-27 00:00:00+00:00,38.1226471211,38.7140015232,36.7625319963,36.9793619437,6094797,,41.2741694145246,40.96763429303961,42.23795759181474,0.0,0.0,0.0,0.0,40.89627654628826,"rgba(239, 83, 80, 0.5)",3.699554365529389,40.23690752356373,-0.571490561718286,45.32869840395786,-1.3778076328672242,False,False,False,True,False,0.0,43.948880812838006,,0,0.8820689076841569,1.0596156567243875,False,False,False,False,-0.34282825441539394,-0.2674581650322992,False,False,False,False,190661698,220154664.76730022,False,False,False,False,14725491.777388299,False,False,False,False
2025-01-03 00:00:00+00:00,41.1878341052,41.3849522393,38.2803416283,38.4971715757,8409254,,41.18278199633845,40.952058974002085,42.22845014960377,0.0,0.0,0.0,0.0,41.04183041962603,#000000,3.710331576035257,40.55057009729307,0.17175392410289345,46.1246921378486,-1.3778076328672242,False,False,False,True,False,0.0,43.988090389785995,,0,0.8864161080668258,1.032255089083962,False,False,False,False,-0.17992420965619518,-0.2236911873442472,False,False,False,False,199070952,218592908.26601872,False,False,False,False,14257622.312396573,False,False,False,False
2025-01-10 00:00:00+00:00,42.9816091249,43.9474879816,40.6802549101,41.5722144666,10357411,,41.32100237356721,40.995328568283774,42.23028534320404,0.0,0.0,0.0,0.0,41.265223837038825,"rgba(38, 166, 154, 0.5)",3.7078172289691285,40.96709796519518,0.5433145797925171,47.47542806370979,-1.3778076328672242,True,False,False,False,True,0.5276638779446436,44.02577955280199,,0,0.9199999656538885,1.009872352827518,False,False,False,False,0.0020589547545734727,-0.11081611629483687,False,False,False,False,209428363,217914053.06112844,False,False,False,False,13968717.770737566,False,False,False,False
2025-01-17 00:00:00+00:00,45.0809172523,45.4997932871,43.3462776728,43.6813785007,16240204,,41.77937110797717,41.14508534240821,42.25261167162953,0.0,0.0,0.0,0.0,41.650204377164,"rgba(38, 166, 154, 0.5)",3.7019506514150966,41.61289618208328,0.936809103300996,49.32011892877508,-4.008657227079809,True,False,True,False,True,2.3193666434443188,44.131152583593995,,0,0.9384046745432455,0.9926518990603688,False,False,False,False,0.2708644905157001,0.08002418711043162,False,False,False,False,225668567,218488461.50104484,False,False,False,False,14136976.00994219,False,False,False,False
2025-01-24 00:00:00+00:00,44.2431651827,45.6821275611,44.0756147687,44.7655282378,8809211,44.66696917083334,41.98048116303213,41.221822180783036,42.26467324903739,-1.0,45.68213,44.075615,0.0,41.9625738554632,#000000,3.695932158448094,42.713805061583734,0.4137955069387513,50.370929928326014,-2.9849699261871336,True,False,True,False,True,1.569233195102619,44.219003477316,,0,0.9670796376661274,0.9627643079619101,False,False,False,False,0.3149827689666256,0.1975034780385286,False,False,False,False,216859356,218367787.01948595,False,False,False,False,13742326.749946471,False,False,False,False
2025-01-31 00:00:00+00:00,41.6116380934,44.2530210894,41.493367213,44.2530210894,10892914,43.4427301151234,42.01792212773673,41.25411427051573,42.26582749397961,0.0,0.0,0.0,0.0,41.83443187939956,#000000,3.7044907973152417,42.41953364623709,-0.21808545277601854,50.054276662072674,-2.9849699261871336,True,False,True,False,True,0.0,44.191513757538,,0,0.9855453150986171,0.9944190074285257,False,False,False,False,0.12729581599529233,0.16239964701691045,False,False,False,False,205966442,217449168.86989442,False,False,False,False,13531259.138839325,False,False,False,False
2025-02-07 00:00:00+00:00,41.9073152944,43.2477186058,40.3599379423,41.0892750382,13242256,42.797826293751015,42.00213220572562,41.27217109860424,42.26266038330478,0.0,0.0,0.0,0.0,41.77159340845894,#000000,3.7039789175480102,42.27818427579673,-0.10012718475251024,49.9354887528867,-2.9849699261871336,True,False,False,False,True,0.0,44.148075354942,,0,0.9968214119024381,0.9368415024056975,False,False,False,False,0.03153199156652593,0.09696581929171819,False,False,False,False,219208698,217579504.36101335,False,False,False,False,13509851.498925302,False,False,False,False
2025-02-14 00:00:00+00:00,43.4941162734,45.2977471997,41.5574306065,42.3705429094,11022109,42.96126294971359,42.10084360735866,41.32678721629103,42.26993559014317,0.0,0.0,0.0,0.0,41.94810986728933,#000000,3.702047895824053,42.558313119295086,0.25277986142764725,50.52397580868606,-2.6864071246955916,True,False,True,False,True,0.9189106496125419,44.051417125536,,0,0.9785806169769221,0.925965844565264,False,False,False,False,0.1777600171497624,0.1373629182207403,False,False,False,False,230230807,218516637.8898272,False,False,False,False,13325574.276782688,False,False,False,False
2025-02-21 00:00:00+00:00,42.6859319238,45.2287558528,42.5282374166,43.8095052878,9259573,43.05167565344716,42.17561990301044,41.371239921033236,42.27613871870141,0.0,0.0,0.0,0.0,42.040131831488836,#000000,3.7005738223040052,42.68409248006149,0.0004970698672256027,50.607061748554194,-2.5040698560223262,True,False,True,False,True,0.1951199284586771,43.956621957582,,1,0.9840676228329909,0.9319777062867958,False,False,False,False,0.21946395327389784,0.17841343574731905,False,False,False,False,220971234,218698459.82391405,False,False,False,False,13024388.997021008,False,False,False,False
2025-02-28 00:00:00+00:00,42.8337705244,43.4842603667,40.566911983,42.8436264311,18786391,42.85427143200972,42.18744119548231,41.40835968152604,42.27633251587442,0.0,0.0,0.0,0.0,42.0078752553694,#000000,3.7011499912519703,42.5741062950487,0.07015771583563032,50.73981877091433,-2.2529350891473783,True,False,True,False,True,0.3280037582536508,43.839899321644,,1,0.9594479138398689,0.9593791744438294,False,False,False,False,0.051285819673827296,0.11484962771057317,False,False,False,False,239757625,220258397.98510563,False,False,False,False,13451203.960204637,False,False,False,False
2025-03-07 00:00:00+00:00,37.994520334,43.3561335795,36.0923303406,43.2969981393,20399291,42.0360614057991,41.89228198300227,41.31384028112712,42.24177654439247,0.0,0.0,0.0,0.0,41.345767542445884,"rgba(239, 83, 80, 0.5)",3.753852568749126,41.2324616829918,-0.8625648689422974,48.798857213087075,-2.2529350891473783,True,False,False,True,False,0.0,43.616939342564,,0,0.9395678548413973,0.9418216540483108,False,False,False,False,-0.15462278234231389,-0.01988657731587036,False,False,False,False,219358334,220191726.5788015,False,False,False,False,13965877.074263554,False,False,False,False
2025-03-14 00:00:00+00:00,40.2416670619,40.2615247806,37.0384973839,38.4084684154,18626665,41.557052288078836,41.67143771905406,41.23539363098982,42.21121193515331,0.0,0.0,0.0,0.0,41.11123894672983,#000000,3.7736438560173644,40.90139560945119,-0.17482533400686498,48.346628326260465,-2.2529350891473783,True,False,False,True,False,0.0,43.42059633403001,,1,0.9754869742562338,0.9638563395407374,False,False,False,False,-0.25426652141235323,-0.1370765493641118,False,False,False,False,237984999,221509746.75814956,False,False,False,False,14311120.624318106,False,False,False,False
2025-03-21 00:00:00+00:00,41.1650509841,42.4855892815,40.1324496087,40.400528812,35085767,41.48597458752532,41.6168529657527,41.237054337322874,42.19367167855033,0.0,0.0,0.0,0.0,41.21323831740939,#000000,3.755351836618612,41.117377757320995,0.012694743090152094,48.407339078233775,-2.2529350891473783,True,False,False,True,False,0.0,43.17771205791399,,1,0.9978182789145461,0.9441139664851875,False,False,False,False,-0.012478941496233888,-0.07477774543017283,False,False,False,False,273070766,225329081.51680514,False,False,False,False,15849983.318813061,False,False,False,False
2025-03-28 00:00:00+00:00,41.9196442969,44.6897960636,41.7607825468,42.3962295471,15859018,41.61365289917068,41.6833844239384,41.28123431971387,42.19860688468047,0.0,0.0,0.0,0.0,41.571846743857364,#000000,3.7291758094476934,41.596191343979385,0.08673577472565533,48.792770650444034,-2.2529350891473783,True,False,False,False,False,0.0,42.97943409535999,,1,1.031997919059817,0.9209479952143634,False,False,False,False,0.15925481699446942,0.04223853578214829,False,False,False,False,288929784,230040244.66370845,False,False,False,False,15850652.55445654,False,False,False,False
2025-04-04 00:00:00+00:00,32.7056627935,43.8905228836,32.3978681527,41.7012093906,21600223,40.99214310136972,41.29964510154953,41.09659853256761,42.13321628593919,0.0,0.0,0.0,0.0,40.66164601293859,"rgba(255, 0, 0, 1.0)",3.9189186284244193,40.136421208407796,-1.8961247015979246,45.98048322803533,-1.2973159996934385,False,True,False,True,False,0.0,42.630827762382005,,0,0.9159905690827137,0.955053426400505,False,False,False,False,-0.3028336396576139,-0.1302975519377328,False,False,False,False,267329561,232802416.24417448,False,False,False,False,16276546.661533833,False,False,False,False
2025-04-11 00:00:00+00:00,32.5468010434,36.2850165995,29.5880009485,31.0773298553,29868027,39.84674988435389,40.53356463884429,40.68998516726332,41.99166605041926,0.0,0.0,0.0,0.0,38.51325233782615,"rgba(239, 83, 80, 1.0)",4.08871838506882,36.723057291082114,-1.0214096091657872,43.75192862287261,-3.450098303739459,False,True,False,True,False,0.0,42.254352369205996,,0,0.8524026822499411,1.0409897489283244,False,False,False,False,-0.34282825441539394,-0.23656290317656337,False,False,False,False,237461534,233147536.07793933,False,False,False,False,17283322.982901696,True,False,False,False
2025-04-18 00:00:00+00:00,33.5794024188,34.3637823097,31.6730614181,33.8574104814,13352451,39.455759715848934,40.24951689955046,40.529391325519136,41.932454266706,0.0,0.0,0.0,0.0,38.20196792157528,"rgba(239, 83, 80, 0.5)",4.231599695097383,36.41492163136232,-0.6700821005936534,42.50983075415832,-4.619677996086978,False,True,False,True,False,0.0,41.931708643646004,,0,0.8850289937597383,1.0523276851537953,False,False,False,False,-0.337873145386834,-0.2872180242816987,False,False,False,False,250813985,234456161.9240179,False,False,False,False,16992147.280464534,False,False,False,False
2025-04-25 00:00:00+00:00,34.423355466,34.790723263,31.9312117619,32.7850936685,12718595,39.15093169753633,40.016848986264336,40.39290962325883,41.880041636608574,0.0,0.0,0.0,0.0,37.984602648284564,#000000,4.343688832865527,36.23279682958689,-0.41656790649831266,41.94688189905559,-5.145568320603381,False,True,False,True,False,0.0,41.656808760526,,0,0.9011548581358866,1.0310004272574018,False,False,False,False,-0.31732084173208197,-0.30226943300689035,False,False,False,False,263532580,236609970.67038694,False,False,False,False,16675587.852281975,False,False,False,False
2025-05-02 00:00:00+00:00,35.237521935,35.2871662319,32.6758762153,34.4332843253,14792533,38.87459910054521,39.79349782602213,40.256488910362336,41.82496208197391,0.0,0.0,0.0,0.0,37.81453576290062,#000000,4.430551330560829,36.129927168262014,-0.20142080898745737,41.90158382740774,-5.205800572980408,False,True,False,True,False,0.0,41.401085780052,,0,0.9247029581623475,1.016011335884349,False,False,False,False,-0.28072629962835083,-0.2914978663176206,False,False,False,False,278325113,239699981.21332124,False,False,False,False,16536102.307668494,False,False,False,False
2025-05-09 00:00:00+00:00,35.8828977946,36.1311192791,33.0233862936,34.3240668722,21241718,38.57688073008817,39.535235315254326,40.090492712713775,41.75367966824976,0.0,0.0,0.0,0.0,37.65516711077399,#000000,4.499509190016664,36.0785704844747,-0.043487563112184754,42.18204438468872,-5.205800572980408,False,True,False,True,True,0.0,41.187206049422,,0,0.921677223639307,1.0550204823033753,False,False,False,False,-0.24627307317197214,-0.2688854697447964,False,False,False,False,299566831,244134562.67900115,False,False,False,False,16884666.433026385,False,False,False,False
2025-05-16 00:00:00+00:00,37.0644320607,39.3877851553,36.4488427792,37.5410173109,18922566,38.516273239302514,39.44793285050473,40.023114721874464,41.71563149885665,0.0,0.0,0.0,0.0,37.4813901445367,#000000,4.532277877628811,36.18863936934761,0.19323455335236045,42.97674405015884,-5.205800572980408,False,True,False,True,True,0.0,40.931755153204,,0,0.9349582212813075,1.0331152721419383,False,False,False,False,-0.06109573347910821,-0.16499060161195228,False,False,False,False,318489397,249642328.18426034,False,False,False,False,17035621.95650591,False,False,False,False
2025-05-23 00:00:00+00:00,35.604889732,37.1339340764,34.6318615129,36.5282736543,14660107,38.38699788165128,39.322299314083665,39.935048378585435,41.67353789672107,0.0,0.0,0.0,0.0,37.3293336932626,#000000,4.601808012658565,36.01156656225142,-0.0883732717950731,43.0154865145592,-5.205800572980408,False,True,False,True,True,0.0,40.725046983688,,1,0.8828851770860836,1.0853497149848323,False,False,False,False,-0.1726111663665302,-0.16880088398924126,False,False,False,False,303829290,253656177.2076485,False,False,False,False,16859657.88565362,False,False,False,False
2025-05-30 00:00:00+00:00,35.5651742945,36.9353568888,35.1382333412,35.8828977946,34468399,38.13547159292994,39.06505047698162,39.74592009996165,41.578354108451904,0.0,0.0,0.0,0.0,37.16643474756924,#000000,4.670799864661964,35.93673963992554,-0.07955068857407264,43.029717445602365,-5.205800572980408,False,True,False,True,True,0.0,40.546866047844,,1,0.8778893976446236,1.0859578255283586,False,False,False,False,-0.16001311571611715,-0.1644069998526792,False,False,False,False,269360891,254819489.34041527,False,False,False,False,18164009.079308905,False,False,False,False
2025-06-06 00:00:00+00:00,37.9083851079,38.3551837799,35.8729689353,36.5977756699,16645952,38.10051080841606,39.006321186601106,39.6937834497852,41.54529872086361,0.0,0.0,0.0,0.0,37.22120785372854,#000000,4.699639700698256,36.087373938506985,0.38747888888640925,44.24097731895415,-5.205800572980408,False,True,False,False,True,0.0,40.410889292004,,1,0.9277157776663266,1.0547325396146305,False,False,False,False,-0.09945144641656815,-0.13192922313462369,False,False,False,False,286006843,257129663.6855697,False,False,False,False,18051560.406767506,False,False,False,False
2025-06-13 00:00:00+00:00,41.87,42.1,37.9481005454,38.2658240455,20815770,38.23919479755762,39.074478385174665,39.71912976505781,41.536468545181,0.0,0.0,0.0,0.0,37.53956477433405,"rgba(38, 166, 154, 1.0)",4.699645090980116,36.605264098605524,1.1202411670402344,46.862245587218425,-5.7526740921220565,True,False,True,False,True,0.7451472036480276,40.338223043439996,,0,0.9562248123869138,0.975628101774472,False,False,False,False,0.06177460793138649,-0.0350773076016186,False,False,False,False,306822613,260810622.894046,False,False,False,False,18256316.672932874,False,False,False,False
2025-06-20 00:00:00+00:00,41.5,42.27,40.84,41.07,12599332,38.34473004867015,39.135145707100975,39.74814750804796,41.53646970717998,0.0,0.0,0.0,0.0,37.74083364046775,"rgba(38, 166, 154, 0.5)",4.691732291526056,36.915002706576985,0.9772504074250317,48.72089002938146,-3.9686485858877916,True,False,True,False,True,0.419745304254846,40.264952681094,,0,1.0201825209910758,0.9556459943774686,False,False,False,False,0.14736227300098761,0.05614248269968451,False,False,False,False,294223281,263285634.60559815,False,False,False,False,17837280.771234144,False,False,False,False
2025-06-27 00:00:00+00:00,38.41,41.9999,37.89,41.68,20798953,38.39935700426901,39.14679912885317,39.74006256968489,41.51630194087359,0.0,0.0,0.0,0.0,37.87544050424677,#000000,4.700101754950988,37.141522033169615,0.2698830861468465,48.760144382983526,-3.9463403620677013,True,False,True,False,True,0.0,40.096485392194,,0,0.9901525921045935,0.9490028651883653,False,False,False,False,0.05738755222577068,0.05676501746272759,False,False,False,False,273424328,264036648.93110943,False,False,False,False,18056663.899290875,False,False,False,False
2025-07-04 00:00:00+00:00,39.31,39.96,38.01,38.26,7040569,38.41094867918002,39.146100982570005,39.73448934620529,41.50846240928294,0.0,0.0,0.0,0.0,37.907735291612546,#000000,4.711167020678006,37.19791503491851,0.44831460141643065,49.18276093685775,-3.514219515629243,True,False,True,False,True,0.0,39.965434921058,,0,0.9763063790869209,1.0020613333532062,False,False,False,False,0.004272596622946932,0.030518807042837263,False,False,False,False,280464897,265253556.1954717,False,False,False,False,17240656.869713772,False,False,False,False
