date,Close,High,Low,Open,Volume,aVWAP_peak_166,aVWAP_peak_152,aVWAP_valley_171,aVWAP_valley_159,aVWAP_valley_111,aVWAP_valley_95,aVWAP_valley_74,aVWAP_valley_41,Peaks_avg,Valleys_avg,color,banker_RSI,VI_plus,VI_minus,VI_Regular_Bullish,VI_Regular_Bearish,VI_Hidden_Bullish,VI_Hidden_Bearish,Fisher,Fisher_Signal,Fisher_Regular_Bullish,Fisher_Regular_Bearish,Fisher_Hidden_Bullish,Fisher_Hidden_Bearish,OBV,OBV_Smoothed,OBV_Regular_Bullish,OBV_Regular_Bearish,OBV_Hidden_Bullish,OBV_Hidden_Bearish,Volume_MA,Vol_Regular_Bullish,Vol_Regular_Bearish,Vol_Hidden_Bullish,Vol_Hidden_Bearish
2021-12-31 00:00:00+00:00,17.9689048281,18.0371627761,17.6105506007,17.7044052793,641387,,,,,,,,,,,#000000,,,,False,False,False,False,,,False,False,False,False,0,0.0,False,False,False,False,641387.0,False,False,False,False
2022-01-07 00:00:00+00:00,18.6514843087,18.6941455263,17.9859693151,17.9859693151,1052113,,,,,,,,,,,#000000,,,,False,False,False,False,,,False,False,False,False,1052113,77934.29629629629,False,False,False,False,671811.1481481482,False,False,False,False
2022-01-14 00:00:00+00:00,18.8221291789,18.8306614224,18.421113734,18.6344198217,1112156,,,,,,,,,,,#000000,,,,False,False,False,False,,,False,False,False,False,2164269,232477.60768175582,False,False,False,False,704429.2853223595,False,False,False,False
2022-01-21 00:00:00+00:00,18.1139529677,18.8306614224,18.0632714413,18.8188869264,1831223,,,,,,,,,,,#000000,,,,False,False,False,False,,,False,False,False,False,333046,239927.118223848,False,False,False,False,787895.4864095922,False,False,False,False
2022-01-28 00:00:00+00:00,18.1679177643,18.4162069326,17.6884628186,17.9453136824,2092286,,,,,,,,,,,#000000,,,,False,False,False,False,,,False,False,False,False,2425332,401808.96131837775,False,False,False,False,884517.0059348077,False,False,False,False
2022-02-04 00:00:00+00:00,18.2449730234,18.4246830111,17.9769919556,18.0908625052,1890326,,,,,,,,,,,#000000,,,,False,False,False,False,,,False,False,False,False,4315658,691723.7049244238,False,False,False,False,959021.3758655626,False,False,False,False
2022-02-11 00:00:00+00:00,18.2877815007,18.4932621917,18.1423182949,18.2278496325,3004367,,,,,,,,,,,#000000,,,,False,False,False,False,,,False,False,False,False,7320025,1182708.9860411333,False,False,False,False,1110528.45913478,False,False,False,False
2022-02-18 00:00:00+00:00,18.0994242006,18.3990835417,17.9709987687,18.3134665871,1903108,,,,,,,,,,,#000000,,,,False,False,False,False,,,False,False,False,False,5416917,1496354.0241121603,False,False,False,False,1169238.054754426,False,False,False,False
2022-02-25 00:00:00+00:00,18.2566879487,18.2987857232,17.3460013969,18.1621827405,1776203,,,,,,,,,,,#000000,,,,False,False,False,False,,,False,False,False,False,7193120,1918336.688992741,False,False,False,False,1214198.421068913,False,False,False,False
2022-03-04 00:00:00+00:00,18.4800638954,18.5230208082,17.7497963774,18.0504947671,1936941,,,,,,,,,,,#000000,,,,False,False,False,False,-0.07218930992607013,-0.07218930992607013,False,False,False,False,9130061,2452538.4898080938,False,False,False,False,1267734.9083971416,False,False,False,False
2022-03-11 00:00:00+00:00,18.2051396533,18.4972466605,18.1192258277,18.4542897477,1872021,,,,,,,,,,,#000000,,,,False,False,False,False,0.0691873723222642,-0.001500968801902966,False,False,False,False,7258040,2808501.5646371236,False,False,False,False,1312496.8411084644,False,False,False,False
2022-03-18 00:00:00+00:00,18.4027414523,18.5049789048,18.1020430625,18.2738707138,1546595,,,,,,,,,,,#000000,,,,False,False,False,False,0.06528840615627748,0.03189371867718726,False,False,False,False,8804635,3252659.5968862255,False,False,False,False,1329837.4454708004,False,False,False,False
2022-03-25 00:00:00+00:00,18.8688396512,18.8774594958,18.4119878918,18.4550871144,1209489,,,,,,,,,,,#000000,,,,False,False,False,False,0.3428281643472484,0.18736094151221783,False,False,False,False,10014124,3753508.81193169,False,False,False,False,1320922.7458062966,False,False,False,False
2022-04-01 00:00:00+00:00,18.9895174745,19.0670960752,18.6533435383,18.8774594958,1543720,,,,,,,,,,,#000000,,,,False,False,False,False,0.3428281830491582,0.265094562280688,False,False,False,False,11557844,4331607.714751565,False,False,False,False,1337426.2461169413,False,False,False,False
2022-04-08 00:00:00+00:00,19.0412365416,19.1344170609,18.6964427609,19.0239968526,1975348,,,,,,,,,,,#000000,,,,False,False,False,False,0.342828186653921,0.30396137446730453,False,False,False,False,13533192,5013206.550695893,False,False,False,False,1384679.7093675383,False,False,False,False
2022-04-15 00:00:00+00:00,19.0067571635,19.1706204078,18.8384977985,19.0670960752,1092431,,,,,,,,,,,#000000,,,,False,False,False,False,0.3428281917627864,0.32339478311504544,False,False,False,False,12440761,5563395.769162864,False,False,False,False,1363031.6568217948,False,False,False,False
2022-04-22 00:00:00+00:00,19.0161789134,19.6085428313,18.8778165384,18.9815883196,1346205,,,,,,,,,,,#000000,,,,False,False,False,False,0.3428282022852713,0.3331114927001584,False,False,False,False,13786966,6172549.1195952445,False,False,False,False,1361785.2377979583,False,False,False,False
2022-04-29 00:00:00+00:00,18.1860046634,18.9729406712,18.1341187728,18.9729406712,1474241,,,,,,,,,,,#000000,,,,False,False,False,False,0.009636098802025669,0.17137379575109202,False,False,False,False,12312725,6627376.962588189,False,False,False,False,1370115.294257369,False,False,False,False
2022-05-06 00:00:00+00:00,18.6010917884,18.8518735931,17.8919846165,18.2984240931,2593947,,,,,,,,,,,#000000,,,,False,False,False,False,-0.19187267770131503,-0.010249440975111504,False,False,False,False,14906672,7240658.076470545,False,False,False,False,1460769.494682749,False,False,False,False
2022-05-13 00:00:00+00:00,18.4800247103,18.6789206243,17.9957563978,18.4800247103,2034299,,,,,,,,,,,#000000,,,,False,False,False,False,-0.31639141625816747,-0.16332042861663948,False,False,False,False,12872373,7657822.144880134,False,False,False,False,1503253.161743286,False,False,False,False
2022-05-20 00:00:00+00:00,18.376252929,18.929702429,18.0822328822,18.4973200071,1456302,,,,,,,,,,,#000000,,,,False,False,False,False,-0.19005520865789624,-0.17668781863726785,False,False,False,False,11416071,7936210.948963087,False,False,False,False,1499775.29791045,False,False,False,False
2022-05-27 00:00:00+00:00,19.2850787879,19.293754037,18.3655023814,18.5823836094,1164699,,,,,,,,,,,#000000,,,,False,False,False,False,0.02869234502633642,-0.07399773680546572,False,True,False,False,12580770,8280252.360151007,False,False,False,False,1474954.8313985649,False,False,False,False
2022-06-03 00:00:00+00:00,19.0248213143,19.293754037,18.812277711,19.2330272932,2891951,,,,,,,,,,,#000000,,,,False,False,False,False,0.19383746797722104,0.05991986558587766,False,False,False,False,9688819,8384590.629769451,False,False,False,False,1579917.5105542268,False,False,False,False
2022-06-10 00:00:00+00:00,18.3655023814,19.2503777914,18.2746725232,19.1549500511,1313431,,,,,,,,,,,#000000,,,,False,False,False,False,-0.020209860567104766,0.019855002509386446,False,False,False,False,8375388,8383908.953490232,False,False,False,False,1560177.7690316916,False,False,False,False
2022-06-17 00:00:00+00:00,17.2463952453,18.1486211535,17.1474974053,18.0705439114,2161849,,,,,,,,,,,#000000,,,,False,False,False,False,-0.34282825441539394,-0.16148662595300375,False,False,False,False,6213539,8223140.808787252,False,False,False,False,1604746.0083626774,False,False,False,False
2022-06-24 00:00:00+00:00,18.1219257182,18.1480380031,17.3559653612,17.416894026,1296618,,,,,,,,,,,#000000,,,,False,False,False,False,-0.2952858292368309,-0.22838622759491733,False,False,False,False,7510157,8170327.19332153,False,False,False,False,1581921.7114469234,False,False,False,False
2022-07-01 00:00:00+00:00,18.1828543829,18.4004567571,17.66931278,18.156742098,4463306,,,,,,,,,,,#000000,,0.9950963587478159,0.9562661439863852,False,False,False,False,-0.14938415152986673,-0.18888518956239203,False,False,False,False,11973463,8452040.956779195,False,False,False,False,1795357.5846730773,False,False,False,False
2022-07-08 00:00:00+00:00,17.8085782994,18.0609970534,17.5474554505,18.0609970534,1851550,,,,,,,,,,,#000000,,0.9602124970036072,1.0076630461554932,False,False,False,False,-0.26250619601081077,-0.2256956927866014,False,False,False,False,10121913,8575735.18220296,False,False,False,False,1799519.985808405,False,False,False,False
2022-07-15 00:00:00+00:00,17.8085782994,18.0174765786,17.4015748188,17.7737619196,1304475,,,,,,,,,,,#000000,,0.9274394408441683,1.0178731850602407,False,False,False,False,-0.31075655253206225,-0.2682261226593318,False,False,False,False,10121913,8690266.872410148,False,False,False,False,1762849.9868596343,False,False,False,False
2022-07-22 00:00:00+00:00,17.7619690566,18.0326775329,17.5900255115,17.9191546235,1478523,,,,,,,,,,,#000000,,0.9579131235709842,1.0173253748976574,False,False,False,False,-0.25892626629853693,-0.2635761944789344,False,False,False,False,8643390,8686794.511490878,False,False,False,False,1741788.7285737356,False,False,False,False
2022-07-29 00:00:00+00:00,18.4867691705,18.530431828,17.7794341196,17.7794341196,1356980,,,,,,,,,,,#000000,,0.9898114274344412,0.9632153150676774,False,False,False,False,-0.09214822838922579,-0.1778622114340801,False,False,False,False,10000370,8784096.399528591,False,False,False,False,1713284.3783090145,False,False,False,False
2022-08-05 00:00:00+00:00,18.2247932258,18.55872523,18.1025377849,18.4605715761,1698416,,,,,,,,,,,#000000,,0.9918262912098843,0.9620814937490461,False,False,False,False,-0.00935147804036485,-0.09360684473722247,False,False,False,False,8301954,8748382.147711659,False,False,False,False,1712183.0169527913,False,False,False,False
2022-08-12 00:00:00+00:00,19.0194535916,19.0194535916,18.2509908202,18.2509908202,1427516,,,,,,,,,,,#000000,,0.9895910446232399,0.9393277669085054,False,False,False,False,0.26033583079940864,0.08336449303109308,False,False,False,False,9729470,8821055.32195524,False,False,False,False,1691096.5712525845,False,False,False,False
2022-08-19 00:00:00+00:00,19.0281861231,19.2552319419,18.8622680247,18.9321282767,1194271,,,,,,,,,,,#000000,,1.0340074939130033,0.9204712390585515,False,False,False,False,0.342828201912209,0.21309634747165102,False,False,False,False,10923741,8976809.816625223,False,False,False,False,1654294.6770857263,False,False,False,False
2022-08-26 00:00:00+00:00,18.3778225659,18.9121634509,18.3638946642,18.9121634509,2169576,,,,,,,,,,,#000000,,1.0351858401889207,0.9264636023921474,False,False,False,False,0.1248404588403872,0.1689684031560191,False,False,False,False,8754165,8960317.607986318,False,False,False,False,1692463.663968265,False,False,False,False
2022-09-02 00:00:00+00:00,17.9310785474,18.4128613125,17.8522413677,18.2902256996,3033794,,,,,,,,,,,#000000,,0.9821199629538635,0.9678367705943708,False,False,False,False,-0.12369561111041652,0.02263639602280129,False,False,False,False,5720371,8720321.562950294,False,False,False,False,1791821.4666372826,False,False,False,False
2022-09-09 00:00:00+00:00,18.3252644461,18.3734427226,17.7033266948,17.966117294,1045339,,,,,,,,,,,#000000,,0.9526341086347595,0.9691606862489948,False,False,False,False,-0.17077302966167024,-0.07406831681943447,False,False,False,False,6765710,8575535.521250272,False,False,False,False,1736526.469108595,False,False,False,False
2022-09-16 00:00:00+00:00,17.7734041879,18.5530162987,17.6420088884,18.4128613125,1322660,,,,,,,,,,,#000000,,0.9515135407416072,0.9604409999254757,False,False,False,False,-0.14113822741028523,-0.10760327211485984,False,False,False,False,5443050,8343499.556713215,False,False,False,False,1705869.6936190694,False,False,False,False
2022-09-23 00:00:00+00:00,17.119928222,17.9636207833,16.9144539295,17.6823899295,1910422,,,,,,,,,,,#000000,,0.8973934159141542,1.0142066070409308,False,False,False,False,-0.34282825441539394,-0.22521576326512688,False,False,False,False,3532628,7987138.700660384,False,False,False,False,1721021.716313953,False,False,False,False
2022-09-30 00:00:00+00:00,16.33775491,17.1375051504,16.3113895175,17.067197437,2965926,,,,,,,,,,,#000000,,0.854947449013981,1.067648134678469,False,False,False,False,-0.34282825441539394,-0.2840220088402604,False,False,False,False,566702,7437476.722833689,True,False,False,False,1813236.8484388455,True,False,False,False
2022-10-07 00:00:00+00:00,16.4871588011,17.2341782564,16.4124568556,16.5486780504,1400278,,,,,,,,,,,#000000,,0.8575185555785674,1.060669941453721,False,False,False,False,-0.31176888912637457,-0.2978954489833175,False,False,False,False,1966980,7032254.743364527,False,False,False,False,1782647.3041100423,False,False,False,False
2022-10-14 00:00:00+00:00,16.8474858325,17.2491186455,16.285024125,16.5223126578,1399467,,,,,,,,16.793876201,,16.793876201,#000000,,0.8485408129577713,1.0598154744842747,False,False,False,False,-0.329363224309118,-0.3136293366462177,False,False,False,False,3366447,6760713.429041228,False,False,False,False,1754263.577879669,False,False,False,False
2022-10-21 00:00:00+00:00,17.2429667206,17.4187360041,16.8386973683,17.067197437,2044629,,,,,,,,17.0152669164763,,17.0152669164763,#000000,,0.8733194453518215,1.0737954004933048,False,False,False,False,-0.21913872986209829,-0.266384033254158,False,False,False,False,5411076,6660740.286149285,False,False,False,False,1775772.12766636,False,False,False,False
2022-10-28 00:00:00+00:00,18.2813825195,18.2990201293,17.2672199581,17.3642268118,2346234,,,,,,,,17.393698410820715,,17.393698410820715,#000000,,0.9339487420163567,0.9983494675137681,False,False,False,False,0.035153805564106674,-0.11561511384502565,False,False,False,False,7757310,6741967.672360448,False,False,False,False,1818028.562654037,False,False,False,False
2022-11-04 00:00:00+00:00,18.0168183731,18.3342953488,17.5406029095,18.2196508854,2462176,,,,,,,,17.563822530433644,,17.563822530433644,#000000,,0.9593731361513649,0.9904573569764586,False,False,False,False,0.24323876196035388,0.06381182405766411,False,False,False,False,5295134,6634794.807741156,False,False,False,False,1865743.187642627,False,False,False,False
2022-11-11 00:00:00+00:00,18.5692283109,18.6253159099,17.8404422754,18.0697312024,2191982,,,,,,,,17.727767099607306,,17.727767099607306,#000000,,0.969410013380966,0.9672450176899848,False,False,False,False,0.3428282053142297,0.2033200146859469,False,False,False,False,7487116,6697929.710871441,False,False,False,False,1889909.025595025,False,False,False,False
2022-11-18 00:00:00+00:00,18.5635842757,18.730259688,18.175645049,18.5724030806,1811181,,,,,,,,17.840387083872262,,17.840387083872262,#000000,,0.9816097298671699,0.9741773784631969,False,False,False,False,0.3428282115657899,0.2730741131258684,False,False,False,False,5675935,6622226.398955039,False,False,False,False,1884077.3199953935,False,False,False,False
2022-11-25 00:00:00+00:00,19.0135340413,19.0223816606,18.5261186898,18.562305453,2163225,,,,,,,,17.992458220499348,,17.992458220499348,#000000,,0.984692711566748,0.9773391675639602,False,False,False,False,0.3428282182822814,0.3079511657040749,False,False,False,False,7839160,6712369.628662073,False,False,False,False,1904754.9259216608,False,False,False,False
2022-12-02 00:00:00+00:00,19.03122928,19.2170292869,18.5711530724,18.9250578475,1577620,,,,,,,,18.085888042707694,,18.085888042707694,#000000,,0.9640992409747249,0.9674906959696693,False,False,False,False,0.3428282202781057,0.32538969299109033,False,False,False,False,9416780,6912696.322835253,False,False,False,False,1880522.709186723,False,False,False,False
2022-12-09 00:00:00+00:00,18.5092197368,18.9250578475,18.4649816399,18.9250578475,1391885,,,,,,,,18.1296894988836,,18.1296894988836,#000000,2.4061075452517002,0.9804648647155342,0.9742945051838765,False,False,False,False,0.27495501951393003,0.30017235625251015,False,False,False,False,8024895,6995081.410032642,False,False,False,False,1844327.3233210398,False,False,False,False
2022-12-16 00:00:00+00:00,18.1022292454,19.0666197575,17.9394330489,18.5446102143,2029553,,,,,,,,18.1547467591016,,18.1547467591016,#000000,0.0,1.0103621417424975,0.9198209036127003,False,False,False,False,0.21176491216516527,0.2559686342088377,False,False,False,False,5995342,6921026.638919113,False,False,False,False,1858047.7438157776,False,False,False,False
2022-12-23 00:00:00+00:00,18.4616918945,18.4616918945,17.9545514425,18.1502898626,2286159,,,,,,,,18.16927200185074,,18.16927200185074,#000000,2.0233700501504366,1.0060524383591607,0.9567186843747164,False,False,False,False,0.07367757360619583,0.16482310390751675,False,False,False,False,8281501,7021802.517517698,False,False,False,False,1889759.6887183124,False,False,False,False
2022-12-30 00:00:00+00:00,18.408308689,18.6327850681,18.2570562735,18.4616918945,1584031,,,,,,,,18.18719118716016,,18.18719118716016,#000000,1.688787741554318,1.0055731945494,0.9603547425522642,False,False,False,False,0.0632432498764337,0.11403317689197523,False,False,False,False,6697470,6997777.886590461,False,False,False,False,1867113.1191836228,False,False,False,False
2023-01-06 00:00:00+00:00,18.9510379447,18.9910753488,18.310439479,18.4527946936,1597432,,,,,,,,18.223373117342113,,18.223373117342113,#000000,4.8500486414004875,1.021900432173057,0.9287778900751137,False,False,False,False,0.16356394180546388,0.13879855934871954,False,False,False,False,8294902,7093861.154250426,False,False,False,False,1847136.739984836,False,False,False,False
2023-01-13 00:00:00+00:00,19.0755987575,19.1245333625,18.7019163192,18.9688323466,1852270,,,,,,,,18.274912242814096,,18.274912242814096,#000000,5.551383879007382,1.0520093167119386,0.9181737375749767,False,False,False,False,0.34282814937296713,0.24081335436084333,False,False,False,False,10147172,7320032.328009654,False,False,False,False,1847516.9814674407,False,False,False,False
2023-01-20 00:00:00+00:00,18.6752247164,19.1022903602,18.3282338808,19.1022903602,1649538,,,,,,,,18.299724655950453,,18.299724655950453,#000000,2.9938747944509068,1.0203828636962093,0.9216980058370792,False,False,False,False,0.14572304757372612,0.19326820096728473,False,False,True,False,8497634,7407262.08149042,False,False,False,False,1832851.8717291118,False,False,False,False
2023-01-27 00:00:00+00:00,18.8698557316,18.9234125596,18.5485147636,18.7181113856,1822950,,,,,,,,18.32874126562175,,18.32874126562175,#000000,4.11034491052812,1.023526937778647,0.9586999114527929,False,False,False,False,0.16557422852742737,0.17942121474735606,False,False,False,False,10320584,7623063.705083721,False,False,False,False,1832118.3997491775,False,False,False,False
2023-02-03 00:00:00+00:00,19.3072364936,19.4857592536,18.7270375236,18.8252250416,2664605,,,,,,,,18.397198698643283,,18.397198698643283,#000000,6.5442798146379815,1.0152047002524973,0.9300870287793878,False,False,False,False,0.3428281719622372,0.2611246933547966,False,False,False,False,12985189,8020258.171373816,False,True,False,False,1893784.073841831,False,False,False,False
2023-02-10 00:00:00+00:00,18.7716682136,19.2469850621,18.464519805,19.2358273896,2334288,,,,,,,,18.425741527562174,,18.425741527562174,#000000,3.1899473105149454,0.9908147153376927,0.9666816124822072,False,False,False,False,0.14688766978311646,0.20400618156895653,False,False,False,False,10650901,8215120.603123904,False,False,False,False,1926413.9942979917,False,False,False,False
2023-02-17 00:00:00+00:00,19.0483784916,19.0796199746,18.6199238676,18.7627420756,1308787,,,,,,,,18.443311214338355,,18.443311214338355,#000000,4.71422610549314,0.965995282467656,0.9887810086337189,False,False,False,False,0.14240096374264674,0.17320357265580164,False,False,False,False,11959688,8492495.965855466,False,False,False,False,1880663.8465722145,False,False,False,False
2023-02-24 00:00:00+00:00,18.5203803123,18.9592094396,18.3591777757,18.9592094396,1960444,,,,,,,,18.451952762880317,,18.451952762880317,#000000,1.5504344169111342,0.9804405560675263,0.9781360287821594,False,False,False,False,0.0014206423186604378,0.08731210748723103,False,False,False,False,9999244,8604106.931347653,False,False,False,False,1886573.4875668653,False,False,False,False
2023-03-03 00:00:00+00:00,18.4576904369,18.6994942418,18.1621524532,18.6188929735,1831092,,,,,,,,18.451399762402293,,18.451399762402293,#000000,1.1841020384821306,0.997566793518364,0.9650478778194858,False,False,False,False,-0.34282825441539394,-0.12775807346408147,False,False,False,False,8168152,8571813.973470049,False,False,False,False,1882463.7477470976,False,False,False,False
2023-03-10 00:00:00+00:00,17.4636081281,18.5382917052,17.311361288,18.5293360087,2047644,,,,,,,,18.418511882033275,,18.418511882033275,#000000,0.0,0.9605047796952518,0.9725206711072668,False,False,False,False,-0.34282825441539394,-0.2352931639397377,False,False,False,False,6120508,8390235.753213009,False,False,False,False,1894699.3219880534,False,False,False,False
2023-03-17 00:00:00+00:00,17.1501587514,17.7322790224,17.0874688761,17.2397157162,3281447,,,,,,,,18.339765614623822,,18.339765614623822,#000000,0.0,0.9512165146846523,1.02501672433632,False,False,False,False,-0.34282825441539394,-0.2890607091775658,False,False,False,False,2839061,7979037.623345378,False,False,False,False,1997421.3722111606,False,False,False,False
2023-03-24 00:00:00+00:00,17.1852995366,17.7066109242,16.7898219322,17.2661926829,2393573,,,,,,,,18.28432570723163,,18.28432570723163,#000000,0.0,0.9741022948154309,0.9947285040081797,False,False,False,False,-0.34282825441539394,-0.3159444817964799,False,False,False,False,5232634,7775600.317912387,False,False,False,False,2026765.9372325563,False,False,False,False
2023-03-31 00:00:00+00:00,17.9043497264,17.9133378537,17.2752706916,17.3920264661,1575970,,,,,,,,18.26568807666882,,18.26568807666882,#000000,0.0,1.028219059766757,0.9336934631311558,False,False,False,False,-0.21011282575843898,-0.26302865377745943,False,False,False,False,6808604,7703970.961029988,False,False,False,False,1993373.6455857002,False,False,False,False
2023-04-07 00:00:00+00:00,17.8594090895,18.0211953822,17.5987533957,17.9043497264,1332331,,,,,,,,18.254200029582748,,18.254200029582748,#000000,0.0,1.0455353133598455,0.9354831006345731,False,False,False,False,-0.1312194990659429,-0.19712407642170116,False,False,False,False,5476273,7538956.297249989,False,False,False,False,1944407.523690463,False,False,False,False
2023-04-14 00:00:00+00:00,17.9133378537,18.209946057,17.8041321062,17.8144684526,2155863,,,,,,,,18.24289641795969,,18.24289641795969,#000000,0.0,1.066156093207561,0.923404830942897,False,False,False,False,-0.018455157009514975,-0.10778961671560806,False,False,False,False,7632136,7545858.497453693,False,False,False,False,1960070.8923059842,False,False,False,False
2023-04-21 00:00:00+00:00,17.9043497264,18.1470291654,17.8054803253,17.9492903632,2127997,,,,,,,,18.23169815167501,,18.23169815167501,#000000,0.0,1.034841190382143,0.935910253623261,False,False,False,False,-0.02998487444716808,-0.06888724558138808,False,False,False,False,5504139,7394620.016160827,False,False,False,False,1972509.8632462816,False,False,False,False
2023-04-28 00:00:00+00:00,18.0214847656,18.0575638141,17.4622595126,17.922267382,1971699,,,,,,,,18.21844013506623,,18.21844013506623,#000000,0.0,0.9909721196317386,0.9937560365400431,False,False,False,False,-0.09089850316755593,-0.07989287437447201,False,False,False,False,7475838,7400636.163111878,False,False,False,False,1972449.7993021125,False,False,False,False
2023-05-05 00:00:00+00:00,17.4352002261,18.0846231006,17.0383306918,18.0395242898,2399551,,,,,,,,18.190293449974,,18.190293449974,#000000,0.0,0.9499086566984319,0.994334630572278,False,False,False,False,-0.15643652605392433,-0.11816470021419817,False,False,False,False,5076287,7228462.151029516,False,False,False,False,2004086.9252797337,False,False,False,False
2023-05-12 00:00:00+00:00,17.0653899782,17.5118682044,16.9375799486,17.4802990369,2632542,,,,,,,,18.147198497205917,,18.147198497205917,#000000,0.0,0.9253119643501198,1.0459393048696355,False,False,False,False,-0.34282825441539394,-0.23049647731479606,False,False,False,False,2443745,6874038.658360663,False,False,False,False,2050639.1530367904,False,False,False,False
2023-05-19 00:00:00+00:00,16.993231881,17.2367654589,16.7767575896,17.0653899782,1833624,,,,,,,,18.114426979846463,,18.114426979846463,#000000,0.0,0.895042819200558,1.0690668012685842,False,False,False,False,-0.34282825441539394,-0.28666236586509497,False,False,False,False,610121,6410044.757741354,False,False,False,False,2034563.9565155467,False,False,False,False
2023-05-26 00:00:00+00:00,16.7941147855,17.3373206546,16.5723057223,17.0657177201,3246255,,,,,,,,18.05591552763808,,18.05591552763808,#000000,0.0,0.8638564068701335,1.079310238433162,False,False,False,False,-0.34282825441539394,-0.3147453101402444,False,False,False,False,-2636134,5739957.442353105,False,False,False,False,2124318.8486255063,True,False,False,False
2023-06-02 00:00:00+00:00,17.120038307,17.1381451693,16.404817246,16.8122216478,1543371,,,,,,,16.887666907433335,18.029728105909506,,17.45869750667142,"rgba(239, 83, 80, 0.5)",0.0,0.852039285005198,1.1020994203373118,True,False,False,False,-0.34282825441539394,-0.3287867822778192,False,False,False,False,-1092763,5233830.002178801,False,False,False,False,2081285.6746532465,False,False,False,False
2023-06-09 00:00:00+00:00,17.418801535,17.6360838826,16.9208628217,17.1290917381,2378969,,,,,,,17.153068483003867,18.00619976200286,,17.579634122503364,"rgba(239, 83, 80, 0.5)",0.0,0.8958580839934541,1.0612867247664748,False,False,False,False,-0.05924841755707688,-0.19401759991744805,False,False,False,False,1286206,4941413.409424816,False,False,False,False,2103336.2913455986,False,False,False,False
2023-06-16 00:00:00+00:00,17.6270304515,17.6994579007,17.3114278415,17.4369083973,2655567,,,,,,,17.31168759777396,17.989658518786033,,17.65067305828,#000000,0.0,0.9470667397953935,1.0688226556257978,False,False,False,False,0.062141351987241494,-0.06593812396510328,False,False,False,False,3941773,4867365.971689645,False,False,False,False,2144242.269764443,False,False,False,False
2023-06-23 00:00:00+00:00,16.9565626117,17.5835737694,16.8929527842,17.5835737694,1681910,,,,,,,17.277616041277152,17.970844821077584,,17.624230431177367,"rgba(239, 83, 80, 1.0)",0.0,0.9190752748544971,1.0358303793846837,False,False,False,False,-0.0744242031134833,-0.0701811635392933,True,False,False,False,2259863,4674217.603416339,False,False,False,False,2109995.434967077,False,False,False,False
2023-06-30 00:00:00+00:00,17.4654412325,17.5472252965,16.9692845773,16.9747368482,1800276,,,,,,,17.286510144637383,17.95587059948261,,17.621190372059996,#000000,0.0,0.9059129759158318,1.0469435918236714,False,False,False,False,-0.004968950493668875,-0.03757505701648108,False,False,False,False,4060139,4628730.299459573,False,False,False,False,2087053.2545991451,False,False,False,False
2023-07-07 00:00:00+00:00,17.4200056413,17.6744449517,17.1019565034,17.447266996,1890089,,,,,,,17.304270735344286,17.942586066198164,,17.623428400771225,"rgba(239, 83, 80, 0.5)",0.0,0.9100464723375554,1.0610669590390305,False,False,False,False,0.18740014810844782,0.07491254554598337,False,False,False,False,2170050,4446605.832832937,False,False,False,False,2072463.3098140233,False,False,False,False
2023-07-14 00:00:00+00:00,17.6835320699,17.9924940896,17.3845658802,17.4200056413,2119373,,,,,,,17.361902825566013,17.935926120202975,,17.648914472884492,#000000,0.0,0.9045927877752419,1.049478671137801,False,False,False,False,0.3428281736500592,0.20887035959802128,False,False,False,False,4289423,4434962.660030497,False,False,False,False,2075938.1016796513,False,False,False,False
2023-07-21 00:00:00+00:00,18.0924523901,18.2378462818,17.5017897054,17.5926608876,1984056,,,,,,,17.4338475014413,17.936118984394056,,17.684983242917678,#000000,0.5368804121244999,0.933481273143637,1.0337257332183878,False,False,False,False,0.3428281869809293,0.2758492732894753,False,False,False,False,6273479,4571149.055583794,False,False,False,False,2069132.0200737512,False,False,False,False
2023-07-28 00:00:00+00:00,18.322630816,18.5141565736,18.11286451,18.11286451,2018309,,,,,,,17.532429593170164,17.94511206174731,,17.738770827458737,"rgba(38, 166, 154, 0.5)",1.7738711568601992,0.9555627011012997,1.0055144303482262,False,False,False,False,0.34282820638404077,0.309338739836758,False,False,False,False,8291788,4846751.940355364,False,False,False,False,2065367.35192014,False,False,False,False
2023-08-04 00:00:00+00:00,18.5506376703,18.7063207505,17.8210157364,18.3682321868,3189661,,,,,,,17.656480346223862,17.96002911664912,,17.80825473143649,"rgba(38, 166, 154, 0.5)",2.9831228937047065,0.9282905051952921,1.027196471797926,False,False,False,False,0.3190714553644375,0.3142050976005978,False,False,False,False,11481449,5338210.981810522,False,False,False,False,2148648.3628890184,False,False,False,False
2023-08-11 00:00:00+00:00,18.9336891856,18.9701702823,18.2496686226,18.587118767,1994916,,,,,,,17.747522807821948,17.97672190192064,,17.862122354871296,"rgba(38, 166, 154, 1.0)",4.9657646199380565,0.9721858801608566,1.001246174500615,False,False,False,False,0.3428282004180758,0.3285166490093368,False,False,False,False,13476365,5941037.205380113,False,False,False,False,2137260.780452795,False,False,False,False
2023-08-18 00:00:00+00:00,18.4594349286,18.8652871293,18.3408713643,18.8607269922,2288421,,,,,,,17.81987772515656,17.990978812864345,,17.90542826901045,"rgba(38, 166, 154, 0.5)",2.2779845968109846,0.9646265829837366,0.993560840680897,False,False,False,False,0.3391391525795352,0.333827900794436,False,False,False,False,11187944,6329696.967944548,False,False,False,False,2148457.833752588,False,False,False,False
2023-08-25 00:00:00+00:00,18.2356851837,18.5560912989,18.1166771981,18.473701155,1853816,,,,,,,17.852553768189836,17.997082835083653,,17.924818301636744,#000000,1.0474341339026836,0.9715831402471058,1.0100078909893617,False,False,False,False,0.20104873211668964,0.2674383164555628,False,False,True,False,9334128,6552247.414763471,False,False,False,False,2126632.5127338776,False,False,False,False
2023-09-01 00:00:00+00:00,19.0321232414,19.1419767667,18.3180753276,18.3455387089,1969179,,,,,,,17.918142169668545,18.014063177621342,,17.966102673644944,"rgba(38, 166, 154, 1.0)",5.090785150966873,0.9905986699315147,0.9557491180055884,False,True,False,False,0.34282820409115894,0.30513326027336085,False,True,False,False,11303307,6904177.754410622,False,True,False,False,2114969.289568405,False,False,False,False
2023-09-08 00:00:00+00:00,18.3638476298,19.0412777019,18.2723030255,19.0046598601,1422148,,,,,,,17.94774905301104,18.021965306561725,,17.98485717978638,#000000,1.5091676169673995,1.0385078546195206,0.9509164916497168,False,False,False,False,0.3029147259804303,0.30402399312689554,False,False,False,False,9881159,7124694.883713539,False,False,False,False,2063649.1940448196,False,False,False,False
2023-09-15 00:00:00+00:00,18.4553922341,18.5835546802,18.1807584211,18.4370833133,2557582,,,,,,,17.98293799330715,18.031737770430105,,18.00733788186863,"rgba(38, 166, 154, 0.5)",1.9657031370248532,1.047108793119446,0.9290498448808808,False,False,False,False,0.10999521240130859,0.20700960276410207,False,False,False,False,12438741,7518327.929364388,False,False,False,False,2100236.809300759,False,False,False,False
2023-09-22 00:00:00+00:00,17.8558809724,18.4670060803,17.8413610075,18.4624111547,1932988,,,,,,,17.986872460843266,18.032171357409776,,18.00952190912652,#000000,0.0,1.0453760958588252,0.9333900069395035,False,False,False,False,-0.11228834898771904,0.047360626888191516,False,False,False,False,10505753,7739618.675337397,False,False,False,False,2087848.0086118137,False,False,False,False
2023-09-29 00:00:00+00:00,17.6353245425,17.8604758981,17.3688188564,17.800741865,1561359,,,,,,,17.971389706203567,18.02601539848371,,17.998702552343637,"rgba(239, 83, 80, 0.5)",0.0,0.9916057416555464,0.9890538602059858,False,False,False,False,-0.34282825441539394,-0.1477338137636012,False,False,False,False,8944394,7828861.291979071,False,False,False,False,2048848.8227887163,False,False,False,False
2023-10-06 00:00:00+00:00,17.1298827239,17.5618057325,16.7714785253,17.5618057325,2521501,,,,,,,17.91905521907502,18.005411899614174,,17.962233559344597,"rgba(239, 83, 80, 1.0)",0.0,0.9311458343609859,1.0096727318376852,False,False,False,False,-0.34282825441539394,-0.24528103408949758,False,False,False,False,6422893,7724715.492573214,False,False,False,False,2083860.0951747373,False,False,False,False
2023-10-13 00:00:00+00:00,17.2217812364,17.5985651375,17.056363914,17.056363914,1693014,,,,,,,17.893207611680914,17.994269736402103,,17.94373867404151,"rgba(239, 83, 80, 1.0)",0.0,0.9365265823079962,1.0187925398929645,False,False,False,False,-0.26836953277325,-0.2568252834313738,False,False,False,False,8115907,7753692.641271494,False,False,False,False,2054908.5325692012,False,False,False,False
2023-10-20 00:00:00+00:00,16.9736552527,17.800741865,16.9552755503,17.3596290051,1971809,,,,,,,17.863421571346894,17.98084788407494,,17.92213472771092,"rgba(239, 83, 80, 1.0)",0.0,0.9323885565438055,1.0026657659862466,False,False,False,False,-0.24559053060132682,-0.2512079070163503,False,False,False,False,6144098,7634463.408584717,False,False,False,False,2048753.0116381492,False,False,False,False
2023-10-27 00:00:00+00:00,16.626156815,17.0881792394,16.5707362923,16.9217329362,2453456,,,,,,16.761690782233334,17.80399011089724,17.95432821709104,,17.506669703407205,"rgba(255, 0, 0, 1.0)",0.0,0.9296398989968322,1.0394444239123708,True,False,False,False,-0.34282825441539394,-0.2970180807158721,False,False,False,False,3690642,7342328.489430293,False,False,False,False,2078731.010776064,True,False,False,False
2023-11-03 00:00:00+00:00,17.7438040231,17.836171561,16.6677222071,16.7462346142,1947937,,,,,,17.051225687847914,17.78805122853071,17.945187148253837,,17.594821354877485,#000000,0.0,0.9583269209513444,0.9945056029216159,False,False,False,False,-0.18537927033147375,-0.2411986755236729,False,False,False,False,5638579,7216124.823546568,False,False,False,False,2069042.5655333926,False,False,False,False
2023-11-10 00:00:00+00:00,17.143415027,17.7992245459,16.9771534589,17.7992245459,1486349,,,,,,17.115693849173695,17.77342192144864,17.937020452864395,,17.60871207449558,"rgba(239, 83, 80, 0.5)",0.0,0.982551168432282,0.9637176810425141,False,False,False,False,-0.12890551407003972,-0.1850520947968563,False,False,False,False,4152230,6989169.651432008,False,False,False,False,2025880.0791975856,False,False,False,False
2023-11-17 00:00:00+00:00,18.0116698829,18.068014081,16.9494431975,17.0972312581,2781864,,,,,,17.295602914614797,17.76819986739214,17.930927664121075,,17.66491014870934,#000000,0.24015844294865474,0.9905768671385716,0.9348570026139069,False,False,False,False,-0.04128827569739399,-0.11317018524712515,False,False,False,False,6934094,6985089.973548155,False,False,False,False,2081878.8881459127,False,False,False,False
2023-11-24 00:00:00+00:00,17.9846682787,18.0171818835,17.7756522476,18.0125370829,2372734,,,,,,17.431024487240332,17.77511719060622,17.93082809487105,,17.712323257572535,#000000,0.11551719826189455,1.049209857348215,0.941561341490642,False,False,False,False,0.20437527633998104,0.045602545546427946,False,False,False,False,4561360,6805554.419951996,False,False,False,False,2103423.7112462153,False,False,False,False
2023-12-01 00:00:00+00:00,18.5606235645,18.5606235645,17.7895866496,17.9289306704,1699340,,,,,,17.547400161847477,17.79122067290336,17.93597511665764,,17.758198650469495,"rgba(38, 166, 154, 1.0)",2.7216319804532496,1.0594522578421672,0.8993286252095709,False,False,False,False,0.3428281993744092,0.1942153724604186,False,False,False,False,6260700,6765194.833288886,False,False,False,False,2073491.5844872363,False,False,False,False
2023-12-08 00:00:00+00:00,18.7928635991,18.8671804101,18.4398587465,18.5048859562,1391853,,,,,,17.660903588481276,17.81334805650885,17.944518268747046,,17.80625663791239,"rgba(38, 166, 154, 1.0)",3.7420017113815653,1.0682288807272284,0.9087463953775394,False,False,False,False,0.34282821381054385,0.2685217931354812,False,False,False,False,7652553,6830925.06786008,False,False,False,False,2022999.837488182,False,False,False,False
2023-12-15 00:00:00+00:00,19.5081629056,19.9039928206,18.59778197,18.8021532005,2010832,,,,,,17.86962262210129,17.86511343368023,17.966650770207057,,17.900462275329527,"rgba(0, 255, 0, 1.0)",6.769289862138869,1.0519703352544942,0.8597622826602717,False,False,False,False,0.3428282238277788,0.30567500848163,False,False,False,False,9663385,7040736.91468526,False,False,False,False,2022098.516192761,False,False,False,False
2023-12-22 00:00:00+00:00,19.6772864854,19.8407967007,19.3502660547,19.5931955175,2675168,,,,,,18.11883171546983,17.94113971141176,18.000953751862287,,18.020308392914625,"rgba(0, 255, 0, 1.0)",7.4615376781189084,1.1204511782539057,0.8573409951140292,False,False,False,False,0.34282822763889825,0.32425161806026415,False,False,False,False,12338553,7433167.735819685,False,False,False,False,2070474.0335118158,False,False,False,False
2023-12-29 00:00:00+00:00,19.7520340124,19.8921856256,19.6632713241,19.6959733672,1556390,,,,,,18.244890305594108,17.986012393722515,18.022007811883167,,18.084303503733263,"rgba(0, 255, 0, 1.0)",7.76915928423006,1.1371381313163558,0.8501288297641464,False,False,False,False,0.3428282292936308,0.3335399236769475,False,False,False,False,13894943,7911817.755388598,False,False,False,False,2032393.7347331627,False,True,False,False
2024-01-05 00:00:00+00:00,19.6959733672,20.088397884,19.4614530012,19.6772864854,1826157,,,,,,18.36857352569348,18.03535712799184,18.04579746280218,,18.1499093721625,"rgba(0, 255, 255, 0.75)",7.481645830104274,1.117721032362268,0.8466747111759803,False,False,False,False,0.3420064895332508,0.33777320660509913,False,False,False,False,12068786,8219741.329063517,False,False,False,False,2017116.9395677433,False,False,False,False
2024-01-12 00:00:00+00:00,19.3128922912,19.8361249803,19.2474882051,19.6679430445,1831053,,,,,,18.45214705953972,18.074405953449894,18.065143773584083,,18.197232262191232,"rgba(38, 166, 154, 1.0)",5.531084074278283,1.0896226982155988,0.8789261498523109,False,False,False,False,0.2713036244692483,0.3045384155371737,False,False,False,False,10237733,8369222.193577331,False,False,False,False,2003334.4255256883,False,False,False,False
2024-01-19 00:00:00+00:00,18.9017808927,19.2474882051,18.5467301394,19.2474882051,1951545,,,,,,18.485682307137466,18.09771433830244,18.07707631888962,,18.22015765477651,"rgba(38, 166, 154, 0.5)",3.4982355193492936,1.039339887250732,0.9227480491127465,False,False,False,False,0.07398271415680086,0.18926056484698728,False,False,False,False,8286188,8363071.512571602,False,False,False,False,1999498.171783045,False,False,False,False
2024-01-26 00:00:00+00:00,19.270733312,19.4067730554,18.9189063893,18.9798897225,2071863,,,,,,18.538343501991534,18.129807073841487,18.093869569251126,,18.25400671502805,"rgba(38, 166, 154, 1.0)",5.113775926362727,1.0258474008630336,0.9299067105990996,False,False,False,False,0.11478674998864966,0.15202365741781848,False,False,False,False,10358051,8510847.770899631,False,False,False,False,2004858.5294287452,False,False,False,False
2024-02-02 00:00:00+00:00,18.9329794662,19.3645538247,18.7218833126,19.270733312,2335080,,,,,,18.57431124332622,18.157688918268544,18.109012259204295,,18.280337473599687,"rgba(38, 166, 154, 0.5)",3.4578484044327595,1.0316367340435328,0.942354775968104,False,False,False,False,0.027517547903354565,0.08977060266058652,False,False,False,False,8022971,8474708.750832992,False,False,False,False,2029319.3791006901,False,False,False,False
2024-02-09 00:00:00+00:00,18.5201692102,18.8110127997,18.4168728257,18.8110127997,2128512,,,,,,18.574859319956865,18.1696628128911,18.11606981738143,,18.2868639834098,#000000,1.486147615310795,0.982433436106237,0.9819671830032362,False,False,False,False,-0.34282825441539394,-0.12652882587740372,False,False,False,False,5894459,8283579.139660177,False,False,False,False,2036666.9806487872,False,False,False,False
2024-02-16 00:00:00+00:00,18.5295512615,18.96112562,18.1486399799,18.548315364,2107397,,,,,18.546438953800003,18.573129684768393,18.17988763137383,18.12232626262096,,18.355445633140796,#000000,1.5289671565882799,0.9660027349476779,0.9715178541643544,False,False,False,False,-0.34282825441539394,-0.23467854014639883,False,False,False,False,8001856,8262710.758944608,False,False,False,False,2041906.2413414698,False,False,False,False
2024-02-23 00:00:00+00:00,18.5961056721,18.690310868,18.3700132019,18.435956839,2162049,,,,,18.549327610110318,18.571896354371486,18.18997102059872,18.12864252065764,,18.35995937643454,#000000,1.8374384070501044,0.9914375167210572,0.9691113671931385,False,False,False,False,-0.34282825441539394,-0.2887533972808964,False,False,False,False,10163905,8403539.961985748,False,False,False,False,2050805.7049458052,False,False,False,False
2024-03-01 00:00:00+00:00,18.5772646329,18.7279929464,18.3040695648,18.530162035,1562654,,,,,18.545875139433,18.570451789390567,18.196623898685043,18.13292832415642,,18.36146978791626,#000000,1.7443604257322995,0.9802336266078441,1.0055937930353807,False,False,False,False,-0.34282825441539394,-0.31579082584814516,False,False,False,False,8601251,8418185.224060878,False,False,False,False,2014646.3193942641,False,False,False,False
2024-03-08 00:00:00+00:00,18.8881417794,19.0045794015,18.5254517752,18.5584235937,1737791,,,,,18.60560424633219,18.580664648022125,18.209365593443966,18.14070460696179,,18.384084773690017,"rgba(38, 166, 154, 0.5)",3.2085743202219064,0.9959948579330821,0.9829451425259009,False,False,False,False,-0.20217541224195607,-0.2589831190450506,False,False,False,False,10339042,8560470.91116748,False,False,False,False,1994138.517957652,False,False,False,False
2024-03-15 00:00:00+00:00,18.7750955443,19.0671316516,18.530162035,18.850459701,1406419,,,,,18.6346203763517,18.587786542854683,18.219040100381758,18.146726372074053,,18.39704334791555,"rgba(38, 166, 154, 0.5)",2.632803094169713,1.0017835991513406,0.9519664994375777,False,False,False,False,-0.1492593273816305,-0.20412122321334056,False,False,False,False,8932623,8588037.73256248,False,False,False,False,1950603.7388496778,False,False,False,False
2024-03-22 00:00:00+00:00,18.9899766827,19.2784200536,18.6495189334,18.8102906483,1213543,,,,,18.6748760695862,18.598721560891825,18.229706560193932,18.153275237756894,,18.41414485710721,"rgba(38, 166, 154, 0.5)",3.651619258495444,1.0292140951103796,0.9323731027169767,False,False,False,False,0.12776447006374228,-0.03817837657479914,False,False,False,False,10146166,8703454.641261557,False,False,False,False,1896006.6470830352,False,False,False,False
2024-03-29 00:00:00+00:00,19.5290347857,19.552677685,18.8906765058,19.0088910021,1016941,,,,,18.733791455583532,18.615592109250475,18.24253533811587,18.16100381413915,,18.43823067927226,"rgba(38, 166, 154, 1.0)",6.133457996635862,1.0711643422845498,0.8809200074429643,False,False,False,False,0.3428281494537486,0.15232488643947473,False,False,False,False,11163107,8885651.11227922,False,False,False,False,1830890.6732250326,False,False,False,False
2024-04-05 00:00:00+00:00,19.0372624812,19.5574062648,18.8774364822,19.5574062648,1461374,,,,,18.782654428296443,18.633112967112663,18.25769023002274,18.17036606783832,,18.46095592331754,"rgba(38, 166, 154, 0.5)",3.5886689697260827,1.1113010548105025,0.8658530788206897,False,False,False,False,0.33836781909255925,0.245346352766017,False,False,False,False,9701733,8946101.62248076,False,False,False,False,1803519.067800956,False,False,False,False
2024-04-12 00:00:00+00:00,18.5171186975,19.3588059111,18.469832899,19.07509112,1184616,,,,,18.78259155287084,18.636914285194333,18.26463655483355,18.174988995158497,,18.464782847014305,#000000,1.0153915789986812,1.0684404478084442,0.8823784718710795,False,False,False,False,0.042549845117747724,0.14394809894188235,True,False,False,False,8517117,8914324.98377848,False,False,False,False,1757674.3961119964,False,False,True,False
2024-04-19 00:00:00+00:00,18.8481192871,18.852847867,18.1790252382,18.6116902946,1265095,,,,,18.76954322763508,18.636642077800044,18.269688036418625,18.178606113275077,,18.463619863782206,"rgba(38, 166, 154, 0.5)",2.5557086149255213,1.0579006016398567,0.9231199687488698,False,False,False,False,-0.34282825441539394,-0.0994400777367558,False,False,False,False,9782212,8978612.910906,False,False,False,False,1721187.0334370336,False,False,False,False
2024-04-26 00:00:00+00:00,18.9712233291,19.1800111797,18.7814161923,18.8953004744,1177255,,,,,18.784570860296764,18.64486360060917,18.278761444728566,18.184515955292024,,18.47317796523163,"rgba(38, 166, 154, 0.5)",3.123609399984556,1.1171732557287402,0.8605639536890679,False,False,False,False,0.10503848127942866,0.0027992017713364334,False,False,False,False,10959467,9125342.84343148,False,False,False,False,1680895.771700957,False,False,False,False
2024-05-03 00:00:00+00:00,19.0756172544,19.2464436776,18.7434547649,19.037655827,1030862,,,,,18.798687812722395,18.65265977604327,18.287009246193286,18.189904584704063,,18.482065354915754,"rgba(38, 166, 154, 0.5)",3.6078881010555293,1.1165171167309895,0.8994524885463592,False,False,False,False,0.11851860708298495,0.060658904427160695,False,False,False,False,11990329,9337564.040214334,False,False,False,False,1632745.1219453306,False,False,False,False
2024-05-10 00:00:00+00:00,19.4362508144,19.4694670634,19.0091847565,19.1705208228,1057725,,,,,18.82781710213973,18.666213999946883,18.29847198536224,18.19721932309843,,18.49743060263682,"rgba(38, 166, 154, 1.0)",5.264153843814952,1.1164185896550116,0.8805744144924225,False,False,False,False,0.34282815202827976,0.20174352822772024,False,False,False,False,13048054,9612415.148346605,False,False,False,False,1590151.0388382692,False,False,False,False
2024-05-17 00:00:00+00:00,19.6070772376,19.7019808061,19.464721885,19.4837025987,816296,,,,,18.860275165294105,18.68081394465429,18.30960987215475,18.20424125528144,,18.513735059346146,"rgba(38, 166, 154, 1.0)",6.037467755145489,1.153741471981731,0.8742392505169084,False,False,False,False,0.3428281850274171,0.27228585662756866,False,False,False,False,13864350,9927373.285506114,False,False,False,False,1532828.4433687679,False,False,False,False
2024-05-24 00:00:00+00:00,18.9366071644,19.6414909321,18.8509733121,19.5843381942,809632,,,,,18.87171576302449,18.68793790134469,18.316671111503325,18.208908084074498,,18.52130821498675,"rgba(38, 166, 154, 0.5)",2.5914927010910844,1.0547192128655092,0.8793515175874792,False,False,False,False,0.12215766302428535,0.197221759825927,False,False,False,False,13054718,10159028.449542698,False,False,False,False,1479258.3364525628,False,False,False,False
2024-05-31 00:00:00+00:00,19.2414217667,19.250947223,18.4793852611,18.984234446,729124,,,,,18.87589490281516,18.6920811911275,18.321774245729753,18.212391920975552,,18.52553556516199,"rgba(38, 166, 154, 0.5)",3.992248164584165,1.0296747017420502,0.9400251583024865,False,False,False,False,-0.11456419866035501,0.04132878058278599,False,False,False,False,13783842,10427533.156983979,False,False,False,False,1423692.8300486694,False,False,False,False
2024-06-07 00:00:00+00:00,18.8985053391,19.3080999609,18.8232542342,19.2699981356,1098070,,,,,18.882636049889644,18.69850255078331,18.329533822563494,18.217709550222004,,18.532095493364615,"rgba(38, 166, 154, 0.5)",2.2761402306415945,1.0097350886614624,0.9563888298004967,False,False,False,False,0.009913850498053501,0.025621315540419746,False,False,False,False,12685772,10594810.1083185,False,False,False,False,1399572.6204154345,False,False,False,False
2024-06-14 00:00:00+00:00,18.5841652806,19.0509126403,18.4365207076,18.8318271449,1314222,,,,,18.871730883445828,18.69831441181576,18.334340663941035,18.221452722111536,,18.531459670328537,#000000,0.7370854560797433,0.9732913674322459,1.0420120896592708,False,False,False,False,-0.191465691735355,-0.08292218809746763,False,False,False,False,11371550,10652346.396591205,False,False,False,False,1393250.3522365133,False,False,False,False
2024-06-21 00:00:00+00:00,18.746098038,18.8223016886,18.4603343484,18.5555889116,729580,,,,,18.865758565034902,18.698028925923587,18.336849450208014,18.223442723458017,,18.53101991615613,#000000,1.5065106941737199,0.9232561563382283,1.0536864072446843,False,False,False,False,-0.2580541333931227,-0.17048816074529516,False,False,False,False,12101130,10759663.700547412,False,False,False,False,1344089.5854041788,False,False,False,False
2024-06-28 00:00:00+00:00,18.7753449991,19.0334581941,18.4789928123,18.7849047471,1098161,,,,,18.861223273190344,18.699262130819378,18.34150034012449,18.2269704678738,,18.532239053002005,#000000,1.6465773569366249,0.9052474109706589,1.0418363486226854,False,False,False,False,-0.25487360770970996,-0.21268088422750256,False,False,False,False,13199291,10940376.833840197,False,False,False,False,1325872.6531520176,False,False,False,False
2024-07-05 00:00:00+00:00,18.545911048,18.9472292675,18.4885525602,18.813583991,934180,,,,,18.853989386399302,18.698643462027086,18.344438039244803,18.229370514883065,,18.531610350638566,#000000,0.49483845732206433,0.9184621919627313,1.06141033486159,False,False,False,False,-0.28372821385866237,-0.24820454904308248,False,False,False,False,12265111,11038505.290592775,False,False,False,False,1296858.3825481643,False,False,False,False
2024-07-12 00:00:00+00:00,19.4732066004,19.573583954,18.5028921822,18.5745902919,961211,,,,,18.86576526838081,18.706485752419642,18.352309870127918,18.23477235419175,,18.53983331128003,"rgba(38, 166, 154, 1.0)",4.842632570202355,0.9359861302919602,1.0019365777254354,False,False,False,False,-0.05195972801091893,-0.1500821385270007,False,False,False,False,13226322,11200565.787585903,False,False,False,False,1271995.6134705225,False,False,False,False
2024-07-19 00:00:00+00:00,20.0181122343,20.4674203885,19.5018858443,19.5114455923,909430,,,,,18.902754430528525,18.725929758139273,18.36677435118525,18.244157819865805,,18.559904089929713,"rgba(0, 255, 255, 0.75)",7.214531911979755,1.0489647675825156,0.9086289965207041,False,False,False,False,0.3428281992796688,0.09637303037633405,False,False,False,False,14135752,11417986.988505466,False,False,False,False,1245138.901361595,False,False,False,False
2024-07-26 00:00:00+00:00,20.6757324365,20.6757324365,19.8118438946,19.9942203645,994078,,,,,18.954051811570615,18.752880111846387,18.386031525591676,18.256573278731803,,18.58738418193512,"rgba(0, 255, 0, 1.0)",9.92392545042637,1.0450130888800955,0.9086851837774035,False,False,False,False,0.34282820819565246,0.21960061928599325,False,False,False,False,15129830,11692938.322690245,False,False,False,False,1226541.7975570324,False,False,False,False
2024-08-02 00:00:00+00:00,20.1957943577,20.9013033336,19.9462265567,20.6853311981,1278045,,,,,19.013316366006716,18.785454116706486,18.4097729694889,18.272029961081405,,18.620143353320877,"rgba(0, 255, 255, 0.75)",7.469154253918177,1.064637956169662,0.8938889053187364,False,False,False,False,0.3428282128625403,0.2812144160742668,False,False,False,False,13851785,11852852.891379856,False,False,False,False,1230356.849589845,False,False,False,False
2024-08-09 00:00:00+00:00,19.9270290335,20.0903039679,19.5286804281,19.7926463714,1226013,,,,,19.046056074967822,18.805884824537824,18.426286162401325,18.283130236530198,,18.640339324609293,"rgba(0, 255, 255, 0.75)",6.129108540959354,1.0581544649746046,0.9116543394602956,False,False,False,False,0.10291035550983675,0.19206238579205176,False,False,False,False,12625772,11910106.15868505,False,False,False,False,1230035.0829535602,False,False,False,False
2024-08-16 00:00:00+00:00,20.3877695892,20.4261646355,19.7638500867,20.0326154108,879040,,,,,19.077394016837346,18.824730771833163,18.440701413819692,18.29272069279626,,18.658886723821617,"rgba(0, 255, 255, 0.75)",8.032590234382127,1.089823864646648,0.8993476782673668,False,False,False,False,0.21136058030434143,0.20171148304819658,False,False,False,False,13504812,12028232.517300973,False,False,False,False,1204035.4471792225,False,False,False,False
2024-08-23 00:00:00+00:00,20.807158247,20.8890382679,20.3640428399,20.4025746144,925202,,,,,19.122397216569297,18.85098960497697,18.45983020144449,18.305309791339553,,18.68463170358258,"rgba(0, 255, 0, 1.0)",9.708700085672497,1.111833675042541,0.8558031730117565,False,False,False,False,0.3428282171068526,0.2722698500775246,False,False,False,False,14430014,12206142.25676016,False,False,False,False,1183381.1177585395,False,False,False,False
2024-08-30 00:00:00+00:00,20.9998171196,21.0335324224,20.6913702645,20.8649559088,746928,,,,,19.16182317855626,18.874147809525905,18.47654955336562,18.316313287546077,,18.707208457248466,"rgba(0, 255, 0, 1.0)",10.465837855123116,1.1365304146154735,0.8485244198849086,False,False,False,False,0.3428282198788259,0.3075490349781752,False,False,False,False,15176942,12426201.497000147,False,False,False,False,1151051.2571838328,False,False,False,False
2024-09-06 00:00:00+00:00,20.4603722762,21.0383488942,20.4218405017,20.9420194578,698709,,,,,19.19173621494912,18.89255071732769,18.49028276458454,18.325466727558265,,18.725009106104903,"rgba(0, 255, 255, 0.75)",7.72496955637563,1.1055128731801844,0.866330315824297,False,False,False,False,0.2977656000093259,0.3026573174937506,False,False,True,False,14478233,12578203.83055569,False,False,False,False,1117544.4233183637,False,False,False,False
2024-09-13 00:00:00+00:00,20.7975253033,20.7975253033,20.0943204181,20.4989040507,689991,,,,,19.218601664511866,18.90956651679132,18.503194568679557,18.33413687254897,,18.741374905632927,"rgba(0, 255, 0, 1.0)",9.073344273508916,1.0844396572906994,0.8859470881615833,False,False,False,False,0.18125939480008477,0.24195835614691769,False,False,False,False,15168224,12770057.176440453,False,False,False,False,1085873.7993688553,False,False,False,False
2024-09-20 00:00:00+00:00,20.9420194578,21.1539442178,20.8247865338,20.8553229651,852766,,,,,19.260087837498897,18.935226337957506,18.52206761913736,18.346716200020605,,18.766024498653593,"rgba(0, 255, 0, 1.0)",9.646173093958623,1.1216122280143872,0.8768234607978328,False,False,False,False,0.3428281916410593,0.2923932738939885,False,False,False,False,16020990,13010867.015222643,False,False,False,False,1068606.5549711622,False,False,False,False
2024-09-27 00:00:00+00:00,21.129309561,21.2742956742,20.7861757598,20.9843234479,841830,,,,,19.301207007627713,18.96102611786136,18.54108916738944,18.359437086406167,,18.790689844821173,"rgba(0, 255, 0, 1.0)",10.38869758909673,1.105599950459241,0.8850262967183166,False,False,False,False,0.342828193742736,0.31761073381836225,False,True,False,False,16862820,13296196.86594689,False,False,False,False,1051808.291639965,False,False,False,False
2024-10-04 00:00:00+00:00,20.8683345573,21.2259669698,20.6692202952,21.129309561,1009072,,,,,19.344309190868298,18.989103598141412,18.56225421168181,18.37373596519537,,18.817350741471724,"rgba(0, 255, 255, 0.75)",9.031202251855376,1.099941007670185,0.8874526257525365,False,False,False,False,0.29346314493356435,0.30553693937596327,False,False,False,False,15853748,13485645.098098973,False,False,False,False,1048642.640407375,False,False,False,False
2024-10-11 00:00:00+00:00,21.0713151158,21.0906465975,20.6460225171,20.8490030756,760041,,,,,19.37558062900325,19.009884543609214,18.578047613470474,18.384463089031872,,18.836993968778703,"rgba(0, 255, 0, 1.0)",9.853181070425542,1.1274574694577024,0.8801829369731072,False,False,False,False,0.24739400113834095,0.2764654702571521,False,False,False,False,16613789,13717359.461202754,False,False,False,False,1027264.7411179399,False,False,False,False
2024-10-18 00:00:00+00:00,21.5256049371,21.6995882729,20.9794905774,21.0713151158,864281,,,,,19.419854542002884,19.038566210663156,18.59924961277479,18.398758775559322,,18.86410728525004,"rgba(0, 255, 0, 1.0)",11.655709086151486,1.1670204695207125,0.8092078278447259,False,False,False,False,0.34282819490246036,0.30964683257980624,False,False,False,False,17478070,13995930.612224773,False,False,False,False,1015191.8714055,False,False,False,False
2024-10-25 00:00:00+00:00,20.9537240834,21.536041566,20.929460855,21.5263362747,1209207,,,,,19.470879072312766,19.073238599190333,18.625662245420187,18.416809645645397,,18.896647390642173,"rgba(0, 255, 255, 0.75)",8.681544676843377,1.1236342796076528,0.8426960104224863,False,False,False,False,0.25661762367652247,0.28313222812816435,False,False,False,False,16268863,14164295.974282196,False,False,False,False,1029563.3624125,False,False,False,False
2024-11-01 00:00:00+00:00,20.8275552955,21.2156698977,20.7935867757,21.0604822886,858230,,,,,19.50129095546338,19.094913551855992,18.64265567338475,18.428574406274095,,18.916858646744554,"rgba(0, 255, 255, 0.75)",8.039928864051689,1.1180552760572822,0.8664359804786365,False,False,False,False,0.08283299531315616,0.18298261172066027,False,False,False,False,15410633,14256617.23544648,False,False,False,False,1016872.0022337963,False,False,False,False
2024-11-08 00:00:00+00:00,21.3904621954,21.7058841651,20.6509189924,20.8566711696,1366308,,,,,19.556848018848594,19.133895405135277,18.672699843006825,18.449311028245894,,18.95318857380915,"rgba(0, 255, 0, 1.0)",10.298422170071593,1.088786421922249,0.8549534052200547,False,False,False,False,0.2142052246736764,0.19859391819716832,False,False,False,False,16776941,14443307.884672664,False,False,False,False,1042756.150216478,False,False,False,False
2024-11-15 00:00:00+00:00,21.4292833609,21.7980844332,21.3419357385,21.5554521488,1041214,,,,,19.60335136364734,19.16639502968939,18.69752047187228,18.466436750423764,,18.983425903908195,"rgba(0, 255, 0, 1.0)",10.451634625206811,1.1037204317171228,0.8668261893924286,False,False,False,False,0.34282818852570884,0.2707110533614386,False,False,False,False,17818155,14693296.559882097,False,False,False,False,1042641.9168671092,False,False,False,False
2024-11-22 00:00:00+00:00,22.1758918106,22.1953699764,21.3578088452,21.4454605915,875770,,,,,19.648335919049323,19.197426811790766,18.72087580555396,18.48249740650827,,19.01228398572558,"rgba(0, 255, 0, 1.0)",13.318027458088103,1.141379500184643,0.8396094267171602,False,False,False,False,0.34282817286807155,0.30676961311475504,False,False,False,False,18693925,14989639.407298237,False,False,False,False,1030281.0341362122,False,False,False,False
2024-11-29 00:00:00+00:00,22.3901516348,22.614150542,22.2635435569,22.3414562202,567385,,22.422615244566668,,,19.682955730347796,19.220891018967226,18.738231429919082,18.494368230476532,22.422615244566668,19.034111602427657,"rgba(0, 255, 0, 1.0)",14.109834541533829,1.2174611910693947,0.7895305980386506,False,False,False,False,0.34282820725514784,0.32479891018495144,False,False,False,False,19261310,15306059.45120207,False,False,False,False,995992.4390150113,False,True,False,False
2024-12-06 00:00:00+00:00,21.7473721621,22.3511953032,21.6987741383,22.3414562202,758949,,22.142133445604195,,,19.719887845756453,19.24702455526854,18.758138998941387,18.50816811811408,22.142133445604195,19.058304879520115,"rgba(0, 255, 255, 0.75)",10.740513544489403,1.1571727726478578,0.8092491844052088,False,False,False,False,0.1573625845281037,0.24108074735652757,False,False,False,False,18502361,15542822.528890805,False,False,False,False,978433.66575464,False,False,False,False
2024-12-13 00:00:00+00:00,21.5525905037,21.9713710692,21.3480697623,21.8545020742,1189837,,21.8971254884381,,,19.767668563908128,19.282405391816912,18.785869822474652,18.527652460159427,21.8971254884381,19.09089905958978,"rgba(0, 255, 255, 0.75)",9.749648198952453,1.1592751134477295,0.8167977322608208,False,False,False,False,0.002575923386767718,0.12182833537164764,False,False,False,False,17312524,15673911.526750745,False,False,False,False,994093.171995037,False,False,False,False
2024-12-20 00:00:00+00:00,20.8221592846,21.5477209622,20.4910304653,21.513634172,1184088,,21.595207835935756,,,19.796563074718335,19.30679970924129,18.80654518666524,18.54265623405013,21.595207835935756,19.11314105116875,"rgba(38, 166, 154, 1.0)",6.160602297629566,1.1012038813174387,0.8353367626391625,False,False,False,False,-0.3352313772083095,-0.10670152091833092,False,False,False,False,16128436,15707580.00625069,False,False,False,False,1008166.8629583677,False,False,False,False
2024-12-27 00:00:00+00:00,20.8642740554,21.0451499082,20.610070154,20.7469491778,636698,,21.48431287352423,,,19.81005379653423,19.318738416838755,18.816919682036087,18.550270258117134,21.48431287352423,19.123995538381553,"rgba(38, 166, 154, 1.0)",6.331693030785505,1.1077992969998034,0.8760404034137692,False,False,False,False,-0.34282825441539394,-0.22476488766686242,False,False,False,False,16765134,15785917.33912101,False,False,False,False,980650.6508873776,False,False,False,False
2025-01-03 00:00:00+00:00,20.8153886897,20.9620447866,20.5608914762,20.7176179584,833954,,21.370632677588166,,,19.826199282591656,19.333487644528315,18.82994831461267,18.559906126265172,21.370632677588166,19.137385341999455,"rgba(38, 166, 154, 1.0)",6.0929718285130825,1.1047078129200776,0.8754370002684343,False,False,False,False,-0.34282825441539394,-0.2837965710411282,False,False,False,False,15931180,15796677.536223156,False,False,False,False,969784.2323031273,False,False,False,False
2025-01-10 00:00:00+00:00,20.3656433258,20.8936052747,20.3069808871,20.8251657628,1140368,,21.217309347113094,,,19.841694905176848,19.349675392480492,18.845171158115498,18.571436079134205,21.217309347113094,19.151994383726763,"rgba(38, 166, 154, 0.5)",3.9184124471645525,1.0915302110126952,0.9138676732767864,False,False,False,False,-0.34282825441539394,-0.31331241272826105,False,False,False,False,14790812,15722168.977984404,False,False,False,False,982420.0669473402,False,False,False,False
2025-01-17 00:00:00+00:00,21.2846881999,21.3922360043,20.2874267408,20.3460891796,938272,,21.18764616119825,,20.98811698166667,19.86232113212404,19.367831802225833,18.860916593070257,18.583063923623147,21.18764616119825,19.532450086541992,"rgba(38, 166, 154, 1.0)",7.682502165953522,1.0313650629947244,0.9399441223496137,False,False,False,False,-0.24903473361365439,-0.2811735731709577,False,False,False,False,15729084,15722681.201837411,False,False,False,False,979149.8397660557,False,False,False,False
2025-01-24 00:00:00+00:00,21.376186811,21.415445189,21.1308219486,21.317299244,895035,,21.200815601782093,,21.144034807000363,19.886705587598463,19.38812112315902,18.877945183152214,18.595511264701067,21.200815601782093,19.578463593122223,"rgba(0, 255, 255, 0.75)",8.04270939818393,1.0657512185656397,0.9493144733628525,False,False,False,False,-0.08869710552392693,-0.18493533934744233,False,False,False,False,16624119,15789454.372071676,False,False,False,False,972919.110894496,False,False,False,False
2025-01-31 00:00:00+00:00,21.336928433,21.6902538348,21.258411677,21.4448889724,936810,,21.224306082456785,,21.240247051319532,19.91346273817507,19.410218638839122,18.896391959937453,18.60899442491801,21.224306082456785,19.61386296263784,"rgba(38, 166, 154, 1.0)",7.848620132173153,1.067530435640494,0.9444326053562655,False,False,False,False,-0.01624063309593533,-0.10058798622168882,False,False,False,False,15687309,15781888.048214514,False,False,False,False,970244.3619393482,False,False,False,False
2025-02-07 00:00:00+00:00,21.2682262715,21.4841473504,20.8658278972,21.0523051926,883509,,21.22268898318431,,21.231981774554814,19.93427787172374,19.428375545189226,18.912039233002005,18.620599304855723,21.22268898318431,19.625454745865103,"rgba(38, 166, 154, 1.0)",7.504279354768059,1.0761763529634967,0.91197425175395,False,False,False,False,-0.063854739713905,-0.08222136296779692,False,False,False,False,14803800,15709437.081680106,False,False,False,False,963819.5203142113,False,False,False,False
2025-02-14 00:00:00+00:00,21.336928433,21.5755212252,21.1111927596,21.3074846495,687793,,21.230341577172926,,21.249287004900527,19.95169691381526,19.44331354277626,18.92478332467553,18.630030402923754,21.230341577172926,19.639822237818265,"rgba(38, 166, 154, 1.0)",7.789325618928068,1.0778315322534127,0.9268424048667402,False,False,False,False,0.13370354748987054,0.02574109226103681,False,False,False,False,15491593,15693300.483037135,False,False,False,False,943373.1114020474,False,False,False,False
2025-02-21 00:00:00+00:00,21.4743327559,21.7049757266,21.3074846495,21.336928433,552766,,21.24342667314814,,21.277106178794348,19.966907740940066,19.45611377705469,18.935577193043372,18.637991650470166,21.24342667314814,19.65473930806053,"rgba(38, 166, 154, 1.0)",8.36364604287704,1.0518161295539032,0.9482430538638364,False,False,False,False,0.34282817265944127,0.18428463246023905,False,False,False,False,16044359,15719304.817626977,False,False,False,False,914439.2512981921,False,False,False,False
2025-02-28 00:00:00+00:00,21.7106109209,21.740149167,21.4103054183,21.5136892799,1075517,,21.276436495798812,,21.33894680734033,19.998007240093013,19.48206294502987,18.957332102560137,18.654026531273868,21.276436495798812,19.686075125259446,"rgba(0, 255, 255, 0.75)",9.348021872061526,1.0370214415531243,0.9554255484453033,False,False,False,False,0.34282817844539404,0.26355640545281656,False,False,False,False,17119876,15823050.83113609,False,False,False,False,926370.9363872149,False,False,False,False
2025-03-07 00:00:00+00:00,21.6219961824,21.9173786439,20.952462603,21.7696874132,1260981,21.497279143100005,21.297000604768876,,21.366558869309937,20.0303562908771,19.50999919147516,18.981235429440467,18.67183730527083,21.397139873934442,19.7119974172747,"rgba(38, 166, 154, 1.0)",8.873853473460699,1.024023342525439,0.945291044577199,False,False,False,False,0.23949289530184795,0.25152465037733224,False,False,False,False,15858895,15825705.95475564,False,False,False,False,951156.867025199,False,False,False,False
2025-03-14 00:00:00+00:00,21.0903077517,21.8681482337,20.7063105517,21.5235353619,1107562,21.368362717614403,21.291299177289197,,21.34730262422605,20.052511902265522,19.530588867540168,18.999602277046854,18.685789474649084,21.3298309474518,19.723159029145535,"rgba(38, 166, 154, 1.0)",6.083151252093938,1.028437133197908,0.9348446636720246,False,False,False,False,0.13586422211479818,0.1936944362460652,False,False,False,False,14751333,15746122.77292189,False,False,False,False,962742.4324307399,False,False,False,False
2025-03-21 00:00:00+00:00,21.0903077517,21.385788674,20.9918469312,21.0607695055,681865,21.320888550630205,21.28528089363348,,21.33283989171129,20.065003937610243,19.54253793163691,19.01043124466506,18.69408309761761,21.303084722131842,19.72897922064822,"rgba(38, 166, 154, 1.0)",6.083151252093927,1.0022272317470835,0.9857929660357427,False,False,False,False,-0.01679476577398085,0.08844983523604218,False,False,False,False,14751333,15672434.641594343,False,False,False,False,941936.6966951295,False,False,False,False
2025-03-28 00:00:00+00:00,21.0304386201,21.3267811089,20.962082286,21.2378783622,813470,21.275739004181325,21.276269568201855,,21.314110761866107,20.078881719389383,19.556134659703222,19.02291378148569,18.70370722077784,21.27600428619159,19.735149628644447,"rgba(38, 166, 154, 1.0)",5.768071704675268,1.0028025880322118,0.9969963759687848,False,False,False,False,-0.34282825441539394,-0.1271892095896759,False,False,False,False,13937863,15543947.853328096,False,False,False,False,932420.6450880829,False,False,False,False
2025-04-04 00:00:00+00:00,19.2523836874,21.2773906941,19.16338216,20.9020235416,1390151,20.911131938005237,21.166980000451524,,21.138679023827184,20.074848047766185,19.561135461392333,19.031727215073843,18.71179257064526,21.03905596922838,19.70363646374096,#000000,0.0,0.9059558517959662,0.9973260206865686,False,False,False,False,-0.34282825441539394,-0.23500873200253491,False,False,False,False,12547712,15322004.456785273,False,False,False,False,966326.5973037805,False,False,False,False
2025-04-11 00:00:00+00:00,19.104212443,19.6178727569,18.0966479812,18.6596987099,1829712,20.40188457866985,20.956519727977664,18.939577727033335,20.830429159637383,20.042525394110037,19.549384991661462,19.030521272881302,18.71380482482104,20.679202153323757,19.517707228357427,#000000,0.0,0.8549846346364572,1.079930179858343,True,False,False,False,-0.34282825441539394,-0.28891849320896446,False,False,False,False,10718000,14980967.089615993,True,False,False,False,1030281.0715775746,True,False,False,False
2025-04-18 00:00:00+00:00,19.2721398534,19.5586042592,19.0647001112,19.3610426,844043,20.284409162785924,20.88726979421055,19.05287537006266,20.73738860710928,20.032879968904464,19.5472158321778,19.032129219655282,18.716177775723768,20.585839478498237,19.519777795605545,#000000,0.0,0.8879400898369985,1.1175135156151197,False,False,False,False,-0.22329957192254146,-0.25610903256575296,False,False,False,False,11562043,14727713.453348141,False,False,False,False,1016485.6588681246,False,False,False,False
2025-04-25 00:00:00+00:00,19.6548087757,19.9443750806,18.8912263964,19.1788093704,800644,20.212163414264502,20.83428074717635,19.155174595818195,20.669810820785706,20.026367936879808,19.546805769790815,19.034759244549363,18.71917157012492,20.523222080720426,19.525348322991466,#000000,0.0,0.8840163487027796,1.085344078468562,False,False,False,False,-0.1963705660791799,-0.22623979932246643,False,False,False,False,12362687,14552526.308655687,False,False,False,False,1000497.3878408561,False,False,False,False
2025-05-02 00:00:00+00:00,19.9721417126,20.0018916754,19.3751591251,19.6845587385,663204,20.181861935830522,20.80211245080321,19.255817136400502,20.63152678079918,20.02394412969735,19.548386985030827,19.038251180166103,18.722540617831815,20.491987193316866,19.5367444716543,#000000,0.6576469084583785,0.9180451658867173,1.0644388255631572,False,False,False,False,-0.12885353917477288,-0.17754666924861967,False,False,False,False,13025891,14439442.21171823,False,False,False,False,975512.6924452372,False,False,False,False
2025-05-09 00:00:00+00:00,19.952308404,20.1803914524,19.7128212032,19.8729751698,610601,20.167616442344972,20.778722093840557,19.34489442447286,20.60541519513062,20.02325851597599,19.550837382516992,19.042145212866227,18.72610458711339,20.473169268092764,19.54877588634601,#000000,0.5652962418206506,0.9416307805325588,1.083515430111512,False,False,False,False,-0.051121653034644894,-0.11433416114163228,False,False,False,False,12415290,14289505.010850213,False,False,False,False,948482.196708553,False,False,False,False
2025-05-16 00:00:00+00:00,20.6861408205,20.6861408205,20.1506414895,20.4778910807,933176,20.196632531016867,20.767826070374692,19.535877467141592,20.60001798172445,20.029894390450206,19.559709540094833,19.051664328434633,18.73398467237627,20.482229300695778,19.585191396703664,"rgba(38, 166, 154, 1.0)",3.844521105568912,0.9182289089210324,1.0493753683251756,False,False,False,False,0.09429470151457073,-0.010019729813530776,False,False,False,False,13348466,14219798.417453902,False,False,False,False,947348.4043597714,False,False,False,False
2025-05-23 00:00:00+00:00,20.0345515499,20.7514937525,19.8154858769,20.54238561,840950,20.196909449215337,20.74799494528754,19.621571239012184,20.581086123738963,20.031975079685402,19.56501987737625,19.058350010473927,18.739807109700227,20.47245219725144,19.59963490666449,"rgba(38, 166, 154, 0.5)",0.8181654689423645,0.8998882337387666,1.0668654293986781,False,False,False,False,0.07386046447966159,0.03192036733306541,False,False,False,False,12507516,14092962.682827687,False,False,False,False,939467.0410738625,False,False,False,False
2025-05-30 00:00:00+00:00,20.1739569782,20.4029801818,19.9648488357,20.2436596923,581568,20.196141701632843,20.734602247106334,19.667336327932745,20.568377844406804,20.0332180147244,19.568527628847363,19.062848406517166,18.743752180733257,20.46537197436959,19.607343400526954,"rgba(38, 166, 154, 0.5)",1.4346207895631622,0.8641277136963189,1.1052929899192254,False,False,False,False,0.052876555110163544,0.042398461221614475,False,False,False,False,13089084,14018601.298914526,False,False,False,False,912956.0009943171,False,False,False,False
2025-06-06 00:00:00+00:00,20.2038295699,20.2834898147,19.9150611828,20.1341268558,847105,20.192163438953948,20.71464362484743,19.717068492555118,20.549193422672257,20.034432459934337,19.573183524660156,19.069066835953862,18.749275429489227,20.45340353190069,19.61537002754416,"rgba(38, 166, 154, 0.5)",1.5680516325168625,0.8918824241075539,1.101456514511939,False,False,False,False,0.19762033505921436,0.12000939814041442,False,False,False,False,13936189,14012496.684180116,False,False,False,False,908078.1490688121,False,False,False,False
2025-06-13 00:00:00+00:00,20.1341268558,20.592173263,20.0942967334,20.3034048758,787375,20.19674219330412,20.701424163316727,19.767208882206535,20.5383203887153,20.037077553813432,19.57850145800071,19.07553052083751,18.754882869780563,20.449083178310424,19.625253612225674,"rgba(38, 166, 154, 0.5)",1.2388139066427328,0.9201741808881506,1.0644312607908593,False,False,False,False,0.30757146167942895,0.2137904299099217,False,False,False,False,13148814,13948520.189055663,False,False,False,False,899137.175063715,False,False,False,False
2025-06-20 00:00:00+00:00,20.0544666111,20.323319937,19.9499125399,20.2735322841,759304,20.192237898294568,20.684790485220656,19.794552428032766,20.52259714878334,20.03783920573496,19.58235951781864,19.080852506967357,18.759670642581266,20.438514191757612,19.629645241653055,"rgba(38, 166, 154, 0.5)",0.8584216473149766,0.9578991017490195,1.0584195319110123,False,False,False,False,0.16340340812814888,0.1885969190190353,True,False,False,False,12389510,13833037.952829316,False,False,False,False,888779.1620960324,False,False,False,False
2025-06-27 00:00:00+00:00,20.41,20.58,19.955,20.04,1592078,20.204196376304715,20.66422314804628,19.869269385792215,20.50778499530002,20.043840713668697,19.593358791605954,19.094032972730623,18.771114339752987,20.4342097621755,19.646566866475084,"rgba(38, 166, 154, 0.5)",2.505718876760575,0.9519309711312192,1.015028798766404,False,False,False,False,0.2346863512482308,0.21164163513363304,False,False,False,False,13981588,13844041.660027144,False,False,False,False,940875.3723111411,False,False,False,False
2025-07-04 00:00:00+00:00,21.28,21.355,20.33,20.39,771469,20.23954129217463,20.672729030738726,19.942054688609115,20.523844288701188,20.053647984325302,19.603433802095246,19.103785674751318,18.77899134386458,20.45613516145668,19.66762629705779,"rgba(0, 255, 255, 0.75)",6.316178599879219,0.9766440804188299,0.9678255086249057,False,False,False,False,0.34282819023221917,0.2772349126829261,False,False,False,False,14753057,13911376.129654763,False,False,False,False,928326.7521399454,False,False,False,False
2025-07-11 00:00:00+00:00,21.3,21.6301,20.92,21.18,988697,20.296546903174224,20.692598600275716,20.04525770540233,20.5550376174309,20.06979747653519,19.618840676517667,19.11807256612853,18.79034207355918,20.49457275172497,19.699558019262298,"rgba(0, 255, 255, 0.75)",6.400760530928547,1.0224142192737264,0.9494715660765746,False,False,False,False,0.34282819866161507,0.3100315556722706,False,False,False,False,15741754,14046959.675606262,False,False,False,False,932798.6223518014,False,False,False,False
2025-07-18 00:00:00+00:00,21.23,21.3201,21.12,21.24,209359,20.30714236715551,20.696230685003002,20.064144475544904,20.56079969827864,20.072996512515537,19.621950639402115,19.120990688737923,18.792674901317504,20.501686526079254,19.705592819299437,"rgba(0, 255, 255, 0.75)",6.044319497222098,1.0360439190345125,0.9928282099340554,False,False,False,False,0.30856018736873037,0.3092958715205005,False,False,False,False,15532395,14156991.92185765,False,False,False,False,879210.5021775939,False,False,False,False
