date,Close,High,Low,Open,Volume,Peaks_Valleys_avg,color,StDev,StDev_Mean,StdDev_ZScore,QQEMOD,QQE1_Value,QQE1_Above_Upper,QQE1_Below_Lower,QQE2_Above_Threshold,QQE2_Below_Threshold,QQE2_Above_TL,banker_RSI,SMA_50,SMA_200,Supertrend_Upper,Supertrend_Lower,Supertrend_Direction,OB,OB_High,OB_Low,OB_Mitigated_Index,TTM_squeeze_Active,VI_plus,VI_minus,VI_Regular_Bullish,VI_Regular_Bearish,VI_Hidden_Bullish,VI_Hidden_Bearish,Fisher,Fisher_Signal,Fisher_Regular_Bullish,Fisher_Regular_Bearish,Fisher_Hidden_Bullish,Fisher_Hidden_Bearish,OBV,OBV_Smoothed,OBV_Regular_Bullish,OBV_Regular_Bearish,OBV_Hidden_Bullish,OBV_Hidden_Bearish,Volume_MA,Vol_Regular_Bullish,Vol_Regular_Bearish,Vol_Hidden_Bullish,Vol_Hidden_Bearish
2021-12-31 00:00:00+00:00,4.75,4.76,4.19,4.52,673140,,#000000,,,,,,False,False,False,False,False,,,,4.475,4.475,1,0.0,0.0,0.0,0.0,0,,,False,False,False,False,,,False,False,False,False,0,0.0,False,False,False,False,673140.0,False,False,False,False
2022-01-07 00:00:00+00:00,4.54,4.9,4.3597,4.64,395404,,"rgba(239, 83, 80, 0.5)",,,,0.0,,False,False,False,True,False,,,,4.475,4.62985,-1,0.0,0.0,0.0,0.0,0,,,False,False,False,False,,,False,False,False,False,-395404,-29289.185185185182,False,False,False,False,652566.9629629629,False,False,False,False
2022-01-14 00:00:00+00:00,4.17,4.48,4.0,4.44,417134,,"rgba(239, 83, 80, 0.5)",,,,0.0,-50.0,False,False,False,True,True,,,,4.24,4.62985,-1,0.0,0.0,0.0,0.0,0,,,False,False,False,False,,,False,False,False,False,-812538,-87307.61591220851,False,False,False,False,635127.4842249657,False,False,False,False
2022-01-21 00:00:00+00:00,3.85,4.42,3.84,4.1,422841,,"rgba(239, 83, 80, 0.5)",,,,0.0,-50.0,False,False,False,True,True,,,,4.13,4.13,-1,0.0,0.0,0.0,0.0,0,,,False,False,False,False,,,False,False,False,False,-1235379,-172349.94065945232,False,False,False,False,619402.5594675607,False,False,False,False
2022-01-28 00:00:00+00:00,3.44,3.95,3.25,3.87,640701,3.5466666666666673,"rgba(239, 83, 80, 0.5)",,3.5466666666666673,,0.0,-50.0,False,False,False,True,True,,,,3.6,3.6,-1,0.0,0.0,0.0,0.0,0,,,False,False,False,False,,,False,False,False,False,-1876080,-298552.1672772707,False,False,False,False,620980.2217292229,False,False,False,False
2022-02-04 00:00:00+00:00,3.38,3.76,3.37,3.475,393939,3.530167507538855,"rgba(239, 83, 80, 0.5)",,3.530167507538855,,0.0,-50.0,False,False,False,True,True,,,,3.565,3.565,-1,0.0,0.0,0.0,0.0,0,,,False,False,False,False,,,False,False,False,False,-2270019,-444586.7474789544,False,False,False,False,604162.3534529841,False,False,False,False
2022-02-11 00:00:00+00:00,3.53,3.62,3.34,3.38,503235,3.5192051109485494,"rgba(239, 83, 80, 0.5)",,3.5192051109485494,,3.4208327582017177,-46.76624403326244,False,False,False,True,True,,,,3.48,3.565,1,0.0,0.0,0.0,0.0,0,,,False,False,False,False,,,False,False,False,False,-1766784,-542527.2847027355,False,False,False,False,596686.2531972075,False,False,False,False
2022-02-18 00:00:00+00:00,3.54,3.9,3.33,3.53,691282,3.5411592543728414,"rgba(239, 83, 80, 0.5)",,3.5411592543728414,,6.077550814427543,-44.39512283933458,False,False,False,True,True,,,,3.48,3.615,-1,0.0,0.0,0.0,0.0,0,,,False,False,False,False,,,False,False,False,False,-1075502,-582006.8932432736,False,False,False,False,603693.3455529698,False,False,False,False
2022-02-25 00:00:00+00:00,3.6,3.64,3.26,3.53,444282,3.5343192569570507,"rgba(239, 83, 80, 0.5)",,3.5343192569570507,,9.264306630335739,-41.59391730396571,False,False,False,True,True,,,,3.45,3.615,-1,0.0,0.0,0.0,0.0,0,,,False,False,False,False,,,False,False,False,False,-631220,-585652.3085585868,False,False,False,False,591885.0977342313,False,False,False,False
2022-03-04 00:00:00+00:00,4.03,4.05,3.56,3.77,683318,3.604687732832612,"rgba(239, 83, 80, 0.5)",,3.604687732832612,,18.260110864887118,-33.37184829805582,False,False,False,True,True,,,,3.8049999999999997,3.8049999999999997,1,0.0,0.0,0.0,0.0,0,,,False,False,False,False,,,False,False,False,False,52098,-538411.5449616543,False,False,False,False,598657.9053094734,False,False,False,False
2022-03-11 00:00:00+00:00,4.52,4.88,4.07,4.09,1024735,4.15087143945487,"rgba(239, 83, 80, 0.5)",,4.15087143945487,,29.045950479218853,-23.742750960140512,False,False,False,True,True,,,,4.475,4.475,1,0.0,0.0,0.0,0.0,0,,,False,False,False,False,,,False,False,False,False,1076833,-418763.8008904207,False,False,False,False,630219.1715828457,False,False,False,False
2022-03-18 00:00:00+00:00,4.59,4.6,3.77,4.48,741218,4.1519651627092236,"rgba(239, 83, 80, 0.5)",,4.1519651627092236,,37.22681923405629,-16.851330810724583,False,False,False,True,True,,,,4.185,4.475,1,0.0,0.0,0.0,0.0,0,,,False,False,False,False,,,False,False,False,False,1818051,-253073.81563927844,False,False,False,False,638441.3070211535,False,False,False,False
2022-03-25 00:00:00+00:00,4.32,4.82,4.23,4.7,514759,4.182342332800601,"rgba(239, 83, 80, 0.5)",,4.182342332800601,,40.83721985516234,-14.361886967661412,False,False,False,True,True,,,,4.185,4.525,-1,0.0,0.0,0.0,0.0,0,,,False,False,False,False,,,False,False,False,False,1303292,-137787.45892525782,False,False,False,False,629279.6546492162,False,False,False,False
2022-04-01 00:00:00+00:00,4.12,4.415,3.97,4.3,405091,4.170557168080506,"rgba(239, 83, 80, 0.5)",,4.170557168080506,,42.032717774859144,-14.008764329530486,False,False,False,True,True,,,,4.185,4.525,-1,0.0,0.0,0.0,0.0,0,,,False,False,False,False,,,False,False,False,False,898201,-61047.57307894243,False,False,False,False,612673.0876381632,False,False,False,False
2022-04-08 00:00:00+00:00,4.35,4.419,4.08,4.23,409651,4.174075387897582,"rgba(239, 83, 80, 0.5)",,4.174075387897582,,44.565177604627905,-12.165343813769987,False,False,False,True,True,,,,4.185,4.525,1,0.0,0.0,0.0,0.0,0,,,False,False,False,False,,,False,False,False,False,1307852,40352.39529727553,False,False,False,False,597634.4144797808,False,False,False,False
2022-04-15 00:00:00+00:00,4.57,4.61,4.275,4.53,504848,4.2003842294520215,#000000,,4.2003842294520215,,47.75884406675691,-9.568712313913778,False,False,False,False,True,,,,4.442500000000001,4.525,1,0.0,0.0,0.0,0.0,0,,,False,False,False,False,,,False,False,False,False,1812700,171637.4030530329,False,False,False,False,590761.3467405378,False,False,False,False
2022-04-22 00:00:00+00:00,4.01,4.72,3.79,4.61,884742,4.188193388181524,#000000,,4.188193388181524,,46.662071446880994,-9.568712313913778,False,False,False,False,True,,,,4.255,4.525,-1,0.0,0.0,0.0,0.0,0,,,False,False,False,False,,,False,False,False,False,927958,227661.15097503044,False,False,False,False,612537.6914264238,False,False,False,False
2022-04-29 00:00:00+00:00,3.53,3.92,3.45,3.9,833002,4.1132818191174545,"rgba(239, 83, 80, 0.5)",,4.1132818191174545,,43.83289659618684,-9.568712313913778,False,False,False,True,True,,,,3.685,3.685,-1,0.0,0.0,0.0,0.0,0,,,False,False,False,False,,,False,False,False,False,94956,217831.13979169485,False,False,False,False,628868.3809503923,False,False,False,False
2022-05-06 00:00:00+00:00,3.43,3.64,3.3226,3.4,624100,4.055100891175251,"rgba(239, 83, 80, 0.5)",,4.055100891175251,,41.4432785748221,-9.568712313913778,False,False,False,True,False,,,,3.4813,3.4813,-1,0.0,0.0,0.0,0.0,0,,,False,False,False,False,,,False,False,False,False,-529144,162499.64795527302,False,False,False,False,628515.1675466596,False,False,False,False
2022-05-13 00:00:00+00:00,3.08,3.49,3.07,3.35,817415,3.968206234708032,"rgba(239, 83, 80, 0.5)",,3.968206234708032,,38.557299870859616,-2.8722618160861586,False,False,False,True,False,,,,3.4813,1.6814950000000009,-1,0.0,0.0,0.0,0.0,1,,,False,False,False,False,,,False,False,False,False,-1346559,50717.52588451204,False,False,False,False,642507.7477283885,False,False,False,False
2022-05-20 00:00:00+00:00,3.09,3.2,2.94,3.15,573040,3.631279032403613,"rgba(239, 83, 80, 0.5)",,3.631279032403613,,36.56550779401887,-4.7117280598733515,False,False,False,True,False,,,,3.4813,1.5179950000000006,-1,0.0,0.0,0.0,0.0,0,,,False,False,False,False,,,False,False,False,False,-773519,-10337.031588414771,False,False,False,False,637361.9886373968,False,False,False,False
2022-05-27 00:00:00+00:00,3.48,3.54,3.07,3.15,573322,3.6562286248691085,"rgba(239, 83, 80, 0.5)",,3.6562286248691085,,37.667264264821945,-4.7117280598733515,False,False,False,True,False,,,,3.4813,1.7635399999999999,-1,0.0,0.0,0.0,0.0,1,,,False,False,False,False,,,False,False,False,False,-200197,-24400.7329522359,False,False,False,False,632618.2857753674,False,False,False,False
2022-06-03 00:00:00+00:00,3.54,3.66,3.16,3.42,531081,3.6654149530130713,"rgba(239, 83, 80, 0.5)",,3.6654149530130713,,38.80905838646408,-4.7117280598733515,False,False,False,True,False,,,,3.4813,1.8745400000000003,1,0.0,0.0,0.0,0.0,1,,,False,False,False,False,,,False,False,False,False,330884,1916.6546738556463,False,False,False,False,625097.0053475625,False,False,False,False
2022-06-10 00:00:00+00:00,3.52,3.59,3.18,3.54,6525394,3.5891799784065657,"rgba(239, 83, 80, 0.5)",,3.5891799784065657,,39.536661998551246,-4.7117280598733515,False,False,False,True,False,,,,4.894959999999999,1.8750400000000003,1,0.0,0.0,0.0,0.0,1,,,False,False,False,False,,,False,False,False,False,-6194510,-457077.91233902256,False,False,False,False,1062156.0419884839,False,False,False,False
2022-06-17 00:00:00+00:00,3.32,3.565,3.26,3.45,1115080,3.57561433355198,"rgba(239, 83, 80, 0.5)",,3.57561433355198,,39.18950876371461,-4.7117280598733515,False,False,False,True,False,,,,4.86321,1.9617899999999997,1,0.0,0.0,0.0,0.0,0,,,False,False,False,False,,,False,False,False,False,-7309590,-964671.4003139099,False,False,False,False,1066076.3351745221,False,False,False,False
2022-06-24 00:00:00+00:00,3.82,3.88,3.261,3.3,3861867,3.612802074228772,"rgba(239, 83, 80, 0.5)",,3.612802074228772,,41.835804246053684,-4.7117280598733515,False,False,False,True,True,,,,5.05556,2.08544,1,0.0,0.0,0.0,0.0,1,,,False,False,False,False,-0.11878519911429318,-0.11878519911429318,False,False,False,False,-3447723,-1148601.1484388052,False,False,False,False,1273171.9399764093,False,False,False,False
2022-07-01 00:00:00+00:00,3.18,3.83,3.05,3.83,493322,3.599743879975189,"rgba(239, 83, 80, 0.5)",,3.599743879975189,,41.18115203303407,-4.7117280598733515,False,False,False,True,True,,,,5.0000599999999995,2.08544,1,0.0,0.0,0.0,0.0,0,0.9009731436187244,1.0580759007348837,False,False,False,False,-0.1752178842179434,-0.14700154166611828,False,False,False,False,-3941045,-1355448.8411470419,False,False,False,False,1215405.2777559345,False,False,False,False
2022-07-08 00:00:00+00:00,2.8,3.24,2.76,3.15,380240,3.576203115875961,"rgba(239, 83, 80, 0.5)",,3.576203115875961,,39.5305639428348,-4.7117280598733515,False,False,False,True,True,,,,4.5465599999999995,2.08544,1,0.0,0.0,0.0,0.0,0,0.8661446179620653,1.1129360378148747,False,False,False,False,-0.34282825441539394,-0.2449148980407561,False,False,False,False,-4321285,-1575140.4084694833,False,False,False,False,1153541.1831073468,False,False,False,False
2022-07-15 00:00:00+00:00,2.89,2.96,2.5901,2.89,347183,3.5531685464257152,"rgba(239, 83, 80, 0.5)",,3.5531685464257152,,38.82924433570403,-4.7117280598733515,False,False,False,True,True,,,,4.320095,2.08544,1,0.0,0.0,0.0,0.0,0,0.8833435603736279,1.1083308712680773,False,False,False,False,-0.34282825441539394,-0.293871576228075,False,False,False,False,-3974102,-1752841.2671013733,False,False,False,False,1093810.9473216175,False,False,False,False
2022-07-22 00:00:00+00:00,2.7,2.9409,2.68,2.88,318154,3.5327628060605742,"rgba(239, 83, 80, 0.5)",,3.5327628060605742,,37.7424561666145,-4.904026327395243,False,False,False,True,True,,,,4.32113,2.08544,1,0.0,0.0,0.0,0.0,0,0.8998540508648262,1.107839331739279,False,False,False,False,-0.3279179929641749,-0.31089478459612496,False,False,False,False,-4292256,-1940946.062130901,False,False,False,False,1036354.8771496458,False,False,False,False
2022-07-29 00:00:00+00:00,2.76,2.7953,2.63,2.74,224774,3.518439528223364,"rgba(239, 83, 80, 0.5)",,3.518439528223364,,37.307170308375255,-5.612018645266275,False,False,False,True,True,,,,4.1206249999999995,2.08544,1,0.0,0.0,0.0,0.0,0,0.9392540396063662,1.0862349653748027,False,False,False,False,-0.34282825441539394,-0.3268615195057595,False,False,False,False,-4067482,-2098467.242713797,False,False,False,False,976237.775138561,False,False,False,False
2022-08-05 00:00:00+00:00,2.63,2.81,2.58,2.81,385825,3.493834891148615,"rgba(239, 83, 80, 0.5)",,3.493834891148615,,36.573040796855196,-6.625429004880019,False,False,False,True,False,,,,4.012975000000001,2.08544,1,0.0,0.0,0.0,0.0,0,0.9245066261847126,1.0705698929142906,False,False,False,False,-0.34282825441539394,-0.3348448869605767,False,False,False,False,-4453307,-2272899.8173275897,False,False,False,False,932503.4954986677,False,False,False,False
2022-08-12 00:00:00+00:00,2.79,2.83,2.52,2.75,480129,3.4673605747116927,"rgba(239, 83, 80, 0.5)",,3.4673605747116927,,37.002801226411435,-6.625429004880019,False,False,False,True,False,,,,3.950975,2.08544,1,0.0,0.0,0.0,0.0,0,0.9222363197315107,1.0572995538820449,False,False,False,False,-0.34282825441539394,-0.33883657068798534,False,False,False,False,-3973178,-2398846.349377398,False,False,False,False,898994.2736098776,False,False,False,False
2022-08-19 00:00:00+00:00,2.64,2.77,2.58,2.69,237060,3.4543224442044123,"rgba(239, 83, 80, 0.5)",,3.4543224442044123,,36.777932542005274,-7.033556286961314,False,False,False,True,False,,,,3.9157249999999997,2.08544,1,0.0,0.0,0.0,0.0,0,0.9240922700628346,1.086028760595454,False,False,False,False,-0.34282825441539394,-0.3408324125516896,False,False,False,False,-4210238,-2533023.508682776,False,False,False,False,849962.105194331,False,False,False,False
2022-08-26 00:00:00+00:00,2.63,2.73,2.57,2.6,198666,3.4435504960340064,"rgba(239, 83, 80, 0.5)",,3.4435504960340064,,36.58130628879913,-7.55838657368956,False,False,False,True,False,,,,3.863875,2.08544,1,0.0,0.0,0.0,0.0,0,0.9278133459373524,1.068749194345379,False,False,False,False,-0.34282825441539394,-0.34183033348354175,False,False,False,False,-4408904,-2671977.619150718,False,False,False,False,801717.9492540102,False,False,False,False
2022-09-02 00:00:00+00:00,2.65,2.67,2.45,2.63,189655,3.432911187586802,"rgba(239, 83, 80, 0.5)",,3.432911187586802,,36.576007677389455,-7.906243929476744,False,False,False,True,False,,,,3.756625,2.08544,1,0.0,0.0,0.0,0.0,0,0.8891479347204505,1.111731843575419,False,False,False,False,-0.34282825441539394,-0.34232929394946787,False,False,False,False,-4219249,-2786590.314028443,False,False,False,False,756379.9530129725,False,False,False,False
2022-09-09 00:00:00+00:00,2.79,2.885,2.58,2.62,202607,3.2896937163296074,"rgba(239, 83, 80, 0.5)",,3.2245589824500183,,37.525424079534055,-7.906243929476744,False,False,False,True,False,,,,3.835375,2.08544,1,0.0,0.0,0.0,0.0,0,0.8521461904541884,1.1741902693711592,False,False,False,False,-0.2790883000020726,-0.31070879697577025,False,False,False,False,-4016642,-2877705.2537300396,False,False,False,False,715359.7342712708,False,False,False,False
2022-09-16 00:00:00+00:00,2.5,2.87,2.4582,2.8,273657,3.2621983631381397,"rgba(239, 83, 80, 0.5)",,3.192571315715981,,37.012086486835656,-8.047295797747871,False,False,False,True,False,,,,3.7447450000000004,2.08544,1,0.0,0.0,0.0,0.0,0,0.863331827400921,1.155719819672604,False,False,False,False,-0.30407254967303754,-0.3073906733244039,False,False,False,False,-4290299,-2982341.8275278145,False,False,False,False,682641.0132141396,False,False,False,False
2022-09-23 00:00:00+00:00,2.04,2.54,2.04,2.5,394090,3.1967624594133834,"rgba(239, 83, 80, 0.5)",,3.1155695041720888,,35.105629126802185,-10.14149890653978,False,False,False,True,False,,,,3.398035,2.08544,-1,0.0,0.0,0.0,0.0,0,0.7769869973723251,1.2104079198704587,False,False,False,False,-0.34282825441539394,-0.3251094638698989,False,False,False,False,-4684389,-3108419.395859088,False,False,False,False,661266.8640871663,False,False,False,False
2022-09-30 00:00:00+00:00,2.02,2.26,1.89,2.04,384006,3.1476432663154275,"rgba(239, 83, 80, 0.5)",,3.0592281323334176,,33.68338913884969,-11.70396660852333,False,False,False,True,False,,,,3.1755349999999996,0.9744649999999999,-1,0.0,0.0,0.0,0.0,0,0.7860973013097876,1.1997401912426868,False,False,False,False,-0.34282825441539394,-0.3339688591426464,False,False,False,False,-5068395,-3253602.7739436,False,False,False,False,640729.0223029318,False,False,False,False
2022-10-07 00:00:00+00:00,1.94,2.25,1.94,2.03,297597,3.118243891037568,"rgba(239, 83, 80, 0.5)",,3.026338702255173,,32.41756601197617,-13.079999443148282,False,False,False,True,False,,,,3.1755349999999996,0.9869649999999996,-1,0.0,0.0,0.0,0.0,0,0.7796127060621199,1.2016788614302647,False,False,False,False,-0.33658419060812755,-0.33527652487538695,False,False,False,False,-5365992,-3410076.0499477778,False,False,False,False,615311.8354656775,False,False,False,False
2022-10-14 00:00:00+00:00,1.75,2.1,1.75,2.08,337567,3.0809417771045027,"rgba(239, 83, 80, 0.5)",,2.9845156978467884,,30.938359513480854,-14.633041683518002,False,False,False,True,False,,,,3.015035,0.8349650000000002,-1,0.0,0.0,0.0,0.0,0,0.7422806451297398,1.2347348962765177,False,False,False,False,-0.34282825441539394,-0.3390523896453904,False,False,False,False,-5703559,-3579963.675877572,False,False,False,False,594738.1439497015,False,False,False,False
2022-10-21 00:00:00+00:00,1.73,1.84,1.69,1.81,428329,2.821278108804968,"rgba(239, 83, 80, 0.5)",,2.5166811947660435,,29.821855669687864,-15.814214069523047,False,False,False,True,False,,,,2.802535,0.727465,-1,0.0,0.0,0.0,0.0,0,0.7659964211217347,1.2932986033904046,False,False,False,False,-0.34282825441539394,-0.34094032203039215,False,False,False,False,-6131888,-3768995.107294048,False,False,False,False,582411.540694168,False,False,False,False
2022-10-28 00:00:00+00:00,2.1,2.1,1.72,1.75,447916,2.81562238423431,"rgba(239, 83, 80, 0.5)",,2.52004336385444,,31.78495762818956,-15.814214069523047,False,False,False,True,False,,,,2.802535,0.8769650000000002,-1,0.0,0.0,0.0,0.0,0,0.8111028356162905,1.194294226223244,False,False,False,False,-0.28442472103894667,-0.3126825215346694,False,False,False,False,-5683972,-3910845.247494489,False,False,False,False,572448.9080501555,False,False,False,False
2022-11-04 00:00:00+00:00,2.35,2.48,2.03,2.28,582989,2.830900285529856,"rgba(239, 83, 80, 0.5)",,2.554563318181155,,34.76938268498847,-19.671474942718824,False,False,False,True,True,,,,2.802535,1.200215,-1,0.0,0.0,0.0,0.0,0,0.8603156360076194,1.1213166044120932,False,False,False,False,-0.152041481119626,-0.2323620013271477,False,False,False,False,-5100983,-3999003.5995319346,False,False,False,False,573229.6556019958,False,False,False,False
2022-11-11 00:00:00+00:00,2.61,2.65,2.1434,2.35,660712,2.7933921037882032,"rgba(239, 83, 80, 0.5)",,2.4272255825207325,,38.36704349801834,-16.267987743787515,False,False,False,True,True,,,,2.802535,1.358775,-1,0.0,0.0,0.0,0.0,0,0.9001845310275743,1.0864659672062005,False,False,False,False,-0.09940842478028036,-0.16588521305371404,False,False,False,False,-4440271,-4031690.07364068,False,False,False,False,579709.8292611073,False,False,False,False
2022-11-18 00:00:00+00:00,2.18,2.6107,2.16,2.6,362171,2.782114416152045,"rgba(239, 83, 80, 0.5)",,2.417474482454975,,39.09679160032571,-15.654389550966073,False,False,False,True,True,,,,2.802535,1.3968199999999997,-1,0.0,0.0,0.0,0.0,0,0.9173058237373634,1.0588472431828988,False,False,False,False,-0.10360031431522777,-0.1347427636844709,False,False,False,False,-4802442,-4088782.808926556,False,False,False,False,563595.8419084327,False,False,False,False
2022-11-25 00:00:00+00:00,2.17,2.32,2.0988,2.25,193688,2.772242391623325,"rgba(239, 83, 80, 0.5)",,2.4060992315074805,,39.578560785054236,-15.213657187488614,False,False,False,True,True,,,,2.802535,1.2596900000000002,-1,0.0,0.0,0.0,0.0,0,0.8948373543828377,1.1273155515946272,False,False,False,False,-0.16914453767425838,-0.15194365067936466,False,False,False,False,-4996130,-4155993.7119690333,False,False,False,False,536195.2610263266,False,False,False,False
2022-12-02 00:00:00+00:00,2.32,2.34,2.01,2.17,294815,2.7614366562944035,"rgba(239, 83, 80, 0.5)",,2.3957736786230575,,40.79359132280109,-14.02161404272416,False,False,False,True,True,,,,2.802535,1.2312750000000001,-1,0.0,0.0,0.0,0.0,0,0.8735873111913045,1.1404585431207728,False,False,False,False,-0.1821114922491491,-0.1670275714642569,False,False,False,False,-4701315,-4196387.881452809,False,False,False,False,518315.24169104313,False,False,False,False
2022-12-09 00:00:00+00:00,1.85,2.3135,1.845,2.29,477372,2.729278886248969,"rgba(239, 83, 80, 0.5)",,2.3559488933842623,,39.81623200794879,-14.02161404272416,False,False,False,True,True,0.0,3.1628,,2.802535,1.1034100000000002,-1,0.0,0.0,0.0,0.0,0,0.8539225784301103,1.1341144156903138,False,False,False,False,-0.21853994011449196,-0.19278375578937443,False,False,False,False,-5178687,-4269150.779122971,False,False,False,False,515282.4089731881,False,False,False,False
2022-12-16 00:00:00+00:00,1.88,2.0773,1.83,2.0,553250,2.598596313003295,"rgba(239, 83, 80, 0.5)",,2.1035967065568038,,39.2966289654658,-14.02161404272416,False,False,False,True,True,0.0,3.1054000000000004,,2.802535,0.9655100000000003,-1,1.0,2.0773,1.83,0.0,0,0.8427564317099766,1.15775097973593,False,False,False,False,-0.2672231138094379,-0.23000343479940616,False,False,False,False,-4625437,-4295542.351039788,False,False,False,False,518094.8231233223,False,False,False,False
2022-12-23 00:00:00+00:00,2.8,2.85,1.97,1.99,1106717,2.6695510987716604,"rgba(239, 83, 80, 0.5)",,2.268816415056991,,43.29878571749313,-11.568491359747576,False,False,False,True,True,0.0,3.0706,,2.802535,1.31086,-1,0.0,0.0,0.0,0.0,0,0.8535943497300726,1.0950206476174624,False,False,False,False,-0.07599673068326844,-0.1530000827413373,False,False,False,False,-3518720,-4237999.95466647,False,False,False,False,561696.465854928,False,False,False,False
2022-12-30 00:00:00+00:00,2.92,2.9822,2.75,2.9,407134,2.7000759167559685,#000000,,2.331850527149242,,46.60241279832681,-8.450807486796684,False,False,False,False,True,0.0,3.0456,,2.802535,1.7786300000000004,1,0.0,0.0,0.0,0.0,0,0.9540586152505544,1.080664909165113,False,False,False,False,0.2644382360190928,0.055719076638877735,False,False,False,False,-3111586,-4154561.883950435,False,False,False,False,550247.3943101185,False,False,False,False
2023-01-06 00:00:00+00:00,2.86,2.95,2.43,2.91,447865,2.7172431841220313,#000000,,2.370940617874221,,48.68701693527228,-6.543611340170614,False,False,False,False,True,0.0,3.0258,,3.82397,1.7786300000000004,1,0.0,0.0,0.0,0.0,0,0.9509658573013101,1.0190535806455157,False,False,False,False,0.22833255933459548,0.1420258179867366,False,False,False,False,-3559451,-4110479.5962504027,False,False,False,False,542663.5132501097,False,False,False,False
2023-01-13 00:00:00+00:00,3.37,3.38,2.82,2.89,642497,2.769109527609711,#000000,,2.4695522216839927,,51.991384044698066,-3.4740512328260564,False,False,False,False,True,0.0,3.0244,,4.29397,1.90603,1,0.0,0.0,0.0,0.0,0,1.012198795180723,0.9422870051635114,False,False,False,False,0.3428281989354279,0.24242700846108223,False,False,False,False,-2916954,-4022070.2928244467,False,False,False,False,550058.5863426942,False,False,False,False
2023-01-20 00:00:00+00:00,3.75,3.77,3.305,3.45,535597,2.8269905204785744,"rgba(38, 166, 154, 0.5)",,2.572366314470777,,55.47729943639405,-0.2731485238705673,False,False,True,False,True,2.076977343928636,3.0318,,4.7682199999999995,2.3067800000000003,1,0.0,0.0,0.0,0.0,0,1.0535257523605015,0.9004642056399408,False,False,False,False,0.3428282126293537,0.29262761054521796,False,False,False,False,-2381357,-3900535.974837451,False,False,False,False,548987.3577247169,False,False,False,False
2023-01-27 00:00:00+00:00,3.56,3.82,3.42,3.7,551348,2.916728040991347,"rgba(38, 166, 154, 0.5)",,2.934612847709557,,57.04246041693183,1.0780556296999961,False,False,True,False,True,0.28323282658138993,3.0324,,4.86497,2.37503,1,0.0,0.0,0.0,0.0,0,1.06918478037556,0.8827710892879157,False,False,False,False,0.3428282144877624,0.3177279125164902,False,False,False,False,-2932705,-3828844.791516158,False,False,False,False,549162.2201154786,False,False,False,False
2023-02-03 00:00:00+00:00,3.49,3.67,3.4224,3.55,631148,2.9543548683624516,"rgba(38, 166, 154, 0.5)",,2.983244001460804,,57.82055950703815,1.7429855549698487,False,False,True,False,True,0.0,3.0314000000000005,,4.76654,2.37503,1,0.0,0.0,0.0,0.0,0,1.0744329600918747,0.8998708010335917,False,False,False,False,0.31363710717395804,0.3156825098452241,False,False,False,False,-3563853,-3809215.769922368,False,False,False,False,555235.2408476654,False,False,False,False
2023-02-10 00:00:00+00:00,3.42,3.65,3.32,3.53,444350,2.97454941952956,"rgba(38, 166, 154, 0.5)",,3.0079508912964483,,58.026613903739005,1.9460883030242684,False,False,True,False,True,0.0,3.0277999999999996,,4.67984,2.37503,1,0.0,0.0,0.0,0.0,0,1.069941877123327,0.9041688837951783,False,False,False,False,0.28981835928225846,0.3027504345637413,False,False,False,False,-4008203,-3823955.5647429335,False,False,False,False,547021.5193033938,False,False,False,False
2023-02-17 00:00:00+00:00,3.29,3.45,3.1,3.42,375175,2.9850143205484603,"rgba(38, 166, 154, 0.5)",,3.1564696447698477,,57.51884648079037,1.9460883030242684,False,False,True,False,True,0.0,3.0129999999999995,,4.46684,2.37503,1,0.0,0.0,0.0,0.0,0,1.0427242645575239,0.9216637746660746,False,False,False,False,0.210296879502784,0.25652365703326263,False,False,False,False,-4383378,-3865394.2636508644,False,False,False,False,534292.1475031424,False,False,False,False
2023-02-24 00:00:00+00:00,3.19,3.4,3.1201,3.32,188504,2.9858242603180445,"rgba(38, 166, 154, 0.5)",,3.151568015021673,,56.653713871006076,1.9460883030242684,False,False,True,False,True,0.0,2.9863999999999997,,4.447374999999999,2.37503,1,0.0,0.0,0.0,0.0,0,1.045213958912712,0.9235967823928709,False,False,False,False,0.2047453539173025,0.23063450547528258,False,False,False,False,-4571882,-3917726.688565615,False,False,False,False,508678.2106510578,False,False,False,False
2023-03-03 00:00:00+00:00,3.64,3.67,3.16,3.16,501736,3.0214951639980647,"rgba(38, 166, 154, 1.0)",,3.1978155115578724,,57.738966042909,1.9460883030242684,True,False,True,False,True,1.1416894197169718,2.9674,,4.626325,2.37503,1,0.0,0.0,0.0,0.0,0,1.0594344283735215,0.8937736744717748,False,False,False,False,0.26295992804887475,0.24679721676207866,False,False,False,False,-4070146,-3929017.007931125,False,False,False,False,508163.9728250535,False,False,False,False
2023-03-10 00:00:00+00:00,3.57,3.661,3.36,3.64,431093,3.046442313242898,"rgba(38, 166, 154, 1.0)",,3.2265928333510834,,58.14512688292,2.4834779245992635,True,False,True,False,True,0.482820491754115,2.9524,,4.7444749999999996,2.37503,1,0.0,0.0,0.0,0.0,0,1.0662415320353158,0.9154414971458477,False,False,False,False,0.2997025679246294,0.27324989234335406,False,False,False,False,-4501239,-3971403.822158449,False,False,False,False,502455.01187504956,False,False,False,False
2023-03-17 00:00:00+00:00,3.4,3.83,3.1601,3.83,578224,3.067419113007058,"rgba(38, 166, 154, 1.0)",,3.2448509934159504,,57.54504224097468,2.4834779245992635,True,False,True,False,True,0.0,2.938,,4.7725100000000005,2.37503,1,0.0,0.0,0.0,0.0,0,1.0572406489920956,0.9001077871487463,False,False,False,False,0.29370722654817266,0.2834785594457634,False,False,False,False,-5079463,-4053482.2797763417,False,False,False,False,508067.5295139348,False,False,False,False
2023-03-24 00:00:00+00:00,3.59,3.61,3.22,3.42,472171,3.083221306801156,"rgba(38, 166, 154, 1.0)",,3.2582908452427475,,57.86143936149456,2.569976775717585,True,False,True,False,True,0.6776118195464456,2.9228000000000005,,4.68346,2.37503,1,0.0,0.0,0.0,0.0,0,1.1035217457769624,0.8885481158755636,False,False,False,False,0.26295992804887475,0.2732192437473191,False,False,False,False,-4607292,-4094505.2220151313,False,False,False,False,505408.5273277174,False,False,False,False
2023-03-31 00:00:00+00:00,4.45,4.5,3.51,3.51,763304,3.167341891647403,"rgba(38, 166, 154, 1.0)",,3.3691859054875977,,60.72684626629348,5.513960876936331,True,False,True,False,True,7.921806569697445,2.9203999999999994,,5.3459699999999994,2.66403,1,0.0,0.0,0.0,0.0,0,1.1374206234665898,0.7892462837350268,False,False,False,False,0.34282822135032376,0.3080237325488214,False,False,False,False,-3843988,-4075948.390754751,False,False,False,False,524511.8956738124,False,False,False,False
2023-04-07 00:00:00+00:00,4.84,4.88,4.4301,4.5,553200,3.2508627879781784,"rgba(38, 166, 154, 1.0)",,3.480513955391277,,63.67195322934263,8.439619303161365,True,False,True,False,True,10.816700019363406,2.937,,5.995900000000001,3.3142,1,0.0,0.0,0.0,0.0,0,1.2132136144589045,0.757132804218665,False,False,False,False,0.3428282287875473,0.3254259806681844,False,False,False,False,-3290788,-4017788.3618099545,False,False,False,False,526636.9404387152,False,False,False,False
2023-04-14 00:00:00+00:00,4.72,5.1999,4.51,4.87,975937,3.380020421741606,"rgba(38, 166, 154, 1.0)",,3.644602884334504,,65.14088407864793,9.895082928235908,True,False,True,False,True,9.669422752268847,2.9608,,6.266105000000001,3.443795,1,0.0,0.0,0.0,0.0,0,1.2302830661755806,0.7236430288253706,False,False,False,False,0.342828230445505,0.33412710555684466,False,False,False,False,-4266725,-4036228.1127869952,False,False,False,False,559918.4263321437,False,False,False,False
2023-04-21 00:00:00+00:00,4.62,4.83,4.36,4.82,628294,3.437924363381356,"rgba(38, 166, 154, 1.0)",,3.71195520275018,,65.65604480761772,10.453725604263667,True,False,True,False,True,8.717708466083725,2.9846,,6.0271550000000005,3.443795,1,0.0,0.0,0.0,0.0,0,1.2165115848631185,0.7403291211657216,False,False,False,False,0.2787436962711459,0.3064354009139953,False,False,False,False,-4895019,-4099842.252580551,False,False,False,False,564983.2836408739,False,False,False,False
2023-04-28 00:00:00+00:00,4.81,4.85,4.1503,4.53,597157,3.486892420968685,"rgba(38, 166, 154, 1.0)",,3.7669067435151113,,66.51892339977863,11.383992626684446,True,False,True,False,True,10.131359805658565,3.0192,,5.96601,3.443795,1,0.0,0.0,0.0,0.0,0,1.1912026151287491,0.7667931082509277,False,False,False,False,0.25465410212955086,0.28054475152177305,False,False,False,False,-4297862,-4114510.382019029,False,False,False,False,567366.521889698,False,False,False,False
2023-05-05 00:00:00+00:00,5.31,5.46,4.63,4.93,786547,3.5758396300666764,"rgba(38, 166, 154, 1.0)",,3.872323490377993,,68.28734125479195,13.187527690499039,True,False,True,False,True,13.645212707731957,3.0636,,6.598265,3.4917350000000003,1,0.0,0.0,0.0,0.0,0,1.1989130693871715,0.7555597931018044,False,False,False,False,0.3428282304563604,0.31168649098906676,False,False,False,False,-3511315,-4069829.242610212,False,True,False,False,583602.1128608315,False,False,False,False
2023-05-12 00:00:00+00:00,5.1,5.4899,4.98,5.23,428924,3.8562365297554404,"rgba(38, 166, 154, 1.0)",,4.337420886043037,,68.41300941332602,13.412894571543823,True,False,True,False,True,11.633989319254816,3.096,,6.719199999999999,3.7506999999999997,1,0.0,0.0,0.0,0.0,0,1.2176548152384583,0.7667524544847966,False,False,False,False,0.3428282318433163,0.32725736141619155,False,False,False,False,-3940239,-4060229.965379826,False,False,False,False,572144.4748711404,False,False,False,False
2023-05-19 00:00:00+00:00,4.79,5.32,4.635,4.94,898372,3.8971825794915116,"rgba(38, 166, 154, 1.0)",,4.345666926243193,,66.93773350584864,13.412894571543823,True,False,True,False,True,8.771029834269537,3.1209999999999996,,6.52967,3.7506999999999997,1,0.0,0.0,0.0,0.0,0,1.185479783210512,0.7811985807306898,False,False,False,False,0.285747942235897,0.3065026518260443,False,False,False,False,-4838611,-4117887.819796135,False,False,False,False,596309.4767325374,False,False,False,False
2023-05-26 00:00:00+00:00,4.32,5.06,4.24,4.79,559271,3.90300279220449,"rgba(38, 166, 154, 0.75)",,4.325966813495355,,63.812491998682354,13.412894571543823,True,False,True,False,False,4.696511386408648,3.137,,6.247170000000001,3.7506999999999997,1,0.0,0.0,0.0,0.0,0,1.1523360377878606,0.7886725821953019,False,False,False,False,0.2156239814155428,0.2610633166207935,False,False,False,False,-5397882,-4212702.20351494,False,False,False,False,593565.8858634605,False,False,False,False
2023-06-02 00:00:00+00:00,4.83,5.01,4.206,4.32,469020,3.9204193651044132,"rgba(38, 166, 154, 0.75)",0.9125762364796636,4.3325239497375385,0.5451336889743212,63.058548061382396,18.014678668550616,True,False,True,False,False,8.289241193224544,3.1672,,6.24177,3.7506999999999997,1,0.0,0.0,0.0,0.0,0,1.1510833819074142,0.8009182300324547,False,False,False,False,0.2067935710344107,0.2339284438276021,False,False,False,False,-4928862,-4265751.077328648,False,False,False,False,584340.2646883894,False,False,False,False
2023-06-09 00:00:00+00:00,4.51,4.93,4.44,4.7,373456,3.932356595209895,"rgba(38, 166, 154, 0.75)",0.9081724644720433,4.3358769638224,0.19172904155250295,61.23949046565686,16.211800385535824,True,False,True,False,False,5.650431311687644,3.1809999999999996,,6.32252,3.7506999999999997,1,0.0,0.0,0.0,0.0,0,1.1800694399516942,0.8054459324434092,False,False,False,False,0.22300798210878292,0.22846821296819253,False,False,False,False,-5302318,-4342533.812341341,False,False,False,False,568719.208044805,False,False,False,False
2023-06-16 00:00:00+00:00,4.04,4.69,4.04,4.5,565421,3.931131308925882,"rgba(38, 166, 154, 0.75)",0.9014436469622757,4.3139397602872975,-0.30389005592355295,58.26573539122516,13.335367485533162,True,False,True,False,False,1.9944784969345513,3.1982,,6.04002,3.7506999999999997,1,0.0,0.0,0.0,0.0,0,1.1481067486376975,0.8111848539891016,False,False,False,False,0.1274368430632349,0.1779525280157137,False,False,False,False,-5867739,-4455511.9743901305,False,False,False,False,568474.8963377824,False,False,False,False
2023-06-23 00:00:00+00:00,3.6,4.07,3.6,4.01,5345490,3.8260759974739234,"rgba(38, 166, 154, 0.75)",0.8971335734708896,4.06401621592946,-0.517220879533293,54.77720188854816,10.032912447107485,True,False,True,False,False,0.0,3.2142,,5.54338,3.7506999999999997,-1,0.0,0.0,0.0,0.0,0,1.11799623570291,0.9116837990444476,False,False,False,False,-0.033071062143629384,0.07244073293604217,False,False,False,False,-11213229,-4956083.605916787,False,False,False,False,922327.8669794281,False,False,False,False
2023-06-30 00:00:00+00:00,3.67,3.76,3.35,3.63,1089231,3.808367543421697,#000000,0.8960939863833659,4.028858414079636,-0.40046961538932774,52.52831629681155,7.967358632883901,True,False,False,False,False,0.0,3.2297999999999996,,5.275379999999999,1.8346200000000001,-1,0.0,0.0,0.0,0.0,0,1.0428822596091996,0.9444102974599409,False,False,False,False,-0.10606940486142177,-0.016814335962689803,False,False,False,False,-10123998,-5338892.079552581,False,False,False,False,934691.062017989,False,False,False,False
2023-07-07 00:00:00+00:00,3.38,3.7375,3.36,3.67,414158,3.8002826983302076,#000000,0.8960624978203247,4.014285514815475,-0.7078585660691936,50.04567352461558,5.675863742949673,False,False,False,False,False,0.0,3.2434,,5.273255,1.8242450000000001,-1,0.0,0.0,0.0,0.0,0,1.0671514083744305,0.9431379203281033,False,False,False,False,-0.19365828607180305,-0.10523631101724643,False,False,False,False,-10538156,-5724022.740326464,False,False,False,False,896133.0574240639,False,False,False,False
2023-07-14 00:00:00+00:00,3.64,3.8599,3.31,3.33,488212,3.809658793968313,#000000,0.8965856757019227,3.941548967902693,-0.3363303430724734,49.22064196296725,4.954326970024162,False,False,False,False,False,0.0,3.261,,5.273255,1.8199450000000001,-1,0.0,0.0,0.0,0.0,0,1.035406670905833,0.9653231400658998,False,False,False,False,-0.225149171416146,-0.1651927412166962,False,False,False,False,-10049944,-6044461.352154134,False,False,False,False,865916.6828000591,False,False,False,False
2023-07-21 00:00:00+00:00,3.71,3.95,3.58,3.63,497840,3.8156007639653655,#000000,0.8972380041193281,3.952276140217853,-0.2700243849519679,48.88439739719974,4.626120148327708,False,False,False,False,False,0.0,3.2826,,5.273255,2.020995,-1,0.0,0.0,0.0,0.0,0,1.0200084399237495,0.9869035665953637,False,False,False,False,-0.1626684450296502,-0.1639305931231732,False,False,False,False,-9552104,-6304286.73347605,False,False,False,False,838651.7433333881,False,False,False,False
2023-07-28 00:00:00+00:00,3.71,3.83,3.41,3.67,821768,3.8061582543263994,#000000,0.8978604799418676,3.934541365024256,-0.2500849185819985,48.644222707365806,4.315519491662094,False,False,False,False,False,0.0,3.3009999999999997,,5.273255,1.8581450000000006,-1,0.0,0.0,0.0,0.0,0,0.9992734775722525,0.9992734775722525,False,False,False,False,-0.21286466758331504,-0.18839763035324414,False,False,False,False,-9552104,-6544865.790255602,False,False,False,False,837401.0956790631,False,False,False,False
2023-08-04 00:00:00+00:00,3.53,3.9,3.51,3.71,441378,3.8017176788348443,#000000,0.8976681503251117,3.926296917637063,-0.4414737422660422,47.82550359286756,3.3990401856278396,False,False,False,False,False,0.0,3.3188,,5.273255,1.9851300000000005,-1,0.0,0.0,0.0,0.0,0,1.0062991673018566,0.9834610904174997,False,False,False,False,-0.18332688241684836,-0.18586225638504625,False,False,False,False,-9993482,-6800318.842829261,False,False,False,False,808066.051554688,False,False,False,False
2023-08-11 00:00:00+00:00,3.35,3.6,3.35,3.5,479358,3.7885110398519295,#000000,0.8944631083796869,3.904252734337016,-0.6196485122131428,46.61177278518872,2.0897511255872985,False,False,False,False,False,0.0,3.3332000000000006,,5.173869999999999,1.7761300000000007,-1,0.0,0.0,0.0,0.0,0,1.002169730808731,1.0036162180145516,False,False,False,False,-0.26414134354040136,-0.2250017999627238,False,False,False,False,-10472840,-7072357.44706413,False,False,False,False,783717.3069950815,False,False,False,False
2023-08-18 00:00:00+00:00,2.76,3.4413,2.635,3.35,1245616,3.6488728173883778,"rgba(239, 83, 80, 1.0)",0.8870188354338445,3.548199344000508,-0.8885936944225054,43.94604091241928,-0.5889537339232191,False,True,False,True,False,0.0,3.3354000000000004,,4.709465,1.366835,-1,0.0,0.0,0.0,0.0,0,0.9674435863865182,1.0006091199966394,True,False,False,False,-0.34282825441539394,-0.28391502718905887,False,False,False,False,-11718456,-7416512.89542975,False,False,False,False,817932.0249954457,True,False,False,False
2023-08-25 00:00:00+00:00,3.47,3.72,2.71,2.71,705983,3.65073347885031,"rgba(239, 83, 80, 0.5)",0.8752008160807826,3.5639599876150823,-0.10735820384153914,44.855758434313756,-0.5889537339232191,False,False,False,True,False,0.0,3.3489999999999998,,4.709465,1.4596699999999998,-1,0.0,0.0,0.0,0.0,0,0.9726836741490708,0.978685139545727,False,False,False,False,-0.28428654843407436,-0.2841007878115666,False,False,False,False,-11012473,-7682880.310583102,False,False,False,False,809639.5046254128,False,False,False,False
2023-09-01 00:00:00+00:00,3.27,3.7782,3.22,3.5,540062,3.653960994649163,"rgba(239, 83, 80, 0.5)",0.8675889133238862,3.5768007782300666,-0.35362459514916883,44.89626613059888,-0.5889537339232191,False,False,False,True,False,0.0,3.3643999999999994,,4.709465,1.7635250000000005,-1,0.0,0.0,0.0,0.0,0,1.0039837463150345,0.992815977478554,False,False,False,False,-0.19390789693210395,-0.23900434237183527,False,False,False,False,-11552535,-7969521.3986880565,False,False,False,False,789670.8005790858,False,False,False,False
2023-09-08 00:00:00+00:00,3.27,3.38,3.11,3.27,335745,3.648698696405158,"rgba(239, 83, 80, 0.5)",0.8625414365291264,3.5721442824507568,-0.35029538252282433,44.92520019937397,-0.5889537339232191,False,False,False,True,False,0.0,3.389,,4.709465,1.5394250000000003,-1,0.0,0.0,0.0,0.0,0,0.983366821466115,1.018695692672087,False,False,False,False,-0.27455117603436086,-0.2567777592030981,False,False,False,False,-11552535,-8234929.813600052,False,False,False,False,756046.6672028572,False,False,False,False
2023-09-15 00:00:00+00:00,3.79,3.89,3.26,3.27,913753,3.6641682654247267,#000000,0.8558074634019113,3.60593057620046,0.21508275128595808,46.81566022189287,-0.5889537339232191,False,False,False,False,False,0.6196924571666038,3.4244,,4.709465,1.8798800000000002,-1,0.0,0.0,0.0,0.0,0,1.0066643095868661,0.9959974116595397,False,False,False,False,-0.17033898827992647,-0.21355837374151226,False,False,False,False,-10638782,-8412992.938518567,False,False,False,False,767728.6177804234,False,False,False,False
2023-09-22 00:00:00+00:00,3.72,3.96,3.57,3.78,624123,3.6755539898061156,#000000,0.8443363618202708,3.628351903811355,0.10854453311837095,47.91753862887478,-0.5889537339232191,False,False,False,False,True,0.137686703731017,3.4599999999999995,,4.709465,2.13588,-1,0.0,0.0,0.0,0.0,0,1.0233484319860175,0.9766515680139822,False,False,False,False,-0.11209452529859738,-0.16282644952005482,False,False,False,False,-11262905,-8624097.535665339,False,False,False,False,757091.1646115031,False,False,False,False
2023-09-29 00:00:00+00:00,3.26,3.845,3.21,3.68,458680,3.6719982482841775,#000000,0.8401293980128328,3.625742817187868,-0.4353410534769567,47.16741324033449,-0.5889537339232191,False,False,False,False,True,0.0,3.4901999999999997,,4.709465,1.8796149999999998,-1,0.0,0.0,0.0,0.0,0,0.9795016159559421,1.0447548051628597,False,False,False,False,-0.18506539297142255,-0.17394592124573868,False,False,False,False,-11721585,-8853541.05154198,False,False,False,False,734986.63389954,False,False,False,False
2023-10-06 00:00:00+00:00,3.69,3.72,3.04,3.22,624270,3.6566007977833195,#000000,0.8409744883705388,3.5212428876198643,0.2006685276590462,48.13402577932247,-0.5889537339232191,False,False,False,False,True,0.0,3.5294,,4.709465,1.7328650000000003,-1,0.0,0.0,0.0,0.0,1,0.9064875482664442,1.078033554428404,False,False,False,False,-0.23133589699642335,-0.20264090912108101,False,False,False,False,-11097315,-9019746.529205538,False,False,False,False,726785.4017588333,False,False,False,False
2023-10-13 00:00:00+00:00,3.75,3.99,3.55,3.74,565488,3.6935742779985192,#000000,0.8425430616952526,3.5653225563314024,0.21919051033072937,49.02461133959756,-0.5889537339232191,False,False,False,False,True,0.3902850320090536,3.5624000000000002,,4.709465,2.1798649999999995,-1,0.0,0.0,0.0,0.0,1,0.9343163080291471,1.0827819780370154,False,False,False,False,-0.11057364302741364,-0.15660727607424732,False,False,False,False,-10531827,-9131752.490005128,False,False,False,False,714837.4460729938,False,False,False,False
2023-10-20 00:00:00+00:00,3.68,3.9,3.6,3.74,466088,3.698990149090209,#000000,0.8434010299361133,3.5778752353420833,0.12108683892128126,49.40595542216113,-0.5889537339232191,False,False,False,False,True,0.0,3.5890000000000004,,4.709465,2.235465,-1,0.0,0.0,0.0,0.0,1,0.9473884600740715,1.0643799106988336,False,False,False,False,-0.11666030086174123,-0.1366337884679943,False,False,False,False,-10997915,-9269986.75000475,False,False,False,False,696411.561178698,False,False,False,False
2023-10-27 00:00:00+00:00,3.59,3.74,3.43,3.65,548003,3.6899320846958434,#000000,0.8437363705939566,3.5646579503701643,0.030035506958169603,49.341539916507216,-0.5889537339232191,False,False,False,False,True,0.0,3.6086,,4.709465,2.0974649999999997,-1,0.0,0.0,0.0,0.0,1,0.9487542509142134,1.0789709586078344,False,False,False,False,-0.167248201804054,-0.15194099513602416,False,False,False,False,-11545918,-9438574.250004398,False,False,False,False,685418.3344247204,False,False,False,False
2023-11-03 00:00:00+00:00,3.56,3.68,3.31,3.62,569294,3.6788581140127006,#000000,0.8440156482047082,3.5488812386550634,0.013173643603157295,49.17903126354121,-0.5889537339232191,False,False,False,False,True,0.0,3.6361999999999997,,4.709465,2.049465,-1,0.0,0.0,0.0,0.0,1,0.9029111931625943,1.1309227849777135,False,False,False,False,-0.19518690159518753,-0.17356394836560585,False,False,False,False,-12115212,-9636843.712967034,False,False,False,False,676816.5318747411,False,False,False,False
2023-11-10 00:00:00+00:00,3.3,3.7,3.25,3.56,435252,3.6670444965227995,#000000,0.8435579945030984,3.5315516706264707,-0.27449407407118154,48.066844684671494,-0.5889537339232191,False,False,False,False,True,0.0,3.6588,,4.709465,2.0324649999999997,-1,0.0,0.0,0.0,0.0,1,0.8721917271847457,1.1322335419144645,False,False,False,False,-0.1833587265332045,-0.17846133744940518,False,False,False,False,-12550464,-9852667.43793244,False,False,False,False,658922.8628469824,False,False,False,False
2023-11-17 00:00:00+00:00,3.13,3.325,3.03,3.27,619440,3.6358276568911623,#000000,0.8433813752651546,3.483445211341528,-0.41908112000980197,46.65538351765289,-0.5889537339232191,False,False,False,False,False,0.0,3.675,,4.602785000000001,1.752215,-1,0.0,0.0,0.0,0.0,1,0.8779087015723535,1.1517583429053926,False,False,False,False,-0.2813492557341739,-0.22990529659178954,False,False,False,False,-13169904,-10098388.664752258,False,False,False,False,655998.2063397986,False,False,False,False
2023-11-24 00:00:00+00:00,3.15,3.2899,3.03,3.18,358761,3.620832941265531,"rgba(239, 83, 80, 1.0)",0.8435393474110321,3.46152109380967,-0.36930238614924393,45.74429198868937,-0.5889537339232191,False,True,False,True,False,0.0,3.701,,4.567595,1.7523049999999998,-1,0.0,0.0,0.0,0.0,1,0.9038599056079073,1.1406426289945812,False,False,False,False,-0.2889703134438524,-0.259437805017821,False,False,False,False,-12811143,-10299333.430326166,False,False,False,False,633980.6354998136,False,False,False,False
2023-12-01 00:00:00+00:00,3.2,3.33,3.02,3.07,574511,3.6017402305461754,"rgba(239, 83, 80, 1.0)",0.8413288074006271,3.43528359798976,-0.2796571280100262,45.34796174351946,-0.9789305674717852,False,True,False,True,False,0.0,3.7273999999999994,,4.54666,1.8033399999999995,-1,0.0,0.0,0.0,0.0,1,0.901917001604393,1.138937130948246,False,False,False,False,-0.2824329143314506,-0.2709353596746358,False,False,False,False,-12236632,-10442837.028079782,False,False,False,False,629575.4773146422,False,False,False,False
2023-12-08 00:00:00+00:00,3.18,3.29,3.08,3.18,546277,3.5862241519065075,"rgba(239, 83, 80, 1.0)",0.8413288074006271,3.415166019722551,-0.2795173749596434,44.97988012814359,-1.46245305297127,False,True,False,True,False,0.0,3.735,,4.53266,1.8373399999999998,-1,0.0,0.0,0.0,0.0,1,0.8848609018100544,1.1388442066408169,False,False,False,False,-0.2628444040056499,-0.26688988184014284,False,False,False,False,-12782909,-10616175.692666464,False,False,False,False,623405.2197357798,False,False,False,False
2023-12-15 00:00:00+00:00,3.19,3.46,2.76,3.16,2062242,3.468469116526608,"rgba(239, 83, 80, 1.0)",0.8395026841867488,3.2880750505142173,-0.11682517800312409,44.77417810502821,-1.8008787069309946,False,True,False,True,False,0.0,3.7403999999999997,,4.49966,1.7203399999999998,-1,0.0,0.0,0.0,0.0,1,0.8920905764723736,1.1036942116710786,False,False,False,False,-0.2773918179157612,-0.272140849877952,False,False,False,False,-10720667,-10623915.789505985,False,False,False,False,729985.7219775738,False,False,False,False
2023-12-22 00:00:00+00:00,3.37,3.43,3.14,3.21,560583,3.4693769794751805,"rgba(239, 83, 80, 1.0)",0.8382500433254594,3.296380821190043,0.08782484342965137,45.65569954828303,-1.8008787069309946,False,True,False,True,False,0.0,3.7506,,4.49966,1.9103400000000001,-1,0.0,0.0,0.0,0.0,1,0.960622506805458,1.0547860774880582,False,False,False,False,-0.10780038845233082,-0.1899706191651414,False,False,False,False,-10160084,-10589557.879172208,False,False,False,False,717437.3722014572,False,False,False,False
2023-12-29 00:00:00+00:00,3.17,3.55,3.15,3.38,382120,3.4103518157674184,"rgba(239, 83, 80, 1.0)",0.8354925611995712,3.285180326622351,-0.13785918866468314,45.30915857960305,-1.8008787069309946,False,True,False,True,False,0.0,3.7465999999999995,,4.49966,1.9528399999999997,-1,-1.0,3.55,3.15,114.0,1,0.9828646823968884,1.0179920834832674,False,False,False,False,-0.04880489188803603,-0.11938775552658872,False,False,False,False,-10542204,-10586050.184418712,False,False,False,False,692599.0483346826,False,False,False,False
2024-01-05 00:00:00+00:00,3.4,3.4357,3.05,3.22,766236,3.4092419483302097,#000000,0.833152593012374,3.2898962083413457,0.132153212487234,46.34501600718043,-1.8008787069309946,False,True,False,False,False,0.0,3.7396,,4.49966,1.9087799999999993,-1,0.0,0.0,0.0,0.0,1,0.973458904109589,1.0258390410958904,False,False,False,False,-0.14643438832624459,-0.13291107192641666,False,False,False,False,-9775968,-10526044.096683992,False,False,False,False,698053.6373469284,False,False,False,False
2024-01-12 00:00:00+00:00,3.26,3.42,3.2,3.37,453527,3.407952591733082,#000000,0.8293713672805832,3.2912614239157203,-0.03769291435539094,46.384619728309744,-1.8008787069309946,False,True,False,False,False,0.0,3.7336,,4.49966,2.09443,-1,0.0,0.0,0.0,0.0,1,0.9903084554321107,1.0387573677764954,False,False,False,False,-0.0850435717801748,-0.10897732185329573,False,False,False,False,-10229495,-10504077.496929623,False,False,False,False,679940.5530990077,False,False,False,False
2024-01-19 00:00:00+00:00,3.06,3.26,2.88,3.26,389815,3.394419310841339,"rgba(239, 83, 80, 1.0)",0.8276309400771411,3.271673883576192,-0.2557587848956716,45.467218292723864,-1.8008787069309946,False,True,False,True,False,0.0,3.725,,4.25884,1.8811599999999995,-1,0.0,0.0,0.0,0.0,1,0.9383808241124639,1.0607389019462858,False,False,False,False,-0.3109233882882043,-0.20995035507075002,False,False,False,False,-10619310,-10512613.2378978,False,False,False,False,658449.7713879701,False,False,False,False
2024-01-26 00:00:00+00:00,3.0,3.14,2.93,3.08,511380,3.3774603317409855,"rgba(239, 83, 80, 1.0)",0.8246607164751433,3.248189255577578,-0.30095923162002475,44.535921664186716,-2.5874694153525795,False,True,False,True,False,0.0,3.7166,,4.214840000000001,1.85516,-1,0.0,0.0,0.0,0.0,1,0.9569510587348994,1.0618828530685822,False,False,False,False,-0.34282825441539394,-0.276389304743072,False,False,False,False,-11130690,-10558396.701757222,False,False,False,False,647555.7142481204,False,False,False,False
2024-02-02 00:00:00+00:00,2.93,3.04,2.853,3.0,425826,3.3617409166454033,"rgba(239, 83, 80, 1.0)",0.8219583733788268,3.226660388493194,-0.36091899310388553,43.542594450821824,-3.6145461271027983,False,True,False,True,False,0.0,3.7094,,4.059890000000001,1.83311,-1,0.0,0.0,0.0,0.0,1,0.939984105379507,1.0785596185291082,False,False,False,False,-0.34282825441539394,-0.30960877957923294,False,False,False,False,-11556516,-10632331.46459002,False,False,False,False,631131.2909704818,False,False,False,False
2024-02-09 00:00:00+00:00,2.78,2.98,2.75,2.98,422882,3.3435738178025556,"rgba(239, 83, 80, 1.0)",0.8206393244909119,3.201752814490722,-0.5139320063078366,42.1433327951037,-5.007544799195031,False,True,False,True,False,0.0,3.7012,,3.9543900000000005,1.77561,-1,0.0,0.0,0.0,0.0,1,0.9450906461915788,1.0567396656020351,False,False,False,False,-0.34282825441539394,-0.3262185169973134,False,False,False,False,-11979398,-10732114.170916686,False,False,False,False,615705.4175652609,False,False,False,False
2024-02-16 00:00:00+00:00,2.99,3.03,2.77,2.91,517329,3.328720987101568,"rgba(239, 83, 80, 1.0)",0.8191761847256188,3.183354168363937,-0.23603489941385486,42.56458343254956,-5.007544799195031,False,True,False,True,False,0.0,3.6882,,3.93314,1.86686,-1,0.0,0.0,0.0,0.0,1,1.013004778051788,1.0396212237977804,False,False,False,False,-0.31444464728396304,-0.3203315821406382,False,False,False,False,-11462069,-10786184.89899693,False,False,False,False,608418.2755233897,False,False,False,False
2024-02-23 00:00:00+00:00,2.75,3.0,2.74,3.0,316686,3.3175988610227707,"rgba(239, 83, 80, 1.0)",0.8162350836074808,3.1691362816943895,-0.513499468611359,41.740388602721154,-5.439132643312,False,True,False,True,False,0.0,3.6718,,3.8401400000000003,1.8998599999999999,-1,0.0,0.0,0.0,0.0,1,1.003115006022345,1.0747601445362795,False,False,False,False,-0.33874171940596254,-0.3295366507733004,False,False,False,False,-11778755,-10859708.610182345,False,False,False,False,586808.477336472,False,False,False,False
2024-03-01 00:00:00+00:00,3.06,3.06,2.69,2.75,588170,3.2114795863978123,"rgba(239, 83, 80, 1.0)",0.8026919124460553,3.0796367051089564,-0.024463564170114895,43.06579999200531,-5.439132643312,False,True,False,True,False,0.0,3.665,,3.8346400000000003,1.91536,-1,1.0,3.06,2.69,0.0,1,0.943871391354076,1.0760595598669858,True,False,False,False,-0.33466605551900364,-0.332101353146152,False,False,False,False,-11190585,-10884217.97239106,False,False,False,False,586909.3308671038,False,False,False,False
2024-03-08 00:00:00+00:00,3.81,3.95,3.15,3.15,1358117,3.315274633241241,#000000,0.7890432112306579,3.2649658239045944,0.690753267169392,47.437211862307485,-5.611959716221314,False,True,False,False,True,2.110117108880555,3.6694,,3.8346400000000003,2.5018599999999998,-1,0.0,0.0,0.0,0.0,1,0.9950311052809414,0.9522986106970365,False,False,False,False,0.17121149927843787,-0.08044492693385707,False,False,False,False,-9832468,-10806310.567028759,False,False,False,False,644035.8248769479,False,False,False,False
2024-03-15 00:00:00+00:00,4.0,4.29,3.72,3.81,2131755,3.444072750182437,#000000,0.7740931806005344,3.4585810651814928,0.699423465271299,51.24012497285992,-2.129723771227404,False,False,False,False,True,3.443149197156856,3.6604,,3.8346400000000003,2.9178599999999997,1,0.0,0.0,0.0,0.0,1,1.0369903825005498,0.9690080579049448,False,False,False,False,0.34282818944543475,0.13119163125578884,False,False,False,False,-7700713,-10576266.302804407,False,False,False,False,754237.2452564333,False,False,False,False
2024-03-22 00:00:00+00:00,4.12,4.24,3.782,3.98,845800,3.480914449934181,"rgba(38, 166, 154, 0.5)",0.7537910910915626,3.508856712711327,0.8107594988999914,54.37444404962986,0.6403226627773009,False,False,True,False,True,4.276710174410077,3.6460000000000004,,5.11134,2.9178599999999997,1,0.0,0.0,0.0,0.0,0,1.0121144718288881,0.9811331996107482,False,False,False,False,0.34282818978559154,0.2370099105206902,False,False,False,False,-6854913,-10300610.502596674,False,False,False,False,761019.6715337344,False,False,False,False
2024-03-29 00:00:00+00:00,4.16,4.27,4.02,4.16,508490,3.5042317380444326,"rgba(38, 166, 154, 1.0)",0.7314038580726815,3.5400780149154945,0.8475782267789219,56.755061774535974,2.6701997604050476,True,False,True,False,True,4.5558256450236065,3.6348000000000003,,5.215339999999999,3.0746599999999997,1,0.0,0.0,0.0,0.0,0,1.0743371603204759,0.9654125712397787,False,False,False,False,0.34282819655152336,0.2899190535361068,False,False,False,False,-6346423,-10007707.72462655,False,False,False,False,742313.769938643,False,False,False,False
2024-04-05 00:00:00+00:00,4.76,4.98,4.13,4.23,967438,3.5744773744192138,"rgba(38, 166, 154, 1.0)",0.7286859207993323,3.6344960286633192,1.5445666496507282,60.31273465869185,5.828602584919452,True,False,True,False,True,8.568733347930344,3.6376,,5.70859,3.4014099999999994,1,0.0,0.0,0.0,0.0,0,1.1014651568651326,0.8812857664677948,False,False,False,False,0.3428282105895028,0.3163736320628048,False,False,False,False,-5378985,-9664839.374654215,False,False,False,False,758989.6388320768,False,False,False,False
2024-04-12 00:00:00+00:00,5.92,6.91,5.07,5.18,2740820,4.1993413595274935,"rgba(38, 166, 154, 1.0)",0.7679014811059321,4.633530486021177,1.6753054208543123,65.18782796826606,10.201462653366008,True,False,True,False,True,15.280139691581322,3.6598,,7.427105,4.552895,1,0.0,0.0,0.0,0.0,0,1.0968389015701736,0.7440686172788269,False,False,False,False,0.3428282307143512,0.329600931388578,False,False,False,False,-2638165,-9144344.976531679,False,False,False,False,905791.8878074785,False,False,False,False
2024-04-19 00:00:00+00:00,6.16,6.4,5.68,5.85,1093930,4.310820803916226,"rgba(38, 166, 154, 1.0)",0.8169857144758759,4.754826682808041,1.7199484547822552,69.02904795873538,13.526005558413488,True,False,True,False,True,16.527297314500753,3.6768,,7.5386050000000004,4.552895,1,0.0,0.0,0.0,0.0,0,1.1401682018422106,0.7880790281671338,False,False,False,False,0.34282823108759597,0.336214581238087,False,False,False,False,-1544235,-8581373.867158962,False,False,False,False,919728.0442661839,False,False,False,False
2024-04-26 00:00:00+00:00,5.78,6.4,5.7,6.09,1059530,4.395598567565153,"rgba(38, 166, 154, 1.0)",0.838040012805512,4.8391175325279585,1.1227178333910852,69.83831104465818,13.98141621330383,True,False,True,False,True,13.539934052938147,3.6904000000000003,,7.622105000000001,4.552895,1,0.0,0.0,0.0,0.0,0,1.1511037848669963,0.7818287598177057,False,False,False,False,0.34282823116083877,0.3395214061994629,False,False,False,False,-2603765,-8138588.0251471875,False,False,False,False,930083.744690911,False,False,False,False
2024-05-03 00:00:00+00:00,5.19,5.8437,5.0,5.79,822542,4.422197007393267,"rgba(38, 166, 154, 1.0)",0.8387215066789248,4.8497540867023385,0.4056720980542509,67.84387687512535,13.98141621330383,True,False,True,False,True,9.186593204798843,3.6984000000000004,,7.01551,4.552895,1,0.0,0.0,0.0,0.0,0,1.1003945740234877,0.8284964939724343,False,False,False,False,0.20255953119922301,0.27104046869934295,False,False,False,False,-3426307,-7789530.171432581,False,False,False,False,922117.6895286214,False,False,False,False
2024-05-10 00:00:00+00:00,5.46,5.62,4.96,5.17,628271,4.6184365629468935,"rgba(38, 166, 154, 1.0)",0.8479259274125177,5.128985195191262,0.3903817469278754,67.03347574869504,13.98141621330383,True,False,True,False,True,10.663744351839512,3.7212,,6.93916,4.552895,1,0.0,0.0,0.0,0.0,0,1.10031165529546,0.8499153859701515,False,False,False,False,0.17425431533205168,0.22264739201569733,False,False,False,False,-2798036,-7419789.862437575,False,False,False,False,900351.2680820568,False,False,False,False
2024-05-17 00:00:00+00:00,5.64,5.8801,5.27,5.5,694826,4.6627711576877395,"rgba(38, 166, 154, 1.0)",0.8474264591122957,5.176313718043562,0.5471699366599467,66.85152845329536,13.98141621330383,True,False,True,False,True,11.631282607831544,3.7374,,7.255725,4.552895,1,0.0,0.0,0.0,0.0,0,1.1375762651034813,0.8059651274075846,False,False,False,False,0.23585857271051253,0.22925298236310493,False,False,False,False,-2103210,-7025969.131886643,False,False,False,False,885127.1741500526,False,False,False,False
2024-05-24 00:00:00+00:00,5.99,6.34,5.65,5.72,659341,4.722818993348067,"rgba(38, 166, 154, 1.0)",0.8558437173155321,5.249007492781183,0.865803524904102,67.45497733161588,13.98141621330383,True,False,True,False,True,13.467345193549598,3.7670000000000003,,7.7228200000000005,4.552895,1,0.0,0.0,0.0,0.0,0,1.1599768359332585,0.7755908646711788,False,False,False,False,0.33009129304423807,0.2796721377036715,False,False,False,False,-1443869,-6612480.233228373,False,False,False,False,868402.2723611598,False,False,False,False
2024-05-31 00:00:00+00:00,6.84,6.84,6.06,6.1,640885,4.804858312334826,"rgba(38, 166, 154, 1.0)",0.9150196571511308,5.354920371341482,1.6230029781898252,69.3563438484365,13.98141621330383,True,False,True,False,True,17.589538977075033,3.8229999999999995,,8.27232,4.627679999999999,1,0.0,0.0,0.0,0.0,0,1.1783412867045175,0.7471176286182033,False,False,False,False,0.34282823375548904,0.3112501857295803,False,False,False,False,-802984,-6182147.178915161,False,False,False,False,851549.1410751479,False,False,False,False
2024-06-07 00:00:00+00:00,6.62,7.13,6.51,6.91,1293813,5.267190443122617,"rgba(38, 166, 154, 1.0)",0.9607675610189523,6.026949284006026,0.6172676306483619,69.7836496369873,13.98141621330383,True,False,True,False,True,15.979836608861625,3.8834,,8.678320000000001,4.961679999999999,1,0.0,0.0,0.0,0.0,0,1.1998035829184868,0.7317890886924718,False,False,False,False,0.3428282356882739,0.3270392107089271,False,False,False,False,-2096797,-5879528.647143668,False,False,False,False,884309.4269214332,False,False,False,False
2024-06-14 00:00:00+00:00,6.64,7.0,6.47,6.6,656426,5.3164189344833375,"rgba(38, 166, 154, 1.0)",1.001801044785507,6.068084895081095,0.5708869120228913,70.1243749030829,14.065810151168833,True,False,True,False,True,16.07486764559047,3.9428,,8.64132,4.961679999999999,1,0.0,0.0,0.0,0.0,0,1.221316249271986,0.7492205968001644,False,False,False,False,0.32699204010060656,0.3270156254047668,False,False,False,False,-1440371,-5550702.1547626555,False,False,False,False,867429.173075401,False,False,False,False
2024-06-21 00:00:00+00:00,6.57,6.9618,6.5,6.67,705107,5.362770436956448,"rgba(38, 166, 154, 1.0)",1.0424884988671435,6.103230805750256,0.4477451739342693,70.04862768632955,14.19426786052847,True,False,True,False,True,15.554134392449772,4.006600000000001,,8.67844,4.961679999999999,1,0.0,0.0,0.0,0.0,0,1.195038702992625,0.7526936334762263,False,False,False,False,0.32623222329852586,0.32662392435164633,False,False,False,False,-2145478,-5298463.328483941,False,False,False,False,855405.308403149,False,False,False,False
2024-06-28 00:00:00+00:00,5.2,6.75,5.01,6.55,1704576,5.46024667466851,"rgba(38, 166, 154, 0.75)",1.0506466134273247,6.033134529360547,-0.7929731259902608,65.04222685586666,14.19426786052847,True,False,True,False,False,6.273797021919847,4.0378,,8.05404,4.961679999999999,1,1.0,6.75,5.01,0.0,0,1.0856807584609747,0.793869479644611,False,False,False,False,0.17489701233041882,0.2507604683410326,False,False,False,False,-3850054,-5191173.748596242,False,False,False,False,918306.8411140268,False,False,False,False
2024-07-05 00:00:00+00:00,5.375,5.5598,5.088,5.16,467372,5.434697529400686,"rgba(38, 166, 154, 0.75)",1.0600929884421197,5.974313045435794,-0.5653400710786007,61.91169221657904,17.891224142207463,True,False,True,False,False,7.179751268568104,4.0710999999999995,,7.529710000000001,4.961679999999999,1,0.0,0.0,0.0,0.0,0,1.0962179788048714,0.8614102912477458,False,False,False,False,0.08050824611178062,0.16563435722640663,False,False,False,False,-3382682,-5057211.396848372,False,False,False,False,884904.2602907657,False,False,False,False
2024-07-12 00:00:00+00:00,5.81,6.06,5.19,5.36,739365,5.433383238406059,"rgba(38, 166, 154, 0.75)",1.0765678991319783,5.949873299911392,-0.12992520028153376,60.73073680284084,16.75737458567943,True,False,True,False,False,9.3739957243769,4.1131,,7.92231,4.961679999999999,1,0.0,0.0,0.0,0.0,0,1.0896546810430818,0.8361278677623142,False,False,False,False,0.13133142311001858,0.1484828901682126,False,False,False,False,-2643317,-4878404.404489233,False,False,False,False,874123.5743433015,False,False,False,False
2024-07-19 00:00:00+00:00,6.41,6.97,5.8,5.87,1117030,5.504863725350846,"rgba(38, 166, 154, 0.75)",1.1058570399435874,6.032213173301474,0.3416235671093597,61.16876649701328,16.75737458567943,True,False,True,False,False,12.232232679553924,4.1707,,8.80231,4.961679999999999,1,0.0,0.0,0.0,0.0,0,1.1383816156620765,0.7827862344320681,False,False,False,False,0.26333083713277083,0.2059068636504917,False,False,False,False,-1526287,-4630099.411564105,False,False,False,False,892116.6429104643,False,False,False,False
2024-07-26 00:00:00+00:00,6.71,6.99,6.2,6.38,551153,5.544211404960218,"rgba(38, 166, 154, 0.75)",1.1401494014635354,6.077929666032255,0.5543750083597793,62.06222038606896,16.75737458567943,True,False,True,False,False,13.596683924784273,4.2379,,8.99731,4.961679999999999,1,0.0,0.0,0.0,0.0,0,1.1531923305000988,0.7820166479980672,False,False,False,False,0.3012461280935656,0.2535764958720287,False,False,False,False,-975134,-4359361.232929727,False,False,False,False,866860.0767689485,False,False,False,False
2024-08-02 00:00:00+00:00,5.86,6.9,5.832,6.71,747277,5.5656958042929325,"rgba(38, 166, 154, 0.75)",1.1501583243932862,6.0900220057385654,-0.1999916019039403,60.119384803763324,16.000391448473493,True,False,True,False,False,8.357795409869087,4.2999,,8.84301,4.961679999999999,1,0.0,0.0,0.0,0.0,0,1.1308829228948223,0.7915510071543045,False,False,False,False,0.25993812619782264,0.25675731103492566,False,False,False,False,-1722411,-4164031.586046044,False,False,False,False,858002.0710823596,False,False,False,False
2024-08-09 00:00:00+00:00,5.8,5.9693,5.25,5.46,853753,5.556362726488013,"rgba(38, 166, 154, 0.75)",1.1622878456028165,6.0536765820290785,-0.21825624606571556,58.56563219142598,14.408657467117479,True,False,True,False,False,8.004263727312562,4.3465,,8.125855000000001,4.961679999999999,1,0.0,0.0,0.0,0.0,1,1.103152272158589,0.8412220990976729,False,False,False,False,0.1284663774658208,0.19261184425037323,False,False,False,False,-2576164,-4046411.764857448,False,False,False,False,857687.3250762589,False,False,False,False
2024-08-16 00:00:00+00:00,8.325,8.59,5.87,5.87,4233816,5.949425751058355,"rgba(38, 166, 154, 0.75)",1.2507938920383168,6.517877074431562,1.4447807405131445,61.620111572482884,14.408657467117479,True,False,True,False,False,18.3259453918231,4.4476,,10.127205,4.961679999999999,1,0.0,0.0,0.0,0.0,1,1.11531834647058,0.7399684344290837,False,False,False,False,0.3428282374278343,0.2677200408391038,False,False,False,False,1657652,-3623888.5230161557,False,False,False,False,1107770.9306261656,False,False,False,False
2024-08-23 00:00:00+00:00,8.79,9.28,8.32,8.4,2114117,6.197145324038576,"rgba(38, 166, 154, 1.0)",1.348411487840615,6.8092640576583445,1.4689402754300633,64.3260315636752,14.408657467117479,True,False,True,False,True,19.920569166816378,4.558,,11.713705000000001,5.8862950000000005,1,0.0,0.0,0.0,0.0,0,1.2204912176112428,0.7163860481223178,False,False,False,False,0.3428282419148436,0.30527414137697373,False,False,False,False,3771769,-3076062.039829774,False,False,False,False,1182315.0839131163,False,False,False,False
2024-08-30 00:00:00+00:00,8.9,9.1,8.28,8.93,1106302,6.305735936727361,"rgba(38, 166, 154, 1.0)",1.4420352078019942,6.930332648974937,1.3658940782918239,66.38189191903056,10.311355404908674,True,False,True,False,True,20.0,4.660200000000001,,11.404205000000001,5.975794999999999,1,0.0,0.0,0.0,0.0,0,1.2166558482033467,0.7321892987486406,False,False,False,False,0.3273875406396502,0.316330841008312,False,False,False,False,4878071,-2486866.999842383,False,False,False,False,1176684.4851047373,False,False,False,False
2024-09-06 00:00:00+00:00,8.53,9.7,7.61,8.77,2628752,6.511090999163604,"rgba(38, 166, 154, 1.0)",1.5166788842196748,7.144611554991229,0.9134355725678523,66.80906001888748,10.741748228489634,True,False,True,False,True,18.135649434549887,4.7564,,11.574705,5.975794999999999,1,0.0,0.0,0.0,0.0,0,1.1635142482228045,0.7535022708041221,False,False,False,False,0.3205915398063257,0.31846119040731885,False,False,False,False,2249319,-2136038.407261466,False,False,False,False,1284245.0417636456,False,False,False,False
2024-09-13 00:00:00+00:00,9.0,9.09,8.1801,8.58,1934672,6.647355616323871,"rgba(38, 166, 154, 1.0)",1.6023932635814377,7.281960892141379,1.0721707004800483,67.70942398115476,11.690144212396604,True,False,True,False,True,19.756130333443668,4.8712,,11.58624,5.975794999999999,1,0.0,0.0,0.0,0.0,0,1.1612774467192954,0.7951827630974172,False,False,False,False,0.31752496050241974,0.3179930754548693,False,False,False,False,4183991,-1667888.0807976539,False,False,False,False,1332424.81644782,False,False,False,False
2024-09-20 00:00:00+00:00,8.76,9.479,8.4401,9.21,2173981,6.7896544542521085,"rgba(38, 166, 154, 1.0)",1.673821508238391,7.42228272175477,0.7991994795509033,67.66758302149907,11.776840838214483,True,False,True,False,True,18.36970298040055,4.9726,,11.94002,5.979080000000001,1,0.0,0.0,0.0,0.0,0,1.1653869639726595,0.7825752949750823,False,False,False,False,0.3428282390316591,0.33041065724326424,False,False,False,False,2010010,-1395451.1859237535,False,False,False,False,1394762.3115257593,False,False,False,False
2024-09-27 00:00:00+00:00,9.53,10.19,8.4,8.74,5399915,7.140899310967931,"rgba(38, 166, 154, 1.0)",1.7670948903076347,7.768880741310271,0.9966183866804876,68.61433552879093,12.862272253255838,True,False,True,False,True,20.0,5.0882,,12.44497,6.14503,1,0.0,0.0,0.0,0.0,0,1.1455977120359537,0.7697179044329303,False,False,False,False,0.34282823878970625,0.33661944801648525,False,False,False,False,7409925,-743201.0980775496,False,False,False,False,1691440.2884497773,False,False,False,False
2024-10-04 00:00:00+00:00,9.115,10.03,8.8247,9.39,1612390,7.224743915217842,"rgba(38, 166, 154, 1.0)",1.8395071607891595,7.846798342790447,0.6894246917013831,68.12726001132809,12.862272253255838,True,False,True,False,True,18.605169590821134,5.196899999999999,,12.6666,6.1881,1,0.0,0.0,0.0,0.0,0,1.1552377670572018,0.8046101734680411,False,False,False,False,0.3428282365136549,0.3397238422650701,False,False,False,False,5797535,-258702.127849583,False,False,False,False,1685584.7115275715,False,False,False,False
2024-10-11 00:00:00+00:00,9.49,9.72,8.59,9.28,1371612,7.288936122441967,"rgba(38, 166, 154, 1.0)",1.9184370984999486,7.904748567814439,0.8263244249316752,68.27678160342515,12.902893753365703,True,False,True,False,True,19.8521428473394,5.3149,,12.45875,6.1881,1,0.0,0.0,0.0,0.0,0,1.1283379286182156,0.8872758846558105,False,False,False,False,0.2948079920888622,0.3172659171769662,False,False,False,False,7169147,291508.91865779343,False,False,False,False,1662327.4736366405,False,False,False,False
2024-10-18 00:00:00+00:00,10.13,10.45,9.145,9.49,1381701,7.370699373662108,"rgba(38, 166, 154, 1.0)",2.0145006355945414,7.9842305948910655,1.0651619399840262,69.1696871808128,13.990767690274282,True,False,True,False,True,20.0,5.4463,,13.1695,6.4254999999999995,1,0.0,0.0,0.0,0.0,0,1.1234922030412982,0.8435392902644187,False,False,False,False,0.3428282379837222,0.3300470775803442,False,False,False,False,8550848,903311.813572031,False,False,False,False,1641540.3274413338,False,False,False,False
2024-10-25 00:00:00+00:00,9.615,10.72,9.51,10.19,1543552,7.45732893397022,"rgba(38, 166, 154, 1.0)",2.0876462715112813,8.067512243342202,0.7412595600008167,68.37240607032639,13.990767690274282,True,False,True,False,True,19.034011980633675,5.5725999999999996,,13.5755,6.6545000000000005,1,0.0,0.0,0.0,0.0,0,1.1338022505099838,0.8365857760164949,False,False,False,False,0.34282823906497734,0.33643765832266076,False,False,False,False,7007296,1355458.790344473,False,False,False,False,1634281.9328160498,False,False,False,False
2024-11-01 00:00:00+00:00,9.895,10.4,9.58,9.58,1249591,7.5233846543015535,"rgba(38, 166, 154, 1.0)",2.163377129305846,8.130211010524313,0.8157565158516523,68.1810520053731,13.990767690274282,True,False,True,False,True,19.93661040320833,5.7078999999999995,,13.494,6.6545000000000005,1,0.0,0.0,0.0,0.0,0,1.1620923450700877,0.8277979224371662,False,False,False,False,0.3237586422893234,0.3300981503059921,False,False,False,False,8256887,1866675.694763401,False,False,False,False,1605786.3081630091,False,False,False,False
2024-11-08 00:00:00+00:00,9.47,10.58,8.88,9.89,2036278,7.609818465671097,"rgba(38, 166, 154, 1.0)",2.2237201744856336,8.207522466376476,0.5677321940542932,66.88054708186712,13.990767690274282,True,False,True,False,True,17.622980077995663,5.834300000000001,,13.41973,6.6545000000000005,1,0.0,0.0,0.0,0.0,0,1.1328863839041807,0.8198807899866408,False,False,False,False,0.2843909880723036,0.3072445691891479,False,False,False,False,6220609,2189189.272929075,False,False,False,False,1637674.5816324158,False,False,False,False
2024-11-15 00:00:00+00:00,10.6,10.75,8.6,9.18,2561995,8.126522096119768,"rgba(38, 166, 154, 1.0)",2.3124180881524032,8.811746447007442,0.773326225977307,67.47209936296512,13.990767690274282,True,False,True,False,True,20.0,5.9823,,13.42623,6.6545000000000005,1,0.0,0.0,0.0,0.0,0,1.106318956870612,0.8321664994984954,False,False,False,False,0.2762033881140346,0.2917239786515913,False,False,False,False,8782604,2677590.363823218,False,False,False,False,1706142.7607707554,False,False,False,False
2024-11-22 00:00:00+00:00,9.88,10.12,9.3531,10.0,3233280,8.214124855197209,"rgba(38, 166, 154, 0.75)",2.3720539338018574,8.860021254010288,0.4299981258667762,66.10551789607669,13.990767690274282,True,False,True,False,False,17.453448499775625,6.1163,,13.604045,6.6545000000000005,1,0.0,0.0,0.0,0.0,0,1.1012282930961457,0.8555335572563195,False,False,False,False,0.2853685159644226,0.28854624730800693,False,False,False,False,5549324,2890311.3739103866,False,False,False,False,1819264.0377506993,False,False,False,False
2024-11-29 00:00:00+00:00,9.53,9.96,9.3068,9.64,1472488,8.244811646054224,"rgba(38, 166, 154, 0.75)",2.415455428677567,8.872590675306672,0.2721678557543293,64.32044514183539,13.990767690274282,True,False,True,False,False,15.709473256896853,6.243099999999999,,13.468375000000002,6.6545000000000005,1,0.0,0.0,0.0,0.0,0,1.0891206572351049,0.8787181800456706,False,False,False,False,0.2700345420342593,0.27929039467113315,False,False,False,False,4076836,2978202.0869540614,False,False,False,False,1793576.9238432401,False,False,False,False
2024-12-06 00:00:00+00:00,12.24,12.71,8.8,9.51,7168555,8.664121457061706,"rgba(38, 166, 154, 0.75)",2.536587984597342,9.328603191449595,1.1477610184345963,66.17140861140852,13.990767690274282,True,False,True,False,False,20.0,6.4205,,15.000975,6.6545000000000005,1,0.0,0.0,0.0,0.0,0,1.0518627366237356,0.817288174997988,False,False,False,False,0.34282824077805335,0.3110593177245933,False,False,False,False,11245391,3590586.45088339,False,False,False,False,2191723.448003,False,False,False,False
2024-12-13 00:00:00+00:00,11.91,13.18,11.2565,13.1,4448717,9.461289382049477,"rgba(38, 166, 154, 1.0)",2.633169821015407,10.378895004714572,0.581468381972797,66.79890417989874,13.990767690274282,True,False,True,False,True,20.0,6.5953,,16.63425,7.802250000000001,1,0.0,0.0,0.0,0.0,0,1.1212382238807679,0.8074039309058024,False,False,False,False,0.342828243672429,0.32694378069851115,False,False,False,False,6796674,3828074.4174846206,False,False,False,False,2358908.1555583337,False,False,False,False
2024-12-20 00:00:00+00:00,12.33,12.81,11.51,12.05,6145200,9.735944415969723,"rgba(38, 166, 154, 1.0)",2.7377262825560558,10.622935462070537,0.6235336778575529,67.65139094899227,13.990767690274282,True,False,True,False,True,20.0,6.7739,,16.610799999999998,7.802250000000001,1,0.0,0.0,0.0,0.0,0,1.1246443722786446,0.8211884254006226,False,False,False,False,0.3365832815496487,0.33176353112407997,False,False,False,False,12941874,4503170.68285613,False,False,False,False,2639374.218109568,False,False,False,False
2024-12-27 00:00:00+00:00,11.2,12.37,10.29,12.32,3416541,9.786364640064159,"rgba(38, 166, 154, 1.0)",2.801791613101025,10.616587476869713,0.2082283780143682,65.98305018363072,13.990767690274282,True,False,True,False,True,17.771505858113986,6.9327,,15.984904999999998,7.802250000000001,1,0.0,0.0,0.0,0.0,1,1.1309458554114136,0.8291890215880713,False,False,False,False,0.2500517632175101,0.29090764717079504,False,False,False,False,9525333,4875182.706348269,False,False,False,False,2696942.12787923,False,False,False,False
2025-01-03 00:00:00+00:00,11.08,11.44,10.4555,11.19,2040281,9.805322188371175,"rgba(38, 166, 154, 0.75)",2.8578938206466127,10.602535709482547,0.16706858983635173,64.5648104977776,13.990767690274282,True,False,True,False,False,17.246701950810838,7.0931,,15.331829999999998,7.802250000000001,1,0.0,0.0,0.0,0.0,1,1.131501726514624,0.8244769274863858,False,False,False,False,0.20597980477938743,0.24844372597509123,False,False,False,False,7485052,5068506.357729879,False,False,False,False,2648300.562851139,False,False,False,False
2025-01-10 00:00:00+00:00,12.1,13.23,11.58,12.85,5858584,10.450694083517583,"rgba(38, 166, 154, 0.75)",2.9341855462495587,11.401017436696772,0.23822030075659612,64.71689360595123,13.990767690274282,True,False,True,False,False,19.947857113761962,7.2751,,16.96758,7.8424200000000015,1,0.0,0.0,0.0,0.0,1,1.140843213018766,0.7905814398185391,False,False,False,False,0.342828243515917,0.2956359847455041,False,False,False,False,13343636,5681478.923823962,False,False,False,False,2886099.3359732768,False,False,False,False
2025-01-17 00:00:00+00:00,11.91,12.09,10.875,11.83,3784256,10.47207599165614,"rgba(38, 166, 154, 0.75)",2.9969311976759836,11.348740738894309,0.18727799341570758,64.4451414408057,13.990767690274282,True,False,True,False,False,19.111211650353983,7.454699999999999,,16.105829999999997,7.8424200000000015,1,0.0,0.0,0.0,0.0,1,1.1057427672210591,0.8446121228881076,False,False,False,False,0.24520068187810623,0.2704183333118052,False,False,False,False,9559380,5968730.855392558,False,False,False,False,2952629.4592345157,False,False,False,False
2025-01-24 00:00:00+00:00,12.63,13.04,11.7,11.83,2565278,10.549334213247306,"rgba(38, 166, 154, 0.75)",3.0651696850579415,11.41884612279894,0.39513436502559135,65.04477140188948,13.990767690274282,True,False,True,False,False,20.0,7.6517,,16.88083,7.859169999999999,1,0.0,0.0,0.0,0.0,1,1.1152662936954012,0.8226872103739665,False,False,False,False,0.3390182045886112,0.3047182689502082,False,False,False,False,12124658,6424725.458696812,False,False,False,False,2923936.758550477,False,False,False,False
2025-01-31 00:00:00+00:00,11.8,12.35,11.14,12.35,3063030,10.583439340381757,"rgba(38, 166, 154, 0.75)",3.115054614649999,11.416333715918064,0.12316518698502639,63.82839909087684,17.659962861569127,True,False,True,False,False,17.372453558623192,7.8279,,16.342845,7.859169999999999,1,0.0,0.0,0.0,0.0,1,1.1018964343951825,0.8328261623204035,False,False,False,False,0.2724438056341415,0.2885810372921749,False,False,False,False,9061628,6620051.572867419,False,False,False,False,2934239.9616208123,False,False,False,False
2025-02-07 00:00:00+00:00,12.06,12.91,11.5624,11.78,3548727,10.65202679166163,"rgba(38, 166, 154, 0.75)",3.163685023501539,11.461569849943853,0.18915604606991193,63.27566368986298,17.023637010452674,True,False,True,False,False,18.051676917378106,8.0141,,16.88035,7.859169999999999,1,0.0,0.0,0.0,0.0,1,1.1256614893176111,0.7978079242250403,False,False,False,False,0.318855698842011,0.30371836806709296,False,False,False,False,12610355,7063777.752655017,False,False,False,False,2979757.5200192705,False,False,False,False
2025-02-14 00:00:00+00:00,9.29,12.64,9.19,12.36,5363528,10.578809553224147,"rgba(38, 166, 154, 0.5)",3.1585775065470325,11.287064308051754,-0.632266994845712,58.57293564090279,12.45552838017597,False,False,True,False,False,7.482856429001881,8.1387,,15.80815,7.859169999999999,1,0.0,0.0,0.0,0.0,1,1.0509572505953297,0.8747197351217257,False,False,False,False,0.069258248538395,0.186488308302744,False,False,False,False,7246827,7077336.956162053,False,False,False,False,3156333.111128954,False,False,False,False
2025-02-21 00:00:00+00:00,8.35,9.895,8.19,9.6,5914154,10.387160709632347,"rgba(38, 166, 154, 0.5)",3.1492186890324647,10.964599611131032,-0.8302375507412971,54.125492386804126,8.293707159914234,False,True,True,False,False,4.361563410545674,8.2295,,14.010605,7.859169999999999,1,0.0,0.0,0.0,0.0,1,0.965832658121577,0.960829583060808,False,False,False,False,-0.26468067205944695,-0.03909618187835148,False,False,False,False,1332673,6651806.292742642,True,False,False,False,3360616.1399342166,True,False,False,False
2025-02-28 00:00:00+00:00,8.58,8.73,7.81,8.33,4773750,10.110558927702769,#000000,3.1395732667509613,10.297776163831593,-0.5471368297161165,51.28883663828188,5.765732036465842,False,True,False,False,False,5.022716202741101,8.3211,,13.206605,7.859169999999999,1,1.0,8.73,7.81,0.0,1,0.9576382599550091,0.9849055868805203,True,False,False,False,-0.34282825441539394,-0.1909622181468727,False,False,False,False,6106423,6611407.530317261,False,False,False,False,3465292.7221613117,False,False,False,False
2025-03-07 00:00:00+00:00,8.86,9.3069,8.338,8.83,3411820,10.065036113537396,#000000,3.124556030444548,10.241182854039897,-0.4420413142162117,49.68546622998366,4.416428060346988,False,True,False,False,False,5.826985664245871,8.415899999999999,,13.70864,7.859169999999999,1,0.0,0.0,0.0,0.0,0,0.9864342976995872,0.9850602071898222,False,False,False,False,-0.24670812732306152,-0.2188351727349671,False,False,False,False,9518243,6826728.676219686,False,False,False,False,3461331.7797789923,False,False,False,False
2025-03-14 00:00:00+00:00,9.84,9.87,8.06,8.54,3736304,10.042749151199981,#000000,3.1246925657783735,10.217856496889254,-0.12092597557517759,49.94408827441899,4.416428060346988,False,True,False,False,False,8.554409499490582,8.5295,,13.941189999999999,7.859169999999999,1,0.0,0.0,0.0,0.0,0,0.9659737894638932,0.9566747768873398,False,False,False,False,-0.22267788979260641,-0.22075653126378675,False,False,False,False,13254547,7302863.36687008,False,False,False,False,3481700.092387956,False,False,False,False
2025-03-21 00:00:00+00:00,11.2,11.7,10.01,10.08,9047981,10.217692804944344,#000000,3.1447481358350213,10.48573027105208,0.2271309809547783,51.802345876462994,4.416428060346988,False,True,False,False,False,12.068176832461088,8.658299999999999,,15.98719,7.859169999999999,1,0.0,0.0,0.0,0.0,1,1.003116984083945,0.9255907032770325,False,False,False,False,0.08278837255382711,-0.06898407935497983,False,False,False,False,22302528,8413949.635990815,False,False,False,False,3894017.196655515,False,False,False,False
2025-03-28 00:00:00+00:00,10.95,11.51,10.77,11.09,3892833,10.269276500973632,#000000,3.1561717930726445,10.553932582095953,0.12548981610359694,52.76170224809617,4.416428060346988,False,True,False,False,True,11.213002552204525,8.7589,,16.128190000000004,7.859169999999999,1,0.0,0.0,0.0,0.0,1,1.0228923640427423,0.9458460205440505,False,False,False,False,0.1287969643801109,0.029906442512565537,False,False,False,False,18409695,9154375.218510013,False,False,False,False,3893929.4783847365,False,False,False,False
2025-04-04 00:00:00+00:00,9.31,11.255,8.835,10.85,4730353,10.240227695813152,#000000,3.1418054243260083,10.502707441518575,-0.37962485909656196,51.26892950445487,4.416428060346988,False,True,False,False,True,5.894470504160346,8.8219,,15.073690000000001,7.859169999999999,1,0.0,0.0,0.0,0.0,0,0.9658290232220192,0.9496888115565157,False,False,False,False,-0.04672079157874333,-0.008407174533088896,False,False,False,False,13679342,9489557.943064827,False,False,False,False,3955886.7762821633,False,False,False,False
2025-04-11 00:00:00+00:00,11.83,12.0,8.845,9.28,6800505,10.292366253295619,#000000,3.161890934121429,10.561649263073782,0.4011367764899344,52.980978770127805,4.416428060346988,False,True,False,False,True,11.989330335236954,8.942900000000002,,15.737405,7.859169999999999,1,0.0,0.0,0.0,0.0,1,0.9729850494476184,0.9279601318603157,False,False,False,False,0.013567934234638557,0.0025803798507748306,False,False,False,False,20479847,10303653.428763729,False,False,False,False,4166599.237298299,False,False,False,False
2025-04-18 00:00:00+00:00,13.15,13.805,11.729,11.83,5739547,10.452722852554587,"rgba(38, 166, 154, 0.5)",3.202700823924641,10.766674285781349,0.7441612080700332,55.354432733194884,0.07703059969763615,False,True,True,False,True,14.825989741132837,9.1021,,18.295325,7.859169999999999,1,0.0,0.0,0.0,0.0,1,1.025629766374822,0.9051205764008997,False,False,False,False,0.3428282379453562,0.1727043088980655,False,False,False,False,26219394,11482597.174781231,False,False,False,False,4283113.886387314,False,False,False,False
2025-04-25 00:00:00+00:00,14.29,14.75,12.64,13.975,5554779,10.642015472380097,"rgba(38, 166, 154, 0.5)",3.2642938104712766,11.004327805871508,1.0065491603692769,57.93675276172816,2.529105203965159,False,True,True,False,True,17.1221913789148,9.2787,,18.953325,8.436675,1,0.0,0.0,0.0,0.0,1,1.0371138186386037,0.8921722783931695,False,False,False,False,0.3428282407627192,0.2577662748303924,False,False,False,False,31774173,12985676.865538176,False,False,False,False,4377311.302210476,False,False,False,False
2025-05-02 00:00:00+00:00,14.51,15.44,13.83,14.395,4977623,11.368531542444785,"rgba(38, 166, 154, 0.5)",3.3244281049866657,12.077815456487546,0.7316099090439525,59.9472090812302,4.414390033631015,False,False,True,False,True,17.55386314975053,9.4561,,19.8463,9.423699999999998,1,0.0,0.0,0.0,0.0,0,1.060657606161604,0.8722088866630978,False,False,False,False,0.3428282427789821,0.3002972588046873,False,False,False,False,36751796,14746130.13475757,False,False,False,False,4421778.835380071,False,False,False,False
2025-05-09 00:00:00+00:00,15.18,15.28,14.375,14.86,3852006,11.514440193133069,"rgba(38, 166, 154, 0.5)",3.3964445837980075,12.255438441872208,0.8610655896106093,61.88896817378544,6.240575051525049,False,False,True,False,True,18.85516317916782,9.6399,,19.97955,9.675450000000001,1,0.0,0.0,0.0,0.0,0,1.0890609831629716,0.8774450589274025,False,False,False,False,0.3428282431205772,0.3215627509626322,False,False,False,False,40603802,16661513.23588664,False,False,False,False,4379573.440166732,False,False,False,False
2025-05-16 00:00:00+00:00,11.94,14.1,11.22,14.1,8889086,11.678915208247307,"rgba(38, 166, 154, 0.5)",3.3869022001695774,12.266685517090044,-0.09645555076071823,59.31905996974012,6.240575051525049,False,True,True,False,True,9.41889243899982,9.741900000000001,,18.09405,9.675450000000001,1,1.0,14.1,11.22,0.0,0,1.0137302864771465,0.887834121240542,False,False,False,False,0.11231511095557359,0.21693893095910288,False,False,False,False,31714716,17776565.29248763,False,False,False,False,4713611.407561789,False,False,False,False
2025-05-23 00:00:00+00:00,13.83,14.06,11.95,11.95,5451201,11.780125918307654,"rgba(38, 166, 154, 0.5)",3.4100561076993543,12.3875300216113,0.4230047638019319,59.02845412826445,6.240575051525049,False,True,True,False,True,13.122023197815174,9.8861,,18.609375,9.675450000000001,1,0.0,0.0,0.0,0.0,0,1.0227507948985455,0.8873764096097168,False,False,False,False,0.1476320969675045,0.1822855139633037,False,False,False,False,37165917,19212813.567118175,False,False,False,False,4768247.673668324,False,False,False,False
2025-05-30 00:00:00+00:00,13.91,14.45,13.475,13.67,2700061,11.85270201364711,"rgba(38, 166, 154, 0.5)",3.4323736999656997,12.48217604264762,0.4159873260206629,58.882583341605155,6.240575051525049,False,True,True,False,True,13.272569677810033,10.031500000000001,,19.390625,9.675450000000001,1,0.0,0.0,0.0,0.0,0,1.0549741941465525,0.8767912146779162,False,False,False,False,0.24789548911257475,0.21509050153793924,False,False,False,False,39865978,20742677.599183496,False,False,False,False,4615048.6608040035,False,False,False,False
2025-06-06 00:00:00+00:00,17.37,17.96,14.09,14.09,9301217,13.046369420527476,"rgba(38, 166, 154, 0.5)",3.5424838374703636,14.331569723346703,0.8577118248259946,61.07237034075705,6.240575051525049,False,False,True,False,True,19.257772297081434,10.2475,,21.876875,10.173124999999999,1,0.0,0.0,0.0,0.0,0,1.0741646208051279,0.857834023276597,False,False,False,False,0.3428282448646834,0.2789593732013113,False,False,False,False,49167195,22848197.406651385,False,False,False,False,4962172.241485189,False,False,False,False
2025-06-13 00:00:00+00:00,12.835,17.85,12.76,17.74,19035997,13.11415061483099,"rgba(38, 166, 154, 0.5)",3.5313472979499982,14.141753540512456,-0.37004390399976955,58.57301121710219,6.240575051525049,False,True,True,False,False,8.437524938358813,10.4002,,21.719375,10.173124999999999,1,0.0,0.0,0.0,0.0,0,0.9965954245592378,0.8777053354423056,False,False,False,False,0.27548734781524753,0.27722336050827945,False,False,False,False,30131198,23387678.932084616,False,False,False,False,6004677.779152952,False,False,False,False
2025-06-20 00:00:00+00:00,12.99,14.1796,12.865,13.0,18652704,13.033321609902108,"rgba(38, 166, 154, 0.5)",3.5153301038079987,13.85084655566035,-0.24488356149763402,56.893533397976945,6.240575051525049,False,True,True,False,False,8.702950381165007,10.5525,,19.914865000000002,10.173124999999999,1,0.0,0.0,0.0,0.0,0,0.9931581564411621,0.9408402169346228,False,False,False,False,0.11754260776939358,0.1973829841388365,False,False,False,False,48783902,25268880.640819088,False,False,False,False,6941568.610326808,False,False,False,False
2025-06-27 00:00:00+00:00,11.86,13.65,11.7,13.2,22308333,12.84944039231198,"rgba(38, 166, 154, 0.5)",3.4738915751179817,13.466006854011528,-0.46230770859824116,54.832898718770565,10.691905520007843,False,True,True,False,False,6.29149695374619,10.6735,,19.157925,10.173124999999999,1,0.0,0.0,0.0,0.0,0,0.9942036377969187,0.9424228021160587,False,False,False,False,0.04492380878467562,0.12115339646175606,False,False,False,False,26475569,25358264.963721376,False,False,False,False,8079847.454006304,False,False,False,False
2025-07-04 00:00:00+00:00,12.455,12.98,11.68,12.15,10421138,12.792643217921846,#000000,3.434239399379762,13.347023001577641,-0.2597439775860542,53.81036138370057,9.667369205055635,False,True,False,False,False,7.338842480591758,10.794399999999998,,18.490425000000002,10.173124999999999,1,0.0,0.0,0.0,0.0,0,0.9906763890835976,0.9377785800841525,False,False,False,False,0.015533159592771698,0.06834327802726388,False,False,False,False,36896707,26212964.373816088,False,False,False,False,8253276.38333917,False,False,False,False
2025-07-11 00:00:00+00:00,13.06,13.32,12.2,12.45,12128937,12.78010803089849,#000000,3.3967649925207417,13.289367051651944,-0.06752514588350417,53.53859338429501,9.317417301936587,False,True,False,False,False,8.392298182463438,10.9214,,18.832675000000002,10.173124999999999,1,0.0,0.0,0.0,0.0,0,0.9884409144608077,0.9692410774635056,False,False,False,False,0.05217494713502516,0.06025911258114452,False,False,False,False,49025644,27902792.494274158,False,False,False,False,8540362.354943676,False,False,False,False
