date,Close,High,Low,Open,Volume,aVWAP_peak_122,aVWAP_peak_90,aVWAP_peak_68,aVWAP_peak_46,aVWAP_peak_23,aVWAP_valley_155,Peaks_avg,Valleys_avg,color,banker_RSI,VI_plus,VI_minus,VI_Regular_Bullish,VI_Regular_Bearish,VI_Hidden_Bullish,VI_Hidden_Bearish,Fisher,Fisher_Signal,Fisher_Regular_Bullish,Fisher_Regular_Bearish,Fisher_Hidden_Bullish,Fisher_Hidden_Bearish,OBV,OBV_Smoothed,OBV_Regular_Bullish,OBV_Regular_Bearish,OBV_Hidden_Bullish,OBV_Hidden_Bearish,Volume_MA,Vol_Regular_Bullish,Vol_Regular_Bearish,Vol_Hidden_Bullish,Vol_Hidden_Bearish
2021-12-31 00:00:00+00:00,4.6126269294,4.8199360049,4.1202678751,4.1461815096,23167514,,,,,,,,,#000000,,,,False,False,False,False,,,False,False,False,False,0,0.0,False,False,False,False,23167514.0,False,False,False,False
2022-01-07 00:00:00+00:00,5.2777435465,5.3554844498,4.6385405638,4.6385405638,46420439,,,,,,,,,#000000,,,,False,False,False,False,,,False,False,False,False,46420439,3438551.037037037,False,False,False,False,24889952.888888888,False,False,False,False
2022-01-14 00:00:00+00:00,5.7269132101,5.8608003213,5.2518299121,5.2604677903,40190790,,,,,,,,,#000000,,,,False,False,False,False,,,False,False,False,False,86611229,9599490.145404663,False,False,False,False,26023348.230452675,False,False,False,False
2022-01-21 00:00:00+00:00,5.2691056684,5.9155644688,5.1740890088,5.8651192604,24266480,,,,,,,,,#000000,,,,False,False,False,False,,,False,False,False,False,62344749,13506546.356856167,False,False,False,False,25893209.843011737,False,False,False,False
2022-01-28 00:00:00+00:00,5.5282420127,5.8003351743,4.9235905426,5.0358829585,36482312,,,,,,,,,#000000,,,,False,False,False,False,,,False,False,False,False,98827061,19826584.478570525,False,False,False,False,26677587.780566424,False,False,False,False
2022-02-04 00:00:00+00:00,5.7182753319,6.0292389452,5.4418632313,5.5800692816,30034645,,,,,,,,,#000000,,,,False,False,False,False,,,False,False,False,False,128861706,27903260.14682456,False,False,False,False,26926258.68570965,False,False,False,False
2022-02-11 00:00:00+00:00,5.7873783571,5.8953518339,5.2863814247,5.7096374538,35799692,,,,,,,,,#000000,,,,False,False,False,False,,,False,False,False,False,164661398,38033492.58039311,False,False,False,False,27583550.042323753,False,False,False,False
2022-02-18 00:00:00+00:00,5.5714314035,6.0378768233,5.4159495969,5.7701026008,37031188,,,,,,,,,#000000,,,,False,False,False,False,,,False,False,False,False,127630210,44670286.46332695,False,False,False,False,28283375.076225698,False,False,False,False
2022-02-25 00:00:00+00:00,5.9687737981,5.9687737981,5.4073117187,5.7873783571,31283153,,,,,,,,,#000000,,,,False,False,False,False,,,False,False,False,False,158913363,53132736.57715459,False,False,False,False,28505580.84835713,False,False,False,False
2022-03-04 00:00:00+00:00,6.4611328524,6.6073721294,5.9514980418,5.9946874326,53166533,,,,,,,,,#000000,,,,False,False,False,False,0.3428282134800047,0.3428282134800047,False,False,False,False,212079896,64906600.2381061,False,False,False,False,30332318.04477512,False,False,False,False
2022-03-11 00:00:00+00:00,6.2279101425,6.7720964656,6.1026609094,6.6079767809,58418221,,,,,,,,,#000000,,,,False,False,False,False,0.3428282029939177,0.3428282082369612,False,False,False,False,153661675,71481050.22046861,False,False,False,False,32412755.300717704,False,False,False,False
2022-03-18 00:00:00+00:00,6.0524232078,6.139258548,5.3230063506,6.1132079459,44022038,,,,,,,,,#000000,,,,False,False,False,False,-0.10380596216332093,0.11951112303682013,False,False,False,False,109639637,74307612.20413761,False,False,False,False,33272702.167331204,False,False,False,False
2022-03-25 00:00:00+00:00,6.8252577351,6.8339412691,6.139258548,6.182676218,44787998,,,,,,,,,#000000,,,,False,False,False,False,0.34282818855792163,0.23116965579737087,False,False,False,False,154427635,80242428.70753482,False,False,False,False,34125687.043825194,False,False,False,False
2022-04-01 00:00:00+00:00,6.3997645684,6.6863211909,6.173992684,6.5994858507,46452706,,,,,,,,,#000000,,,,False,False,False,False,0.306090208356221,0.268629932076796,False,False,False,False,107974929,82296687.98845816,False,False,False,False,35038799.5590974,False,False,False,False
2022-04-08 00:00:00+00:00,6.3389798303,6.7210553269,5.8874360616,6.5126505106,46048712,,,,,,,,,#000000,,,,False,False,False,False,0.19819136695700468,0.23341064951690033,False,False,False,False,61926217,80787764.21153532,False,False,False,False,35854348.62879389,False,False,False,False
2022-04-15 00:00:00+00:00,6.5039669766,6.5647517147,6.0272409592,6.1913597521,26681672,,,,,,,,,#000000,,,,False,False,False,False,0.19187884524935586,0.2126447473831281,False,True,False,False,88607889,81367032.71438456,False,False,False,False,35174891.10073508,False,False,False,False
2022-04-22 00:00:00+00:00,6.0958408779,6.9294601433,6.0654485088,6.6081693847,40662054,,,,,,,,,#000000,,,,False,False,False,False,0.34282816290972107,0.2777364551464246,False,False,False,False,47945835,78891388.43924496,False,False,False,False,35581347.611791745,False,False,False,False
2022-04-29 00:00:00+00:00,6.0090055378,6.3867392674,5.4966770309,5.8613854595,54167397,,,,,,,,,#000000,,,,False,False,False,False,-0.12378787954174825,0.07697428780233817,False,False,False,False,-6221562,72586725.44374533,False,False,False,False,36958092.01091828,False,False,False,False
2022-05-06 00:00:00+00:00,6.4171316364,6.6515870548,5.7181071483,5.8787525275,57154258,,,,,,,,,#000000,,,,False,False,False,False,0.06083977626758332,0.06890703203496075,False,False,False,False,50932696,70982723.26272716,False,False,False,False,38454104.30640581,False,False,False,False
2022-05-13 00:00:00+00:00,6.182676218,6.2608280242,5.4402340598,6.1913597521,54627386,,,,,,,,,#000000,,,,False,False,False,False,-0.23120043846721638,-0.08114670321612782,False,False,False,False,-3694690,65451063.021043666,False,False,False,False,39652125.172597975,False,False,False,False
2022-05-20 00:00:00+00:00,6.5821187827,6.8078906671,6.1913597521,6.2087268201,69506715,,,,,,,,,#000000,,,,False,False,False,False,0.34282815803745353,0.13084072741066285,False,False,False,False,65812025,65477800.9454108,False,False,False,False,41863576.27092405,False,False,False,False
2022-05-27 00:00:00+00:00,7.6588770004,7.6675605344,6.5821187827,6.6515870548,52884366,,,,,,,,,#000000,,,,False,False,False,False,0.34282819629308875,0.2368344618518758,False,False,False,False,118696391,69419918.72723222,False,False,False,False,42679931.065670416,False,False,False,False
2022-06-03 00:00:00+00:00,8.3448761875,8.375615898,7.5749072265,7.8759653508,60934287,,,,,,,,,#000000,,,,False,False,False,False,0.34282821955649945,0.2898313407041876,False,False,False,False,179630678,77583678.67336316,False,False,False,False,44032105.57932446,False,False,False,False
2022-06-10 00:00:00+00:00,8.9179894325,9.5171532795,8.3709267896,8.4751291978,72717534,,,,,8.935356500533333,,8.935356500533333,,#000000,,,,False,False,False,False,0.34282823047308164,0.3163297855886346,False,False,False,False,252348212,90529199.66052145,False,False,False,False,46156952.12900413,False,False,False,False
2022-06-17 00:00:00+00:00,6.862071423,8.7652922502,6.7573069738,8.4924962658,98406894,,,,,8.087832599355133,,8.087832599355133,,#000000,,,,False,False,False,False,0.07781907880273049,0.19707443219568255,False,False,False,False,153941318,95226393.61159393,False,False,False,False,50027318.19352234,False,False,False,False
2022-06-24 00:00:00+00:00,6.1287202785,7.4557366351,5.8318876725,7.237477366,80953116,,,,,7.5689550216972465,,7.5689550216972465,,#000000,,,,False,False,False,False,-0.16216010589850163,0.017457163148590457,False,False,False,False,72988202,93579120.15888327,False,False,False,False,52318118.03103921,False,False,False,False
2022-07-01 00:00:00+00:00,6.3382491769,7.0541395799,6.0064950878,6.2771365816,85009617,,,,,7.290876382962823,,7.290876382962823,,#000000,,1.0532771502713554,0.8706677700726208,False,False,False,False,-0.18712145414816828,-0.0848321454997889,False,False,False,False,157997819,98350875.62859562,False,False,False,False,54739710.547258526,False,False,False,False
2022-07-08 00:00:00+00:00,6.1723721324,6.5303173338,5.2556832018,6.111259537,59145041,,,,,7.096117805477102,,7.096117805477102,,#000000,,0.9982241145660227,0.9206358331946697,False,False,False,False,-0.33269379749299743,-0.20876297149639317,False,False,False,False,98852778,98388053.58203298,False,False,False,False,55066031.32153568,False,False,False,False
2022-07-15 00:00:00+00:00,5.8056965601,6.1636417616,5.2731439434,5.9803039755,60489669,,,,,6.9175018743526655,,6.9175018743526655,,#000000,,0.9723950717728709,0.958534107507425,False,False,False,False,-0.34282825441539394,-0.27579561295589355,False,False,False,False,38363109,93941761.39077127,False,False,False,False,55467782.26068118,False,False,False,False
2022-07-22 00:00:00+00:00,6.0588773124,6.5041262215,6.0064950878,6.0064950878,62358331,,,,,6.8300852782007935,,6.8300852782007935,,#000000,,0.9984885843542644,0.9376156196729306,False,False,False,False,-0.22380449235028166,-0.2498000526530876,False,False,False,False,100721440,94443959.80626969,False,False,False,False,55978193.2784085,False,False,False,False
2022-07-29 00:00:00+00:00,6.9144536476,6.9930269845,6.1243550931,6.1723721324,75644616,,,,,6.810649391163695,,6.810649391163695,,#000000,,1.0114355944628102,0.9091536386938435,False,False,False,False,-0.15940303292464497,-0.20460154278886628,False,False,False,False,176366056,100512263.2280275,False,False,False,False,57434965.33185972,False,False,False,False
2022-08-05 00:00:00+00:00,6.1374506493,6.8184195691,5.7620447063,6.7136551199,58615562,,,,,6.759390238844259,,6.759390238844259,,#000000,,0.9704151988061017,0.9241254411534602,False,False,False,False,-0.21630754480633077,-0.21045454379759854,False,False,False,False,117750494,101789169.21113658,False,False,False,False,57522416.93690716,False,False,False,False
2022-08-12 00:00:00+00:00,6.7049247492,6.7398462322,6.0588773124,6.1025291662,59600272,,,,,6.737807447936639,,6.737807447936639,,#000000,,0.9893207628781786,0.922051568987147,False,False,False,False,-0.1930291203947757,-0.20174183209618712,False,False,False,False,177350766,107386324.52883017,False,False,False,False,57676332.126765884,False,False,False,False
2022-08-19 00:00:00+00:00,6.6612728953,6.7616721592,6.1811025031,6.3295188062,56591624,,,,,6.722869582494735,,6.722869582494735,,#000000,,0.9889963517824262,0.9269471388831821,False,False,False,False,-0.08694923754246889,-0.144345534819328,False,False,False,False,120759142,108376903.60076867,False,False,False,False,57595983.37663508,False,False,False,False
2022-08-26 00:00:00+00:00,6.8795321645,7.2112862537,6.3949965869,6.5565084461,56656792,,,,,6.730120501061653,,6.730120501061653,,#000000,,0.9982881460010479,0.9063253213848118,False,False,False,False,0.34282818613620447,0.09924132565843824,False,False,False,False,177415934,113490905.85256357,False,False,False,False,57526413.64503248,False,False,False,False
2022-09-02 00:00:00+00:00,6.5041262215,7.2898595906,6.3033276939,6.8795321645,59287052,,,,,6.728043824901035,,6.728043824901035,,#000000,,0.9724441913675275,0.930367534830997,False,False,False,False,0.33836397305392,0.21880264935617913,False,False,False,False,118128882,113834459.64126256,False,False,False,False,57656831.300955996,False,False,False,False
2022-09-09 00:00:00+00:00,6.1985632447,6.6481773392,5.9364775142,6.6176210415,39964330,,,,,6.707878088508891,,6.707878088508891,,#000000,,0.9514545678253007,0.9632358608839753,False,False,False,False,0.01920474297770442,0.11900369616694177,False,False,False,False,78164552,111192244.26042831,False,False,False,False,56346275.64903333,False,False,False,False
2022-09-16 00:00:00+00:00,6.1183791603,6.5101314951,5.9247038488,6.3295188062,67007974,,,,,6.672534305063387,,6.672534305063387,,#000000,,0.9860581461130592,0.9460421152500412,False,False,False,False,-0.026381518234040943,0.04631108896645041,False,False,False,False,11156578,103782194.90780398,False,False,False,False,57136031.08243827,False,False,False,False
2022-09-23 00:00:00+00:00,5.1676094491,6.2548322208,5.1147889096,5.8718833093,71110544,,,,,6.5949673255289785,,6.5949673255289785,,#000000,,0.9238463130385011,0.9888658040742992,False,False,False,False,-0.34282825441539394,-0.14825858272447176,False,False,False,False,-59953966,91653590.3961148,True,False,False,False,58171180.18744284,True,False,False,False
2022-09-30 00:00:00+00:00,5.4229087234,5.5373532257,4.850686212,5.1147889096,62258291,,,,,6.521713408256203,,6.521713408256203,,#000000,,0.9174813665124211,1.0175797394474835,False,False,False,False,-0.34282825441539394,-0.24554341856993284,False,False,False,False,2304325,85035126.29269889,False,False,False,False,58473929.13652115,False,False,False,False
2022-10-07 00:00:00+00:00,6.5673537462,6.8006444624,5.7166789573,5.7310285372,86528352,,,,,6.510282763313713,,6.510282763313713,,#000000,,0.9532811716527466,0.9711010503072215,False,False,False,False,0.10708270721187022,-0.06923035567903131,False,False,False,False,88832677,85316426.34509157,False,False,False,False,60552034.53381588,False,False,False,False
2022-10-14 00:00:00+00:00,5.9511141186,6.6113708625,5.863079886,6.5321400532,77303490,,,,,6.488198651193986,,6.488198651193986,,#000000,,0.9539271942639463,0.9726356743616594,False,False,False,False,0.09819733547860332,0.014483489899786005,False,False,False,False,11529187,79850704.91212182,False,False,False,False,61792883.08686656,False,False,False,False
2022-10-21 00:00:00+00:00,6.6201742857,6.6201742857,5.9071850365,6.1007723138,65348283,,,,,6.483101598329057,,6.483101598329057,,#000000,,0.9538852841137313,0.9865384449600044,False,False,False,False,0.1091650344560072,0.061824262177896605,False,False,False,False,76877470,79630465.28900167,False,False,False,False,62056246.04339496,False,False,False,False
2022-10-28 00:00:00+00:00,6.7082085183,7.2628241831,6.4793195137,6.558550323,87328842,,,,,6.503305144149612,,6.503305144149612,,#000000,,0.9989719129390593,0.9394350834955952,False,False,False,False,0.34282821025114,0.2023262362145183,False,False,False,False,164206312,85895342.8231497,False,False,False,False,63928290.18832867,False,False,False,False
2022-11-04 00:00:00+00:00,7.29540903,7.5250466024,6.6201742857,6.6729948252,45481679,,,,,6.522978861476052,,6.522978861476052,,#000000,,0.9957691373257354,0.9394705563864993,False,False,False,False,0.3428282149891604,0.27257722560183933,False,False,False,False,209687991,95065168.6140275,False,False,False,False,62561874.54474877,False,False,False,False
2022-11-11 00:00:00+00:00,7.5073821737,7.5647915668,6.7522278492,7.3484023159,54749995,,,,,6.549663261839307,,6.549663261839307,,#000000,,1.0183879827439857,0.9281059429197971,False,False,False,False,0.3428282167131113,0.3077027211574753,False,False,False,False,264437986,107611303.23521066,False,False,False,False,61983216.8006933,False,False,False,False
2022-11-18 00:00:00+00:00,7.0834358863,7.6089526384,6.7919728137,7.4632211021,43272360,,,,7.161453779466665,6.566357116277017,,6.863905447871842,,#000000,,0.9903572263205551,0.9489585120037247,False,False,False,False,0.34282821750143394,0.32526546932945466,False,False,False,False,221165626,116022734.55112097,False,False,False,False,60597227.40804935,False,False,False,False
2022-11-25 00:00:00+00:00,6.9244560285,7.1673419223,6.5181741697,6.8714627426,27149617,,,,7.049086715536635,6.5714678655241014,,6.810277290530369,,#000000,,0.9633455100230629,1.0006184306015034,False,False,False,False,0.21561688114023028,0.27044117523484246,False,False,False,False,194016009,121800014.13992682,False,False,False,False,58119626.63708273,False,False,False,False
2022-12-02 00:00:00+00:00,6.7301473134,7.0392748147,6.5888318843,6.6683218132,27932328,,,,6.974394922653199,6.575121167011538,,6.774758044832369,,#000000,,0.9250397219490546,1.0348833198636644,False,False,False,False,0.20574933062040437,0.2380952529276234,False,False,False,False,166083681,125080285.75919151,False,False,False,False,55883530.44174328,False,False,False,False
2022-12-09 00:00:00+00:00,5.7762681666,6.9023754927,5.7624015901,6.8537983139,39686027,,,,6.736526625940895,6.565011773058746,,6.650769199499821,,#000000,0.05891309735879702,0.8594490835122539,1.0884453389957462,False,False,False,False,-0.27125821231682695,-0.016581479694601775,False,False,False,False,126397654,125177868.59184399,False,False,False,False,54683715.37198451,False,False,False,False
2022-12-16 00:00:00+00:00,5.9140204282,6.319273334,5.7804205691,5.7939325953,36352649,,,,6.583948754579715,6.55314568486621,,6.568547219722962,,#000000,0.7776800922456673,0.9276806017976817,1.0938439485948208,False,False,False,False,-0.34282825441539394,-0.17970486705499786,False,False,False,False,162750303,127961011.88133703,False,False,False,False,53325858.603689365,False,False,False,False
2022-12-23 00:00:00+00:00,6.2970066908,6.2970066908,5.7537005973,5.9941803436,25284515,,,,6.524681845807315,6.546800143220977,,6.535740994514146,,#000000,2.743763152821913,0.9655334058299931,1.039138139579539,False,False,False,False,-0.34282825441539394,-0.2612665607351959,False,False,False,False,188034818,132410923.44568244,False,False,False,False,51248722.04045311,False,False,False,False
2022-12-30 00:00:00+00:00,6.368259949,6.4216998926,6.0654336018,6.3326333199,19400984,,,,6.503467898827089,6.543918370313074,,6.523693134570081,,#000000,3.1053058828364364,0.970932021233016,1.0153495424346566,False,False,False,False,-0.21049539315119217,-0.23588097694319404,False,False,False,False,207435802,137968321.85711336,False,False,False,False,48889630.333752885,False,False,False,False
2023-01-06 00:00:00+00:00,5.9407404,6.2745619145,5.6911758632,6.2524734045,24378947,,,,6.449930796952441,6.536068412499179,,6.49299960472581,,#000000,0.7837167139550623,0.983953345816536,0.9927285558069825,False,False,False,False,-0.34282825441539394,-0.289354615679294,False,False,False,False,183056855,141308213.20103088,False,False,False,False,47074024.1608823,False,False,False,False
2023-01-13 00:00:00+00:00,6.368259949,6.3949799208,5.9888363492,6.1188735454,24256108,,,,6.431878829553884,6.532244610621901,,6.482061720087892,,#000000,2.9684650884872354,0.9956710641693702,0.9661689255091667,False,False,False,False,-0.22018011516794486,-0.25476736542361944,False,False,False,False,207312963,146197453.92688045,False,False,False,False,45383808.14896509,False,False,False,False
2023-01-20 00:00:00+00:00,6.5374864372,6.6399129958,6.2435667472,6.4484198645,16300227,,,,6.4342764861645225,6.531721763607279,,6.4829991248859,,#000000,3.8148692667456388,0.9814598500239409,0.9807365370187151,False,False,False,False,-0.08144739750189499,-0.16810738146275722,False,False,False,False,223613190,151931952.89525968,False,False,False,False,43229468.80459731,False,False,False,False
2023-01-27 00:00:00+00:00,6.662179639,6.8386205195,6.3326333199,6.564206409,26700655,,,,6.449475303365565,6.532866030897024,,6.4911706671312945,,#000000,4.438277682965666,0.9829560041485935,0.9988189068765732,False,False,False,False,0.1334275201615462,-0.017339930650605517,False,False,False,False,250313845,159219500.4585738,False,False,False,False,42005112.226478994,False,False,False,False
2023-02-03 00:00:00+00:00,6.1812201463,6.6799929535,6.1277802027,6.5285797799,36372370,,,,6.436919926935969,6.5289547539719415,,6.482937340453955,,#000000,1.7913897735336874,0.9960253337759404,1.0030817679031507,False,False,False,False,0.0043080588984375535,-0.006515935876083982,False,False,False,False,213941475,163272980.05423498,False,False,False,False,41587872.06155462,False,False,False,False
2023-02-10 00:00:00+00:00,6.5998330381,6.6265530099,6.032033637,6.1812201463,34286159,,,,6.435351435283404,6.527003695801939,,6.481177565542671,,#000000,3.8955581283535032,0.9748168928194563,1.0017395454199975,False,False,False,False,0.04936322903540594,0.021423646579660977,False,False,False,False,248227634,169565917.3835509,False,False,False,False,41047004.42736539,False,False,False,False
2023-02-17 00:00:00+00:00,6.1099668881,6.7423395544,6.1099668881,6.5374864372,30275584,,,,6.426923396122755,6.52380842658804,,6.475365911355398,,#000000,1.2776501084574825,0.9725030713081697,0.996677208268011,False,False,False,False,0.15665043594658548,0.08903704126312323,True,False,False,False,217952050,173150075.35513973,False,False,False,False,40249121.43274573,False,False,False,False
2023-02-24 00:00:00+00:00,6.2079401181,6.221300104,5.8605804845,6.1099668881,22240918,,,,6.409991566853233,6.519001137346055,,6.464496352099644,,#000000,1.7735269967665381,0.94624866625374,1.0501530381892852,False,False,False,False,-0.2729995971548096,-0.09198127794584318,False,False,False,False,240192968,178116215.5510553,False,False,False,False,38915180.43772753,False,False,False,False
2023-03-03 00:00:00+00:00,6.5196731226,6.5909263808,6.0787935877,6.2079401181,28094452,,,,6.409168942169379,6.517283735640871,,6.463226338905125,,#000000,3.3385106684531856,0.9623623073535322,1.0350095633325942,False,False,False,False,0.05547531927250776,-0.01825297933666771,False,False,False,False,268287420,184795564.02875492,False,False,False,False,38113644.99789586,False,False,False,False
2023-03-10 00:00:00+00:00,6.032033637,6.5285797799,5.996377616,6.4306065499,30884772,,,,6.395163367199511,6.512251861721623,,6.453707614460567,,#000000,0.7542362901794384,0.9782577499878155,1.0022057522150452,False,False,False,False,-0.023841123883578064,-0.021047051610122887,False,False,False,False,237402648,188692385.06366196,False,False,False,False,37578172.92397764,False,False,False,False
2023-03-17 00:00:00+00:00,5.2517048565,6.0767153677,5.0528451202,5.8443703683,47677245,,,,6.312717265595393,6.488177996547248,,6.40044763107132,,#000000,0.0,0.9267583041073105,1.0196761723635888,True,False,False,False,-0.34282825441539394,-0.1819376530127584,False,False,False,False,189725403,188768904.9107981,True,False,False,False,38326252.33701634,False,False,False,False
2023-03-24 00:00:00+00:00,5.8211668289,6.2074970623,5.197470383,5.2697830144,39394271,,,,6.2739525310951585,6.474329515285948,,6.374141023190553,,#000000,0.0,0.9799164354599068,0.998102655701925,False,False,False,False,-0.24580541442315224,-0.2138715337179553,False,False,False,False,229119674,191757850.76925752,False,False,False,False,38405364.83057068,False,False,False,False
2023-03-31 00:00:00+00:00,6.3815897224,6.4176556473,5.7398151186,5.9205966971,28493756,,,,6.269537945208213,6.470426442932937,,6.369982194070575,,#000000,2.4190062942427417,1.0252924236273906,0.9458953019588602,False,False,False,False,0.0022833591179996014,-0.10579408729997786,False,False,False,False,257613430,196636041.82338658,False,False,False,False,37671171.58386174,False,False,False,False
2023-04-07 00:00:00+00:00,6.6979574849,6.9148953791,6.6482425508,6.7160356427,25028951,,,,6.288667763524082,6.473684684647111,,6.381176224085596,,#000000,3.8740235801760328,1.0306640013272614,0.9961193889650509,False,False,False,False,0.3428281935455382,0.11851705312278016,False,False,False,False,282642381,203006881.76239496,False,False,False,False,36734710.79987198,False,False,False,False
2023-04-14 00:00:00+00:00,7.0324034052,7.0956769576,6.7069965638,6.7160356427,18750444,,,,6.3075373586583074,6.477711460683017,,6.392624409670662,,#000000,5.3795543837248765,1.0254788993873643,0.973163994842334,False,False,False,False,0.34282819900003836,0.23067262606140926,False,False,False,False,301392825,210294729.40962496,False,False,False,False,35402542.88877035,False,True,False,False
2023-04-21 00:00:00+00:00,6.6618011691,7.1205344247,6.6075666956,7.0052861684,22124652,,,6.796634096466666,6.323584348836479,6.480894313048923,,6.533704252784022,,#000000,3.5007090064664155,1.0170239205232638,0.9718556824382593,False,False,False,False,0.3223029696344676,0.2764877978479384,False,False,False,False,279268173,215403873.3792824,False,False,False,False,34418995.4155281,False,False,False,False
2023-04-28 00:00:00+00:00,6.6889184059,6.8425827477,6.3997582711,6.6618011691,19311451,,,6.725383354827556,6.332497963665767,6.482300730167661,,6.513394016220328,,#000000,3.6252754926443416,0.9687394047351149,1.028677004020249,False,False,False,False,0.19405171094856605,0.23526975439825223,False,False,False,False,298579624,221565040.09192815,False,False,False,False,33299918.05141491,False,False,False,False
2023-05-05 00:00:00+00:00,6.3544724856,6.6889184059,5.9954402707,6.553332222,19930379,,,6.602258612961914,6.332882815487361,6.481099117609867,,6.472080182019714,,#000000,1.93834681104088,0.9338641298700305,1.0553462481103948,False,False,False,False,0.05393676827446527,0.14460326133635876,False,False,False,False,278649245,225793499.7147483,False,False,False,False,32309581.825384177,False,False,False,False
2023-05-12 00:00:00+00:00,6.0923391968,6.5442931431,6.0324101035,6.5081368274,15274345,,,6.526676041283459,6.330580335768879,6.479363598578689,,6.445539991877009,,#000000,0.6403951190938848,0.9264567179943954,1.068297308088754,False,False,False,False,0.02731085178578226,0.08595705656107051,False,False,False,False,263374900,228577307.14328545,False,False,False,False,31047712.430911276,False,False,False,False
2023-05-19 00:00:00+00:00,6.1013782757,6.1940288347,5.9025185393,6.1736909071,14630110,,,6.452828834667213,6.325373498011234,6.47671801418613,,6.418306782288192,,#000000,0.68450856236365,0.9125670441251574,1.0969936680414472,False,False,False,False,-0.09150244159357693,-0.002772692516253207,False,False,False,False,278005010,232238618.46600506,False,False,False,False,29831593.732325256,False,False,False,False
2023-05-26 00:00:00+00:00,5.9025185393,6.2776403148,5.81212775,6.1194564335,13780532,,,6.3930899859606125,6.3194056365446825,6.473846114803261,,6.395447245769518,,#000000,0.0,0.9238655296472099,1.0627364858380761,False,False,False,False,-0.14245556263549397,-0.07261412757587359,False,False,False,False,264224478,234607941.3944491,False,False,False,False,28642626.19659746,False,False,False,False
2023-06-02 00:00:00+00:00,6.0742610389,6.1013782757,5.6494243293,5.8482840657,16450505,,,6.331973344516336,6.311374713908359,6.470066650605383,,6.371138236343359,,#000000,0.5520772081717311,0.9081197664120956,1.0659835856367221,False,False,False,False,-0.34282825441539394,-0.20772119099563377,False,False,False,False,280674983,238020314.84671214,False,False,False,False,27739506.10796061,False,False,False,False
2023-06-09 00:00:00+00:00,6.2911989331,6.4041874197,6.0109874864,6.2008081439,17367565,,,6.319902753209149,6.309708024575347,6.468320631270161,,6.365977136351552,,#000000,1.6347826027973227,0.9876975394668405,1.0382272843815032,False,False,False,False,-0.11682821730319888,-0.16227470414941633,False,False,False,False,298042548,242466406.1914001,False,False,False,False,26971214.1740376,False,False,False,False
2023-06-16 00:00:00+00:00,6.1885767999,6.2957184726,6.0057532607,6.1013782757,19088469,,,6.300984043437333,6.30625966768351,6.465846299903165,,6.357696670341337,,#000000,1.1005565165193651,0.9860894095980521,1.004867921725069,False,False,False,False,-0.1540809463214759,-0.1581778252354461,False,False,False,False,278954079,245169196.7698149,False,False,False,False,26387307.124108892,False,False,False,False
2023-06-23 00:00:00+00:00,5.7955061907,6.1794356229,5.7543708944,6.0788826764,18562010,,,6.259845920331565,6.2973790930584315,6.461493449086637,,6.339572820825545,,"rgba(239, 83, 80, 0.5)",0.0,0.9689181260982894,1.0110999679199386,False,False,False,False,-0.27569426278334164,-0.21693604400939387,False,False,False,False,260392069,246296816.9350138,True,False,False,False,25807655.485286012,False,False,False,False
2023-06-30 00:00:00+00:00,6.152012092,6.2068591538,5.7955061907,5.8229297216,14404730,,,6.244123730000223,6.2931776336524194,6.459017679556031,,6.332106347736224,,#000000,0.9010226384571816,0.9493762229435023,1.0181248365427809,False,False,False,False,-0.222274090645962,-0.21960506732767793,False,False,False,False,274796799,248407926.71760538,False,False,False,False,24962994.33822779,False,False,False,False
2023-07-07 00:00:00+00:00,6.2891297464,6.3348356312,5.941765022,6.1977179768,10025862,,,6.241352373117839,6.291948428496892,6.457885910882612,,6.330395570832447,,#000000,1.5912855722406327,0.99388962449061,1.0050440771537643,False,False,False,False,0.04174978315953689,-0.08892764208407052,False,False,False,False,284822661,251105314.4422272,False,False,False,False,23856540.09095166,False,False,False,False
2023-07-14 00:00:00+00:00,6.4536709316,6.7736121251,6.2342826847,6.2708473925,17721466,,,6.2612752552242,6.2959213297022325,6.458101074942823,,6.338432553289752,,#000000,2.419188330269005,0.9970954816731604,0.9850823098231778,False,False,False,False,0.3428281365787762,0.12695024724735285,False,False,False,False,302544127,254915596.85391408,False,False,False,False,23402090.158288576,False,False,False,False
2023-07-21 00:00:00+00:00,7.0844121417,7.0935533186,6.3759709275,6.4445297547,17658341,,,6.305362141951167,6.30695880541544,6.4609571689548035,,6.357759372107137,,"rgba(38, 166, 154, 1.0)",5.485779481440854,0.989019471594037,0.9800241551572121,False,False,False,False,0.3428281682283711,0.23488920773786198,False,False,False,False,320202468,259751661.38325378,False,False,False,False,22976627.257674605,False,False,False,False
2023-07-28 00:00:00+00:00,7.3495062734,7.5871768743,7.0067121375,7.0935533186,21777237,,,6.3905028722892,6.331060966540406,6.4685348135100895,,6.396699550779899,,"rgba(0, 255, 255, 0.75)",6.72295580625152,1.0278904775383513,0.9589992493973512,False,False,False,False,0.34282820231303446,0.2888587050254482,False,False,False,False,341979705,265842627.57708684,False,False,False,False,22887783.534883894,False,False,False,False
2023-08-04 00:00:00+00:00,7.5195321648,7.6570845825,7.221529796,7.431776866,13751236,,,6.444906414279829,6.347950865102526,6.474095862463924,,6.42231771394876,,"rgba(0, 255, 255, 0.75)",7.509081789137692,1.058449560201978,0.9421404585221907,False,False,False,False,0.3428282070559228,0.31584345604068553,False,False,False,False,355730941,272501021.1639693,False,False,False,False,22211002.236003608,False,False,False,False
2023-08-11 00:00:00+00:00,7.7854668389,7.8569940961,7.2811079742,7.5103620036,14863834,,,6.50692227051374,6.368423490637338,6.4810866060953325,,6.452144122415469,,"rgba(0, 255, 0, 1.0)",8.726916773097944,1.0697667309926502,0.9237316011129157,False,False,False,False,0.3428282081863525,0.329335832113519,False,False,False,False,370594775,279767225.1518234,False,False,False,False,21666767.55185519,False,False,False,False
2023-08-18 00:00:00+00:00,7.6020636154,7.739616033,7.4186603919,7.7121055495,12650197,,,6.552552360016418,6.3846200780382585,6.48669463775956,,6.474622358604745,,"rgba(0, 255, 255, 0.75)",7.677050448848888,1.0721492596482634,0.9360558343831256,False,False,False,False,0.3428282084755911,0.33608202029455503,False,False,False,False,357944578,285558140.1776143,False,False,False,False,20998873.436902955,False,False,False,False
2023-08-25 00:00:00+00:00,7.2077466848,7.7212757107,7.1573107983,7.6570845825,13852572,,,6.588355544923436,6.398645580039919,6.49152987894152,,6.492843667968292,,"rgba(38, 166, 154, 1.0)",5.463545703881959,1.070213948951152,0.900463377358575,False,False,False,False,0.2798342694487319,0.30795814487164347,False,False,True,False,344092006,289893982.0903836,False,False,False,False,20469517.774910145,False,False,False,False
2023-09-01 00:00:00+00:00,7.7212757107,7.739616033,7.2490124101,7.2627676519,12654969,,,6.626474663085806,6.413800618899406,6.4969441936736105,,6.512406491886274,,"rgba(0, 255, 255, 0.75)",7.852558351678528,1.0579364973056344,0.9231064943020563,False,False,False,False,0.3035097777634606,0.30573396131755204,False,False,False,False,356746975,294846055.6392441,False,False,False,False,19890662.310101986,False,False,False,False
2023-09-08 00:00:00+00:00,7.6570845825,7.8770767491,7.5653829707,7.7854668389,9646041,,,6.6573330426641855,6.426359863966325,6.501529922939491,,6.528407609856667,,"rgba(0, 255, 255, 0.75)",7.491067950152672,1.0882925153203078,0.907118476294321,False,False,False,False,0.342828207625089,0.32428108447132054,False,False,False,False,347100934,298716787.36967045,False,False,False,False,19131801.472316653,False,False,False,False
2023-09-15 00:00:00+00:00,7.8344294864,7.9130512699,7.4736813589,7.7121055495,14449136,,,6.702048152952502,6.445304955744681,6.508564186314362,,6.551972431670515,,"rgba(0, 255, 255, 0.75)",8.311344763936813,1.1579305543354625,0.8653306054944678,False,False,False,False,0.3259672982105209,0.32512419134092074,False,True,False,False,361550070,303371104.60154676,False,False,False,False,18784937.36325616,False,True,False,False
2023-09-22 00:00:00+00:00,7.3349499206,7.9254457628,7.3072010558,7.9176760807,16530622,,7.5225322464,6.739054648745471,6.462784973945869,6.515108390416163,,6.8098700648768755,,"rgba(38, 166, 154, 1.0)",5.500288292536421,1.1381213033129263,0.870546665832398,False,False,False,False,0.2659066580228807,0.29551542468190073,False,False,False,False,345019448,306456167.0755062,False,False,False,False,18617951.040052,False,False,False,False
2023-09-29 00:00:00+00:00,7.6771859194,7.8066806216,7.3164506774,7.325700299,14184577,,7.558356438376197,6.771137494661686,6.478403474026955,6.521084105834318,,6.83224537822479,,"rgba(38, 166, 154, 1.0)",7.102071868888316,1.0971995438870341,0.895126158037433,False,False,False,False,0.08181520468181157,0.18866531468185616,False,False,False,False,359204025,310363415.8106539,False,False,False,False,18289552.963011112,False,False,False,False
2023-10-06 00:00:00+00:00,7.1037093808,7.686435541,6.8354703547,7.6771859194,18991493,,7.424701067730888,6.791921242333057,6.491585725095595,6.526116296061469,,6.808581082805253,,"rgba(38, 166, 154, 0.5)",3.989260727046858,1.006445371012811,0.9310207577694056,False,False,False,False,-0.34282825441539394,-0.07708146986676889,False,False,False,False,340212532,312574461.45430917,False,False,False,False,18341548.52130658,False,False,False,False
2023-10-13 00:00:00+00:00,7.4644446228,7.5985641359,7.2020328583,7.3719484069,17827683,,7.423903710404243,6.818811972449248,6.507086401467415,6.5322281323772975,,6.820507554174551,,"rgba(38, 166, 154, 1.0)",5.67630773141558,1.0234570362783098,0.9455474703603327,False,False,False,False,-0.13093287195138276,-0.10400717090907582,False,False,False,False,358040215,315942295.05028623,False,False,False,False,18303484.408617206,False,False,False,False
2023-10-20 00:00:00+00:00,7.6679362978,7.8483039188,7.3626987853,7.4921934876,15962137,,7.462598558168777,6.848547313023677,6.523541671869832,6.538872849005588,,6.843390098016969,,"rgba(38, 166, 154, 1.0)",6.611536788811055,1.0438568418946894,0.9278363701729968,False,False,False,False,0.16555055403266972,0.030771691561796946,False,False,False,False,374002352,320243040.0095243,False,False,False,False,18130051.267238155,False,False,False,False
2023-10-27 00:00:00+00:00,7.4089468933,7.6771859194,7.1675317698,7.5846897035,18724951,,7.454408503452659,6.872123050361551,6.538705051520486,6.545091102171461,,6.852581926876539,,"rgba(38, 166, 154, 0.5)",5.206285524212593,1.0446126259176418,0.919896663483387,False,False,False,False,-0.09887798477830723,-0.03405314660825514,False,False,False,False,355277401,322838177.8606706,False,False,False,False,18174117.9141094,False,False,False,False
2023-11-03 00:00:00+00:00,7.5846897035,7.8901122084,7.3072010558,7.4459453796,17417367,,7.474730781389381,6.898896529077628,6.555089452504022,6.551947935398734,,6.87016617459244,,"rgba(38, 166, 154, 1.0)",6.0286056672741495,1.0877069440756875,0.8904212367482832,False,False,False,False,0.1554806412098345,0.06071374730078968,False,False,False,False,372694768,326531258.611732,False,False,False,False,18118062.290842038,False,False,False,False
2023-11-10 00:00:00+00:00,6.5302328423,7.686435541,6.3822388968,7.6679362978,32745809,,7.343986115630499,6.896771917921599,6.563916018832312,6.555764505731163,,6.840109639528893,,#000000,0.5768243118124303,1.0114743624703613,0.9012026583982803,False,False,False,False,-0.34282825441539394,-0.14105725355730214,False,False,False,False,339948959,327525162.3441963,False,False,False,False,19201599.084112998,False,False,False,False
2023-11-17 00:00:00+00:00,6.5431093577,6.6218861701,6.2094663876,6.5209832207,30271517,,7.19717757991867,6.87184357016398,6.5612139124448845,6.554681123883873,,6.7962290466028525,,#000000,0.6391673219226988,1.0082314686300922,0.9544029960306435,False,False,False,False,-0.34282825441539394,-0.24194275398634804,False,False,False,False,370220476,330687778.1705522,False,False,False,False,20021593.00380833,False,False,False,False
2023-11-24 00:00:00+00:00,6.5060379166,6.6620160051,6.2789753397,6.6265201002,12006083,,7.153089099812141,6.863257360286366,6.560422728326492,6.554364085998626,,6.782783318605906,,#000000,0.4534835683638576,1.0200662239632141,0.9573304742407411,False,False,False,False,-0.30937190393998953,-0.2756573289631688,False,False,False,False,358214393,332726786.67643726,False,False,False,False,19427851.52204475,False,False,False,False
2023-12-01 00:00:00+00:00,6.5709129386,6.7470022839,6.3948235932,6.4596986152,20222789,,7.098300612315948,6.852791027788543,6.5605970326886,6.554485357227933,,6.766543507505256,,#000000,0.7788455810491719,1.040896408711606,0.9376175612760623,False,False,False,False,-0.24890567582533138,-0.2622815023942501,False,False,False,False,378437182,336112741.8855901,False,False,False,False,19486735.779671066,False,False,False,False
2023-12-08 00:00:00+00:00,6.3021449904,6.5338414974,6.0611806232,6.5338414974,25815111,,7.012581525826487,6.828590375943247,6.555164755305654,6.5521180729754835,,6.737113682512717,,"rgba(239, 83, 80, 0.5)",0.0,0.9866428052511699,0.9734042897688041,False,False,False,False,-0.34282825441539394,-0.302554878404822,False,False,False,False,352622071,337335655.1533241,False,False,False,False,19955504.314510245,False,False,False,False
2023-12-15 00:00:00+00:00,6.3702265568,6.4639063591,5.8665555573,6.255805689,29936686,,6.926409814889764,6.799887837716591,6.547600722584268,6.548730794559368,,6.705657292437498,,#000000,0.0,0.9733057845216183,0.9712190391928408,False,False,False,False,-0.34282825441539394,-0.322691566410108,False,False,False,False,382558757,340685514.54937416,False,False,False,False,20694851.106028,False,False,False,False
2023-12-22 00:00:00+00:00,6.5763221218,6.6512659637,6.3889625172,6.5201142404,19432589,,6.900446075425452,6.791962400146203,6.547469134898338,6.548663063357102,,6.697135168456773,,#000000,0.8262453333523716,1.0286289871655694,0.9480996716475266,False,False,False,False,-0.16896550894421644,-0.24582853767716223,False,False,False,False,401991346,345226687.2494205,False,False,False,False,20601350.20928519,False,False,False,False
2023-12-29 00:00:00+00:00,6.4920102998,6.7730497067,6.4873263096,6.6512659637,11039390,,6.8888491043986795,6.788438500135198,6.547779654901658,6.548800638776748,,6.69346697455307,,#000000,0.37964079437445264,1.0330969105164676,0.9406894791771477,False,False,False,False,-0.11644071789832035,-0.18113462778774128,False,False,False,False,390951956,348613744.19390786,False,False,False,False,19893056.86044925,False,False,False,False
2024-01-05 00:00:00+00:00,6.4826423195,6.6512659637,6.4076984777,6.5575861614,16268089,,6.869628388767836,6.781745302541319,6.547361591006039,6.548602089604675,,6.686834342979967,,#000000,0.3293371852350049,1.0166876192503413,0.9585808107500912,False,False,False,False,-0.163733452079739,-0.17243403993374012,False,False,False,False,374683867,350544864.40176654,False,False,False,False,19624540.722638197,False,False,False,False
2024-01-12 00:00:00+00:00,6.2297068533,6.396644261,6.1266590708,6.3421226161,20516710,,6.832065826225915,6.765915145970387,6.54282433692252,6.5464839808244975,,6.67182232248583,,"rgba(239, 83, 80, 0.5)",0.0,0.9689207084466023,1.0037439053913755,False,False,False,False,-0.26265594448546287,-0.2175449922096015,False,False,False,False,354167157,350813182.37200606,False,False,False,False,19690627.335776106,False,False,False,False
2024-01-19 00:00:00+00:00,6.0329792685,6.2203388731,5.8830915848,6.2203388731,19533352,,6.789078427760561,6.746021650337583,6.535678937344978,6.54311185882597,,6.653472718567273,,"rgba(239, 83, 80, 0.5)",0.0,0.9374601713579078,1.0415650043567184,False,False,False,False,-0.34282825441539394,-0.2801866233124977,False,False,False,False,334633805,349614709.9740797,False,False,False,False,19678977.310903803,False,False,False,False
2024-01-26 00:00:00+00:00,6.1828669522,6.2301752523,5.9580354266,5.9955073475,26306909,,6.743462839604219,6.723708248222133,6.527858813281494,6.539344162628546,,6.6335935159340975,,"rgba(239, 83, 80, 0.5)",0.0,0.8918246923183405,1.0809729197679363,False,False,False,False,-0.2894577352892532,-0.2848221793008755,False,False,False,False,360940714,350453673.235259,False,False,False,False,20169935.213799816,False,False,False,False
2024-02-02 00:00:00+00:00,5.8549876441,6.2671787742,5.8549876441,6.1547630115,33368260,,6.68337642522565,6.691895313606514,6.515269542603841,6.53318210441277,,6.605930846462194,,"rgba(239, 83, 80, 1.0)",0.0,0.8663526899398332,1.0837392865880857,False,False,False,False,-0.3308805216648258,-0.3078513504828506,False,False,False,False,327572454,348758768.1067213,True,False,False,False,21147588.901666496,False,False,False,False
2024-02-09 00:00:00+00:00,5.9299314859,6.0048753278,5.648892079,5.8081477429,24888968,,6.63708069062282,6.665790266736364,6.503997890399215,6.527582644126819,,6.583612872971305,,"rgba(239, 83, 80, 0.5)",0.0,0.8424770417867098,1.1226302546809388,True,False,False,False,-0.34282825441539394,-0.3253398024491223,False,False,False,False,352461422,349033038.76548266,False,False,False,False,21424728.094135642,False,False,False,False
2024-02-16 00:00:00+00:00,6.3702265568,6.4076984777,5.892927964,5.9392994662,29959579,,6.610833926064723,6.649672879085879,6.498299601581306,6.524563891791687,,6.570842574630898,,#000000,0.0,0.8565213294854062,1.0832504653523254,False,False,False,False,-0.0643569593078535,-0.1948483808784879,False,False,False,False,382421001,351506221.1532247,False,False,False,False,22056939.27234782,False,False,False,False
2024-02-23 00:00:00+00:00,6.6044260625,6.7074738451,6.3514905963,6.379594537,27055227,,6.607777620229043,6.64663875971312,6.4993118133070364,6.524829662628544,,6.569639463969437,,#000000,1.1922507325054852,0.9126323791701766,1.058791736637566,False,False,False,False,0.25249163537693103,0.028821627249221562,False,False,False,False,409476228,355800295.73446727,False,False,False,False,22427182.80772946,False,False,False,False
2024-03-01 00:00:00+00:00,7.0166171927,7.0962450246,6.5294822207,6.5950580823,32379664,,6.624412948436361,6.655240752381673,6.507366106913218,6.528576445463775,,6.578899063298756,,"rgba(38, 166, 154, 0.5)",3.379413498409278,0.9232220249964835,1.0319360636972787,False,False,False,False,0.3428281792964685,0.18582490327284504,False,False,False,False,441855892,362174784.346729,False,False,False,False,23164403.63678654,False,False,False,False
2024-03-08 00:00:00+00:00,7.0353531531,7.2133447775,6.9042014299,7.0540891136,37218689,,6.6523335315465,6.671274623751565,6.520246282270724,6.534821379118931,,6.594668954171929,,"rgba(38, 166, 154, 0.5)",3.477717624996032,0.9279381429450734,1.0335939165034929,False,False,False,False,0.34282819429168954,0.2643265487822673,False,False,False,False,479074581,370834028.54326755,False,False,False,False,24205461.811839387,False,False,False,False
2024-03-15 00:00:00+00:00,7.3592723605,7.3876865395,6.9042014299,7.0259851729,30183453,,6.680799708792144,6.6886377411925775,6.533383291967028,6.541372005144238,,6.611048186773997,,"rgba(38, 166, 154, 1.0)",5.168622401871211,0.9356054062460687,1.0222927592855227,False,False,False,False,0.3428281982649999,0.30357737352363356,False,False,False,False,509258034,381087658.57709956,False,False,False,False,24648275.973925356,False,False,False,False
2024-03-22 00:00:00+00:00,7.3782151465,7.5581716134,7.2077300725,7.3876865395,28406820,,6.712529958489404,6.708775876826301,6.54816720897828,6.548894759669516,,6.629591950990875,,"rgba(38, 166, 154, 1.0)",5.267000225450058,0.9730023696959728,1.0097280527908312,False,False,False,False,0.34282820681734777,0.3232027901704907,False,False,False,False,537664854,392685969.3491663,False,False,False,False,24926686.64252348,False,False,False,False
2024-03-29 00:00:00+00:00,7.7570708664,7.7760136524,7.3403295745,7.4445148975,20219447,,6.741010886845194,6.727339190695,6.561359641036126,6.555707563028493,,6.646354320401203,,"rgba(0, 255, 255, 0.75)",7.215851360307514,0.9831146327622236,0.9818434890770634,False,False,False,False,0.34282821163466654,0.3330155009025786,False,False,False,False,557884301,404922882.8047836,False,False,False,False,24578002.224558774,False,False,False,False
2024-04-05 00:00:00+00:00,8.3348258394,8.3916541974,7.6841411403,7.8233706174,31799905,,6.806363358632171,6.770890998845104,6.5911569011628615,6.571303576007182,,6.68492870866183,,"rgba(0, 255, 0, 1.0)",10.040888504396342,1.052169268992619,0.9198322348702334,False,False,False,False,0.3428282209168461,0.3379218609097123,False,False,False,False,589684206,418608906.74517,False,False,False,False,25112957.98570257,False,False,False,False
2024-04-12 00:00:00+00:00,8.3064116604,8.5905534504,8.2022263374,8.3253544464,38444295,,6.889932948843452,6.82834338425265,6.6308394158786506,6.592457021349376,,6.735393192581032,,"rgba(0, 255, 0, 1.0)",9.86339528611228,1.0738091647966896,0.9031418546734182,False,False,False,False,0.3428282255904945,0.34037504325010337,False,False,False,False,551239911,428433425.5788611,False,False,False,False,26100464.431206085,False,False,False,False
2024-04-19 00:00:00+00:00,8.2306405164,8.3821828044,7.9182739753,8.3253544464,27965715,,6.938207498518401,6.8627693334003155,6.655579131505765,6.6059247389744025,,6.765620175599721,,"rgba(0, 255, 0, 1.0)",9.384150371005674,1.0362040020321175,0.9418498390384853,False,False,False,False,0.263607317118798,0.3019911801844507,False,False,False,False,523274196,435458667.83227885,False,False,False,False,26238631.140005633,False,False,False,False
2024-04-26 00:00:00+00:00,8.5905534504,8.5988882762,8.0885696214,8.1643407654,20331795,,6.977700082490847,6.891250801560401,6.675937144006116,6.617102268015648,,6.790497574018254,,"rgba(0, 255, 0, 1.0)",11.132328674026859,1.0672222385286632,0.9089348666094662,False,False,False,False,0.3220761328762766,0.31203365653036363,False,True,False,False,543605991,443469580.6595174,False,False,False,False,25801087.72222744,False,False,False,False
2024-05-03 00:00:00+00:00,8.1927549444,8.7888844198,7.9607058159,8.5810820574,29068937,8.314115060033334,7.02656418293313,6.927374069862079,6.702433766745768,6.631872846780824,,7.120471985271027,,"rgba(0, 255, 255, 0.75)",8.619717520181503,1.043606365597156,0.9126986204500901,False,True,False,False,0.3327609683202557,0.32239731242530967,False,False,True,False,514537054,448733837.9439976,False,False,False,False,26043150.631692074,False,False,False,False
2024-05-10 00:00:00+00:00,8.2401119094,8.6568532014,8.1738121584,8.2874688744,21574837,8.332352914818156,7.061712790886353,6.953812440421129,6.722059686037391,6.6429451171315534,,7.142576589858916,,"rgba(0, 255, 255, 0.75)",8.854116950205096,1.148365071707033,0.8999072975361836,False,False,False,False,0.3428281998171617,0.3326127561212357,False,False,False,False,536111891,455206286.3185163,False,False,False,False,25712164.43675192,False,False,False,False
2024-05-17 00:00:00+00:00,8.1927549444,8.3727114114,8.0270055669,8.2685260884,12695131,8.305322225949302,7.07909967467438,6.967200938953705,6.732286798975564,6.648794232881988,,7.146540774286988,,"rgba(0, 255, 255, 0.75)",8.553056490093358,1.1515847996884145,0.8292457806753689,False,False,False,False,0.22152104089083713,0.2770668985060364,False,False,False,False,523416760,460258913.99862623,False,False,False,False,24747939.73773326,False,False,False,False
2024-05-24 00:00:00+00:00,7.9654415124,8.5384607889,7.7949564384,8.3442972324,17923112,8.259952547716507,7.100689040197275,6.984154312736614,6.745537999423692,6.656460381688797,,7.149358856352578,,"rgba(38, 166, 154, 1.0)",7.109159864799501,1.1206090243153268,0.8236742243178605,False,False,False,False,0.17275325872820405,0.2249100786171202,False,False,False,False,505493648,463609635.035765,False,False,False,False,24242396.94234561,False,False,False,False
2024-05-31 00:00:00+00:00,8.2495833024,8.2495833024,7.9275559404,8.0601554424,9289414,8.247876838967139,7.111985392338767,6.993071096062928,6.752518457966067,6.6605183055924435,,7.153194018185468,,"rgba(0, 255, 255, 0.75)",8.573358482198955,1.1223866470047779,0.8558080982788449,False,False,False,False,0.07855895354146918,0.1517345160792947,False,False,False,False,514783062,467400259.25533795,False,False,False,False,23134768.576245934,False,False,False,False
2024-06-07 00:00:00+00:00,7.4255721115,8.2495833024,7.3876865395,8.2495833024,13368098,8.175805219543978,7.120831557102064,7.00068245068468,6.759195819093827,6.664539340815878,,7.144210877448086,,"rgba(38, 166, 154, 0.5)",3.55963705580362,1.1044313065921656,0.8452077217138682,False,False,False,False,-0.34282825441539394,-0.09554686916804962,False,False,False,False,501414964,469919867.0142018,False,False,False,False,22411311.496524014,False,False,False,False
2024-06-14 00:00:00+00:00,7.1262760927,7.6907711154,7.049649468,7.4918718625,14459940,8.067470451786031,7.123579659537058,7.00405890375149,6.763255918055106,6.667172174202572,,7.125107421466451,,#000000,1.8508699034255507,1.0919591327825926,0.8869818523273669,False,False,False,False,-0.34282825441539394,-0.21918756179172177,False,False,False,False,486955024,471181730.4946313,False,False,False,False,21822321.015300013,False,False,False,False
2024-06-21 00:00:00+00:00,7.2316377016,7.394469279,7.0304928119,7.1071194365,10329207,7.999367778801357,7.124679779932953,7.005841582390334,6.765736920108645,6.668829017630015,,7.112891015772661,,#000000,2.4179806065930265,1.0475621840978149,0.9298150505246977,False,False,False,False,-0.34282825441539394,-0.28100790810355786,False,False,False,False,497284231,473115249.05058455,False,False,False,False,20970979.2363889,False,False,False,False
2024-06-28 00:00:00+00:00,7.5381442002,7.6913974495,7.2938968341,7.3178426543,9542394,7.965439571129378,7.128723110171747,7.009660809513784,6.769451353886821,6.671150276463483,,7.108885024233044,,"rgba(38, 166, 154, 0.5)",4.05079723788398,1.0553582005855104,0.9112382262371216,False,False,False,False,-0.17813453960360506,-0.22957122385358147,False,False,False,False,506826625,475612388.00980055,False,False,False,False,20124417.367026757,False,False,False,False
2024-07-05 00:00:00+00:00,7.5764575125,7.8973315032,7.4615175755,7.633927481,6508082,7.95103784336805,7.132413219653688,7.01294115845608,6.772430493484961,6.6729846359481115,,7.108361470182177,,"rgba(38, 166, 154, 0.5)",4.253796959074741,1.0745721715348195,0.886011112439967,False,False,False,False,-0.07392431447772692,-0.1517477691656542,False,False,False,False,513334707,478406633.86092645,False,False,False,False,19115799.932432186,False,False,False,False
2024-07-12 00:00:00+00:00,7.6722407933,7.863807355,7.394469279,7.5668791844,10410027,7.930406060685901,7.138189296151761,7.018105341023557,6.777145229777825,6.675899675043706,,7.10794912053655,,"rgba(38, 166, 154, 0.5)",4.7664300055296,1.0962518952741565,0.8761799306633106,False,False,False,False,-0.10173130036073703,-0.1267395347631956,False,False,False,False,523744734,481765011.64900595,False,False,False,False,18470927.863363136,False,False,False,False
2024-07-19 00:00:00+00:00,7.4423609194,7.7344999259,7.3657342947,7.6626624652,11109195,7.902598883035504,7.142670100314446,7.022403541492577,6.781378051157378,6.678578097491531,,7.105525734698287,,"rgba(38, 166, 154, 0.5)",3.3756142982293937,1.1140890323526715,0.8733776872784502,False,False,False,False,-0.10469227614767343,-0.11571590545543452,False,False,False,False,512635539,484051717.3787092,False,False,False,False,17925614.31792883,False,False,False,False
2024-07-26 00:00:00+00:00,7.2124810454,7.5573008564,6.8676612345,7.4423609194,20661947,7.82632225042883,7.144183833234974,7.025417937683826,6.785934081872356,6.681732071408249,,7.092718034925648,,#000000,2.0055362579097356,1.065854365445588,0.8920218922399948,False,False,False,False,-0.34282825441539394,-0.22927207993541424,False,False,False,False,491973592,484638522.9062122,False,False,False,False,18128305.627711877,False,False,False,False
2024-08-02 00:00:00+00:00,6.6090463763,7.4998308879,6.5659438999,7.2412160297,18141317,7.74363827717895,7.139465090384843,7.023580328422266,6.786905611038226,6.682815018594119,,7.0752808651236805,,#000000,0.0,1.0484500864628945,0.90328527815723,False,False,False,False,-0.34282825441539394,-0.2860501671754041,False,False,False,False,473832275,483838060.0983446,False,False,False,False,18129269.43306655,False,False,False,False
2024-08-09 00:00:00+00:00,6.7048296571,6.810191266,6.1684432845,6.2642265653,15506193,7.660515749849181,7.130375382873739,7.018215302054376,6.785145426268313,6.682280798063927,,7.055306531821907,,#000000,0.0,1.0334406353869228,0.9365563863380976,False,False,False,False,-0.34282825441539394,-0.31443921079539905,False,False,False,False,489338468,484245497.7206895,False,False,False,False,17934967.47506162,False,False,False,False
2024-08-16 00:00:00+00:00,7.0400711399,7.0975411084,6.7335646413,6.7527212975,9024276,7.632868304425951,7.128804364581144,7.017805139387087,6.785921994883578,6.682981208686964,,7.049676202392945,,#000000,1.0115528027263139,1.055313220606342,0.9423850811886857,False,False,False,False,-0.09389673038414614,-0.2041679705897726,False,False,False,False,498362744,485291219.66730505,False,False,False,False,17274916.254686687,False,False,False,False
2024-08-23 00:00:00+00:00,7.0783844523,7.1981135533,6.8389262502,7.0400711399,9684176,7.608813556464806,7.1279341669608245,7.017952840160969,6.787140344722612,6.683950972958133,,7.045158376253468,,#000000,1.2270204530961841,1.0292449713652512,0.9570936368716565,False,False,False,False,-0.03653538689977411,-0.12035167874477336,False,False,False,True,508046920,486976827.09935653,False,False,False,False,16712639.198783971,False,False,False,False
2024-08-30 00:00:00+00:00,6.925131203,7.284318506,6.7911303931,7.2316377016,11297035,7.581376258324446,7.126514567624873,7.017806022913655,6.788332608147131,6.684954147510742,,7.039796720904169,,#000000,0.33159539678629457,1.0126576248522585,0.9793012070490709,False,False,False,False,-0.025874611194971975,-0.07311314496987267,False,False,False,False,496749885,487700757.314219,False,False,False,False,16311483.33220738,False,False,False,False
2024-09-06 00:00:00+00:00,6.1301299722,6.7335646413,6.0918166599,6.7239863133,18245850,7.4956663434146735,7.112267449900339,7.008591958673773,6.784124216006026,6.683086255095164,,7.016747244617994,,"rgba(239, 83, 80, 1.0)",0.0,0.9300456877391878,1.0140805829597224,False,False,False,False,-0.34282825441539394,-0.20797069969263332,False,False,False,False,478504035,487019518.6242768,False,False,False,False,16454769.75204387,False,False,False,False
2024-09-13 00:00:00+00:00,6.0199791993,6.1971782688,5.7805209972,6.1492866284,24361914,7.371327964697961,7.086666125101572,6.9911414459566545,6.7748479365938765,6.678463450879597,,6.980489384645932,,"rgba(239, 83, 80, 1.0)",0.0,0.9073786608115725,1.06513414618188,False,False,False,False,-0.34282825441539394,-0.27539947705401363,False,False,False,False,454142121,484584155.8372933,False,False,False,False,17040484.140781358,False,False,False,False
2024-09-20 00:00:00+00:00,6.2530106521,6.3792360224,5.9714309799,6.0685274186,24446507,7.281275624691249,7.066690252351932,6.9776711889837095,6.768124805122859,6.675247997292169,,6.953801973688384,,"rgba(239, 83, 80, 0.5)",0.0,0.8997123447454954,1.064040413163525,False,False,False,False,-0.25665803690557604,-0.26602875697979483,False,False,False,False,478588628,484140042.6641605,False,False,False,False,17589078.426649407,False,False,False,False
2024-09-27 00:00:00+00:00,5.9714309799,6.413219776,5.8743345412,6.2530106521,25910741,7.191154196958731,7.043795632768866,6.961846923762692,6.759759116708699,6.671072230213648,,6.925525620082527,,"rgba(239, 83, 80, 1.0)",0.0,0.8841561244701419,1.0766110845619792,False,False,False,False,-0.2516142610064385,-0.2588215089931167,False,False,False,False,452677887,481809512.6149634,False,False,False,False,18205497.876527227,False,False,False,False
2024-10-04 00:00:00+00:00,6.4277842418,6.486042105,5.8743345412,5.961721336,28691768,7.119593678283883,7.024106370276469,6.94836793607761,6.753096363268415,6.667890994925015,,6.902611068566278,,"rgba(239, 83, 80, 0.5)",0.0,0.8588133992657493,1.1158956938694193,False,False,False,False,-0.21275393118234584,-0.23578772008773125,False,False,False,False,481369655,481776930.56941056,False,False,False,False,18982258.6264141,False,False,False,False
2024-10-11 00:00:00+00:00,6.2724299399,6.563719256,6.2044624328,6.4957517489,30814944,7.060517803020161,7.006254690075417,6.936165728784296,6.747330993898409,6.6652273314127,,6.8830993094381965,,"rgba(239, 83, 80, 0.5)",0.0,0.8450705083052734,1.1248107671235217,False,False,False,False,-0.08147598988869689,-0.15863185498821408,False,False,False,False,450554711,479464173.564269,False,False,False,False,19858753.839272317,False,False,False,False
2024-10-18 00:00:00+00:00,5.8549152535,6.1753335012,5.7772381025,6.1656238573,22657371,7.000660741775739,6.985902689658045,6.921463982871887,6.738950129325459,6.660804320164264,,6.86155637275908,,"rgba(239, 83, 80, 1.0)",0.0,0.8324147938487385,1.1304519688770138,False,False,False,False,-0.34282825441539394,-0.250730054701804,False,False,False,False,427897340,475644408.1150639,False,False,False,False,20066058.81414103,False,False,False,False
2024-10-25 00:00:00+00:00,6.0782370625,6.0879467063,5.7966573903,5.9034634728,25639690,6.94311445814048,6.9648762822099926,6.906186925683505,6.730270708763048,6.656216308033276,,6.84013293656606,,"rgba(239, 83, 80, 0.5)",0.0,0.8188096374145004,1.154579816366657,False,False,False,False,-0.34282825441539394,-0.29677915455859893,False,False,False,False,453537030,474006824.5509851,False,False,False,False,20478920.383463915,False,False,False,False
2024-11-01 00:00:00+00:00,4.8256930033,5.9325924044,4.7577254962,5.8257863219,45490180,6.780957308182717,6.900291561666261,6.857272545653772,6.698974485631003,6.63848390378095,,6.7751959609829395,,"rgba(255, 26, 202, 1.0)",0.0,0.7510567383520993,1.1632353934839996,False,False,False,False,-0.34282825441539394,-0.31980370448699647,False,False,False,False,408046850,469120900.5101714,False,False,False,False,22331606.280985106,False,False,False,False
2024-11-08 00:00:00+00:00,5.1266919632,5.2626269774,4.8548219349,4.9130797981,45118697,6.639468735438781,6.837545760314731,6.80894283134867,6.66738137355177,6.620248648352766,,6.714717469801343,,"rgba(255, 0, 0, 1.0)",0.0,0.7400535901763261,1.199510365428131,False,False,False,False,-0.34282825441539394,-0.3313159794511952,False,False,False,False,453165547,467939022.47238094,False,False,False,False,24019538.926838063,False,False,False,False
2024-11-15 00:00:00+00:00,5.0393051684,5.1995142923,4.8548219349,5.0587244562,33011721,6.547133325727046,6.793076806665442,6.774236220535784,6.644329827819422,6.606748642147551,,6.673104964579049,,"rgba(255, 0, 0, 1.0)",0.0,0.7503497389527221,1.1839950252529459,False,False,False,False,-0.34282825441539394,-0.33707211693329453,False,False,False,False,420153826,464399378.2892416,False,False,False,False,24685626.487813022,False,False,False,False
2024-11-22 00:00:00+00:00,5.2723366213,5.3839975258,5.0393051684,5.1266919632,26663051,6.488845417154894,6.762639374270051,6.750293231704402,6.628438030931857,6.597378771191933,,6.645518965050627,,"rgba(255, 0, 0, 1.0)",0.0,0.7732620468497761,1.1879451171147455,False,False,False,False,-0.24505887633386483,-0.29106549663357967,False,False,False,True,446816877,463096970.7863348,False,False,False,False,24832102.37760465,False,False,False,False
2024-11-29 00:00:00+00:00,5.146111251,5.2771914432,5.0198858807,5.2723366213,23242000,6.438964113726437,6.735653062348119,6.728897104863257,6.614056852082189,6.588817730758787,,6.621277772755758,,"rgba(255, 0, 0, 1.0)",0.0,0.7611558428713914,1.175605525455161,False,False,False,False,-0.2779060913352242,-0.28448579398440194,False,False,False,False,423574877,460169408.28364336,False,False,False,False,24714317.0163006,False,False,False,False
2024-12-06 00:00:00+00:00,4.845112291,5.146111251,4.8159833594,5.1266919632,31553544,6.3667075596789715,6.6957248463181305,6.69697345694322,6.592215191943067,6.575669581715425,,6.585458127319763,,"rgba(255, 0, 0, 1.0)",0.0,0.7769410637035795,1.192562020530925,False,False,False,False,-0.34282825441539394,-0.31365702419989794,False,False,False,False,392021333,455121402.7070772,False,False,False,False,25220926.422500554,False,False,False,False
2024-12-13 00:00:00+00:00,4.797319482,4.9810473052,4.757835371,4.8742412226,40567506,6.278164023078327,6.644415989546181,6.655541482865192,6.563468946438728,6.558155173582978,,6.53994912310228,,"rgba(255, 0, 0, 1.0)",0.0,0.7915024078654292,1.168124851117096,False,False,False,False,-0.34282825441539394,-0.32824263930764597,False,False,False,False,351453827,447442323.0250715,False,False,False,False,26357710.09490792,False,False,False,False
2024-12-20 00:00:00+00:00,4.5998989271,4.757835371,4.338316692,4.7479643433,57899745,6.1467951619706875,6.565265353146275,6.5908531378684145,6.517615550206534,6.529774964736636,4.565350330033334,6.47006083358571,4.565350330033334,"rgba(255, 0, 0, 1.0)",0.0,0.7589785539093403,1.1581709964359501,True,False,False,False,-0.34282825441539394,-0.3355354468615199,False,False,False,False,293554082,436043194.06025136,False,False,False,False,28694157.124914743,True,False,False,False
2024-12-27 00:00:00+00:00,4.8368035929,4.9453848981,4.540771471,4.5801568717,40812167,6.0764015112272265,6.5184615712671015,6.552071679223167,6.489865392030682,6.512328170547194,4.6517482568778705,6.429825664859074,4.6517482568778705,"rgba(239, 83, 80, 1.0)",0.0,0.7580468243213085,1.1721964736896435,False,False,False,False,-0.24232405016550965,-0.2889297485135148,False,False,False,False,334366249,428511568.50023276,False,False,False,False,29591787.48603217,False,False,False,False
2025-01-03 00:00:00+00:00,5.1230633974,5.251386758,4.8269325652,4.8762877039,55197260,6.0109320327906195,6.468915547821163,6.510398508768639,6.459880912740288,6.493159889231545,4.800717937125737,6.388657378270451,4.800717937125737,"rgba(239, 83, 80, 1.0)",0.0,0.7670591809318449,1.1645602040504357,False,False,False,False,0.0767771530527184,-0.10607629773039819,False,False,False,False,389563509,425626527.05577105,False,False,False,False,31488489.15373349,False,False,False,False
2025-01-10 00:00:00+00:00,5.4093232019,5.5623241319,5.1822895638,5.2020316193,62845914,5.967857950123502,6.428348101262489,6.475541566619748,6.4346846233197414,6.476668909241941,4.970021783254653,6.356620230113484,4.970021783254653,"rgba(239, 83, 80, 0.5)",0.0,0.7948460224592477,1.1334526315926485,False,False,False,False,0.34282816455494614,0.11837593341227398,False,False,False,False,452409423,427610445.27386206,False,False,False,False,33811261.36456805,False,False,False,False
2025-01-17 00:00:00+00:00,5.3797101187,5.5277755348,5.2415157303,5.4488073128,81508529,5.919960638013671,6.3799700697477535,6.433361166496024,6.403664611984491,6.455966674114001,5.082879278638807,6.318584632071188,5.082879278638807,"rgba(239, 83, 80, 0.5)",0.0,0.8004237032139127,1.1268766842287965,False,False,False,False,0.34282816588032117,0.23060204964629757,False,False,False,False,370900894,423409737.7720945,False,False,False,False,37344392.30052597,False,False,False,False
2025-01-24 00:00:00+00:00,5.2020316193,5.4981624515,5.1921605916,5.3994521741,61364821,5.883808061585931,6.3435227894761335,6.4012770742457965,6.379633529671555,6.439688556022013,5.119492593825275,6.289586002200286,5.119492593825275,"rgba(239, 83, 80, 0.5)",0.0,0.8305529125077298,1.1188689027816783,False,False,False,False,0.3082557777498847,0.26942891369809113,False,False,False,False,309536073,414974651.4926801,False,False,False,False,39123683.31530183,False,False,False,False
2025-01-31 00:00:00+00:00,4.9651269536,5.2661932996,4.9552559258,5.1428054529,101276639,5.811945629607321,6.276070778905613,6.341634478614938,6.334034290107567,6.408469001293341,5.106901702929815,6.234430835705756,5.106901702929815,"rgba(239, 83, 80, 1.0)",0.0,0.8270790862180136,1.140059934919959,False,False,False,False,0.11439008950361229,0.1919095016008517,False,False,False,False,208259434,399662413.1598889,False,False,False,False,43727605.95861281,False,False,False,False
2025-02-07 00:00:00+00:00,5.0737082587,5.2020316193,4.6986092046,4.8368035929,78005325,5.7601598397279705,6.226014061542665,6.296852039453466,6.299171932784411,6.384157532824766,5.0901904435759935,6.193271081266656,5.0901904435759935,"rgba(239, 83, 80, 0.5)",0.0,0.8371678030546799,1.08776731136675,False,False,False,False,-0.012655580799178263,0.08962696040083673,False,False,False,False,286264759,391262586.9258231,False,False,False,False,46266696.257974826,False,False,False,False
2025-02-14 00:00:00+00:00,5.1822895638,5.4488073128,5.0725237354,5.1329344251,65007602,5.733894509520515,6.194830219020269,6.2682784362645645,6.276621413340417,6.3679520098128455,5.105728698344626,6.1683153175917225,5.105728698344626,"rgba(239, 83, 80, 0.5)",0.0,0.8228992659770082,1.093880130810273,False,False,False,False,0.2365004265510721,0.1630636934759544,False,False,False,False,351272361,388300347.9683547,False,False,False,False,47654911.49812484,False,False,False,False
2025-02-21 00:00:00+00:00,4.9355138703,5.3106129245,4.8664166761,5.2119026471,79554697,5.693763365868238,6.151935927538658,6.229056937329739,6.245313544192469,6.345389997240208,5.097788716747665,6.133091954433862,5.097788716747665,"rgba(239, 83, 80, 1.0)",0.0,0.7974761301976754,1.1136744654851365,False,False,False,False,0.09667165431978905,0.12986767389787174,False,False,False,False,271717664,379664593.60032845,False,False,False,False,50017858.572337806,False,False,False,False
2025-02-28 00:00:00+00:00,5.3797101187,5.3994521741,4.6591250936,4.9355138703,127751706,5.647374341866543,6.095433236177579,6.176335344616618,6.20245312075888,6.313596280180631,5.105396120667211,6.08703846472005,5.105396120667211,"rgba(239, 83, 80, 0.5)",0.0,0.7882840392819718,1.111093682493118,False,False,False,False,-0.035581636454143785,0.04714301872186398,False,False,False,False,399469370,381131614.0743782,False,False,False,False,55775921.34475723,False,False,False,False
2025-03-07 00:00:00+00:00,4.8466746207,5.4685493683,4.6197396929,5.4290652574,133540990,5.592953937742115,6.03347435741402,6.118321901819986,6.154513040115779,6.2775912747521945,5.087434299505883,6.035370902368819,5.087434299505883,"rgba(239, 83, 80, 1.0)",0.0,0.8503251409051753,1.0750249226517918,False,False,False,False,-0.18966711325666638,-0.07126204726740121,False,False,False,False,265928380,372598041.1799798,False,False,False,False,61536296.80070114,False,False,False,False
2025-03-14 00:00:00+00:00,6.1,6.115,5.3599680632,5.517904507,191240176,5.620640118058401,6.020586161151475,6.101460860404465,6.13878379999731,6.2620031311135085,5.217209042521623,6.028694814145032,5.217209042521623,#000000,0.0,0.9024411295381549,0.9372376324655005,False,False,False,False,0.3428281603234569,0.13578305652802786,False,False,False,False,457168556,378862523.75924057,False,False,False,False,71143991.55620477,False,False,False,False
2025-03-21 00:00:00+00:00,6.63,6.73,6.12,6.12,118793083,5.673754946181945,6.041249880258728,6.116635470304841,6.150105997391026,6.267225055220899,5.338021045557699,6.049794269871487,5.338021045557699,"rgba(38, 166, 154, 0.5)",2.114673268723081,0.9463632730367028,0.904226964893792,False,False,False,False,0.34282820419041216,0.23930563035922,False,False,False,False,575961639,393462458.22151905,False,False,False,False,74673553.88537478,False,False,False,False
2025-03-28 00:00:00+00:00,6.66,6.92,6.6,6.65,77238048,5.7138352922590725,6.060190929347614,6.131617335502233,6.161833727300986,6.273870757006707,5.418541557475399,6.068269608283323,5.418541557475399,"rgba(38, 166, 154, 0.5)",2.2652504328201317,0.9906118685030557,0.8903753485562258,False,False,False,False,0.34282821348784137,0.2910669219235307,False,False,False,False,653199687,412702252.94585097,False,False,False,False,74863516.41238406,False,False,False,False
2025-04-04 00:00:00+00:00,5.53,6.68,5.4001,6.52,113528425,5.722111747671523,6.052768521714883,6.122503580113763,6.153362742136475,6.265463512890884,5.453999766349031,6.063242020905506,5.453999766349031,#000000,0.0,0.9018334233206047,0.9190902951589386,False,False,False,False,0.06753277076460996,0.1792998463440703,False,False,False,False,539671262,422107364.7276398,False,False,False,False,77727583.71517044,False,False,False,False
2025-04-11 00:00:00+00:00,5.74,5.95,4.925,5.15,174236127,5.708290658170655,6.023692943982745,6.0928527704083555,6.127129809421832,6.242950485381495,5.463071221289045,6.038983333473016,5.463071221289045,#000000,0.0,0.8494000592592907,0.9801460258743228,False,False,False,False,-0.15351771874612105,0.01289106379897463,False,False,False,False,713907389,443722181.3404072,False,False,False,False,84876364.6992319,False,False,False,False
2025-04-18 00:00:00+00:00,6.13,6.21,5.67,5.9,104278850,5.720998457041914,6.023026785500487,6.090213547742279,6.124048254297187,6.2385911151552,5.49574830607869,6.039375631947413,5.49574830607869,#000000,0.0,0.9354306404525609,0.9412637976369286,False,False,False,False,0.017297917084178358,0.015094490441576494,False,True,False,False,818186239,471460259.68556225,False,False,False,False,86313585.83262211,False,False,False,False
2025-04-25 00:00:00+00:00,6.13,6.22,5.89,6.04,118142676,5.737701700367122,6.025063271631438,6.0898834240531095,6.12284009918265,6.235388279314204,5.533216661875158,6.042175354909705,5.533216661875158,#000000,0.0,0.9497378385956375,0.934562989847677,False,False,False,False,0.06122738403400244,0.03816093723778947,False,False,False,False,818186239,497143665.5607058,False,False,False,False,88671296.21539085,False,False,False,False
2025-05-02 00:00:00+00:00,5.92,6.25,5.83,6.13,129522754,5.750431833553112,6.024118136831152,6.086807356532455,6.119254128898968,6.2302894653698155,5.563879372875492,6.0421801842370995,5.563879372875492,#000000,0.0,1.0309274347137667,0.9271432351333965,False,False,False,False,0.05548767471135687,0.04682430597457317,False,False,False,False,688663485,511330318.8525053,False,False,False,False,91697330.12536189,False,False,False,False
2025-05-09 00:00:00+00:00,6.01,6.12,5.72,5.74,128178288,5.7595776762863125,6.02145166651957,6.082325796990109,6.114501809686324,6.2244071520457425,5.587447980663925,6.040452820305612,5.587447980663925,#000000,0.0,1.017589004241637,0.8884064034725063,False,False,False,False,0.006895953057106007,0.02686012951583959,False,False,False,False,816841773,533960796.93750495,False,False,False,False,94399623.30126101,False,False,False,False
2025-05-16 00:00:00+00:00,6.01,6.01,6.01,6.01,0,5.7595776762863125,6.02145166651957,6.082325796990109,6.114501809686324,6.2244071520457425,5.587447980663925,6.040452820305612,5.587447980663925,#000000,0.0,1.0405180440288646,0.889058647024842,False,False,False,False,-0.04432013309786531,-0.00873000179101286,False,False,False,False,816841773,554914943.3125045,False,False,False,False,87407058.61227871,False,False,False,False
