date,Open,High,Low,Close,Volume,aVWAP_OB_bull_229,Peaks_Valleys_avg,color,StDev,StDev_Mean,StdDev_ZScore,QQEMOD,QQE1_Value,QQE1_Above_Upper,QQE1_Below_Lower,QQE2_Above_Threshold,QQE2_Below_Threshold,QQE2_Above_TL,banker_RSI,SMA_50,SMA_100,OB,OB_High,OB_Low,OB_Mitigated_Index,TTM_squeeze_Active,VI_plus,VI_minus,VI_Regular_Bullish,VI_Regular_Bearish,VI_Hidden_Bullish,VI_Hidden_Bearish,Fisher,Fisher_Signal,Fisher_Regular_Bullish,Fisher_Regular_Bearish,Fisher_Hidden_Bullish,Fisher_Hidden_Bearish,OBV,OBV_Smoothed,OBV_Regular_Bullish,OBV_Regular_Bearish,OBV_Hidden_Bullish,OBV_Hidden_Bearish,Volume_MA,Vol_Regular_Bullish,Vol_Regular_Bearish,Vol_Hidden_Bullish,Vol_Hidden_Bearish
2025-06-30 13:30:00+00:00,73.4,73.4,73.4,73.4,73.0,,,#000000,,,,,,False,False,False,False,False,,,,0.0,0.0,0.0,0.0,0,,,False,False,False,False,,,False,False,False,False,0.0,0.0,False,False,False,False,73.0,False,False,False,False
2025-06-30 13:35:00+00:00,73.4,73.4,73.4,73.4,0.0,,,#000000,,,,,,False,False,False,False,False,,,,0.0,0.0,0.0,0.0,0,,,False,False,False,False,,,False,False,False,False,0.0,0.0,False,False,False,False,71.86821705426357,False,False,False,False
2025-06-30 13:40:00+00:00,73.4,73.4,73.11,73.2,213.0,,,"rgba(239, 83, 80, 0.5)",,,,0.0,,False,False,False,True,False,,,,0.0,0.0,0.0,0.0,0,,,False,False,False,False,,,False,False,False,False,-213.0,-3.302325581395349,False,False,False,False,74.056306712337,False,False,False,False
2025-06-30 13:45:00+00:00,73.215,73.33,73.215,73.33,11.0,,,"rgba(239, 83, 80, 0.5)",,,,7.398532274973575,-64.79706454994715,False,False,False,True,True,,,,0.0,0.0,0.0,0.0,0,,,False,False,False,False,,,False,False,False,False,-202.0,-6.382909680908599,False,False,False,False,73.0786895540062,False,False,False,False
2025-06-30 13:50:00+00:00,73.33,73.34,73.32,73.32,53.0,,,"rgba(239, 83, 80, 0.5)",,,,13.215244441220392,-58.93289778043853,False,False,False,True,True,,,,0.0,0.0,0.0,0.0,0,,,False,False,False,False,,,False,False,False,False,-255.0,-10.237438212987534,False,False,False,False,72.76739204154099,False,False,False,False
2025-06-30 13:55:00+00:00,73.26,73.26,73.26,73.26,2.0,,,"rgba(239, 83, 80, 0.5)",,,,16.76800049745138,-55.22680475503583,False,False,False,True,True,,,,0.0,0.0,0.0,0.0,0,,,False,False,False,False,,,False,False,False,False,-257.0,-14.06321436472416,False,False,False,False,71.67022317267988,False,False,False,False
2025-06-30 14:00:00+00:00,73.26,73.26,73.26,73.26,0.0,,,"rgba(239, 83, 80, 0.5)",,,,19.674800907094912,-52.06305736012763,False,False,False,True,True,,,,0.0,0.0,0.0,0.0,0,,,False,False,False,False,,,False,False,False,False,-257.0,-17.829676157519135,False,False,False,False,70.55905692194065,False,False,False,False
2025-06-30 14:05:00+00:00,73.26,73.26,73.26,73.26,0.0,,,"rgba(239, 83, 80, 0.5)",,,,22.053092151348714,-49.33060921246485,False,False,False,True,True,,,,0.0,0.0,0.0,0.0,0,,,False,False,False,False,,,False,False,False,False,-257.0,-21.53774319383667,False,False,False,False,69.46511805493382,False,False,False,False
2025-06-30 14:10:00+00:00,73.26,73.26,73.26,73.26,0.0,,,"rgba(239, 83, 80, 0.5)",,,,23.99896680573819,-46.94240669230764,False,False,False,True,True,,,,0.0,0.0,0.0,0.0,0,,,False,False,False,False,,,False,False,False,False,-257.0,-25.188320818738426,False,False,False,False,68.38813948043872,False,False,False,False
2025-06-30 14:15:00+00:00,73.26,73.26,73.26,73.26,0.0,,,"rgba(239, 83, 80, 0.5)",,,,25.591046068420486,-44.8303905012535,False,False,False,True,True,,,,0.0,0.0,0.0,0.0,0,,,False,False,False,False,,,False,False,False,False,-257.0,-28.782300340928526,False,False,False,False,67.32785824818386,False,False,False,False
2025-06-30 14:20:00+00:00,73.26,73.26,73.26,73.26,0.0,,,"rgba(239, 83, 80, 0.5)",,,,26.893656374251456,-42.941495226919514,False,False,False,True,True,,,,0.0,0.0,0.0,0.0,0,,,False,False,False,False,,,False,False,False,False,-257.0,-32.32055925037149,False,False,False,False,66.28401548464612,False,False,False,False
2025-06-30 14:25:00+00:00,73.26,73.26,73.025,73.025,41.0,,,"rgba(239, 83, 80, 0.5)",,,,25.117822245809265,-42.941495226919514,False,False,False,True,True,,,,0.0,0.0,0.0,0.0,0,,,False,False,False,False,,,False,False,False,False,-298.0,-36.43962034726495,False,False,False,False,65.89201524457408,False,False,False,False
2025-06-30 14:30:00+00:00,73.14,73.15,73.14,73.15,101.0,,,"rgba(239, 83, 80, 0.5)",,,,26.848593496040316,-41.72418855666329,True,False,False,True,True,,,,0.0,0.0,0.0,0.0,0,,,False,False,False,False,,,False,False,False,False,-197.0,-38.92892855893526,False,False,False,False,66.43632508574348,False,False,False,False
2025-06-30 14:35:00+00:00,73.15,73.15,73.15,73.15,0.0,,,"rgba(239, 83, 80, 0.5)",,,,28.264679064411176,-39.64451192704112,True,False,False,True,True,,,,0.0,0.0,0.0,0.0,0,,,False,False,False,False,,,False,False,False,False,-197.0,-41.37964284484324,False,False,False,False,65.40630454177845,False,False,False,False
2025-06-30 14:40:00+00:00,73.15,73.15,73.15,73.15,0.0,,,"rgba(239, 83, 80, 0.5)",,,,29.42329452944188,-37.80405425643325,True,False,False,True,True,,,,0.0,0.0,0.0,0.0,0,,,False,False,False,False,,,False,False,False,False,-197.0,-43.79236156042707,False,False,False,False,64.39225330857258,False,False,False,False
2025-06-30 14:45:00+00:00,73.15,73.15,72.965,72.965,50.0,,,"rgba(239, 83, 80, 0.5)",,,,28.677888923114935,-37.80405425643325,True,False,False,True,True,,,,0.0,0.0,0.0,0.0,0,,,False,False,False,False,,,False,False,False,False,-247.0,-46.94286758274603,False,False,False,False,64.16911759836215,False,False,False,False
2025-06-30 14:50:00+00:00,72.965,72.965,72.84,72.84,300.0,,,"rgba(239, 83, 80, 0.5)",,,,27.327112235235578,-37.80405425643325,True,False,False,True,True,,,,0.0,0.0,0.0,0.0,0,,,False,False,False,False,,,False,False,False,False,-547.0,-54.695691341153065,False,False,False,False,67.82541034877514,False,False,False,False
2025-06-30 14:55:00+00:00,72.84,72.84,72.83,72.83,50.0,,,"rgba(239, 83, 80, 0.5)",,,,26.1701378958576,-37.80405425643325,True,False,False,True,False,,,,0.0,0.0,0.0,0.0,0,,,False,False,False,False,,,False,False,False,False,-597.0,-63.103510080049915,False,False,False,False,67.54904739763133,False,False,False,False
2025-06-30 15:00:00+00:00,72.85,72.85,72.85,72.85,100.0,,,"rgba(239, 83, 80, 0.5)",,,,25.619035345435663,-37.80405425643325,True,False,False,True,False,,,,0.0,0.0,0.0,0.0,0,,,False,False,False,False,,,False,False,False,False,-497.0,-69.83058744314991,False,False,False,False,68.05216294185409,False,False,False,False
2025-06-30 15:05:00+00:00,72.85,72.85,72.85,72.85,0.0,,,"rgba(239, 83, 80, 0.5)",,,,25.168133258726805,-37.80405425643325,True,False,False,True,False,,,,0.0,0.0,0.0,0.0,0,,,False,False,False,False,,,False,False,False,False,-497.0,-76.45336903317859,False,False,False,False,66.99709064818194,False,False,False,False
2025-06-30 15:10:00+00:00,72.85,72.85,72.85,72.85,0.0,,,"rgba(239, 83, 80, 0.5)",,,,24.799213369601375,-37.80405425643325,True,False,False,True,False,,,,0.0,0.0,0.0,0.0,0,,,False,False,False,False,,,False,False,False,False,-497.0,-82.97347183886573,False,False,False,False,65.95837606448919,False,False,False,False
2025-06-30 15:15:00+00:00,72.85,72.85,72.74,72.74,10.0,,,"rgba(239, 83, 80, 0.5)",,,,23.86155831635568,-37.80405425643325,True,False,False,True,False,,,,0.0,0.0,0.0,0.0,0,,,False,False,False,False,,,False,False,False,False,-507.0,-89.54752653903836,False,False,False,False,65.09080434255911,False,False,False,False
2025-06-30 15:20:00+00:00,72.74,72.74,72.64,72.64,50.0,,,"rgba(239, 83, 80, 0.5)",,,,22.642066625548413,-37.80405425643325,True,False,False,True,False,,,,0.0,0.0,0.0,0.0,0,,,False,False,False,False,,,False,False,False,False,-557.0,-96.79485170897574,False,False,False,False,64.85683838375974,False,False,False,False
2025-06-30 15:25:00+00:00,72.59,72.59,72.495,72.495,122.0,,72.52666666666667,"rgba(239, 83, 80, 0.5)",,72.52666666666667,,21.137858071695632,-37.80405425643325,True,False,False,True,False,,,,0.0,0.0,0.0,0.0,0,,,False,False,False,False,,,False,False,False,False,-679.0,-105.8212881165885,False,False,False,False,65.742778873934,False,False,False,False
2025-06-30 15:30:00+00:00,72.495,72.495,72.495,72.495,0.0,,72.52666666666667,"rgba(239, 83, 80, 0.5)",,72.52666666666667,,19.90714198217972,-37.80405425643325,True,False,False,True,False,,,,0.0,0.0,0.0,0.0,0,,,False,False,False,False,,,False,False,False,False,-679.0,-114.70777977369565,False,False,False,False,64.72351098441564,False,False,False,False
2025-06-30 15:35:00+00:00,72.495,72.495,72.495,72.495,0.0,,72.52666666666667,"rgba(239, 83, 80, 0.5)",,72.52666666666667,,18.900192454393974,-37.80405425643325,True,False,False,True,False,,,,0.0,0.0,0.0,0.0,0,,,False,False,False,False,,,False,False,False,False,-679.0,-123.45649636635152,False,False,False,False,63.72004569783555,False,False,False,False
2025-06-30 15:40:00+00:00,72.495,72.495,72.495,72.495,0.0,,72.52666666666667,"rgba(239, 83, 80, 0.5)",,72.52666666666667,,18.076324658932908,-37.80405425643325,True,False,False,True,False,,,,0.0,0.0,0.0,0.0,0,,,False,False,False,False,,,False,False,False,False,-679.0,-132.069573942067,False,False,False,False,62.73213801259779,False,False,False,False
2025-06-30 15:45:00+00:00,72.495,72.495,72.495,72.495,0.0,,72.52666666666667,"rgba(239, 83, 80, 0.5)",,72.52666666666667,,17.40225100810113,-37.80405425643325,True,False,False,True,False,,,,0.0,0.0,0.0,0.0,0,,,False,False,False,False,,,False,False,False,False,-679.0,-140.54911543133727,False,False,False,False,61.75954672558076,False,False,False,False
2025-06-30 15:50:00+00:00,72.745,72.745,72.745,72.745,102.0,,72.72121726190477,"rgba(239, 83, 80, 0.5)",,72.72121726190477,,21.029443126940393,-37.799581241116826,True,False,False,True,True,,,,0.0,0.0,0.0,0.0,0,,,False,False,False,False,,,False,False,False,False,-577.0,-147.3157958122468,False,False,False,False,62.383429722083385,False,False,False,False
2025-06-30 15:55:00+00:00,72.745,72.745,72.745,72.745,0.0,,72.72121726190477,"rgba(239, 83, 80, 0.5)",,72.72121726190477,,23.997145769627064,-34.533311067329635,True,False,False,True,True,,,,0.0,0.0,0.0,0.0,0,,,False,False,False,False,,,False,False,False,False,-577.0,-153.97756641980885,False,False,False,False,61.41624476515186,False,False,False,False
2025-06-30 16:00:00+00:00,72.745,72.745,72.685,72.685,58.0,,72.712863356974,"rgba(239, 83, 80, 0.5)",,72.712863356974,,25.970494126735435,-32.292018892373534,True,False,False,True,True,,,,0.0,0.0,0.0,0.0,0,,,False,False,False,False,,,False,False,False,False,-635.0,-161.43527856833896,False,False,False,False,61.36327973003323,False,False,False,False
2025-06-30 16:05:00+00:00,72.685,72.685,72.685,72.685,0.0,,72.712863356974,"rgba(239, 83, 80, 0.5)",,72.712863356974,,27.585051873460465,-30.4262382554025,True,False,False,True,True,,,,0.0,0.0,0.0,0.0,0,,,False,False,False,False,,,False,False,False,False,-635.0,-168.7773672727058,False,False,False,False,60.41191105204821,False,False,False,False
2025-06-30 16:10:00+00:00,72.685,72.72,72.685,72.72,15.0,,72.71201019079686,"rgba(239, 83, 80, 0.5)",,72.71201019079686,,29.400102081179494,-28.38203611152715,True,False,False,True,True,,,,0.0,0.0,0.0,0.0,0,,,False,False,False,False,,,False,False,False,False,-620.0,-175.7730670049119,False,False,False,False,59.70785041558234,False,False,False,False
2025-06-30 16:15:00+00:00,72.79,72.79,72.79,72.79,19.0,,72.71855675540476,"rgba(239, 83, 80, 0.5)",,72.71855675540476,,31.803749109286922,-25.787064044049256,True,False,False,True,True,,,,0.0,0.0,0.0,0.0,0,,,False,False,False,False,,,False,False,False,False,-601.0,-182.36573263274272,False,False,False,False,59.07672095177486,False,False,False,False
2025-06-30 16:20:00+00:00,72.79,72.81,72.79,72.81,50.0,,72.73389344262296,#000000,,72.73389344262296,,34.01892358792716,-23.407463386344787,True,False,False,False,True,,,,0.0,0.0,0.0,0.0,0,,,False,False,False,False,,,False,False,False,False,-551.0,-188.080992591925,False,False,False,False,58.93599659593339,False,False,False,False
2025-06-30 16:25:00+00:00,72.81,72.865,72.81,72.865,34.0,,72.74640279976019,"rgba(38, 166, 154, 1.0)",,72.74640279976019,,36.490089839722,-20.802983047319046,True,False,True,False,True,,,,0.0,0.0,0.0,0.0,0,,,False,False,False,False,,,False,False,False,False,-517.0,-193.18051208662382,False,False,False,False,58.54939199754683,False,False,False,False
2025-06-30 16:30:00+00:00,72.865,72.865,72.865,72.865,0.0,,72.74640279976019,"rgba(38, 166, 154, 1.0)",,72.74640279976019,,38.511953136645054,-18.660860509776246,True,False,True,False,True,,,,0.0,0.0,0.0,0.0,0,,,False,False,False,False,,,False,False,False,False,-517.0,-198.2009692635754,False,False,False,False,57.641649485956954,False,False,False,False
2025-06-30 16:35:00+00:00,72.865,72.865,72.865,72.865,0.0,,72.74640279976019,"rgba(38, 166, 154, 1.0)",,72.74640279976019,,40.166204925036645,-16.887098153670195,True,False,True,False,True,,,,0.0,0.0,0.0,0.0,0,,,False,False,False,False,,,False,False,False,False,-517.0,-203.14358989514784,False,False,False,False,56.74798050167855,False,False,False,False
2025-06-30 16:40:00+00:00,72.865,72.865,72.865,72.865,0.0,,72.74640279976019,"rgba(38, 166, 154, 1.0)",,72.74640279976019,,41.5196836609934,-15.406887189156357,True,False,True,False,True,,,,0.0,0.0,0.0,0.0,0,,,False,False,False,False,,,False,False,False,False,-517.0,-208.00958074948662,False,False,False,False,55.86816685048973,False,False,False,False
2025-06-30 16:45:00+00:00,72.845,73.125,72.845,73.125,525.0,,72.94444726756645,"rgba(38, 166, 154, 1.0)",,72.94444726756645,,45.24803222293243,-11.618470270442764,True,False,True,False,True,,,,0.0,0.0,0.0,0.0,0,,,False,False,False,False,,,False,False,False,False,8.0,-204.66059500143257,False,False,False,False,63.1415286047457,False,False,False,False
2025-06-30 16:50:00+00:00,72.99,72.99,72.945,72.945,201.0,,72.94636911122902,"rgba(38, 166, 154, 1.0)",,72.94636911122902,,46.41052732901197,-10.373529623624464,True,False,True,False,True,,,,0.0,0.0,0.0,0.0,0,,,False,False,False,False,,,False,False,False,False,-193.0,-204.4798105828057,False,False,False,False,65.2788692465326,False,False,False,False
2025-06-30 16:55:00+00:00,72.945,72.945,72.945,72.945,0.0,,72.94636911122902,"rgba(38, 166, 154, 1.0)",,72.94636911122902,,47.36165968853159,-9.316309777365674,True,False,True,False,True,,,,0.0,0.0,0.0,0.0,0,,,False,False,False,False,,,False,False,False,False,-193.0,-204.30182902338234,False,False,False,False,64.2667937543383,False,False,False,False
2025-06-30 17:00:00+00:00,72.86,72.86,72.83,72.83,6.0,,72.94567871491213,"rgba(38, 166, 154, 0.75)",,72.94567871491213,,47.14005188538046,-9.316309777365674,True,False,True,False,False,,,,0.0,0.0,0.0,0.0,0,,,False,False,False,False,,,False,False,False,False,-199.0,-204.219630123795,False,False,False,False,63.36343261086018,False,False,False,False
2025-06-30 17:05:00+00:00,72.83,72.83,72.78,72.78,2.0,,72.94536111261169,"rgba(38, 166, 154, 0.75)",,72.94536111261169,,46.56784925354679,-9.316309777365674,True,False,True,False,False,,,,0.0,0.0,0.0,0.0,0,,,False,False,False,False,,,False,False,False,False,-201.0,-204.16971337768967,False,False,False,False,62.41206156262979,False,False,False,False
2025-06-30 17:10:00+00:00,72.78,72.78,72.78,72.78,0.0,,72.94536111261169,#000000,,72.94536111261169,,46.0996834638647,-9.316309777365674,True,False,False,False,False,,,,0.0,0.0,0.0,0.0,0,,,False,False,False,False,,,False,False,False,False,-201.0,-204.1205705346247,False,False,False,False,61.44443270119366,False,False,False,False
2025-06-30 17:15:00+00:00,72.78,72.78,72.78,72.78,0.0,,72.94536111261169,#000000,,72.94536111261169,,45.71663872685208,-9.316309777365674,True,False,False,False,False,,,,0.0,0.0,0.0,0.0,0,,,False,False,False,False,,,False,False,False,False,-201.0,-204.07218959610339,False,False,False,False,60.49180583760926,False,False,False,False
2025-06-30 17:20:00+00:00,72.78,72.78,72.78,72.78,0.0,,72.94536111261169,"rgba(239, 83, 80, 0.5)",,72.94536111261169,,45.40323848747812,-9.316309777365674,True,False,False,True,False,,,,0.0,0.0,0.0,0.0,0,,,False,False,False,False,,,False,False,False,False,-201.0,-204.02455874965216,False,False,False,False,59.553948382762606,False,False,False,False
2025-06-30 17:25:00+00:00,72.78,72.78,72.78,72.78,0.0,,72.94536111261169,"rgba(239, 83, 80, 0.5)",,72.94536111261169,,45.146820109808516,-9.316309777365674,True,False,False,True,False,,,,0.0,0.0,0.0,0.0,0,,,False,False,False,False,,,False,False,False,False,-201.0,-203.9776663659366,False,False,False,False,58.63063135357249,False,False,False,False
2025-06-30 17:30:00+00:00,72.78,72.78,72.485,72.485,1.0,,72.94498273297884,"rgba(239, 83, 80, 0.5)",,72.94498273297884,,42.818766086336204,-9.316309777365674,True,False,False,True,False,,,,0.0,0.0,0.0,0.0,0,,,False,False,False,False,,,False,False,False,False,-202.0,-203.94700487189107,False,False,False,False,57.73713319305198,False,False,False,False
2025-06-30 17:35:00+00:00,72.485,72.485,72.485,72.485,0.0,,72.94498273297884,"rgba(239, 83, 80, 0.5)",,72.94498273297884,,40.91399461258613,-9.316309777365674,True,False,False,True,False,0.0,72.9016,,0.0,0.0,0.0,0.0,0,,,False,False,False,False,,,False,False,False,False,-202.0,-203.91681874984624,False,False,False,False,56.84198384122172,False,False,False,False
2025-06-30 17:40:00+00:00,72.485,72.485,72.485,72.485,0.0,,72.94498273297884,"rgba(239, 83, 80, 1.0)",,72.94498273297884,,39.35554522497243,-5.504719193881236,False,True,False,True,False,0.0,72.8833,,0.0,0.0,0.0,0.0,0,,,False,False,False,False,,,False,False,False,False,-202.0,-203.88710062969358,False,False,False,False,55.96071277391595,False,False,False,False
2025-06-30 17:45:00+00:00,72.485,72.485,72.485,72.485,0.0,,72.94498273297884,"rgba(239, 83, 80, 1.0)",,72.94498273297884,,38.08045027147031,-6.883312606847134,False,True,False,True,False,0.0,72.865,,0.0,0.0,0.0,0.0,0,,,False,False,False,False,,,False,False,False,False,-202.0,-203.85784325558978,False,False,False,False,55.093104823932755,False,False,False,False
2025-06-30 17:50:00+00:00,72.485,72.485,72.485,72.485,0.0,,72.94498273297884,"rgba(239, 83, 80, 1.0)",,72.94498273297884,,37.03719076405949,-8.029470452418124,False,True,False,True,False,0.0,72.8507,,0.0,0.0,0.0,0.0,0,,,False,False,False,False,,,False,False,False,False,-202.0,-203.82903948418527,False,False,False,False,54.238948159995815,False,False,False,False
2025-06-30 17:55:00+00:00,72.485,72.485,72.485,72.485,0.0,,72.94498273297884,"rgba(239, 83, 80, 1.0)",,72.94498273297884,,36.18361480345064,-8.990120175953663,False,True,False,True,False,0.0,72.8338,,0.0,0.0,0.0,0.0,0,,,False,False,False,False,,,False,False,False,False,-202.0,-203.80068228288008,False,False,False,False,53.398034235034636,False,False,False,False
2025-06-30 18:00:00+00:00,72.47,72.48,72.47,72.48,3.0,,72.87682951936597,"rgba(239, 83, 80, 1.0)",,72.87682951936597,,35.44895038815078,-9.8377370569711,False,True,False,True,False,0.0,72.817,,1.0,72.48,72.47,0.0,0,,,False,False,False,False,,,False,False,False,False,-205.0,-203.8192763560137,False,False,False,False,52.61666936317363,False,False,False,False
2025-06-30 18:05:00+00:00,72.48,72.58,72.48,72.58,5.0,,72.88131920768377,"rgba(239, 83, 80, 0.75)",,72.88131920768377,,36.26976224066064,-9.8377370569711,False,True,False,True,True,0.0,72.8034,,0.0,0.0,0.0,0.0,0,,,False,False,False,False,,,False,False,False,False,-200.0,-203.76006276909874,False,False,False,False,51.878426427310465,False,False,False,False
2025-06-30 18:10:00+00:00,72.58,72.935,72.58,72.935,310.0,,72.89623107347633,"rgba(239, 83, 80, 0.5)",,72.89623107347633,,40.23362657116673,-14.346268307109284,False,False,False,True,True,0.0,72.7969,,0.0,0.0,0.0,0.0,0,,,False,False,False,False,,,False,False,False,False,110.0,-198.8955656719034,False,False,False,False,55.880311288902554,False,False,False,False
2025-06-30 18:15:00+00:00,73.005,73.005,72.945,72.945,423.0,,72.92006140233244,"rgba(38, 166, 154, 1.0)",,72.92006140233244,,43.544548063750106,-11.073147408908774,True,False,True,False,True,0.0,72.7906,,0.0,0.0,0.0,0.0,0,,,False,False,False,False,,,False,False,False,False,533.0,-187.5483475994708,False,False,False,False,61.57208940845445,False,False,False,False
2025-06-30 18:20:00+00:00,72.945,73.08,72.945,73.08,2.0,,72.9202237090672,"rgba(38, 166, 154, 1.0)",,72.9202237090672,,47.10289306015107,-7.605994289123373,True,False,True,False,True,3.276971038437548,72.78699999999999,,0.0,0.0,0.0,0.0,0,,,False,False,False,False,,,False,False,False,False,535.0,-176.3460476366883,False,False,False,False,60.648491123052054,False,False,False,False
2025-06-30 18:25:00+00:00,73.08,73.08,73.08,73.08,0.0,,72.9202237090672,"rgba(38, 166, 154, 1.0)",,72.9202237090672,,50.014266239024586,-4.808738852181918,True,False,True,False,True,3.276971038437548,72.7834,,0.0,0.0,0.0,0.0,0,,,False,False,False,False,,,False,False,False,False,535.0,-165.31742674309623,False,False,False,False,59.70820443897372,False,False,False,False
2025-06-30 18:30:00+00:00,73.08,73.08,73.045,73.06,92.0,,72.92873665012273,"rgba(38, 166, 154, 1.0)",,72.92873665012273,,52.187230196034854,-2.7451691339348656,True,False,True,False,True,2.514115506129368,72.7794,,0.0,0.0,0.0,0.0,0,,,False,False,False,False,,,False,False,False,False,443.0,-155.88614880909475,False,False,False,False,60.20885243216793,False,False,False,False
2025-06-30 18:35:00+00:00,73.12,73.12,73.07,73.07,81.0,,72.93656037140063,"rgba(38, 166, 154, 1.0)",,72.93656037140063,,54.03097034244013,-0.9960265320202595,True,False,True,False,True,2.87274961596993,72.7803,,0.0,0.0,0.0,0.0,0,,,False,False,False,False,,,False,False,False,False,524.0,-145.34527828492273,False,False,False,False,60.53119580531261,False,False,False,False
2025-06-30 18:40:00+00:00,73.07,73.11,73.07,73.11,10.0,,72.93752722602603,"rgba(38, 166, 154, 1.0)",,72.93752722602603,,55.804267168244074,0.6977173467167361,True,False,True,False,True,4.300487506128896,72.7795,,0.0,0.0,0.0,0.0,0,,,False,False,False,False,,,False,False,False,False,534.0,-134.81279335027276,False,False,False,False,59.74776641298218,False,False,False,False
2025-06-30 18:45:00+00:00,73.11,73.12,73.11,73.12,52.0,,72.94296127077904,"rgba(38, 166, 154, 1.0)",,72.94296127077904,,57.321640046441004,2.1561966496587956,True,False,True,False,True,4.655703028384625,72.77890000000001,,0.0,0.0,0.0,0.0,0,,,False,False,False,False,,,False,False,False,False,586.0,-123.63740120530728,False,False,False,False,59.62764600347858,False,False,False,False
2025-06-30 18:50:00+00:00,73.12,73.12,73.12,73.12,0.0,,72.94296127077904,"rgba(38, 166, 154, 1.0)",,72.94296127077904,,58.56312694678395,3.3643895810028397,True,False,True,False,True,4.655703028384625,72.7783,,0.0,0.0,0.0,0.0,0,,,False,False,False,False,,,False,False,False,False,586.0,-112.63527095406221,False,False,False,False,58.703186375517674,False,False,False,False
2025-06-30 18:55:00+00:00,73.12,73.18,73.12,73.18,5.0,,72.94359088482224,"rgba(38, 166, 154, 1.0)",,72.94359088482224,,59.991095158761944,4.774538005390184,True,False,True,False,True,6.79652769855112,72.7826,,0.0,0.0,0.0,0.0,0,,,False,False,False,False,,,False,False,False,False,591.0,-101.72619698578217,False,False,False,False,57.87057883481197,False,False,False,False
2025-06-30 19:00:00+00:00,73.18,73.315,73.18,73.315,199.0,,72.97711997865001,"rgba(38, 166, 154, 1.0)",,72.97711997865001,,61.95675927162402,6.718963738451691,True,False,True,False,True,11.25086351698063,72.7921,,0.0,0.0,0.0,0.0,0,,,False,False,False,False,,,False,False,False,False,790.0,-87.90098462941344,False,False,False,False,60.058631876132715,False,False,False,False
2025-06-30 19:05:00+00:00,73.34,73.445,73.34,73.445,102.0,,72.9986071576157,"rgba(38, 166, 154, 1.0)",,72.9986071576157,,64.18708627038194,8.917555794940135,True,False,True,False,True,15.095201729999658,72.8044,,0.0,0.0,0.0,0.0,0,,,False,False,False,False,,,False,False,False,False,892.0,-72.70872130182563,False,False,False,False,60.708885645495,False,False,False,False
2025-06-30 19:10:00+00:00,73.445,73.625,73.445,73.625,100.0,,73.0248140074783,"rgba(38, 166, 154, 1.0)",,73.0248140074783,,66.69716753476672,11.379324622909522,True,False,True,False,True,19.798487196073843,72.8199,,0.0,0.0,0.0,0.0,0,,,False,False,False,False,,,False,False,False,False,992.0,-56.20160934365779,False,False,False,False,61.31805020913074,False,False,False,False
2025-06-30 19:15:00+00:00,73.625,73.625,73.625,73.625,0.0,,73.0248140074783,"rgba(38, 166, 154, 1.0)",,73.0248140074783,,68.75087038744518,13.38546174562972,True,False,True,False,True,19.798487196073843,72.83539999999999,,0.0,0.0,0.0,0.0,0,,,False,False,False,False,,,False,False,False,False,992.0,-39.950421601895655,False,False,False,False,60.36738276402794,False,False,False,False
2025-06-30 19:20:00+00:00,73.64,73.64,73.62,73.62,114.0,,73.05485445336657,"rgba(38, 166, 154, 1.0)",,73.05485445336657,,70.36728911475976,14.968513756276835,True,False,True,False,True,19.58370346030013,72.85079999999999,,0.0,0.0,0.0,0.0,0,,,False,False,False,False,,,False,False,False,False,878.0,-25.718632119695723,False,False,False,False,61.19889620954689,False,False,False,False
2025-06-30 19:25:00+00:00,73.62,73.71,73.62,73.67,85.0,,73.07673944476547,"rgba(38, 166, 154, 1.0)",,73.07673944476547,,71.87435347726418,16.457326900990296,True,False,True,False,True,20.0,72.8694,,0.0,0.0,0.0,0.0,0,,,False,False,False,False,,,False,False,False,False,963.0,-10.389661079080286,False,False,False,False,61.567905570639184,False,False,False,False
2025-06-30 19:30:00+00:00,73.67,73.69,73.665,73.69,66.0,,73.09305173656523,"rgba(38, 166, 154, 1.0)",,73.09305173656523,,73.18038720172046,17.763566393064963,True,False,True,False,True,20.0,72.8904,,0.0,0.0,0.0,0.0,0,,,False,False,False,False,,,False,False,False,False,1029.0,5.724907309742665,False,False,False,False,61.63662021295485,False,False,False,False
2025-06-30 19:35:00+00:00,73.69,73.78,73.69,73.7,56.0,,73.18415983844875,"rgba(38, 166, 154, 1.0)",,73.18415983844875,,74.28638223077778,18.89071645110799,True,False,True,False,True,20.0,72.9145,,0.0,0.0,0.0,0.0,0,,,False,False,False,False,,,False,False,False,False,1085.0,22.457854483235028,False,False,False,False,61.549230752288885,False,False,False,False
2025-06-30 19:40:00+00:00,73.7,73.7,73.6,73.63,222.0,,73.21417883218541,"rgba(38, 166, 154, 0.75)",0.34601626009806336,73.21417883218541,1.2017388075830255,74.21561078990261,18.89071645110799,True,False,True,False,False,18.481075264598086,72.93719999999999,,0.0,0.0,0.0,0.0,0,,,False,False,False,False,,,False,False,False,False,863.0,35.48951565403759,False,False,False,False,64.0368395778348,False,False,False,False
2025-06-30 19:45:00+00:00,73.63,73.655,73.575,73.595,325.0,,73.25297359087665,"rgba(38, 166, 154, 0.75)",0.34996553240836753,73.25297359087665,0.9773145565782335,73.69419055826761,18.89071645110799,True,False,True,False,False,16.975363626930267,72.9592,,0.0,0.0,0.0,0.0,0,,,False,False,False,False,,,False,False,False,False,538.0,43.28037587645561,False,False,False,False,68.08278004949628,False,False,False,False
2025-06-30 19:50:00+00:00,73.475,73.515,73.425,73.425,200.0,,73.2609723515834,"rgba(38, 166, 154, 0.75)",0.3503852705777399,73.2609723515834,0.46813511351699233,71.31795259274953,18.89071645110799,True,False,True,False,False,10.17568272357719,72.9778,,0.0,0.0,0.0,0.0,0,,,False,False,False,False,,,False,False,False,False,338.0,47.84967237449506,False,False,False,False,70.12800826578317,False,False,False,False
2025-06-30 19:55:00+00:00,73.46,73.46,73.32,73.34,547.0,,73.26956488710411,"rgba(38, 166, 154, 0.75)",0.35195551520708235,73.26956488710411,0.20012504379836457,68.5636899902824,23.725004852023105,True,False,True,False,False,7.079712505670226,72.99470000000001,,0.0,0.0,0.0,0.0,0,,,False,False,False,False,,,False,False,False,False,-209.0,43.86750691132459,False,False,False,False,77.52137247871676,False,False,False,False
2025-07-01 13:30:00+00:00,73.34,73.34,73.34,73.34,0.0,,73.26956488710411,"rgba(38, 166, 154, 0.5)",0.35209197201406744,73.26956488710411,0.20004748331234082,66.31020240644565,21.47526055595722,False,True,True,False,False,7.079712505670226,73.00659999999999,,0.0,0.0,0.0,0.0,0,,,False,False,False,False,,,False,False,False,False,-209.0,39.94708044758312,False,False,False,False,76.31949073486068,False,False,False,False
2025-07-01 13:35:00+00:00,73.34,73.34,73.34,73.34,0.0,,73.26956488710411,#000000,0.3523607385763747,73.26956488710411,0.1998948951590599,64.46643983785195,19.638192346020602,False,True,False,False,False,7.079712505670226,73.01849999999999,,0.0,0.0,0.0,0.0,0,,,False,False,False,False,,,False,False,False,False,-209.0,36.08743578948105,False,False,False,False,75.13624281649075,False,False,False,False
2025-07-01 13:40:00+00:00,73.34,73.34,73.34,73.34,0.0,,73.26956488710411,#000000,0.3533399455441109,73.26956488710411,0.1993409287122342,62.957906827184374,18.12862023110361,False,True,False,False,False,7.079712505670226,73.0316,,0.0,0.0,0.0,0.0,0,,,False,False,False,False,,,False,False,False,False,-209.0,32.28763058344258,False,False,False,False,73.97133982708779,False,False,False,False
2025-07-01 13:45:00+00:00,73.34,73.34,73.34,73.34,0.0,,73.26956488710411,#000000,0.35431319173555464,73.26956488710411,0.19879336851918092,61.72365254572909,16.878844769610765,False,True,False,False,False,7.079712505670226,73.0447,,0.0,0.0,0.0,0.0,0,,,False,False,False,False,,,False,False,False,False,-209.0,28.546737086024866,False,False,False,False,72.82449734914844,False,False,False,False
2025-07-01 13:50:00+00:00,73.34,73.34,73.34,73.34,0.0,,73.26956488710411,"rgba(239, 83, 80, 1.0)",0.35528052613709393,73.26956488710411,0.1982521070370014,60.71380813362931,15.83517161180474,False,True,False,True,False,7.079712505670226,73.05709999999999,,0.0,0.0,0.0,0.0,0,,,False,False,False,False,,,False,False,False,False,-209.0,24.863841937404327,False,False,False,False,71.69543537474304,False,False,False,False
2025-07-01 13:55:00+00:00,73.34,73.485,73.225,73.485,6.0,,73.2840154218228,#000000,0.35858514512777045,73.2840154218228,0.5604933191127707,61.06526863618795,15.83517161180474,False,True,False,False,False,11.522863768760573,73.071,,0.0,0.0,0.0,0.0,0,,,False,False,False,False,,,False,False,False,False,-203.0,21.331069194188757,False,False,False,False,70.67690149296408,False,False,False,False
2025-07-01 14:00:00+00:00,73.485,73.485,73.485,73.485,0.0,,73.2840154218228,"rgba(38, 166, 154, 0.5)",0.36183437801999246,73.2840154218228,0.5554601507933378,61.352827229190474,15.83517161180474,False,True,True,False,True,11.522863768760562,73.08449999999999,,0.0,0.0,0.0,0.0,0,,,False,False,False,False,,,False,False,False,False,-203.0,17.853068121410637,False,False,False,False,69.58113557834447,False,False,False,False
2025-07-01 14:05:00+00:00,73.485,73.73,73.485,73.73,5.0,,73.2971175558342,"rgba(38, 166, 154, 0.5)",0.3705550377960518,73.2971175558342,1.1682001322676683,63.06632885479569,15.83517161180474,False,True,True,False,True,18.07442683494365,73.1018,,0.0,0.0,0.0,0.0,0,,,False,False,False,False,,,False,False,False,False,-198.0,14.506508925729852,False,False,False,False,68.57987766240115,False,False,False,False
2025-07-01 14:10:00+00:00,73.73,73.905,73.73,73.905,9.0,,73.31521292178643,"rgba(38, 166, 154, 0.5)",0.3851518596020945,73.31521292178643,1.5313104779576874,65.2173108769769,15.83517161180474,False,True,True,False,True,20.0,73.12259999999999,,0.0,0.0,0.0,0.0,0,,,False,False,False,False,,,False,False,False,False,-189.0,11.351369252462723,False,False,False,False,67.65615862887554,False,False,False,False
2025-07-01 14:15:00+00:00,73.905,73.905,73.905,73.905,0.0,,73.31521292178643,"rgba(38, 166, 154, 0.5)",0.3985710738386525,73.31521292178643,1.4797538429804118,66.97720525876151,12.177315550421064,False,False,True,False,True,20.0,73.1434,,0.0,0.0,0.0,0.0,0,,,False,False,False,False,,,False,False,False,False,-189.0,8.245146473354774,False,False,False,False,66.60722593695499,False,False,False,False
2025-07-01 14:20:00+00:00,73.905,73.905,73.905,73.905,0.0,,73.31521292178643,"rgba(38, 166, 154, 1.0)",0.41130333384550555,73.31521292178643,1.4339467484966029,68.41711884385803,13.648884305030492,True,False,True,False,True,20.0,73.1642,,0.0,0.0,0.0,0.0,0,,,False,False,False,False,,,False,False,False,False,-189.0,5.1870821869461725,False,False,False,False,65.5745557673898,False,False,False,False
2025-07-01 14:25:00+00:00,73.905,74.41,73.905,74.41,4.0,,73.32698738875679,"rgba(38, 166, 154, 1.0)",0.4410445218685567,73.32698738875679,2.455563004512213,71.07227915538746,16.297712839907774,True,False,True,False,True,20.0,73.1899,,0.0,0.0,0.0,0.0,0,,,False,False,False,False,,,False,False,False,False,-185.0,2.2384452538152244,False,False,False,False,64.61991149192639,False,False,False,False
2025-07-01 14:30:00+00:00,74.41,74.41,74.41,74.41,0.0,,73.32698738875679,"rgba(38, 166, 154, 1.0)",0.4682684415304165,73.32698738875679,2.312802903615827,73.24468304663881,18.447561538488145,True,False,True,False,True,20.0,73.2192,,0.0,0.0,0.0,0.0,0,,,False,False,False,False,,,False,False,False,False,-185.0,-0.6644763780268721,False,False,False,False,63.6180523990283,False,False,False,False
2025-07-01 14:35:00+00:00,74.41,74.56,74.37,74.38,218.0,,73.45894342453767,"rgba(38, 166, 154, 1.0)",0.4915322430379675,73.45894342453767,1.8738477251657832,74.70555776161433,19.894311521032407,True,False,True,False,True,20.0,73.2479,,0.0,0.0,0.0,0.0,0,,,False,False,False,False,,,False,False,False,False,-403.0,-6.902236434181494,False,False,False,False,66.01157096648522,False,False,False,False
2025-07-01 14:40:00+00:00,74.38,74.38,74.38,74.38,1.0,,73.45920618801863,"rgba(38, 166, 154, 1.0)",0.5128402452197995,73.45920618801863,1.795478846607921,75.90081889204885,21.0903862466904,True,False,True,False,True,20.0,73.27890000000001,,0.0,0.0,0.0,0.0,0,,,False,False,False,False,,,False,False,False,False,-403.0,-13.04328703210116,False,False,False,False,65.0036396336715,False,False,False,False
2025-07-01 14:45:00+00:00,74.38,74.81,74.38,74.81,105.0,,73.50295923536339,"rgba(38, 166, 154, 1.0)",0.5484036785020491,73.50295923536339,2.3833552105389955,77.73270163668455,22.91607584757162,True,False,True,False,True,20.0,73.3195,,0.0,0.0,0.0,0.0,0,,,False,False,False,False,,,False,False,False,False,-298.0,-17.46122056648719,False,False,False,False,65.62373824400217,False,False,False,False
2025-07-01 14:50:00+00:00,74.81,74.82,74.7,74.7,16.0,,73.50957956025377,"rgba(38, 166, 154, 1.0)",0.5764979860571148,73.50957956025377,2.0649169095766737,78.23970932036158,23.451023112188352,True,False,True,False,True,20.0,73.3579,,0.0,0.0,0.0,0.0,0,,,False,False,False,False,,,False,False,False,False,-314.0,-22.05872102282072,False,False,False,False,64.85437796114942,False,False,False,False
2025-07-01 14:55:00+00:00,74.7,74.7,74.7,74.7,0.0,,73.50957956025377,"rgba(38, 166, 154, 1.0)",0.6022623414492284,73.50957956025377,1.9765812301690922,78.6545337888246,23.92392076924034,True,False,True,False,True,20.0,73.3963,,0.0,0.0,0.0,0.0,0,,,False,False,False,False,,,False,False,False,False,-314.0,-26.584942402311867,False,False,False,False,63.848883729193616,False,False,False,False
2025-07-01 15:00:00+00:00,74.7,74.85,74.7,74.85,3.0,,73.51090140885668,"rgba(38, 166, 154, 1.0)",0.6300739410348176,73.51090140885668,2.125303879325671,79.3053235749949,24.649532274778466,True,False,True,False,True,20.0,73.4377,,0.0,0.0,0.0,0.0,0,,,False,False,False,False,,,False,False,False,False,-311.0,-30.994478179020213,False,False,False,False,62.90549018300456,False,False,False,False
2025-07-01 15:05:00+00:00,74.85,75.04,74.85,75.04,3.0,,73.5125085618648,"rgba(38, 166, 154, 1.0)",0.6610186106332984,73.5125085618648,2.3108145724849796,80.17757526887955,25.602779923536673,True,False,True,False,True,20.0,73.4829,,0.0,0.0,0.0,0.0,0,,,False,False,False,False,,,False,False,False,False,-308.0,-35.28913743205866,False,False,False,False,61.97672289334557,False,False,False,False
2025-07-01 15:10:00+00:00,75.075,75.08,75.075,75.08,106.0,,73.56941865793858,"rgba(38, 166, 154, 1.0)",0.6884678314597736,73.56941865793858,2.194120441122855,80.95725795624904,26.470426807186087,True,False,True,False,True,20.0,73.53479999999999,,0.0,0.0,0.0,0.0,0,,,False,False,False,False,,,False,False,False,False,-202.0,-37.87380196799573,False,False,False,False,62.65925432135572,False,False,False,False
2025-07-01 15:15:00+00:00,75.08,75.33,75.08,75.33,105.0,,73.62543105301417,"rgba(38, 166, 154, 1.0)",0.7220954554951935,73.62543105301417,2.3605867257769724,81.96505680152409,27.564110997580258,True,False,True,False,True,20.0,73.5917,73.24665,0.0,0.0,0.0,0.0,0,,,False,False,False,False,,,False,False,False,False,-97.0,-38.790487208802,False,False,False,False,63.31569999079206,False,False,False,False
2025-07-01 15:20:00+00:00,75.33,75.44,75.33,75.44,100.0,,73.67889451076215,"rgba(38, 166, 154, 1.0)",0.7563113544465827,73.67889451076215,2.3285456166746386,82.93035015814033,28.614022141083936,True,False,True,False,True,20.0,73.6508,73.26705000000001,0.0,0.0,0.0,0.0,0,,,False,False,False,False,,,False,False,False,False,3.0,-38.14257267843298,False,False,False,False,63.88444882814412,False,False,False,False
2025-07-01 15:25:00+00:00,75.44,75.48,75.32,75.325,13.0,,73.68529653648558,"rgba(38, 166, 154, 1.0)",0.7831180459380496,73.68529653648558,2.0938139173517847,82.77588427860343,28.614022141083936,True,False,True,False,True,20.0,73.7076,73.2863,0.0,0.0,0.0,0.0,0,,,False,False,False,False,,,False,False,False,False,-10.0,-37.706253722178204,False,False,False,False,63.09554264476204,False,False,False,False
2025-07-01 15:30:00+00:00,75.325,75.4,75.325,75.325,106.0,,73.73380497596067,"rgba(38, 166, 154, 0.75)",0.8072513814127196,73.73380497596067,1.971127037596005,82.64950310443687,28.614022141083936,True,False,True,False,False,20.0,73.76440000000001,73.30755,0.0,0.0,0.0,0.0,0,,,False,False,False,False,,,False,False,False,False,-10.0,-37.27669940090412,False,False,False,False,63.76072803011457,False,False,False,False
2025-07-01 15:35:00+00:00,75.325,75.325,75.325,75.325,0.0,,73.73380497596067,"rgba(38, 166, 154, 0.75)",0.8323739955503272,73.73380497596067,1.9116347129361149,82.54610032557333,28.614022141083936,True,False,True,False,False,20.0,73.8212,73.3275,0.0,0.0,0.0,0.0,0,,,False,False,False,False,,,False,False,False,False,-10.0,-36.85380483654902,False,False,False,False,62.772189611043025,False,False,False,False
2025-07-01 15:40:00+00:00,75.325,75.325,75.325,75.325,0.0,,73.73380497596067,"rgba(38, 166, 154, 0.75)",0.8553592470075865,73.73380497596067,1.8602651805145258,82.4614980519577,28.665794262081647,True,False,True,False,False,20.0,73.8781,73.34755,0.0,0.0,0.0,0.0,0,,,False,False,False,False,,,False,False,False,False,-10.0,-36.437466777067634,False,False,False,False,61.79897736901135,False,False,False,False
2025-07-01 15:45:00+00:00,75.325,75.61,75.325,75.61,5.0,,73.73628276085776,"rgba(38, 166, 154, 0.75)",0.8840883124123309,73.73628276085776,2.1193779092380454,82.89645015944018,29.24676143642938,True,False,True,False,False,20.0,73.9387,73.37105000000001,0.0,0.0,0.0,0.0,0,,,False,False,False,False,,,False,False,False,False,-5.0,-35.95006419137666,False,False,False,False,60.91837306871659,False,False,False,False
2025-07-01 15:50:00+00:00,75.61,75.79,75.61,75.79,56.0,,73.7674974967577,"rgba(38, 166, 154, 0.75)",0.9158816802689013,73.7674974967577,2.2082574057475464,83.50985364370916,29.996531907561263,True,False,True,False,False,20.0,73.9958,73.39635,0.0,0.0,0.0,0.0,0,,,False,False,False,False,,,False,False,False,False,51.0,-34.602001180657645,False,False,False,False,60.84211922268997,False,False,False,False
2025-07-01 15:55:00+00:00,75.79,75.985,75.79,75.985,313.0,,73.9366223447429,"rgba(38, 166, 154, 1.0)",0.9515334139365601,73.9366223447429,2.152712269748697,84.25289361200436,30.862871153528033,True,False,True,False,True,20.0,74.0566,73.4236,0.0,0.0,0.0,0.0,0,,,False,False,False,False,,,False,False,False,False,364.0,-28.422125193360625,False,False,False,False,64.75154373086532,False,False,False,False
2025-07-01 16:00:00+00:00,75.985,76.15,75.985,76.15,8.0,,73.94088621233387,"rgba(38, 166, 154, 1.0)",0.9902469525461559,73.94088621233387,2.230871584089195,85.03996851293711,31.76010644693153,True,False,True,False,True,20.0,74.118,73.45250000000001,0.0,0.0,0.0,0.0,0,,,False,False,False,False,,,False,False,False,False,372.0,-22.214030229122475,False,False,False,False,63.871674835813145,False,False,False,False
2025-07-01 16:05:00+00:00,76.255,76.45,76.255,76.45,108.0,,74.00514419531919,"rgba(38, 166, 154, 1.0)",1.0359421789839978,74.00514419531919,2.360031142933682,85.9585572275676,32.77316603868448,True,False,True,False,True,20.0,74.1854,73.48440000000001,0.0,0.0,0.0,0.0,0,,,False,False,False,False,,,False,False,False,False,480.0,-14.427766194562437,False,False,False,False,64.55583491587805,False,False,False,False
2025-07-01 16:10:00+00:00,76.535,76.65,76.535,76.64,70.0,,74.04875599681347,"rgba(38, 166, 154, 1.0)",1.084735916713795,74.04875599681347,2.3888247482730165,86.85648943893885,33.75253560607261,True,False,True,False,True,20.0,74.257,73.5182,0.0,0.0,0.0,0.0,0,,,False,False,False,False,,,False,False,False,False,550.0,-5.676948114026587,False,False,False,False,64.640240576097,False,False,False,False
2025-07-01 16:15:00+00:00,76.64,76.64,76.64,76.64,0.0,,74.04875599681347,"rgba(38, 166, 154, 1.0)",1.1291556400511675,74.04875599681347,2.294851047344642,87.59116124824261,34.56217105779959,True,False,True,False,True,20.0,74.3284,73.55435,0.0,0.0,0.0,0.0,0,,,False,False,False,False,,,False,False,False,False,550.0,2.938198368361422,False,False,False,False,63.63806630359937,False,False,False,False
2025-07-01 16:20:00+00:00,76.64,76.69,76.64,76.64,58.0,,74.34148039178379,"rgba(38, 166, 154, 1.0)",1.1696997689789654,74.34148039178379,1.965050920906478,88.19225636494569,35.236243773268825,True,False,True,False,True,20.0,74.399,73.58925,0.0,0.0,0.0,0.0,0,,,False,False,False,False,,,False,False,False,False,550.0,11.419776688231787,False,False,False,False,63.550654422923415,False,False,False,False
2025-07-01 16:25:00+00:00,76.66,76.69,76.6,76.6,98.0,,74.67155764335013,"rgba(38, 166, 154, 1.0)",1.2055463865359881,74.59429903753202,1.6637277377863011,88.35815377933605,35.485836246144814,True,False,True,False,True,20.0,74.46860000000001,73.62375,0.0,0.0,0.0,0.0,0,,,False,False,False,False,,,False,False,False,False,452.0,18.250477824848346,False,False,False,False,64.08475280396335,False,False,False,False
2025-07-01 16:30:00+00:00,76.6,76.61,76.6,76.61,100.0,,74.7128755752956,"rgba(38, 166, 154, 1.0)",1.241357898606326,74.6362638826798,1.5899815190575708,88.50414338052852,35.72396233200679,True,False,True,False,True,20.0,74.5384,73.65835,0.0,0.0,0.0,0.0,0,,,False,False,False,False,,,False,False,False,False,552.0,26.525664215160774,False,False,False,False,64.6415783418864,False,False,False,False
2025-07-01 16:35:00+00:00,76.61,76.61,76.61,76.61,0.0,,74.7128755752956,"rgba(38, 166, 154, 1.0)",1.272590381575766,74.6362638826798,1.5509594806745681,88.62358941786782,35.94225735129342,True,False,True,False,True,20.0,74.607,73.6948,0.0,0.0,0.0,0.0,0,,,False,False,False,False,,,False,False,False,False,552.0,34.6725531420575,False,False,False,False,63.639383328833894,False,False,False,False
2025-07-01 16:40:00+00:00,76.61,76.61,76.27,76.27,111.0,,74.73800659938634,"rgba(38, 166, 154, 0.75)",1.2927700617017321,74.66343723208935,1.242728939588726,86.06332389949323,35.94225735129342,True,False,True,False,False,20.0,74.6661,73.7291,0.0,0.0,0.0,0.0,0,,,False,False,False,False,,,False,False,False,False,441.0,40.97220348094033,False,False,False,False,64.37365645551864,False,False,False,False
2025-07-01 16:45:00+00:00,76.27,76.27,76.075,76.075,25.0,,74.74012231193119,"rgba(38, 166, 154, 0.5)",1.3055044001222669,74.66621867420798,1.0791088300124312,82.744744366395,35.44468904341126,False,True,True,False,False,20.0,74.7187,73.76155,0.0,0.0,0.0,0.0,0,,,False,False,False,False,,,False,False,False,False,416.0,46.78658792309629,False,False,False,False,63.76321216938656,False,False,False,False
2025-07-01 16:50:00+00:00,76.07,76.07,75.88,75.88,205.0,,74.7510985152552,"rgba(38, 166, 154, 0.5)",1.3123044616246091,74.68236576913071,0.9126191870037796,78.95664610296997,31.78266965027514,False,True,True,False,False,20.0,74.7638,73.79185000000001,0.0,0.0,0.0,0.0,0,,,False,False,False,False,,,False,False,False,False,211.0,49.33253229638162,False,False,False,False,65.95292981017127,False,False,False,False
2025-07-01 16:55:00+00:00,75.88,75.88,75.88,75.88,0.0,,74.7510985152552,"rgba(38, 166, 154, 0.5)",1.3177561224285952,74.68236576913071,0.9088436095914852,75.85729297834949,28.850160768854238,False,True,True,False,False,20.0,74.80890000000001,73.82215,0.0,0.0,0.0,0.0,0,,,False,False,False,False,,,False,False,False,False,211.0,51.839004663879585,False,False,False,False,64.93040376660272,False,False,False,False
2025-07-01 17:00:00+00:00,75.88,75.88,75.88,75.88,0.0,,74.7510985152552,#000000,1.3218760657993531,74.68236576913071,0.9060109807987641,73.32145860366,26.49561658449204,False,True,False,False,False,20.0,74.8541,73.85245,0.0,0.0,0.0,0.0,0,,,False,False,False,False,,,False,False,False,False,211.0,54.30661699467215,False,False,False,False,63.92373083998873,False,False,False,False
2025-07-01 17:05:00+00:00,75.88,75.88,75.765,75.765,42.0,,74.75321869285254,#000000,1.3228440729886792,74.68541898175266,0.8161060251101702,70.60595707804013,23.97668357899755,False,True,False,False,False,20.0,74.896,73.8827,0.0,0.0,0.0,0.0,0,,,False,False,False,False,,,False,False,False,False,169.0,56.08480897925087,False,False,False,False,63.583828036267974,False,False,False,False
2025-07-01 17:10:00+00:00,75.765,75.765,75.765,75.765,0.0,,74.75321869285254,"rgba(239, 83, 80, 1.0)",1.3225980710924572,74.68541898175266,0.8162578200009108,68.38418310253297,21.947076059047603,False,True,False,True,False,20.0,74.9375,73.91395,0.0,0.0,0.0,0.0,0,,,False,False,False,False,,,False,False,False,False,169.0,57.83543209585164,False,False,False,False,62.59803225275994,False,False,False,False
2025-07-01 17:15:00+00:00,75.765,75.84,75.765,75.84,49.0,,74.75690276391319,"rgba(239, 83, 80, 1.0)",1.3170904768937282,74.69007061848838,0.8730830582145422,66.86688760650516,20.59532532733681,False,True,False,True,False,20.0,74.9803,73.9474,0.0,0.0,0.0,0.0,0,,,False,False,False,False,,,False,False,False,False,218.0,60.318603691264784,False,False,False,False,62.38721004729079,False,False,False,False
2025-07-01 17:20:00+00:00,75.84,75.84,75.84,75.84,0.0,,74.75690276391319,"rgba(239, 83, 80, 1.0)",1.3100125059577041,74.69007061848838,0.8778003082275563,65.62546401884603,19.487951329195923,False,True,False,True,False,20.0,75.0245,73.98085,0.0,0.0,0.0,0.0,0,,,False,False,False,False,,,False,False,False,False,218.0,62.76327650225292,False,False,False,False,61.419966480666126,False,False,False,False
2025-07-01 17:25:00+00:00,75.84,75.84,75.84,75.84,0.0,,74.75690276391319,"rgba(239, 83, 80, 1.0)",1.3013385347332929,74.69007061848838,0.8836512182030344,64.60975381076129,18.57266772176,False,True,False,True,False,20.0,75.0694,74.0143,0.0,0.0,0.0,0.0,0,,,False,False,False,False,,,False,False,False,False,218.0,65.17004740919474,False,False,False,False,60.467718938330215,False,False,False,False
2025-07-01 17:30:00+00:00,75.84,75.84,75.765,75.765,100.0,,74.76543692788698,"rgba(239, 83, 80, 1.0)",1.2899968992210045,74.70038784902309,0.8252827209273175,63.291543437610855,17.33572006721964,False,True,False,True,False,20.0,75.1162,74.047,0.0,0.0,0.0,0.0,0,,,False,False,False,False,,,False,False,False,False,118.0,65.98911644161032,False,False,False,False,61.080622520681686,False,False,False,False
2025-07-01 17:35:00+00:00,75.73,75.73,75.64,75.64,9.0,,74.92460786874922,"rgba(239, 83, 80, 1.0)",1.275474255552176,74.78172316623923,0.6729080026701167,61.45379873359894,15.578488740106152,False,True,False,True,False,20.0,75.1622,74.07844999999999,0.0,0.0,0.0,0.0,0,,,False,False,False,False,0.1774725214485629,0.1774725214485629,False,False,False,False,109.0,66.65595184561636,False,False,False,False,60.27317100873313,False,False,False,False
2025-07-01 17:40:00+00:00,75.64,75.64,75.64,75.64,0.0,,74.92460786874922,"rgba(239, 83, 80, 1.0)",1.259360995551678,74.78172316623923,0.6815177195358433,59.95018943031646,14.143956651144805,False,True,False,True,False,20.0,75.20819999999999,74.1074,0.0,0.0,0.0,0.0,0,1.1566666666666676,0.7852380952380956,False,False,False,False,0.1701678587475297,0.1738201900980463,False,False,False,False,109.0,67.31244871622695,False,False,False,False,59.33870324115587,False,False,False,False
2025-07-01 17:45:00+00:00,75.64,75.64,75.64,75.64,0.0,,74.92460786874922,"rgba(239, 83, 80, 1.0)",1.241479700537483,74.78172316623923,0.6913337635639059,58.71996363672171,12.964652502749722,False,True,False,True,False,20.0,75.2542,74.13635000000001,0.0,0.0,0.0,0.0,0,1.1566666666666676,0.7852380952380956,False,False,False,False,0.1701678587475297,0.171994024422788,False,False,False,False,109.0,67.95876734078158,False,False,False,False,58.41872334594415,False,False,False,False
2025-07-01 17:50:00+00:00,75.64,75.64,75.64,75.64,0.0,,74.92460786874922,"rgba(239, 83, 80, 1.0)",1.2242035947673193,74.78172316623923,0.7010899473170548,57.71341526014418,11.987100221420974,False,True,False,True,False,20.0,75.3002,74.16590000000001,0.0,0.0,0.0,0.0,0,1.189520078354556,0.7791380999020571,False,False,False,False,0.1701678587475297,0.17108094158515885,False,False,False,False,109.0,68.59506552154465,False,False,False,False,57.51300670492176,False,False,False,False
2025-07-01 17:55:00+00:00,75.64,75.73,75.64,75.73,18.0,,75.56617813926587,"rgba(239, 83, 80, 1.0)",1.2139296512557796,75.01353465054785,0.5902033521555264,57.40990653406081,11.673446744658847,False,True,False,True,False,20.0,75.348,74.19635,0.0,0.0,0.0,0.0,0,1.181415929203541,0.764011799410029,False,False,False,False,0.1774725214485629,0.17427673151686088,False,False,False,False,127.0,69.50056838167575,False,False,False,False,56.90040194980669,False,False,False,False
2025-07-01 18:00:00+00:00,75.73,75.73,75.73,75.73,0.0,,75.56617813926587,"rgba(239, 83, 80, 0.75)",1.2025979685138541,75.01353465054785,0.5957646430565182,57.16158121271987,11.381718532802367,False,True,False,True,True,20.0,75.39580000000001,74.22645,0.0,0.0,0.0,0.0,0,1.180295566502466,0.7645320197044333,False,False,False,False,0.18479597552719748,0.17953635352202918,False,False,False,False,127.0,70.39203243777379,False,False,False,False,56.01822517539108,False,False,False,False
2025-07-01 18:05:00+00:00,75.73,75.73,75.73,75.73,0.0,,75.56617813926587,"rgba(239, 83, 80, 0.75)",1.1926547267742944,75.01353465054785,0.6007315724894945,56.95840594980454,11.107280813256082,False,True,False,True,True,20.0,75.4407,74.25585,0.0,0.0,0.0,0.0,0,1.181367690782956,0.7611496531219019,False,False,False,False,0.18479597552719748,0.18216616452461332,False,False,False,False,127.0,71.26967534571529,False,False,False,False,55.149725560268735,False,False,False,False
2025-07-01 18:10:00+00:00,75.73,75.73,75.73,75.73,0.0,,75.56617813926587,"rgba(239, 83, 80, 0.75)",1.1815574848858834,75.01353465054785,0.6063736708682841,56.79217164378292,10.846822197909525,False,True,False,True,True,20.0,75.4856,74.28505,0.0,0.0,0.0,0.0,0,1.181367690782956,0.7611496531219019,False,False,False,False,0.18479597552719748,0.1834810700259054,False,False,False,False,127.0,72.13371138686699,False,False,False,False,54.294691055458365,False,False,False,False
2025-07-01 18:15:00+00:00,75.73,75.73,75.73,75.73,0.0,,75.56617813926587,"rgba(239, 83, 80, 0.75)",1.1688674274967297,75.01353465054785,0.6129568953654112,56.65616175703795,10.598024411672434,False,True,False,True,True,20.0,75.5256,74.3137,0.0,0.0,0.0,0.0,0,1.181367690782956,0.7611496531219019,False,False,False,False,0.18479597552719748,0.18413852277655146,False,False,False,False,127.0,72.98435152040395,False,False,False,False,53.452912899559784,False,False,False,False
2025-07-01 18:20:00+00:00,75.73,75.73,75.73,75.73,0.0,,75.56617813926587,"rgba(239, 83, 80, 0.75)",1.1551366363545061,75.01353465054785,0.6202429452097045,56.544880940610255,10.359305194602612,False,True,False,True,True,20.0,75.5621,74.34235,0.0,0.0,0.0,0.0,0,1.181367690782956,0.7611496531219019,False,False,False,False,0.18479597552719748,0.18446724915187446,False,False,False,False,127.0,73.82180343481627,False,False,False,False,52.62418556778366,False,False,False,False
2025-07-01 18:25:00+00:00,75.73,75.73,75.73,75.73,0.0,,75.56617813926587,"rgba(239, 83, 80, 0.75)",1.1409793011994187,75.01353465054785,0.62793895445692,56.453832999896676,10.129619345050386,False,True,False,True,True,20.0,75.59859999999999,74.37100000000001,0.0,0.0,0.0,0.0,0,1.181367690782956,0.7611496531219019,False,False,False,False,0.18479597552719748,0.18463161233953596,False,False,False,False,127.0,74.64627159861757,False,False,False,False,51.80830672177151,False,False,False,False
2025-07-01 18:30:00+00:00,75.73,75.73,75.73,75.73,0.0,,75.56617813926587,"rgba(239, 83, 80, 0.75)",1.125763804776067,75.01353465054785,0.6364259948779105,56.37933923022193,9.908305818855048,False,True,False,True,True,20.0,75.6351,74.39965000000001,0.0,0.0,0.0,0.0,0,1.181367690782956,0.7611496531219019,False,False,False,False,0.18479597552719748,0.18471379393336673,False,False,False,False,127.0,75.45795731026692,False,False,False,False,51.00507716019366,False,False,False,False
2025-07-01 18:35:00+00:00,75.73,75.76,75.73,75.76,10.0,,75.57446597197779,"rgba(239, 83, 80, 0.75)",1.1095183923950067,75.01972185905191,0.6672067322382351,56.5615866381268,9.908305818855048,False,True,False,True,True,20.0,75.6621,74.426,0.0,0.0,0.0,0.0,0,1.2089023773394056,0.7531613555892755,False,False,False,False,0.18724145124192298,0.18597762258764486,False,False,False,False,137.0,76.41209750700696,False,False,False,False,50.36933952980306,False,False,False,False
2025-07-01 18:40:00+00:00,75.76,75.76,75.76,75.76,0.0,,75.57446597197779,#000000,1.0932559519967444,75.01972185905191,0.6771315899044809,56.71069815368533,9.908305818855048,False,True,False,False,True,20.0,75.6891,74.45415,0.0,0.0,0.0,0.0,0,1.214651639344265,0.7505122950819657,False,False,False,False,0.18968914269583445,0.18783338264173965,False,False,False,False,137.0,77.35144483247971,False,False,False,False,49.58841953709293,False,False,False,False
2025-07-01 18:45:00+00:00,75.76,75.76,75.76,75.76,0.0,,75.57446597197779,#000000,1.0786599460807866,75.01972185905191,0.6862942706251641,56.83269848459685,9.908305818855048,False,True,False,False,True,20.0,75.7167,74.4823,0.0,0.0,0.0,0.0,0,1.21362704918033,0.7505122950819657,False,False,False,False,0.18968914269583445,0.18876126266878707,False,False,False,False,137.0,78.27622863352654,False,False,False,False,48.81960683109149,False,False,False,False
2025-07-01 18:50:00+00:00,75.81,75.81,75.73,75.73,239.0,,75.5869822793822,"rgba(239, 83, 80, 0.75)",1.06537361800716,75.05077698680813,0.6375444273365778,56.57203256294059,9.507968369398917,False,True,False,True,True,20.0,75.7437,74.5113,0.0,0.0,0.0,0.0,0,1.2088414634146363,0.7474593495934946,False,False,False,False,0.1913221839489991,0.19004172330889307,False,False,False,False,-102.0,75.48124834463466,False,False,False,False,51.76814005851643,False,False,False,False
2025-07-01 18:55:00+00:00,75.73,75.935,75.73,75.935,4.0,,75.58790949711903,"rgba(38, 166, 154, 0.5)",1.0565645629470024,75.0517563225533,0.8359580743301946,57.976582495223674,9.507968369398917,False,True,True,False,True,20.0,75.7662,74.54285,0.0,0.0,0.0,0.0,0,1.2271805273833696,0.7352941176470574,False,False,False,False,0.20155193216408596,0.19579682773648951,False,False,False,False,-98.0,72.79161658735352,False,False,False,False,51.02754873977974,False,False,False,False
2025-07-01 19:00:00+00:00,75.935,75.935,75.62,75.62,245.0,,75.57922385217448,#000000,1.0441004016129665,75.06794571901878,0.5287367767777786,56.26774872528868,9.03793957422377,False,True,False,False,False,15.623927304236592,75.7846,74.57125,0.0,0.0,0.0,0.0,0,1.2243781094527388,0.72189054726368,False,False,False,False,0.19254762638404846,0.194172227060269,False,False,False,False,-343.0,66.34523493483641,False,False,False,False,54.03487356551959,False,False,False,False
2025-07-01 19:05:00+00:00,75.62,75.65,75.62,75.65,3.0,,75.57887573112367,"rgba(239, 83, 80, 1.0)",1.0308816003176984,75.0679686364941,0.5645957434166387,55.093880888251306,7.8217752238648615,False,True,False,True,False,16.143819707763278,75.8036,74.59994999999999,0.0,0.0,0.0,0.0,0,1.2249255213505492,0.7383316782522322,False,False,False,False,0.16935735253120954,0.18176478979573926,False,False,False,False,-340.0,60.045308811815694,False,False,False,False,53.243635215666565,False,False,False,False
2025-07-01 19:10:00+00:00,75.65,75.65,75.65,75.65,0.0,,75.57887573112367,"rgba(239, 83, 80, 1.0)",1.0177774451851584,75.0679686364941,0.5718650636829739,54.13344356703891,6.82861190314226,False,True,False,True,False,16.143819707763267,75.8196,74.62865,0.0,0.0,0.0,0.0,0,1.228358208955227,0.7388059701492522,False,False,False,False,0.17178953683930004,0.17677716331751964,False,False,False,False,-340.0,53.843055962020095,False,False,False,False,52.418152499144604,False,False,False,False
2025-07-01 19:15:00+00:00,75.65,75.67,75.65,75.665,200.0,,75.56624724387073,"rgba(239, 83, 80, 1.0)",1.0043004961096964,75.0758711515497,0.586606150980087,53.46796607568077,6.129638993560562,False,True,False,True,False,16.41089684112372,75.8321,74.65750000000001,0.0,0.0,0.0,0.0,0,1.2279046673287022,0.7373386295928489,False,False,False,False,0.17341211019895145,0.17509463675823556,False,False,False,False,-140.0,50.83773726493452,False,False,False,False,54.70624315807259,False,False,False,False
2025-07-01 19:20:00+00:00,75.665,75.665,75.665,75.665,0.0,,75.56624724387073,"rgba(239, 83, 80, 1.0)",0.9901396843851306,75.0758711515497,0.5949956937804644,52.923484491842295,5.547743839297361,False,True,False,True,False,16.41089684112373,75.8438,74.6893,0.0,0.0,0.0,0.0,0,1.2293942403177787,0.7378351539225405,False,False,False,False,0.17422373550694528,0.1746591861325904,False,False,False,False,-140.0,47.879012656175846,False,False,False,False,53.8580843494203,False,False,False,False
2025-07-01 19:25:00+00:00,75.78,75.925,75.78,75.925,467.0,,75.61541863883396,#000000,0.9754596975894532,75.14526674427442,0.7993495350473666,54.30583777171686,5.547743839297361,False,True,False,False,True,20.0,75.85570000000001,74.7237,0.0,0.0,0.0,0.0,0,1.2367906066536236,0.7274951076320925,False,False,False,False,0.20483416277901498,0.18974667445580268,False,False,False,False,327.0,52.206469824297145,False,False,False,False,60.26338536725875,False,False,False,False
2025-07-01 19:30:00+00:00,75.92,76.02,75.92,75.96,497.0,,75.66592556509518,"rgba(38, 166, 154, 0.5)",0.9590624551052309,75.21505497760705,0.7767429727099503,55.63805582941578,3.0272111105245045,False,True,True,False,True,20.0,75.8661,74.75845,0.0,0.0,0.0,0.0,0,1.2602739726027425,0.7074363992172198,False,False,False,False,0.22420792734970926,0.20697730090275596,False,False,False,False,824.0,64.17226098981192,False,False,False,False,67.03449567164233,False,False,False,False
2025-07-01 19:35:00+00:00,75.93,76.0,75.905,76.0,336.0,,75.69027796869166,"rgba(38, 166, 154, 0.5)",0.9372553999227524,75.25350310045624,0.7964711642155199,56.95625011072714,4.330621500153022,False,False,True,False,True,20.0,75.87960000000001,74.7936,0.0,0.0,0.0,0.0,0,1.2694198623402189,0.6981317600786616,False,False,False,False,0.22131229850907386,0.2141447997059149,False,False,False,False,1160.0,81.16183833880709,False,False,False,False,71.20450349068663,False,False,False,False
2025-07-01 19:40:00+00:00,76.0,76.0,75.89,75.925,109.0,,75.69592023815187,"rgba(38, 166, 154, 1.0)",0.910462213077022,75.26401097831571,0.7259928113330384,57.33949281605349,4.716648258162216,True,False,True,False,True,19.886012093661755,75.8916,74.828,0.0,0.0,0.0,0.0,0,1.2650778210116758,0.6921206225680924,False,False,False,False,0.22007243444872993,0.21710861707732243,False,False,False,False,1051.0,96.19808890719767,False,False,False,False,71.7904801807535,False,False,False,False
2025-07-01 19:45:00+00:00,75.975,75.975,75.49,75.685,1157.0,,75.76009762258782,"rgba(38, 166, 154, 0.5)",0.879967659110687,75.33065366258307,0.4026810914562898,55.82319841917038,4.716648258162216,False,False,True,False,False,13.476399713707394,75.8988,74.86,1.0,75.975,75.49,0.0,0,1.2159777055271732,0.7083139804923358,False,False,False,False,0.18520340231148139,0.2011560096944019,False,False,False,False,-106.0,93.06323481561321,False,False,False,False,88.61543397640074,False,False,False,False
2025-07-01 19:50:00+00:00,75.835,75.985,75.835,75.85,2059.0,,75.8041987952457,"rgba(38, 166, 154, 0.5)",0.8481179057074768,75.44413976845222,0.4785422272263189,55.603030022670936,4.716648258162216,False,False,True,False,False,16.26002000236633,75.9093,74.8937,0.0,0.0,0.0,0.0,0,1.2277451423407164,0.7017623136014458,False,False,False,False,0.21429513218157412,0.207725570937988,False,False,False,False,1953.0,121.8994637332006,False,False,False,False,119.16403189924723,False,False,False,False
2025-07-01 19:55:00+00:00,75.83,75.92,75.72,75.775,924.0,,75.80246628297759,#000000,0.8131863310512892,75.47021926146917,0.37479815743682776,54.924906094186625,4.716648258162216,False,False,False,False,False,14.384246154753246,75.9126,74.92565,0.0,0.0,0.0,0.0,0,1.2134931202840686,0.7128273413226806,False,False,False,False,0.1995027160763058,0.2036141435071469,False,False,False,False,1029.0,135.96303793888742,False,False,False,False,131.6421089240651,False,False,False,False
2025-07-02 13:30:00+00:00,75.775,76.3,75.775,76.12,151.0,,75.80818292719522,"rgba(38, 166, 154, 0.75)",0.7780529927062166,75.47893009929273,0.823941179735735,56.083640094059625,4.716648258162216,True,False,True,False,False,19.717803436597325,75.9192,74.9575,0.0,0.0,0.0,0.0,0,1.2131715771230538,0.686741767764298,False,False,False,False,0.2354119675989483,0.21951305555304762,False,False,False,False,1180.0,152.14965750572637,False,False,False,False,131.94223126632767,False,False,False,False
2025-07-02 13:35:00+00:00,76.18,76.21,75.86,76.21,345.0,,75.82170221726453,"rgba(38, 166, 154, 1.0)",0.7404186969860229,75.4989426730438,0.9603449100497482,57.3917292854471,4.756245869156089,True,False,True,False,True,20.0,75.92370000000001,74.99015,0.0,0.0,0.0,0.0,0,1.214045416316235,0.7035323801513877,False,False,False,False,0.23499598307208447,0.22725451931256604,False,False,False,False,1525.0,173.4341589397461,False,False,False,False,135.24545248700477,False,False,False,False
2025-07-02 13:40:00+00:00,76.34,76.38,76.3,76.3,425.0,,75.84994757104627,"rgba(38, 166, 154, 1.0)",0.7058501487086744,75.53264507431037,1.08713574275429,58.80409883036497,6.142235070073042,True,False,True,False,True,20.0,75.9267,75.02235,0.0,0.0,0.0,0.0,0,1.2462500000000027,0.6995833333333334,False,False,False,False,0.28638769297691125,0.25682110614473863,False,False,False,False,1950.0,200.97781539029268,False,False,False,False,139.73777105309773,False,False,False,False
2025-07-02 13:45:00+00:00,76.64,76.865,76.64,76.865,281.0,,75.8837325063612,"rgba(38, 166, 154, 1.0)",0.6784013269149587,75.56720670055223,1.9130170416226893,61.565350273089514,8.825899528478026,True,False,True,False,True,20.0,75.935,75.06020000000001,0.0,0.0,0.0,0.0,0,1.235177079188224,0.6840429765220856,False,False,False,False,0.3428282371001958,0.2998246716224672,False,False,False,False,2231.0,232.45102755478428,False,False,False,False,141.92788312979388,False,False,False,False
2025-07-02 13:50:00+00:00,76.7,76.7,76.49,76.49,139.0,,75.89546959582034,"rgba(38, 166, 154, 1.0)",0.6490762111859723,75.58018433835477,1.4017085297007548,61.79580962269101,9.01399414773875,True,False,True,False,True,20.0,75.932,75.0945,0.0,0.0,0.0,0.0,0,1.2045718713676896,0.6950794265788457,False,False,False,False,0.31579345823785226,0.3078090649301597,False,False,False,False,2092.0,261.2812441818419,False,False,False,False,141.88248959289785,False,False,False,False
2025-07-02 13:55:00+00:00,76.49,76.78,76.39,76.74,389.0,,75.92978969995367,"rgba(38, 166, 154, 1.0)",0.6282815975065374,75.61760619552807,1.7864502301617187,62.6326957518924,9.819276416237592,True,False,True,False,True,20.0,75.93400000000001,75.13119999999999,0.0,0.0,0.0,0.0,0,1.1894139886578483,0.6964083175803405,False,False,False,False,0.3140923287047856,0.31095069681747267,False,False,False,False,2481.0,295.6954884580924,False,False,False,False,145.71376882401572,False,False,False,False
2025-07-02 14:00:00+00:00,76.74,77.2,76.74,77.2,88.0,,75.94141826694462,"rgba(38, 166, 154, 1.0)",0.6170160320310771,75.62926836807938,2.545690144792721,64.27700587664384,11.41679230343398,True,False,True,False,True,20.0,75.9452,75.1721,0.0,0.0,0.0,0.0,0,1.208927918038788,0.676911818514453,False,False,False,False,0.342828237938028,0.3268894673777504,False,False,False,False,2569.0,330.94051964478865,False,False,False,False,144.8189817104651,False,False,False,False
2025-07-02 14:05:00+00:00,77.2,77.2,77.13,77.13,50.0,,75.94854883325198,"rgba(38, 166, 154, 1.0)",0.6001154168267094,75.63633118376544,2.4889692455041117,65.30164713824266,12.401393130497333,True,False,True,False,True,20.0,75.9558,75.2122,0.0,0.0,0.0,0.0,0,1.2357456140350906,0.6812865497076022,False,False,False,False,0.342828238623121,0.3348588530004357,False,False,False,False,2519.0,364.86392244099346,False,False,False,False,143.3489199785199,False,False,False,False
2025-07-02 14:10:00+00:00,77.105,77.13,76.97,77.13,492.0,,76.01014241737234,"rgba(38, 166, 154, 1.0)",0.5986968355524145,75.69867892426512,2.3907276450095125,66.13998998864169,13.21115548348812,True,False,True,False,True,20.0,75.9662,75.25229999999999,0.0,0.0,0.0,0.0,0,1.2174855491329517,0.6900289017341044,False,False,False,False,0.32477335757816983,0.3298161052893028,False,False,False,False,2519.0,398.26138100779974,False,False,False,False,148.7543630796281,False,False,False,False
2025-07-02 14:15:00+00:00,77.13,77.13,77.06,77.06,20.0,,76.01251545805084,"rgba(38, 166, 154, 1.0)",0.5930516362365167,75.70110309632574,2.291363551912229,66.48667474312577,13.553577837488547,True,False,True,False,True,20.0,75.9752,75.2911,0.0,0.0,0.0,0.0,0,1.222861250898638,0.6915887850467292,False,False,False,False,0.3318133830043565,0.33081474414682965,False,False,False,False,2499.0,430.8309719999269,False,False,False,False,146.75817140397493,False,False,False,False
2025-07-02 14:20:00+00:00,77.06,77.175,77.06,77.17,85.0,,76.02296844458216,"rgba(38, 166, 154, 1.0)",0.5872892606503494,75.71171368909279,2.4830801593278626,67.01660132309965,14.093485044727814,True,False,True,False,True,20.0,75.9932,75.32965,0.0,0.0,0.0,0.0,0,1.2210338680926955,0.6909090909090908,False,False,False,False,0.33534529264321605,0.3330800183950229,False,False,False,False,2584.0,464.2134375503156,False,False,False,False,145.80068037445594,False,False,False,False
2025-07-02 14:25:00+00:00,77.17,77.305,77.17,77.24,107.0,,76.03705671802118,"rgba(38, 166, 154, 1.0)",0.5811457074889937,75.72585174942108,2.6054537288440507,67.60420659740855,14.700777631676132,True,False,True,False,True,20.0,76.01650000000001,75.3676,0.0,0.0,0.0,0.0,0,1.232708933717583,0.6970461095100862,False,False,False,False,0.3428282388635283,0.3379541286292756,False,False,False,False,2691.0,498.7372602239541,False,False,False,False,145.19911943841785,False,False,False,False
2025-07-02 14:30:00+00:00,77.24,77.25,77.24,77.25,100.0,,76.05001432799915,"rgba(38, 166, 154, 1.0)",0.5863311105260524,75.7388891403608,2.5772312478583035,68.10746419612299,15.23391851532439,True,False,True,False,True,20.0,76.04390000000001,75.40385,0.0,0.0,0.0,0.0,0,1.2432530999270646,0.6973012399708244,False,False,False,False,0.34282823888798103,0.3403911837586283,False,False,False,False,2791.0,534.2762174297843,False,False,False,False,144.49835789673693,False,False,False,False
2025-07-02 14:35:00+00:00,77.25,77.25,77.25,77.25,0.0,,76.05001432799915,"rgba(38, 166, 154, 1.0)",0.5865387324671917,75.7388891403608,2.5763189641081845,68.51922041325298,15.686262963544863,True,False,True,False,True,20.0,76.07130000000001,75.4401,0.0,0.0,0.0,0.0,0,1.243982494529545,0.6940189642596645,False,False,False,False,0.34282823890423997,0.34160971133143414,False,False,False,False,2791.0,569.264183051028,False,False,False,False,142.25807327818288,False,False,False,False
2025-07-02 14:40:00+00:00,77.25,77.5,77.25,77.5,50.0,,76.22480740278431,"rgba(38, 166, 154, 1.0)",0.5924993100687619,75.8389000051453,2.8035475596788753,69.41520750571934,16.616576484917587,True,False,True,False,True,20.0,76.1037,75.47890000000001,0.0,0.0,0.0,0.0,0,1.2437703141928538,0.6789454676778622,False,False,False,False,0.34282823929993267,0.3422189753156834,False,False,False,False,2841.0,604.4848933913221,False,False,False,False,140.82771555293974,False,False,False,False
2025-07-02 14:45:00+00:00,77.5,77.5,77.28,77.28,100.0,,76.3658143413851,"rgba(38, 166, 154, 0.75)",0.5937726610180796,75.92858516861381,2.27598021954912,68.97406051374529,16.616576484917587,True,False,True,False,False,20.0,76.134,75.515,0.0,0.0,0.0,0.0,0,1.2465215840171286,0.6806992508027114,False,False,False,False,0.34282823934606327,0.34252360733087334,False,False,False,False,2741.0,637.6091586100613,False,False,False,False,140.19472771490965,False,False,False,False
2025-07-02 14:50:00+00:00,77.28,77.28,77.28,77.28,0.0,,76.3658143413851,"rgba(38, 166, 154, 0.75)",0.5981846938257771,75.92858516861381,2.2591932647808552,68.61312206576652,16.616576484917587,True,False,True,False,False,20.0,76.1643,75.5509,0.0,0.0,0.0,0.0,0,1.2465215840171286,0.6928291116660723,False,False,False,False,0.3263406636321632,0.3344321354815183,False,False,False,False,2741.0,670.2198693292851,False,False,False,False,138.02116604491104,False,False,False,False
2025-07-02 14:55:00+00:00,77.28,77.28,77.075,77.075,50.0,,76.35760306233963,"rgba(38, 166, 154, 0.75)",0.597108083233318,75.92703663887055,1.9225386380858842,67.29890674217214,16.616576484917587,True,False,True,False,False,20.0,76.189,75.58465,0.0,0.0,0.0,0.0,0,1.2285513361462772,0.6972573839662449,False,False,False,False,0.3111301531693847,0.32278114432545146,False,False,False,False,2691.0,701.5497938358077,False,False,False,False,136.65649680390464,False,False,False,False
2025-07-02 15:00:00+00:00,77.075,77.075,76.85,76.85,100.0,,76.33727030779468,"rgba(38, 166, 154, 0.5)",0.5959097594778427,75.92110510800744,1.5587844924816914,65.2375254488442,17.9248153526612,False,True,True,False,False,16.858975845573905,76.2092,75.61685,0.0,0.0,0.0,0.0,0,1.209415022499138,0.7161647628937351,False,False,False,False,0.2796640119305865,0.301222578128019,False,False,False,False,2591.0,730.843595481764,False,False,False,False,136.08817902399912,False,False,False,False
2025-07-02 15:05:00+00:00,76.905,76.905,76.895,76.895,519.0,,76.33581274958036,"rgba(38, 166, 154, 0.5)",0.5966637727038167,75.94363605176318,1.594472451252833,63.69755790986429,16.413501288295393,False,True,True,False,False,17.363197294509657,76.2303,75.64985,0.0,0.0,0.0,0.0,0,1.2086206896551757,0.7258620689655176,False,False,False,False,0.2706197417713813,0.28592115994970013,False,False,False,False,3110.0,767.7297412882483,False,False,False,False,142.02479640347198,False,False,False,False
2025-07-02 15:10:00+00:00,76.895,77.07,76.895,77.07,1.0,,76.3358879534052,"rgba(38, 166, 154, 0.5)",0.5979087203221962,75.9437225742767,1.883694596587199,62.98711259371247,15.720419212281243,False,True,True,False,False,19.2807331397729,76.2564,75.6863,0.0,0.0,0.0,0.0,0,1.2308762169680147,0.7121001390820593,False,False,False,False,0.2825675564884713,0.2842443582190857,False,False,False,False,3111.0,804.0595127411436,False,False,False,False,139.83836545148017,False,False,False,False
2025-07-02 15:15:00+00:00,77.07,77.215,77.07,77.13,462.0,,76.38216112674017,"rgba(38, 166, 154, 0.5)",0.5994515135660264,75.99091927959857,1.9002049283773472,62.58624782814239,15.31831154800409,False,True,True,False,False,19.92181042993333,76.2862,75.7242,0.0,0.0,0.0,0.0,0,1.240619621342516,0.6846815834767644,False,False,False,False,0.30596842306584104,0.29510639064246336,False,False,False,False,3573.0,846.9888226211259,False,False,False,False,144.83311947548822,False,False,False,False
2025-07-02 15:20:00+00:00,77.13,77.145,77.13,77.145,6.0,,76.3826903846698,"rgba(38, 166, 154, 0.5)",0.600320687572405,75.99148584062108,1.921496598832085,62.30440019386033,15.016591957599147,False,True,True,False,False,20.0,76.3163,75.76225000000001,0.0,0.0,0.0,0.0,0,1.2444979367262756,0.6898211829436046,False,False,False,False,0.3052323281015956,0.3001693593720295,False,False,False,False,3579.0,889.3455850611084,False,False,False,False,142.68066801075196,False,False,False,False
2025-07-02 15:25:00+00:00,77.145,77.145,77.01,77.01,86.0,,76.38847076439937,"rgba(38, 166, 154, 0.5)",0.5976723770342264,75.99840800885933,1.692552692765231,61.4312102396725,14.126379499940029,False,True,True,False,False,17.594439646793056,76.34370000000001,75.79894999999999,0.0,0.0,0.0,0.0,0,1.2340715502555406,0.6926746166950601,False,False,False,False,0.29642391932164075,0.29829663934683515,False,False,False,False,3493.0,929.71232017644,False,False,False,False,141.80189796407365,False,False,False,False
2025-07-02 15:30:00+00:00,77.01,77.01,76.875,76.875,43.0,,76.39002971642962,#000000,0.5972622750724286,76.00097519708588,1.4633852486466359,60.11457813778112,12.808506440690962,False,True,False,False,False,15.185881818645594,76.36840000000001,75.8343,0.0,0.0,0.0,0.0,0,1.2228224172856215,0.7045914922349764,False,False,False,False,0.27676505636890864,0.28753084785787186,False,False,False,False,3450.0,968.7865477706038,False,False,False,False,140.2700855925376,False,False,False,False
2025-07-02 15:35:00+00:00,76.86,77.04,76.86,76.925,295.0,,76.40252007682713,#000000,0.5994325920667782,76.01947017265324,1.5106449654740763,59.22076381909635,11.913562093077914,False,True,False,False,False,15.768169343487479,76.39229999999999,75.87015000000001,0.0,0.0,0.0,0.0,0,1.2191460973982688,0.7061374249499668,False,False,False,False,0.27785163071799024,0.28269123928793105,False,False,False,False,3745.0,1011.8286167974161,False,False,False,False,142.6689989942037,False,False,False,False
2025-07-02 15:40:00+00:00,76.925,76.95,76.925,76.95,41.0,,76.40427963753214,#000000,0.6033501590402336,76.02201833399516,1.5380482661693613,58.583051704101095,11.267138035360801,False,True,False,False,False,16.060908721343438,76.4167,75.90625,0.0,0.0,0.0,0.0,0,1.2240000000000035,0.7123333333333337,False,False,False,False,0.27529978620112094,0.278995512744526,False,False,False,False,3786.0,1054.8390258393165,False,False,False,False,141.09273544390595,False,False,False,False
2025-07-02 15:45:00+00:00,76.95,76.95,76.835,76.835,23.0,,76.40496887190655,#000000,0.6063294305720585,76.02324051056458,1.3388093147145106,57.5260311512164,10.207930562145343,False,True,False,False,False,13.996337448381151,76.43879999999999,75.93974999999999,0.0,0.0,0.0,0.0,0,1.21711621711622,0.7192807192807196,False,False,False,False,0.2651651938035647,0.27208035327404534,False,False,False,False,3763.0,1096.8260176867689,False,False,False,False,139.26184032074462,False,False,False,False
2025-07-02 15:50:00+00:00,76.835,76.93,76.835,76.89,111.0,,76.40860172659333,"rgba(239, 83, 80, 1.0)",0.6098950360139125,76.02930418951469,1.4112195700272547,56.8843160319247,9.556876496855182,False,True,False,True,False,14.663933360018579,76.462,75.9738,0.0,0.0,0.0,0.0,0,1.2141646899356182,0.7397492375465948,False,False,False,False,0.25982690307915685,0.26595362817660106,False,False,False,False,3874.0,1139.8829786528654,False,False,False,False,138.82367225375634,False,False,False,False
2025-07-02 15:55:00+00:00,76.86,76.86,76.81,76.81,29.0,,76.40925877894209,"rgba(239, 83, 80, 1.0)",0.6114584764870994,76.03067527014444,1.2745341831433457,55.98265784867852,8.647977908198335,False,True,False,True,False,13.230824055812068,76.4836,76.0046,0.0,0.0,0.0,0.0,0,1.1862512698950254,0.7466982729427711,False,False,False,False,0.25149353012479303,0.25872357915069705,False,False,False,False,3845.0,1181.8227774334412,False,False,False,False,137.12097966067486,False,False,False,False
2025-07-02 16:00:00+00:00,76.81,76.81,76.705,76.705,405.0,,76.46153961884264,"rgba(239, 83, 80, 1.0)",0.6119776095528745,76.08064023151297,1.0202330260794956,54.76850118411943,7.437728014598179,False,True,False,True,False,11.381739751816081,76.5031,76.0326,0.0,0.0,0.0,0.0,0,1.1795045809297622,0.7546657617916536,False,False,False,False,0.2379256827857452,0.2483246309682211,False,False,False,False,3440.0,1216.8332770081163,False,False,False,False,141.2741427667109,False,False,False,False
2025-07-02 16:05:00+00:00,76.705,76.705,76.705,76.705,0.0,,76.46153961884264,"rgba(239, 83, 80, 1.0)",0.6124950597332633,76.08064023151297,1.0193711093097289,53.775100276752895,6.450601350624588,False,True,False,True,False,11.381739751816081,76.5226,76.06060000000001,0.0,0.0,0.0,0.0,0,1.1703427214116078,0.7617916525279959,False,False,False,False,0.2294733864496301,0.2388990087089256,False,False,False,False,3440.0,1251.3009781397732,False,False,False,False,139.0838459796301,False,False,False,False
2025-07-02 16:10:00+00:00,76.705,76.705,76.705,76.705,0.0,,76.46153961884264,"rgba(239, 83, 80, 1.0)",0.6132811253725277,76.08064023151297,1.0180645427621273,52.96231771618028,5.640529393278719,False,True,False,True,False,11.381739751816081,76.5421,76.0886,0.0,0.0,0.0,0.0,0,1.1731292517006828,0.7612244897959197,False,False,False,False,0.22876956256161793,0.23383428563527175,False,False,False,False,3440.0,1285.2342963081487,False,False,False,False,136.92750728227148,False,False,False,False
2025-07-02 16:15:00+00:00,76.705,77.06,76.705,77.06,60.0,,76.66882227099623,"rgba(239, 83, 80, 0.75)",0.6183993796829411,76.30294251516622,1.2242209641638548,53.83778673163373,5.640529393278719,False,True,False,True,True,15.835801075710616,76.5681,76.1151,0.0,0.0,0.0,0.0,0,1.168722907635881,0.7455818606202077,False,False,False,False,0.2576590231152778,0.24574665437527476,False,False,False,False,3500.0,1319.5717490785648,False,False,False,False,135.7348327507634,False,False,False,False
2025-07-02 16:20:00+00:00,77.06,77.16,77.06,77.16,125.0,,76.71945687220102,#000000,0.6251135032066922,76.3332945619356,1.3224885302006442,54.91751083002121,5.640529393278719,False,True,False,False,True,17.002948958822365,76.5961,76.14259999999999,0.0,0.0,0.0,0.0,0,1.1916306874792455,0.7392892726668889,False,False,False,False,0.2950453532320708,0.2703960038036728,False,False,False,False,3625.0,1355.3148227362615,False,False,False,False,135.56840123524768,False,False,False,False
2025-07-02 16:25:00+00:00,77.16,77.16,77.16,77.16,0.0,,76.71945687220102,"rgba(38, 166, 154, 0.5)",0.6324216505968089,76.3332945619356,1.307206097837166,55.8009214559746,3.1088158579391276,False,True,True,False,True,17.002948958822365,76.6241,76.17040000000001,0.0,0.0,0.0,0.0,0,1.1957460950481908,0.7397806580259233,False,False,False,False,0.3034313658463807,0.28691368482502677,False,False,False,False,3625.0,1390.5037402132186,False,False,False,False,133.4665655571818,False,False,False,False
2025-07-02 16:30:00+00:00,77.16,77.16,77.09,77.105,130.0,,76.73616420914757,"rgba(38, 166, 154, 0.5)",0.6377750387083555,76.34675393475763,1.18889266468942,56.21729635002982,3.5353561228829236,False,False,True,False,True,15.975168620195895,76.6516,76.19765000000001,0.0,0.0,0.0,0.0,0,1.1895468078068165,0.7409857757194849,False,False,False,False,0.29720200902475263,0.2920578469248897,False,False,False,False,3495.0,1423.131589202161,False,False,False,False,133.41282035474487,False,False,False,False
2025-07-02 16:35:00+00:00,77.105,77.225,77.105,77.225,35.0,,76.83144993502273,"rgba(38, 166, 154, 1.0)",0.6431933493780263,76.4341595015875,1.2295532893448644,57.02255495679973,4.351510324140953,True,False,True,False,True,17.407543323881107,76.67739999999999,76.2218,0.0,0.0,0.0,0.0,0,1.1897858319604637,0.7416803953871509,False,False,False,False,0.3031055816179069,0.2975817142713983,False,False,False,False,3530.0,1455.7962157261586,False,False,False,False,131.88704019420618,False,False,False,False
2025-07-02 16:40:00+00:00,77.225,77.225,77.17,77.17,100.0,,76.93385881756979,"rgba(38, 166, 154, 1.0)",0.6471346894625111,76.52761162329554,0.9926656493071123,57.365465034964224,4.719668977822472,True,False,True,False,True,16.370532212361788,76.7084,76.24650000000001,0.0,0.0,0.0,0.0,0,1.1911228883736358,0.7492547201059958,False,False,False,False,0.3080143645335393,0.3027980394024688,False,False,False,False,3430.0,1486.4040263350553,False,False,False,False,131.39266747801693,False,False,False,False
2025-07-02 16:45:00+00:00,77.17,77.17,77.17,77.17,0.0,,76.93385881756979,"rgba(38, 166, 154, 1.0)",0.6505914634020966,76.52761162329554,0.9873913397898879,57.646027826189716,5.038724192051411,True,False,True,False,True,16.370532212361788,76.7388,76.2712,0.0,0.0,0.0,0.0,0,1.1837621115937214,0.7577681256264611,False,False,False,False,0.3031012746923507,0.3029496570474097,False,False,False,False,3430.0,1516.5372972445891,False,False,False,False,129.35557185820272,False,False,False,False
2025-07-02 16:50:00+00:00,77.17,77.17,77.02,77.035,80.0,,76.92544551923577,"rgba(38, 166, 154, 1.0)",0.6502378843974957,76.52616310667665,0.7825395990189524,57.097281210546385,5.038724192051411,True,False,True,False,True,13.8229962015034,76.7665,76.29305000000001,0.0,0.0,0.0,0.0,0,1.1670572480749946,0.7693337797120855,False,False,False,False,0.2897730459667865,0.2963613515070981,False,False,False,False,3350.0,1544.9630755818823,False,False,False,False,128.59036919373446,False,False,False,False
2025-07-02 16:55:00+00:00,77.035,77.08,77.035,77.06,50.0,,76.92213703456805,"rgba(38, 166, 154, 0.75)",0.6497532657137832,76.5261849793952,0.8215657369853858,56.76384291117027,5.038724192051411,True,False,True,False,False,14.143623452930655,76.7944,76.31325,0.0,0.0,0.0,0.0,0,1.1555407209612842,0.7760347129506008,False,False,False,False,0.28314657560748185,0.28975396355729,False,False,False,False,3400.0,1573.7233379759616,False,False,False,False,127.37191385739749,False,False,False,False
2025-07-02 17:00:00+00:00,77.06,77.06,77.06,77.06,0.0,,76.92213703456805,"rgba(38, 166, 154, 0.75)",0.6498226161283153,76.5261849793952,0.821478057789539,56.49102975713527,5.038724192051411,True,False,True,False,False,14.143623452930655,76.8223,76.33305,0.0,0.0,0.0,0.0,0,1.1577540106951898,0.7780748663101603,False,False,False,False,0.2835875815891722,0.2866707725732311,False,False,False,False,3400.0,1602.0377048290475,False,False,False,False,125.39715550301923,False,False,False,False
2025-07-02 17:05:00+00:00,77.06,77.06,77.06,77.06,0.0,,76.92213703456805,"rgba(38, 166, 154, 0.75)",0.6494791745680605,76.5261849793952,0.8219124515575453,56.267818994743,5.038724192051411,True,False,True,False,False,14.143623452930655,76.845,76.35034999999999,0.0,0.0,0.0,0.0,0,1.1587088096839298,0.7814391392064555,False,False,False,False,0.2835875815891722,0.28512917708120167,False,False,False,False,3400.0,1629.9130892503026,False,False,False,False,123.45301355723599,False,False,False,False
2025-07-02 17:10:00+00:00,77.06,77.06,77.01,77.01,50.0,,76.98962355549915,#000000,0.6481518910512263,76.59740757280508,0.6365674973589085,55.764739521818846,5.038724192051411,True,False,False,False,False,13.161775306893396,76.866,76.36605,0.0,0.0,0.0,0.0,0,1.1520644511581093,0.7804632426988921,False,False,False,False,0.279182323194798,0.2821557501379999,False,False,False,False,3350.0,1656.5811033704529,False,False,False,False,122.31420714549589,False,False,False,False
2025-07-02 17:15:00+00:00,77.01,77.13,77.01,77.13,50.0,,77.06113583065495,"rgba(38, 166, 154, 0.75)",0.6467596849599486,76.66999404766764,0.7112471031042059,55.98513364486606,5.038724192051411,True,False,True,False,False,14.785965684176062,76.8886,76.3841,0.0,0.0,0.0,0.0,0,1.1500837520938056,0.7822445561139032,False,False,False,False,0.2853526823179154,0.2837542162279576,False,False,False,False,3400.0,1683.6108537057946,False,False,False,False,121.1930566471161,False,False,False,False
2025-07-02 17:20:00+00:00,77.13,77.13,77.13,77.13,0.0,,77.06113583065495,"rgba(38, 166, 154, 1.0)",0.6426872076261076,76.66999404766764,0.7157540197998888,56.16545610917743,5.038724192051411,True,False,True,False,True,14.785965684176062,76.9127,76.40215,0.0,0.0,0.0,0.0,0,1.1652613827993283,0.7753794266441825,False,False,False,False,0.2959801590789684,0.289867187653463,False,False,False,False,3400.0,1710.2215381444646,False,False,False,False,119.31409452855615,False,False,False,False
2025-07-02 17:25:00+00:00,77.13,77.13,77.13,77.13,0.0,,77.06113583065495,"rgba(38, 166, 154, 1.0)",0.6379620424186373,76.66999404766764,0.7210553634012157,56.31299267088673,5.038724192051411,True,False,True,False,True,14.785965684176062,76.9416,76.42020000000001,0.0,0.0,0.0,0.0,0,1.1678535096642952,0.7711088504577825,False,False,False,False,0.2959801590789684,0.2929236733662157,False,False,False,False,3400.0,1736.4196538321473,False,False,False,False,117.4642636056328,False,False,False,False
2025-07-02 17:30:00+00:00,77.13,77.13,77.13,77.13,0.0,,77.06113583065495,"rgba(38, 166, 154, 1.0)",0.6325695631720187,76.66999404766764,0.7272021594362736,56.43370440319434,5.038724192051411,True,False,True,False,True,14.785965684176062,76.96719999999999,76.43825000000001,0.0,0.0,0.0,0.0,0,1.17735849056604,0.7643224699828475,False,False,False,False,0.2959801590789684,0.29445191622259204,False,False,False,False,3400.0,1762.211597183587,False,False,False,False,115.64311223190205,False,False,False,False
2025-07-02 17:35:00+00:00,77.13,77.13,77.13,77.13,0.0,,77.06113583065495,"rgba(38, 166, 154, 1.0)",0.6264925385830881,76.66999404766764,0.7342560748971225,56.53246854780966,5.038724192051411,True,False,True,False,True,14.785965684176052,76.99430000000001,76.45344999999999,0.0,0.0,0.0,0.0,0,1.1863526151714607,0.7582265327329404,False,False,False,False,0.2959801590789684,0.2952160376507802,False,False,False,False,3400.0,1787.6036654443064,False,False,False,False,113.85019576319038,False,False,False,False
2025-07-02 17:40:00+00:00,77.13,77.18,77.13,77.18,5.0,,77.06275396830627,"rgba(38, 166, 154, 1.0)",0.6221109949916221,76.67098079582658,0.8182128402670038,56.920034601032725,5.038724192051411,True,False,True,False,True,15.506259317604691,77.01549999999999,76.46735,0.0,0.0,0.0,0.0,0,1.1843286158094597,0.747324818778046,False,False,False,False,0.3004273946224558,0.297821716136618,False,False,False,False,3405.0,1812.6795776079607,False,False,False,False,112.16259582887734,False,False,False,False
2025-07-02 17:45:00+00:00,77.18,77.18,77.105,77.105,20.0,,77.06569418949786,"rgba(38, 166, 154, 1.0)",0.6162311123135173,76.67313311472473,0.700819670811347,56.61357373333991,5.038724192051411,True,False,True,False,True,13.878928518369246,77.03339999999999,76.47855,0.0,0.0,0.0,0.0,0,1.1816620879120903,0.7486263736263734,False,False,False,False,0.29820234459914413,0.29801203036788104,False,False,False,False,3385.0,1837.0566384202402,False,False,False,False,110.73371837416606,False,False,False,False
2025-07-02 17:50:00+00:00,77.06,77.08,77.06,77.08,40.0,,77.06401310203522,"rgba(38, 166, 154, 0.75)",0.6094858045478272,76.67355863919391,0.6668594375345958,56.16042216547181,5.038724192051411,True,False,True,False,False,13.338671074191506,77.04899999999999,76.48785,0.0,0.0,0.0,0.0,0,1.1797329681615911,0.7545361177678878,False,False,False,False,0.2853526823179154,0.2916823563428982,False,False,False,False,3345.0,1860.435605266438,False,False,False,False,109.63707157766736,False,False,False,False
2025-07-02 17:55:00+00:00,77.08,77.19,77.08,77.13,13.0,,77.07884510100355,"rgba(38, 166, 154, 0.75)",0.6026202321060131,76.73211906178643,0.6602515432033579,56.130108663047245,5.038724192051411,True,False,True,False,False,14.094223069647054,77.0543,76.49465000000001,0.0,0.0,0.0,0.0,0,1.179748555895347,0.7488956846755013,False,False,False,False,0.29686869130645205,0.29427552382467514,False,False,False,False,3358.0,1883.653657897966,False,False,False,False,108.13882240592056,False,False,False,False
2025-07-02 18:00:00+00:00,77.13,77.18,77.13,77.18,30.0,,77.0855308399911,"rgba(38, 166, 154, 0.75)",0.595623429919967,76.73647827644865,0.7446344473234566,56.435764342838745,5.038724192051411,True,False,True,False,False,14.846343579427717,77.0681,76.50005,0.0,0.0,0.0,0.0,0,1.1825262444971234,0.7504232983406701,False,False,False,False,0.3002717955266671,0.2972736596756711,False,False,False,False,3388.0,1906.9768570003232,False,False,False,False,106.92736779497605,False,False,False,False
2025-07-02 18:05:00+00:00,77.18,77.18,77.18,77.18,0.0,,77.0855308399911,"rgba(38, 166, 154, 1.0)",0.5878994291016862,76.73647827644865,0.754417680297904,56.68584626266816,5.107737024638382,True,False,True,False,True,14.846343579427717,77.0769,76.50545,0.0,0.0,0.0,0.0,0,1.1971733884867322,0.7559462254395029,False,False,False,False,0.3034942074889153,0.3003839335822932,False,False,False,False,3388.0,1929.9384561165973,False,False,False,False,105.26957914699192,False,False,False,False
2025-07-02 18:10:00+00:00,77.18,77.18,77.16,77.16,50.0,,77.09233930078554,"rgba(38, 166, 154, 1.0)",0.579207870074381,76.74157158383007,0.7224149356192225,56.70047616761091,5.185065144230727,True,False,True,False,True,14.386606814385935,77.0761,76.51065,0.0,0.0,0.0,0.0,0,1.1776247848537027,0.7562822719449219,False,False,False,False,0.3003279179198606,0.3003559257510769,False,False,False,False,3338.0,1951.7688676496732,False,False,False,False,104.41268644703854,False,False,False,False
2025-07-02 18:15:00+00:00,77.16,77.16,76.89,76.89,69.0,,77.07220109056502,#000000,0.5678726145057942,76.73313302622083,0.276236201169326,54.598575838912986,6.111104208054137,False,True,False,False,False,8.500785394134759,77.0713,76.51355000000001,0.0,0.0,0.0,0.0,0,1.1587628865979407,0.7749140893470793,False,False,False,False,0.26886479896809373,0.2846103623595853,False,False,False,False,3269.0,1972.1910557481278,False,False,False,False,103.86365254863483,False,False,False,False
2025-07-02 18:20:00+00:00,76.845,76.845,76.79,76.79,21.0,,77.04228253204465,"rgba(239, 83, 80, 1.0)",0.5563751165082838,76.75665948594272,0.05992452406305637,52.27040302271703,3.8353163427190324,False,True,False,True,False,6.473289236316564,77.06450000000001,76.51535,0.0,0.0,0.0,0.0,0,1.138860103626946,0.8044905008635574,False,False,False,False,0.2253151610333337,0.2549627616964595,False,False,False,False,3248.0,1991.9710393799396,False,False,False,False,102.57894475718312,False,False,False,False
2025-07-02 18:25:00+00:00,76.84,76.93,76.84,76.93,27.0,,77.0394966947493,"rgba(239, 83, 80, 1.0)",0.5446283384348988,76.75568368489122,0.3200647171789049,51.410458576369905,3.0279529067595803,False,True,False,True,False,8.770612845838915,77.0619,76.51854999999999,0.0,0.0,0.0,0.0,0,1.125555935682521,0.7971262401642142,False,False,False,False,0.23879952778442406,0.24688114474044176,False,False,False,False,3275.0,2011.862961250018,False,False,False,False,101.40717817180044,False,False,False,False
2025-07-02 18:30:00+00:00,76.91,76.91,76.9,76.905,102.0,,77.0210212862772,"rgba(239, 83, 80, 1.0)",0.532070213140182,76.7480456679643,0.29498800752137505,50.548937679340526,2.2186933117512098,False,True,False,True,False,8.26199103637379,77.0566,76.5249,0.0,0.0,0.0,0.0,0,1.1280300443837512,0.7975418231478314,False,False,False,False,0.2352185994838926,0.24104987211216716,False,False,False,False,3173.0,2029.8650858818007,False,False,False,False,101.41636920789655,False,False,False,False
2025-07-02 18:35:00+00:00,76.905,77.01,76.905,77.01,4.0,,77.02094915977943,"rgba(239, 83, 80, 1.0)",0.5183832541638664,76.7480895791015,0.5052447562584834,50.57059379887783,2.2186933117512098,False,True,False,True,False,9.954548541799198,77.05199999999999,76.53425,0.0,0.0,0.0,0.0,0,1.1319761319761341,0.8202878202878188,False,False,False,False,0.23965101777837786,0.24035044494527252,False,False,False,False,3177.0,2047.6501233099898,False,False,False,False,99.90603790234776,False,False,False,False
2025-07-02 18:40:00+00:00,77.01,77.01,77.01,77.01,10.0,,77.02142571512708,"rgba(239, 83, 80, 0.75)",0.5090856757212305,76.74854945774618,0.5135688445435521,50.588312442135624,2.2186933117512098,False,True,False,True,True,9.95454854179922,77.0472,76.54554999999999,0.0,0.0,0.0,0.0,0,1.1038961038961068,0.8202878202878188,False,False,False,False,0.2518721703590933,0.24611130765218292,False,False,False,False,3177.0,2065.159423723788,False,False,False,False,98.51214584184623,False,False,False,False
2025-07-02 18:45:00+00:00,77.01,77.04,76.965,77.04,20.0,,77.0223427754086,"rgba(239, 83, 80, 0.75)",0.4903489932022353,76.7494562709895,0.5925243714953017,50.81178126182035,2.2186933117512098,False,True,False,True,True,10.441631057868321,77.043,76.55715000000001,0.0,0.0,0.0,0.0,0,1.1043878273177659,0.8273177636234949,False,False,False,False,0.25012185392887193,0.24811658079052742,False,False,False,False,3197.0,2082.7073396350474,False,False,False,False,97.29490327065481,False,False,False,False
2025-07-02 18:50:00+00:00,76.98,77.005,76.975,77.005,0.0,,77.0223427754086,#000000,0.4709609019552223,76.7494562709895,0.5426007295926107,50.731848267058616,2.2186933117512098,False,True,False,False,True,9.686675465488722,77.03309999999999,76.5684,0.0,0.0,0.0,0.0,0,1.1014441704825657,0.8154279675942219,False,False,False,False,0.24005277481942394,0.24408467780497567,False,False,False,False,3197.0,2099.983194834504,False,False,False,False,95.78645515793148,False,False,False,False
2025-07-02 18:55:00+00:00,76.995,77.06,76.975,77.02,204.0,,77.02562119363554,#000000,0.4500721363595265,76.7556209443346,0.5874148482149313,50.778879651215604,2.2186933117512098,False,True,False,False,True,9.938081605325564,77.0279,76.58095,0.0,0.0,0.0,0.0,0,1.1039711191335755,0.8379061371841139,False,False,False,False,0.24329535688683407,0.24369001734590487,False,False,False,False,3401.0,2120.1539980153643,False,False,False,False,97.4641845353279,False,False,False,False
2025-07-02 19:00:00+00:00,76.995,77.09,76.985,77.09,87.0,,77.02919616849806,#000000,0.4283368948558959,76.75947909790582,0.7716377133596559,51.332658486776815,2.2186933117512098,False,True,False,False,True,11.109179658445367,77.0241,76.5942,0.0,0.0,0.0,0.0,0,1.081676906396821,0.8362847849656646,False,False,False,False,0.24850517362758417,0.24609759548674454,False,False,False,False,3488.0,2141.360912774816,False,False,False,False,97.30194911617554,False,False,False,False
2025-07-02 19:05:00+00:00,77.155,77.17,77.06,77.13,106.0,,77.03901684290085,"rgba(38, 166, 154, 0.5)",0.4048125136040901,76.76726824730316,0.8960487645685424,52.068721135268284,2.2186933117512098,False,True,True,False,True,11.77277963122685,77.0252,76.6071,0.0,0.0,0.0,0.0,0,1.0864108999641462,0.8232341340982418,False,False,False,False,0.26674419591158455,0.25642089569916454,False,False,False,False,3594.0,2163.8824490108655,False,False,False,False,97.43680261825033,False,False,False,False
2025-07-02 19:10:00+00:00,77.17,77.17,77.06,77.06,503.0,,77.05789331042561,"rgba(38, 166, 154, 0.5)",0.3886787737817386,76.78894551295778,0.6973740407919239,52.08077957433112,2.2186933117512098,False,True,True,False,True,10.192688298031559,77.0294,76.61930000000001,0.0,0.0,0.0,0.0,0,1.0866594750089908,0.8335131247752589,False,False,False,False,0.2615736677216296,0.25899728171039704,False,False,False,False,3091.0,2178.256364530077,False,False,False,False,103.72460412804489,False,False,False,False
2025-07-02 19:15:00+00:00,77.05,77.05,76.92,76.92,441.0,,77.0375058397505,#000000,0.37218079012735755,76.7856292040363,0.36103635525552963,51.0468954543459,2.2186933117512098,False,True,False,False,False,7.140170523768457,77.0299,76.6301,0.0,0.0,0.0,0.0,0,1.0667629014796127,0.8545651389390099,False,False,False,False,0.21779013185067164,0.23839370678053434,False,False,False,False,2650.0,2185.5702193435645,False,False,False,False,108.95368003303643,False,False,False,False
2025-07-02 19:20:00+00:00,76.92,76.92,76.92,76.92,0.0,,77.0375058397505,"rgba(239, 83, 80, 1.0)",0.3559137206906434,76.7856292040363,0.37753755517758786,50.20099026526708,1.7745324655803572,False,True,False,True,False,7.140170523768457,77.02690000000001,76.64165,0.0,0.0,0.0,0.0,0,1.053203040173726,0.8639160332971388,False,False,False,False,0.19029626591200868,0.21434498634627153,False,False,False,False,2650.0,2192.7706810591685,False,False,False,False,107.26447569143896,False,False,False,False
2025-07-02 19:25:00+00:00,76.92,77.0,76.92,76.92,336.0,,77.0248162017285,"rgba(239, 83, 80, 1.0)",0.33543003190767545,76.7839938715113,0.40546795322768553,49.50888601965714,1.0907355838631432,False,True,False,True,False,7.140170523768457,77.0227,76.65445000000001,0.0,0.0,0.0,0.0,0,1.053499450348115,0.8746793697325008,False,False,False,False,0.19500120680737285,0.2046730965768222,False,False,False,False,2650.0,2199.859507709414,False,False,False,False,110.8107628900213,False,False,False,False
2025-07-02 19:30:00+00:00,76.92,76.92,76.745,76.745,200.0,,77.00781714742543,"rgba(239, 83, 80, 1.0)",0.30181094553730436,76.77684878064893,-0.10552559845776747,47.76738044044085,-0.6076143588656109,False,True,False,True,False,3.408930439798933,77.0147,76.66550000000001,0.0,0.0,0.0,0.0,0,1.0222465353756407,0.8891320204230467,False,False,False,False,0.15299871273445217,0.1788359046556372,False,False,False,False,2450.0,2203.73765487671,False,False,False,False,112.19354175994344,False,False,False,False
2025-07-02 19:35:00+00:00,76.72,76.91,76.72,76.76,349.0,76.79666666666667,76.98296689317219,"rgba(239, 83, 80, 1.0)",0.27310897735663225,76.76667142473919,-0.024427702098088738,46.478471123735225,-1.8391503825220994,False,True,False,True,False,3.6922401904237354,77.0097,76.6767,1.0,76.91,76.72,0.0,0,1.021106259097528,0.8930131004366797,False,False,False,False,0.14727844781503704,0.1630571762353371,False,False,False,False,2799.0,2212.966528444513,False,False,False,False,115.86495971715362,False,False,False,False
2025-07-02 19:40:00+00:00,76.76,76.76,76.76,76.76,0.0,76.79666666666667,76.98296689317219,"rgba(239, 83, 80, 1.0)",0.23535621841969398,76.76667142473919,-0.028346073810910737,45.423908955521526,-2.832427103257011,False,True,False,True,False,3.6922401904237354,77.0074,76.6879,0.0,0.0,0.0,0.0,0,1.0237833882180776,0.8975484815221348,False,False,False,False,0.12936083244344365,0.14620900433939038,False,False,False,False,2799.0,2222.0523187011877,False,False,False,False,114.0686037525466,False,False,False,False
2025-07-02 19:45:00+00:00,76.91,76.925,76.86,76.925,226.0,76.83859130434783,76.97738540523665,"rgba(239, 83, 80, 0.75)",0.21211510983210688,76.76639696196398,0.7477215468598972,45.98884317890477,-2.832427103257011,False,True,False,True,True,6.7841614603051354,77.0074,76.69985,0.0,0.0,0.0,0.0,0,1.0234996384671027,0.8886478669558909,False,False,False,False,0.17268909652403494,0.15944905043171265,False,False,False,False,3025.0,2234.5011199616342,False,False,False,False,115.80397423700323,False,False,False,False
2025-07-02 19:50:00+00:00,76.925,77.21,76.925,77.205,298.0,76.93237495227186,76.98908389694257,#000000,0.19180926148665653,76.77816001270955,2.225335648456909,48.2446881562483,-3.637689174426029,False,True,False,False,True,11.548284953922508,77.0125,76.7146,0.0,0.0,0.0,0.0,0,1.0276301806588755,0.870704923839885,False,False,False,False,0.22290461152326163,0.19117683097748714,False,False,False,False,3323.0,2251.377071590136,False,False,False,False,118.62871882247605,False,False,False,False
2025-07-02 19:55:00+00:00,77.205,77.285,77.145,77.285,1008.0,77.09633351054404,77.04498632542251,"rgba(38, 166, 154, 1.0)",0.17487890275814127,76.82917622076748,2.6065109744136756,50.503740374551995,-1.5001289890263791,True,False,True,False,True,12.814458080713344,77.0215,76.73015,0.0,0.0,0.0,0.0,0,1.0436649964209037,0.8843951324266263,False,False,False,False,0.27060532360948725,0.23089107729348718,False,False,False,False,4331.0,2283.619287534475,False,False,False,False,132.4174208562361,False,False,False,False
