date,Open,High,Low,Close,Volume,Gap_Up_aVWAP_94,Gap_Up_aVWAP_91,Gap_Up_aVWAP_86,Gap_Up_aVWAP_81,Gap_Up_aVWAP_79,Gap_Up_aVWAP_78,Gap_Up_aVWAP_75,Gap_Up_aVWAP_74,Gap_Up_aVWAP_69,Gap_Up_aVWAP_64,Gap_Down_aVWAP_93,Gap_Down_aVWAP_92,Gap_Down_aVWAP_87,Gap_Down_aVWAP_70,Gap_Down_aVWAP_50,Gap_Down_aVWAP_42,Gap_Down_aVWAP_33,Gap_Down_aVWAP_31,Gap_Down_aVWAP_27,Gap_Down_aVWAP_25,color,Liquidity,Liquidity_Level,StDev,StDev_Mean,StdDev_ZScore,OB,OB_High,OB_Low,OB_Mitigated_Index,FVG,FVG_High,FVG_Low,FVG_Mitigated_Index,QQEMOD,QQE1_Value,QQE1_Above_Upper,QQE1_Below_Lower,QQE2_Above_Threshold,QQE2_Below_Threshold,QQE2_Above_TL,banker_RSI,TTM_squeeze_Active,VI_plus,VI_minus,VI_Regular_Bullish,VI_Regular_Bearish,VI_Hidden_Bullish,VI_Hidden_Bearish,Fisher,Fisher_Signal,Fisher_Regular_Bullish,Fisher_Regular_Bearish,Fisher_Hidden_Bullish,Fisher_Hidden_Bearish,OBV,OBV_Smoothed,OBV_Regular_Bullish,OBV_Regular_Bearish,OBV_Hidden_Bullish,OBV_Hidden_Bearish,Volume_MA,Vol_Regular_Bullish,Vol_Regular_Bearish,Vol_Hidden_Bullish,Vol_Hidden_Bearish
2025-06-10 16:00:00+00:00,14.8,14.8,14.57,14.57,1000.0,,,,,,,,,,,,,,,,,,,,,"rgba(38, 166, 154, 1.0)",0.0,0.0,,,,0.0,0.0,0.0,0.0,0.0,0.0,0.0,0.0,,,False,False,False,False,False,,0,,,False,False,False,False,,,False,False,False,False,0.0,0.0,False,False,False,False,1000.0,False,False,False,False
2025-06-11 16:00:00+00:00,14.5,14.5,14.265,14.33,2900.0,,,,,,,,,,,,,,,,,,,,,"rgba(239, 83, 80, 1.0)",0.0,0.0,,,,0.0,0.0,0.0,0.0,0.0,0.0,0.0,0.0,0.0,,False,False,False,True,False,,0,,,False,False,False,False,,,False,False,False,False,-2900.0,-44.96124031007752,False,False,False,False,1029.4573643410852,False,False,False,False
2025-06-12 16:00:00+00:00,14.74,14.82,14.74,14.82,1800.0,,,,,,,,,,,,,,,,,,,,,"rgba(38, 166, 154, 1.0)",0.0,0.0,,,,0.0,0.0,0.0,0.0,0.0,0.0,0.0,0.0,23.222748815165872,-84.83412322274881,False,False,False,True,True,,0,,,False,False,False,False,,,False,False,False,False,-1100.0,-61.3184303827895,False,False,False,False,1041.4037617931613,False,False,False,False
2025-06-13 16:00:00+00:00,15.15,15.35,15.15,15.315,2155.0,,,,,,,,,,,,,,,,,,,,,"rgba(38, 166, 154, 1.0)",0.0,0.0,,,,0.0,0.0,0.0,0.0,0.0,0.0,0.0,0.0,43.172359903338105,-64.55719836187723,False,False,False,False,True,,0,,,False,False,False,False,,,False,False,False,False,1055.0,-44.011167896234625,False,False,False,False,1058.6688197498563,False,False,False,False
2025-06-16 16:00:00+00:00,15.12,15.12,15.03,15.03,400.0,,,,,,,,,,,,,,,,,,,,,"rgba(239, 83, 80, 1.0)",0.0,0.0,,,,0.0,0.0,0.0,0.0,0.0,0.0,0.0,0.0,50.31009856490928,-55.61457042132696,False,False,True,False,True,,0,,,False,False,False,False,,,False,False,False,False,655.0,-33.17378544823099,False,False,False,False,1048.4569000638119,False,False,False,False
2025-06-17 16:00:00+00:00,14.205,14.205,13.88,13.98,2061.0,,,,,,,,,,,,,,,,,,,,,"rgba(239, 83, 80, 1.0)",0.0,0.0,,,,0.0,0.0,0.0,0.0,0.0,0.0,0.0,0.0,44.73923329419968,-55.61457042132696,False,False,False,True,True,,0,,,False,False,False,False,,,False,False,False,False,-1406.0,-54.457912805622755,False,False,False,False,1064.1552426984815,False,False,False,False
2025-06-18 16:00:00+00:00,14.19,14.19,13.765,13.815,1632.0,,,,,,,,,,,,,,,,,,,,,"rgba(239, 83, 80, 1.0)",0.0,0.0,,,,0.0,0.0,0.0,0.0,0.0,0.0,0.0,0.0,40.14966688117593,-55.61457042132696,False,False,False,True,True,,0,,,False,False,False,False,,,False,False,False,False,-3038.0,-100.71437927375263,False,False,False,False,1072.9590373853266,False,False,False,False
2025-06-19 16:00:00+00:00,13.815,13.815,13.815,13.815,0.0,,,,,,,,,,,,,,,,,,,,,"rgba(239, 83, 80, 1.0)",0.0,0.0,,,,0.0,0.0,0.0,0.0,0.0,0.0,0.0,0.0,37.089955939160106,-55.61457042132696,False,False,False,True,True,,0,,,False,False,False,False,,,False,False,False,False,-3038.0,-146.25369122299676,False,False,False,False,1056.3240135498952,False,False,False,False
2025-06-20 16:00:00+00:00,13.93,13.93,13.815,13.84,251.0,,,,,,,,,,,,,,,,,,,,,"rgba(38, 166, 154, 1.0)",0.0,0.0,,,,0.0,0.0,0.0,0.0,0.0,0.0,0.0,0.0,35.39005471295477,-55.61457042132696,False,False,False,True,True,,0,,,False,False,False,False,,,False,False,False,False,-2787.0,-187.19549445984953,False,False,False,False,1043.8383699289666,False,False,False,False
2025-06-23 16:00:00+00:00,14.21,14.21,13.83,13.89,481.0,,,,,,,,,,,,,,,,,,,,,"rgba(239, 83, 80, 1.0)",0.0,0.0,,,,0.0,0.0,0.0,0.0,0.0,0.0,0.0,0.0,34.98603973875756,-52.27975345562697,False,False,False,True,True,,0,,,False,False,False,False,,,False,False,False,False,-2306.0,-220.04517671628597,False,False,False,False,1035.112193650998,False,False,False,False
2025-06-24 16:00:00+00:00,13.45,13.48,13.295,13.48,2229.0,,,,,,,,,,,,,,,,,,,,,"rgba(239, 83, 80, 1.0)",0.0,0.0,,,,0.0,0.0,0.0,0.0,0.0,0.0,0.0,0.0,32.10956564474907,-51.212573719498224,False,False,False,True,True,,0,,,False,False,False,False,,,False,False,False,False,-4535.0,-286.9437011082815,False,False,False,False,1053.6220821215252,False,False,False,False
2025-06-25 16:00:00+00:00,13.48,13.615,13.44,13.445,358.0,,,,,,,,,,,,,,,,,,,,,"rgba(239, 83, 80, 1.0)",0.0,0.0,,,,0.0,0.0,0.0,0.0,0.0,0.0,0.0,0.0,30.002986134303026,-49.67298715513115,False,False,False,True,True,,0,,,False,False,False,False,,,False,False,False,False,-4893.0,-358.3554266724942,False,False,False,False,1042.837243639021,False,False,False,False
2025-06-26 16:00:00+00:00,13.555,13.62,13.505,13.62,131.0,,,,,,,,,,,,,,,,,,,,,"rgba(239, 83, 80, 1.0)",0.0,0.0,,,,0.0,0.0,0.0,0.0,0.0,0.0,0.0,0.0,31.267952184133833,-45.01393249082567,False,False,False,True,True,,0,,,False,False,False,False,,,False,False,False,False,-4762.0,-426.62898594888964,False,False,False,False,1028.7002321097336,False,False,False,False
2025-06-27 16:00:00+00:00,13.125,13.255,13.125,13.255,29.0,,,,,,,,,,,,,,,,,,,,,"rgba(239, 83, 80, 1.0)",0.0,0.0,,,,0.0,0.0,0.0,0.0,0.0,0.0,0.0,0.0,29.83502604980016,-43.36665913833053,False,False,False,True,True,,0,,,False,False,False,False,,,False,False,False,False,-4791.0,-494.293652833403,False,False,False,False,1013.2010037049315,False,False,False,False
2025-06-30 16:00:00+00:00,13.535,13.64,13.45,13.45,418.0,,,,,,,,,,,,,,,,,,,,,"rgba(38, 166, 154, 1.0)",0.0,0.0,,,,0.0,0.0,0.0,0.0,0.0,0.0,0.0,0.0,31.515796276687357,-38.954570855036394,False,False,False,True,True,,0,,,False,False,False,False,,,False,False,False,False,-4373.0,-554.4286349600169,False,False,False,False,1003.9730811668705,False,False,False,False
2025-07-01 16:00:00+00:00,13.45,13.645,13.45,13.645,6.0,,,,,,,,,,,,,,,,,,,,,"rgba(239, 83, 80, 1.0)",0.0,0.0,,,,0.0,0.0,0.0,0.0,0.0,0.0,0.0,0.0,34.99357947938587,-33.25770773123834,False,False,False,True,True,,0,,,False,False,False,False,,,False,False,False,False,-4367.0,-613.5382685265282,False,False,False,False,988.5006302960663,False,False,False,False
2025-07-02 16:00:00+00:00,13.645,13.645,13.385,13.55,120.0,,,,,,,,,,,,,,,,,,,,,"rgba(239, 83, 80, 1.0)",0.0,0.0,,,,0.0,0.0,0.0,0.0,0.0,0.0,0.0,0.0,36.52662384619651,-29.72770516318009,False,False,False,True,True,,0,,,False,False,False,False,,,False,False,False,False,-4487.0,-673.5919387819308,False,False,False,False,975.0355042449645,False,False,False,False
2025-07-03 16:00:00+00:00,13.51,13.54,13.51,13.54,10.0,,,,,,,,,,,,,,,,,,,,,"rgba(239, 83, 80, 1.0)",0.0,0.0,,,,0.0,0.0,0.0,0.0,0.0,0.0,0.0,0.0,37.461441567685384,-26.958142804666565,False,False,False,True,True,,0,,,False,False,False,False,,,False,False,False,False,-4497.0,-732.8695831419008,False,False,False,False,960.0737134814766,False,False,False,False
2025-07-04 16:00:00+00:00,13.54,13.54,13.54,13.54,0.0,,,,,,,,,,,,,,,,,,,,,"rgba(239, 83, 80, 1.0)",0.0,0.0,,,,0.0,0.0,0.0,0.0,0.0,0.0,0.0,0.0,38.084653382011304,-24.646232229183383,False,False,False,True,True,,0,,,False,False,False,False,,,False,False,False,False,-4497.0,-791.2281942559797,False,False,False,False,945.18884970657,False,False,False,False
2025-07-07 16:00:00+00:00,13.75,14.04,13.75,14.04,38.0,,,,,,,,,,,,,,,,,,,,,"rgba(38, 166, 154, 1.0)",0.0,0.0,,13.943333333333333,,0.0,0.0,0.0,0.0,0.0,0.0,0.0,0.0,44.46322970073276,-17.315510910745637,False,False,False,True,True,,0,,,False,False,False,False,,,False,False,False,False,-4459.0,-848.0928734148017,False,False,False,False,931.1239063002665,False,False,False,False
2025-07-08 16:00:00+00:00,13.025,13.205,12.845,13.145,559.0,,,,,,,,,,,,,,,,,,,,,"rgba(239, 83, 80, 1.0)",0.0,0.0,,13.092953657174762,,0.0,0.0,0.0,0.0,0.0,0.0,0.0,0.0,41.609515825543966,-17.315510910745637,False,False,False,True,True,,0,,,False,False,False,False,,,False,False,False,False,-5018.0,-912.7425963075955,False,False,False,False,925.3545434118903,False,False,False,False
2025-07-09 16:00:00+00:00,13.09,13.375,13.09,13.375,16.0,,,,,,,,,,,,,,,,,,,,,"rgba(239, 83, 80, 1.0)",0.0,0.0,,13.098021211906282,,0.0,0.0,0.0,0.0,0.0,0.0,0.0,0.0,41.78460806539506,-17.315510910745637,False,False,False,True,True,,0,,,False,False,False,False,,,False,False,False,False,-5002.0,-976.1419358997257,False,False,False,False,911.2560233589927,False,False,False,False
2025-07-10 16:00:00+00:00,13.23,13.24,13.23,13.24,0.0,,,,,,,,,,,,,,,,,,,,,"rgba(239, 83, 80, 1.0)",0.0,0.0,,13.098021211906282,,0.0,0.0,0.0,0.0,0.0,0.0,0.0,0.0,41.053944780467354,-17.315510910745637,False,False,False,True,True,,0,,,False,False,False,False,,,False,False,False,False,-5002.0,-1038.5583399943037,False,False,False,False,897.1280229968378,False,False,False,False
2025-07-11 16:00:00+00:00,13.24,13.69,13.24,13.595,5308.0,,,,,,,,,,,,,,,,,,,,,"rgba(239, 83, 80, 1.0)",0.0,0.0,,13.467120050617545,,0.0,0.0,0.0,0.0,0.0,0.0,0.0,0.0,43.61651951762062,-14.810936777375879,False,False,False,True,True,,0,,,False,False,False,False,,,False,False,False,False,306.0,-1017.7124742579579,False,False,False,False,965.5136350433985,False,False,False,False
2025-07-14 16:00:00+00:00,13.62,13.67,13.45,13.45,1800.0,,,,,,,,,,,,,,,,,,,,,"rgba(239, 83, 80, 1.0)",0.0,0.0,,13.480258369502286,,0.0,0.0,0.0,0.0,0.0,0.0,0.0,0.0,44.26774938984444,-13.439292351499105,False,False,False,True,True,,0,,,False,False,False,False,,,False,False,False,False,-1494.0,-1025.0967769826407,False,False,False,False,978.4514081435009,False,False,False,False
2025-07-15 16:00:00+00:00,12.965,13.185,12.955,13.18,1053.0,,,,,,,,,,,,,,,,,,,,13.106666666666666,"rgba(239, 83, 80, 1.0)",0.0,0.0,,13.43532503936786,,0.0,0.0,0.0,0.0,0.0,0.0,0.0,0.0,42.87980133892822,-13.439292351499105,False,False,False,True,True,,0,,,False,False,False,False,,,False,False,False,False,-2547.0,-1048.6921757891114,False,False,False,False,979.607200265307,False,False,False,False
2025-07-16 16:00:00+00:00,13.3,13.3,13.175,13.25,343.0,,,,,,,,,,,,,,,,,,,,13.139836437440305,"rgba(239, 83, 80, 1.0)",0.0,0.0,,13.428024058732763,,0.0,0.0,0.0,0.0,0.0,0.0,0.0,0.0,42.62940686603375,-13.439292351499105,False,False,False,True,True,,0,,,False,False,False,False,,,False,False,False,False,-2204.0,-1066.6039250016831,False,False,False,False,969.7373211914263,False,False,False,False
2025-07-17 16:00:00+00:00,12.935,13.12,12.9,13.06,1523.0,,,,,,,,,,,,,,,,,,,13.026666666666666,13.080789653991092,"rgba(239, 83, 80, 1.0)",0.0,0.0,,13.370471442944279,,0.0,0.0,0.0,0.0,0.0,0.0,0.0,0.0,41.14856619363001,-13.439292351499105,False,False,False,True,True,,0,,,False,False,False,False,,,False,False,False,False,-3727.0,-1107.8503757768508,False,False,False,False,978.3150371419467,False,False,False,False
2025-07-18 16:00:00+00:00,13.13,13.52,13.13,13.505,375.0,,,,,,,,,,,,,,,,,,,13.09746487530734,13.115421979356405,"rgba(239, 83, 80, 1.0)",0.0,0.0,,13.37096697670157,,0.0,0.0,0.0,0.0,0.0,0.0,0.0,0.0,44.23632150268831,-11.37970200671927,False,False,False,True,True,,0,,,False,False,False,False,,,False,False,False,False,-3352.0,-1142.643393206667,False,False,False,False,968.96131563587,False,False,False,False
2025-07-21 16:00:00+00:00,13.945,14.02,13.81,13.925,2647.0,,,,,,,,,,,,,,,,,,,13.575537220388705,13.47315743701958,"rgba(239, 83, 80, 1.0)",0.0,0.0,,13.477166874222895,,0.0,0.0,0.0,0.0,0.0,0.0,0.0,0.0,49.16350127180621,-6.549736624375761,False,False,False,False,True,,0,,,False,False,False,False,,,False,False,False,False,-705.0,-1135.858224319742,False,False,False,False,994.9774192694224,False,False,False,False
2025-07-22 16:00:00+00:00,14.01,14.13,14.01,14.12,1128.0,,,,,,,,,,,,,,,,,,,13.677168458781361,13.571055076154098,"rgba(38, 166, 154, 1.0)",0.0,0.0,,13.711363546192446,,0.0,0.0,0.0,0.0,0.0,0.0,0.0,0.0,53.58369322553268,-2.4052515577102795,False,False,True,False,True,,0,,,False,False,False,False,,,False,False,False,False,423.0,-1111.689879756645,False,False,False,False,997.0397848621445,False,False,False,False
2025-07-23 16:00:00+00:00,13.92,13.92,13.69,13.77,3436.0,,,,,,,,,,,,,,,,,,13.793333333333333,13.720986935997365,13.643758369030618,"rgba(38, 166, 154, 1.0)",0.0,0.0,,13.671673525780747,,0.0,0.0,0.0,0.0,0.0,0.0,0.0,0.0,53.54018157957729,-2.390008984650507,False,False,True,False,True,,0,,,False,False,False,False,,,False,False,False,False,-3013.0,-1141.1675560394879,False,False,False,False,1034.8531215309486,False,False,False,False
2025-07-24 16:00:00+00:00,13.695,13.81,13.57,13.57,1299.0,,,,,,,,,,,,,,,,,,13.754011263639564,13.712127209838586,13.644445244549868,"rgba(38, 166, 154, 1.0)",0.0,0.0,,13.659081511220101,,0.0,0.0,0.0,0.0,0.0,0.0,0.0,0.0,52.004303615310064,-2.390008984650507,False,False,True,False,True,,0,,,False,False,False,False,,,False,False,False,False,-4312.0,-1190.3277489691081,False,False,False,False,1038.9484219723292,False,False,False,False
2025-07-25 16:00:00+00:00,13.06,13.35,13.06,13.32,392.0,,,,,,,,,,,,,,,,,13.243333333333334,13.71496586697874,13.695111728395062,13.631552831529461,"rgba(38, 166, 154, 1.0)",0.0,0.0,,13.64265988105039,,0.0,0.0,0.0,0.0,0.0,0.0,0.0,0.0,49.24673879196112,-2.390008984650507,False,False,False,False,False,,0,,,False,False,False,False,,,False,False,False,False,-4704.0,-1244.8032877447808,False,False,False,False,1028.918213879735,False,False,False,False
2025-07-28 16:00:00+00:00,13.05,13.23,12.935,12.96,1841.0,,,,,,,,,,,,,,,,,13.077068965517242,13.537074961729813,13.59994581124911,13.554187266984872,"rgba(239, 83, 80, 1.0)",0.0,0.0,,13.556546419208663,,0.0,0.0,0.0,0.0,0.0,0.0,0.0,0.0,45.26706763152018,1.1869486143290118,False,False,False,True,False,,0,,,False,False,False,False,,,False,False,False,False,-6545.0,-1326.9768801828461,False,False,False,False,1041.5086291684213,False,False,False,False
2025-07-29 16:00:00+00:00,12.915,13.1,12.915,13.075,601.0,,,,,,,,,,,,,,,,,13.067087155963304,13.496811776104284,13.574078311433318,13.53266543699048,"rgba(239, 83, 80, 1.0)",0.0,0.0,,13.534170693684208,,0.0,0.0,0.0,0.0,0.0,0.0,0.0,0.0,43.661808510281865,-0.4017173695124896,False,False,False,True,False,,0,,,False,False,False,False,,,False,False,False,False,-5944.0,-1398.5586339784609,False,False,False,False,1034.6790380185232,False,False,False,False
2025-07-30 16:00:00+00:00,12.935,13.11,12.685,12.685,322.0,,,,,,,,,,,,,,,,,13.042557562315167,13.469465847167658,13.55633527474688,13.517469474153296,"rgba(239, 83, 80, 1.0)",0.0,0.0,,13.51876851046962,,0.0,0.0,0.0,0.0,0.0,0.0,0.0,0.0,40.42634791661756,-3.540471260684633,False,False,False,True,False,,0,,,False,False,False,False,,,False,False,False,False,-6266.0,-1474.022841203601,False,False,False,False,1023.6297506073832,False,False,False,False
2025-07-31 16:00:00+00:00,12.725,12.86,12.725,12.845,933.0,,,,,,,,,,,,,,,,,12.98949417135404,13.399737647325475,13.50830252236095,13.475937414794773,"rgba(239, 83, 80, 1.0)",0.0,0.0,,13.477431322178704,,0.0,0.0,0.0,0.0,0.0,0.0,0.0,0.0,39.78844171373099,-4.294021786595472,False,False,False,True,False,,0,,,False,False,False,False,,,False,False,False,False,-5333.0,-1533.8519444407546,False,False,False,False,1022.2246381948656,False,False,False,False
2025-08-01 16:00:00+00:00,13.13,13.13,12.91,13.01,1590.0,,,,,,,,,,,,,,,,,12.997101895873687,13.341250720184364,13.459710428710554,13.434168811607467,"rgba(239, 83, 80, 1.0)",0.0,0.0,,13.43687632078776,,0.0,0.0,0.0,0.0,0.0,0.0,0.0,0.0,40.88230907804055,-4.294021786595472,False,False,False,True,False,,0,,,False,False,False,False,,,False,False,False,False,-3743.0,-1568.1023018912854,False,False,False,False,1031.0273569825422,False,False,False,False
2025-08-04 16:00:00+00:00,13.495,13.83,13.495,13.64,742.0,,,,,,,,,,,,,,,,,13.073127498312827,13.362118590892791,13.468320854873534,13.44315957933242,"rgba(239, 83, 80, 1.0)",0.0,0.0,,13.445671099162924,,0.0,0.0,0.0,0.0,0.0,0.0,0.0,0.0,46.19425686432872,-9.69564960952026,False,False,False,True,True,,0,,,False,False,False,False,,,False,False,False,False,-3001.0,-1590.3177700790175,False,False,False,False,1026.5463126882391,False,False,False,False
2025-08-05 16:00:00+00:00,13.64,13.64,13.425,13.455,317.0,,,,,,,,,,,,,,,,,13.093524042742652,13.366112466951392,13.469029802869477,13.444245316938124,"rgba(239, 83, 80, 1.0)",0.0,0.0,,13.446747952430725,,0.0,0.0,0.0,0.0,0.0,0.0,0.0,0.0,48.336235559504246,-7.643438646167191,False,False,False,False,True,,0,,,False,False,False,False,,,False,False,False,False,-3318.0,-1617.1035410855443,False,False,False,False,1015.5455946620649,False,False,False,False
2025-08-06 16:00:00+00:00,13.585,13.675,13.545,13.66,616.0,,,,,,,,,,,,,,,,,13.138182168434412,13.379389114070642,13.474496772135273,13.450110832724363,"rgba(239, 83, 80, 1.0)",0.0,0.0,,13.452421209915075,,0.0,0.0,0.0,0.0,0.0,0.0,0.0,0.0,51.096187574498025,-4.977746212812299,True,False,True,False,True,,0,,,False,False,False,False,,,False,False,False,False,-2702.0,-1633.9236412237528,False,False,False,False,1009.351089318467,False,False,False,False
2025-08-07 16:00:00+00:00,12.255,12.41,11.89,12.09,14086.0,,,,,,,,,,,,,,,,12.129999999999999,12.475810245646764,12.70703400191022,12.879841486644898,12.890759335017847,"rgba(239, 83, 80, 1.0)",0.0,0.0,,12.922440951662649,,0.0,0.0,0.0,0.0,0.0,0.0,0.0,0.0,44.99403925500766,1.495556655023492,True,False,False,True,False,,0,,,False,False,False,False,,,False,False,False,False,-16788.0,-1868.8705615148574,False,False,False,False,1212.089832119731,False,False,False,False
2025-08-08 16:00:00+00:00,12.15,12.15,11.705,11.705,1391.0,,,,,,,,,,,,,,,,12.105134500656888,12.437885258347569,12.663955657936105,12.836883730958615,12.849094557528511,"rgba(239, 83, 80, 1.0)",0.0,0.0,,12.882572773580115,,0.0,0.0,0.0,0.0,0.0,0.0,0.0,0.0,39.788980959978566,-3.175402994371794,True,False,False,True,False,,0,,,False,False,False,False,,,False,False,False,False,-18179.0,-2121.7407853673403,False,False,False,False,1214.8636331721384,False,False,False,False
2025-08-11 16:00:00+00:00,11.82,11.82,11.56,11.565,841.0,,,,,,,,,,,,,,,,12.081591800465741,12.409834685141378,12.633887774140177,12.807553599374025,12.820629110760327,"rgba(239, 83, 80, 1.0)",0.0,0.0,,12.553572743891998,,0.0,0.0,0.0,0.0,0.0,0.0,0.0,0.0,35.919215618997185,-6.597793309875385,True,False,False,True,False,,0,,,False,False,False,False,,,False,False,False,False,-19020.0,-2383.729300322885,False,False,False,False,1209.0672977741208,False,False,False,False
2025-08-12 16:00:00+00:00,11.795,12.04,11.795,11.86,1214.0,,,,,,,,,,,,,,,,12.068902102821506,12.384882397063945,12.603741489708879,12.776279348708943,12.790112155900792,"rgba(239, 83, 80, 1.0)",0.0,0.0,,12.568467116601258,,0.0,0.0,0.0,0.0,1.0,11.94,11.82,0.0,35.45145094373808,-7.031781144147892,False,False,False,True,False,,0,,,False,False,False,False,,,False,False,False,False,-17806.0,-2622.8342724109025,False,False,False,False,1209.1437737776228,False,False,False,False
2025-08-13 16:00:00+00:00,12.145,12.165,11.94,12.01,771.0,,,,,,,,,,,,,,,,12.067614416580158,12.3744685011238,12.589397922698957,12.760503489070661,12.774639491738075,"rgba(239, 83, 80, 1.0)",0.0,0.0,,12.573764899927127,,0.0,0.0,0.0,0.0,0.0,0.0,0.0,0.0,36.18827573889127,-7.031781144147892,False,False,False,True,False,,0,,,False,False,False,False,,,False,False,False,False,-17035.0,-2846.2787022960047,False,False,False,False,1202.3508470523882,False,False,False,False
2025-08-14 16:00:00+00:00,12.095,12.11,11.96,11.98,1062.0,,,,,,,,,,,,,,,,12.064820380411394,12.360246952855023,12.570060458659206,12.73922639408876,12.753743737507463,"rgba(239, 83, 80, 1.0)",0.0,0.0,,12.569124734807854,,0.0,0.0,0.0,0.0,0.0,0.0,0.0,0.0,36.54524113089736,-7.031781144147892,False,False,False,True,False,,0,,,False,False,False,False,,,False,False,False,False,-18097.0,-3082.7239937332756,False,False,False,False,1200.1748649275448,False,False,False,False
2025-08-15 16:00:00+00:00,12.18,12.3,12.1,12.225,750.0,,,,,,,,,,,,,,,,12.070171348081862,12.356099178467849,12.561636183910903,12.728714215310966,12.743327986148245,"rgba(239, 83, 80, 1.0)",0.0,0.0,,12.573763682175422,,0.0,0.0,0.0,0.0,0.0,0.0,0.0,0.0,38.6541660279383,-7.031781144147892,False,False,False,True,True,,0,,,False,False,False,False,,,False,False,False,False,-17347.0,-3303.875559721907,False,False,False,False,1193.1954096573504,False,False,False,False
2025-08-18 16:00:00+00:00,12.925,13.075,12.925,13.075,8093.0,,,,,,,,,,,,,,,,12.34411591274343,12.508323866299234,12.654695304034213,12.780875208469295,12.791454735464258,"rgba(38, 166, 154, 1.0)",0.0,0.0,,12.775979716588235,,0.0,0.0,0.0,0.0,1.0,12.625,12.3,0.0,44.98843428252785,-11.788094227031578,True,False,False,True,True,0.0,0,,,False,False,False,False,,,False,False,False,False,-9254.0,-3396.125551044048,False,False,False,False,1300.169124236306,False,False,False,False
2025-08-19 16:00:00+00:00,12.84,12.895,12.625,12.88,40369.0,,,,,,,,,,,,,,,12.799999999999999,12.612479718661747,12.663394573143162,12.727412499276854,12.789817270681077,12.795386618795236,"rgba(38, 166, 154, 1.0)",0.0,0.0,,12.801956993659868,,0.0,0.0,0.0,0.0,0.0,0.0,0.0,0.0,48.00793743880656,-8.906878608018722,True,False,False,False,True,0.0,0,,,False,False,False,False,,,False,False,False,False,-49623.0,-4112.821278934837,False,False,False,False,1905.8874323876812,False,False,False,False
2025-08-20 16:00:00+00:00,13.13,13.205,13.095,13.165,2670.0,,,,,,,,,,,,,,,12.822023048862658,12.632810808408307,12.6800939343435,12.741111964417138,12.800771644814946,12.806007355787846,"rgba(38, 166, 154, 1.0)",0.0,0.0,,12.814052776659672,,0.0,0.0,0.0,0.0,1.0,13.05,12.895,0.0,51.45068652094768,-5.620315816068853,True,False,True,False,True,0.0,0,,,False,False,False,False,,,False,False,False,False,-46953.0,-4777.010096315693,False,False,False,False,1917.7341388622906,False,False,False,False
2025-08-21 16:00:00+00:00,13.16,13.165,13.05,13.12,1308.0,,,,,,,,,,,,,,,12.830565990935124,12.64144347965911,12.687158184101083,12.746838129893042,12.805274127056187,12.810366632865573,"rgba(38, 166, 154, 1.0)",0.0,0.0,,12.818963962753495,,0.0,0.0,0.0,0.0,0.0,0.0,0.0,0.0,53.428705000132965,-3.657218317043828,True,False,True,False,True,0.0,0,,,False,False,False,False,,,False,False,False,False,-48261.0,-5451.180482419326,False,False,False,False,1908.2808963993093,False,False,False,False
2025-08-22 16:00:00+00:00,13.56,13.57,13.465,13.51,587.0,,,,,,,,,,,,,,,12.839507166065786,12.648454194124671,12.69319504488836,12.752128587798648,12.809857083663355,12.814847887323946,"rgba(38, 166, 154, 1.0)",0.0,0.0,,12.824008103129064,,0.0,0.0,0.0,0.0,0.0,0.0,0.0,0.0,56.696342189915974,-0.44245734085461663,True,False,True,False,True,0.0,0,,,False,False,False,False,,,False,False,False,False,-47674.0,-6105.797839281042,False,False,False,False,1887.7959212613355,False,False,False,False
2025-08-25 16:00:00+00:00,13.62,13.63,13.46,13.475,3744.0,,,,,,,,,,,,,,,12.891974505936973,12.690975686947775,12.730016005856287,12.784510162030534,12.838014203504919,12.84240119112074,"rgba(38, 166, 154, 1.0)",0.0,0.0,,12.85473711527819,,0.0,0.0,0.0,0.0,0.0,0.0,0.0,0.0,58.586793130536826,1.5106597102349397,True,False,True,False,True,0.0,0,,,False,False,False,False,,,False,False,False,False,-51418.0,-6808.3126014627305,False,False,False,False,1916.5742790712372,False,False,False,False
2025-08-26 16:00:00+00:00,13.735,13.93,13.73,13.89,13394.0,,,,,,,,,,,,,,,13.098698849722904,12.862929294048145,12.883661924466205,12.923919269179796,12.963470394229407,12.965720133774376,"rgba(38, 166, 154, 1.0)",0.0,0.0,,12.98885358085883,,0.0,0.0,0.0,0.0,1.0,13.79,13.63,0.0,61.78085148738354,4.708463878909036,True,False,True,False,True,1.7193992484640717,0,,,False,False,False,False,,,False,False,False,False,-38024.0,-7292.276747176486,False,False,False,False,2094.518863891838,False,False,False,False
2025-08-27 16:00:00+00:00,13.87,13.94,13.79,13.93,1688.0,,,,,,,,,,,,,,,13.119559729192808,12.881719184933889,12.900708218387335,12.939536840385559,12.9776721194447,12.979709278956621,"rgba(38, 166, 154, 1.0)",0.0,0.0,,13.003749114590176,,0.0,0.0,0.0,0.0,0.0,0.0,0.0,0.0,64.08466803514854,7.06719159580603,True,False,True,False,True,2.0168646137234987,0,,,False,False,False,False,,,False,False,False,False,-36336.0,-7742.567030165998,False,False,False,False,2088.2162458470034,False,False,False,False
2025-08-28 16:00:00+00:00,13.885,13.975,13.82,13.88,812.0,,,,,,,,,,,,,,,13.129269058828388,12.890558130344184,12.908744032995788,12.946909175574607,12.98438597998951,12.986324632088005,"rgba(38, 166, 154, 1.0)",0.0,0.0,,13.010773184642648,,0.0,0.0,0.0,0.0,0.0,0.0,0.0,0.0,65.10311756095237,8.29963837484766,True,False,True,False,True,1.6201535239629692,0,,,False,False,False,False,,,False,False,False,False,-37148.0,-8198.46521574482,False,False,False,False,2068.4299474617783,False,False,False,False
2025-08-29 16:00:00+00:00,13.94,14.03,13.89,14.01,1151.0,,,,,,,,,,,,,,,13.144109444182403,12.903866951982485,12.920879876914979,12.95808867823681,12.99461146475906,12.996404159555752,"rgba(38, 166, 154, 1.0)",0.0,0.0,,13.021479798852448,,0.0,0.0,0.0,0.0,1.0,14.01,13.975,0.0,66.46119064584865,9.931001560770689,True,False,True,False,True,2.609430209153956,0,,,False,False,False,False,,,False,False,False,False,-35997.0,-8629.45025115963,False,False,False,False,2054.2062273460915,False,False,False,False
2025-09-01 16:00:00+00:00,14.01,14.01,14.01,14.01,0.0,,,,,,,,,,,,,,,13.144109444182403,12.903866951982485,12.920879876914979,12.95808867823681,12.99461146475906,12.996404159555752,"rgba(38, 166, 154, 1.0)",0.0,0.0,,13.021479798852448,,0.0,0.0,0.0,0.0,0.0,0.0,0.0,0.0,67.36657270244616,11.181958639768695,True,False,True,False,True,2.609430209153956,0,,,False,False,False,False,,,False,False,False,False,-35997.0,-9053.753348040875,False,False,False,False,2022.358068782586,False,False,False,False
2025-09-02 16:00:00+00:00,14.075,14.33,14.075,14.165,540.0,,,,,,,,,,,,,,,13.152632766400556,12.911218539728242,12.927610295441529,12.964331472097099,13.000362979991035,13.002076494556851,"rgba(38, 166, 154, 1.0)",0.0,0.0,,13.027525432951624,,0.0,0.0,0.0,0.0,0.0,0.0,0.0,0.0,68.84916716467833,12.98484623262106,True,False,True,False,True,3.8010852206688774,0,,,False,False,False,False,,,False,False,False,False,-35457.0,-9463.106009311558,False,False,False,False,1999.3757731425458,False,False,False,False
2025-09-03 16:00:00+00:00,14.525,14.525,14.255,14.5,206.0,,,,,,,,,,,,,,,13.156581238371773,12.91451588030884,12.930636881601346,12.967152979412923,13.002976117420708,13.004654485293045,"rgba(38, 166, 154, 1.0)",0.0,0.0,,13.030282136076472,,0.0,0.0,0.0,0.0,0.0,0.0,0.0,0.0,71.45542267035268,15.770036628607173,True,False,True,False,True,6.295345340463946,0,,,False,False,False,False,,,False,False,False,False,-35251.0,-9862.918319244713,False,False,False,False,1971.571497589948,False,False,False,False
2025-09-04 16:00:00+00:00,14.215,14.28,14.1,14.26,450.0,,,,,,,,,,,,,,,13.163687418122407,12.920659959843158,12.936269275930826,12.972383366288614,13.00780086338498,13.00941368800222,"rgba(38, 166, 154, 1.0)",0.0,0.0,,13.03534882120752,,0.0,0.0,0.0,0.0,1.0,14.72,14.525,0.0,70.07832500019957,15.770036628607173,True,False,True,False,True,4.265363361079412,0,,,False,False,False,False,,,False,False,False,False,-35701.0,-10263.508732899832,False,False,False,False,1947.9812418133595,False,False,False,False
2025-09-05 16:00:00+00:00,14.72,15.09,14.72,15.03,7272.0,,,,,,,,,,,,,,,13.338450193868978,13.06453949745603,13.06947392478262,13.097785051708478,13.125138702795974,13.125307496346023,"rgba(38, 166, 154, 1.0)",0.0,0.0,,13.158928964432826,,0.0,0.0,0.0,0.0,0.0,0.0,0.0,0.0,72.48776866676525,17.11561210715948,True,False,True,False,True,9.610831267944516,0,,,False,False,False,False,,,False,False,False,False,-28429.0,-10545.144256420765,False,False,False,False,2030.5241682968733,False,False,False,False
2025-09-08 16:00:00+00:00,15.27,15.56,15.245,15.55,2816.0,,,,,,,,,,15.451666666666666,,,,,13.41572651403985,13.128429153004166,13.12906630599899,13.154292337288869,13.178412914610051,13.177979920615142,"rgba(38, 166, 154, 1.0)",0.0,0.0,,13.214825818522321,,0.0,0.0,0.0,0.0,0.0,0.0,0.0,0.0,75.51904554371812,20.128411064520137,True,False,True,False,True,12.847503486924452,0,,,False,False,False,False,,,False,False,False,False,-25613.0,-10778.754422987884,False,False,False,False,2042.7020881682397,False,False,False,False
2025-09-09 16:00:00+00:00,15.4,15.48,14.985,15.17,1758.0,,,,,,,,,,15.359423553417868,,,,,13.455811104763114,13.162665189658451,13.16109033736563,13.184670325824642,13.207069347015675,13.206325222718183,"rgba(38, 166, 154, 1.0)",0.0,0.0,,13.244716873574298,,0.0,0.0,0.0,0.0,0.0,0.0,0.0,0.0,73.89317313570673,20.128411064520137,True,False,True,False,True,9.720449824471682,0,,,False,False,False,False,,,False,False,False,False,-27371.0,-11035.99854046094,False,False,False,False,2038.2881023051661,False,False,False,False
2025-09-10 16:00:00+00:00,15.23,15.5,15.18,15.48,1093.0,,,,,,,,,,15.364677960119991,,,,,13.482238327197443,13.185159161993598,13.182166016865942,13.20470096958096,13.226002333873756,13.225056855100718,"rgba(38, 166, 154, 1.0)",0.0,0.0,,13.26446179380947,,0.0,0.0,0.0,0.0,0.0,0.0,0.0,0.0,73.8816863983034,20.128411064520137,True,False,True,False,True,11.599131245888952,0,,,False,False,False,False,,,False,False,False,False,-26278.0,-11272.308640608831,False,False,False,False,2023.6324728120628,False,False,False,False
2025-09-11 16:00:00+00:00,15.49,15.56,15.41,15.55,2272.0,,,,,,,,,,15.405312591846158,,,,,13.538241020333619,13.2329619593129,13.22703963169403,13.247420843985942,13.266452524069742,13.265087570272444,"rgba(38, 166, 154, 1.0)",0.0,0.0,,13.306597186833113,,0.0,0.0,0.0,0.0,0.0,0.0,0.0,0.0,74.11003526777205,20.128411064520137,True,False,True,False,True,12.016779931008468,0,,,False,False,False,False,,,False,False,False,False,-24006.0,-11469.73021207226,False,False,False,False,2027.4831321483098,False,False,False,False
2025-09-12 16:00:00+00:00,15.475,15.555,15.475,15.53,2216.0,,,,,,,,,,15.430339405875593,,,,,13.590307246342448,13.277989912989915,13.269415454626328,13.287824520162921,13.304773691130283,13.303025540573376,"rgba(38, 166, 154, 1.0)",0.0,0.0,,13.346400377823986,,0.0,0.0,0.0,0.0,0.0,0.0,0.0,0.0,74.04775046954647,20.128411064520137,True,False,True,False,True,11.849981669165548,0,,,False,False,False,False,,,False,False,False,False,-26222.0,-11698.447573125402,False,False,False,False,2030.4058742855452,False,False,False,False
2025-09-15 16:00:00+00:00,15.76,15.765,15.61,15.72,2623.0,,,,,,,,,15.698333333333332,15.485351776490843,,,,,13.653885675738866,13.333109952507881,13.321410881055954,13.337506011032014,13.352000666972575,13.349795871018975,"rgba(38, 166, 154, 1.0)",0.0,0.0,,13.395391021230818,,0.0,0.0,0.0,0.0,-1.0,15.475,15.26,71.0,74.74028533354097,20.724866552451402,True,False,True,False,True,13.002011282380927,0,,,False,False,False,False,,,False,False,False,False,-23599.0,-11882.952261914155,False,False,False,False,2039.5933801105755,False,False,False,False
2025-09-16 16:00:00+00:00,15.195,15.26,15.08,15.1,1426.0,,,,,,,,,15.50404420844653,15.45134973716324,,,,15.146666666666665,13.677967418971663,13.355288900514283,13.342408604058939,13.3575528134357,13.371047246926906,13.368669757883342,"rgba(38, 166, 154, 1.0)",0.0,0.0,,13.414957577551904,,0.0,0.0,0.0,0.0,-1.0,15.61,15.44,72.0,69.19690213011727,23.374902635069674,True,False,True,False,False,7.962548312561978,0,,,False,False,False,False,,,False,False,False,False,-25025.0,-12086.704940024012,False,False,False,False,2030.0803044499464,False,False,False,False
2025-09-17 16:00:00+00:00,15.19,15.44,14.97,15.095,2113.0,,,,,,,,,15.388926214432544,15.414700006128577,,,,15.159602995196384,13.712761505428618,13.387558880016174,13.373012070014017,13.38680383012882,13.398873457016274,13.39625065881409,"rgba(38, 166, 154, 1.0)",0.0,0.0,,13.443497729476427,,0.0,0.0,0.0,0.0,0.0,0.0,0.0,0.0,65.4598140781022,19.948455671330237,True,False,True,False,False,7.923471298295446,0,,,False,False,False,False,,,False,False,False,False,-27138.0,-12320.058351806585,False,False,False,False,2031.365881125141,False,False,False,False
2025-09-18 16:00:00+00:00,15.02,15.585,15.02,15.435,4985.0,,,,,,,,,15.37002751113902,15.39877914436829,,,,15.26900144689504,13.798055895894638,13.466508543450203,13.448084888024114,13.458752546824755,13.467511540120034,13.464309540642642,"rgba(38, 166, 154, 1.0)",0.0,0.0,,13.513843480121881,,0.0,0.0,0.0,0.0,1.0,15.525,15.44,0.0,64.94054055317292,19.500374131661175,True,False,True,False,False,10.046352403626525,0,,,False,False,False,False,,,False,False,False,False,-22153.0,-12472.507059530515,False,False,False,False,2077.1586581619604,False,False,False,False
2025-09-19 16:00:00+00:00,15.71,15.82,15.525,15.75,5629.0,,,,,,,,,15.480186874105865,15.461390652655552,,,,15.43975741303375,13.903835663851584,13.563647194515323,13.540755928516385,13.547896157282025,13.552881892511719,13.548998673293466,"rgba(38, 166, 154, 1.0)",0.0,0.0,,13.60132322384108,,0.0,0.0,0.0,0.0,1.0,16.29,15.585,0.0,66.13437643151853,19.500374131661175,True,False,True,False,False,11.93330388580367,0,,,False,False,False,False,,,False,False,False,False,-16524.0,-12535.320903568801,False,False,False,False,2132.2259657873565,False,False,False,False
2025-09-22 16:00:00+00:00,16.3,16.66,16.29,16.64,3156.0,,,,,,,,16.53,15.646412552679108,15.573483287355558,,,,15.638544495156662,13.9833171905867,13.63430982644707,13.608219131388255,13.612993993890138,13.615417066006428,13.611038979451875,"rgba(38, 166, 154, 1.0)",0.0,0.0,1.0337362829574575,13.665668354977218,2.877263470440835,0.0,0.0,0.0,0.0,1.0,16.93,15.82,76.0,69.96446843946673,15.231934018904681,True,False,True,False,True,16.8072367834417,0,,,False,False,False,False,,,False,False,False,False,-13368.0,-12548.230657001843,False,False,False,False,2148.098431434064,False,False,False,False
2025-09-23 16:00:00+00:00,17.09,17.27,16.93,17.18,5406.0,,,,,,,17.12666666666667,16.906732071945807,15.962232812376667,15.810051324674347,,,,15.99270643480813,14.138243590678675,13.77122626161537,13.73917438919718,13.739642799199009,13.73736584561485,13.732054473097742,"rgba(38, 166, 154, 1.0)",0.0,0.0,1.1020639604727898,13.791167807039338,3.074986856032239,0.0,0.0,0.0,0.0,1.0,16.82,16.66,77.0,73.74736719325438,18.70414972897622,True,False,True,False,True,19.46446060643844,0,,,False,False,False,False,,,False,False,False,False,-7962.0,-12477.126305730497,False,False,False,False,2198.6085332722955,False,False,False,False
2025-09-24 16:00:00+00:00,17.03,17.11,16.82,16.9,1709.0,,,,,,,17.082630592644648,16.91282218544121,16.024224929443807,15.862112476031752,,,,16.05922385085708,14.181279493923915,13.81005929995726,13.776436868429112,13.775736853670864,13.772183423040998,13.76662306808853,"rgba(38, 166, 154, 1.0)",0.0,0.0,1.156626377261289,13.826856181649829,2.6569892220743707,0.0,0.0,0.0,0.0,-1.0,16.93,16.875,78.0,73.89156408841272,18.836818485211538,True,False,True,False,True,17.23603580768495,0,,,False,False,False,False,,,False,False,False,False,-9671.0,-12433.620471533124,False,False,False,False,2191.0177032990814,False,False,False,False
2025-09-25 16:00:00+00:00,16.65,16.875,16.57,16.87,2127.0,,,,,,,17.01106380292866,16.888605554659353,16.078718950663834,15.911303194419721,,,,16.11629762846346,14.229815025252524,13.854505978588094,13.819170758374588,13.817164931921265,13.812185309423791,13.806351370950033,"rgba(38, 166, 154, 1.0)",0.0,0.0,1.2029652103437132,13.86774861612637,2.4957092341979057,0.0,0.0,0.0,0.0,0.0,0.0,0.0,0.0,73.72897124223995,18.85277816963881,True,False,True,False,True,16.998762618557308,0,,,False,False,False,False,,,False,False,False,False,-11798.0,-12423.765890579121,False,False,False,False,2190.0251807673126,False,False,False,False
2025-09-26 16:00:00+00:00,16.98,17.105,16.95,17.07,943.0,,,,,,17.041666666666664,17.01389723449517,16.899424580866,16.108870018040754,15.937771528605479,,,,16.14803629882884,14.252980380850872,13.875571875153325,13.839426140087765,13.836812806926854,13.831167694094527,13.825204001342982,"rgba(38, 166, 154, 1.0)",0.0,0.0,1.2474017753671773,13.887171391006707,2.5515665215855705,0.0,0.0,0.0,0.0,1.0,17.27,16.875,0.0,74.2656673574969,19.645126015858125,True,False,True,False,True,17.996310316551607,0,,,False,False,False,False,,,False,False,False,False,-10855.0,-12399.443938787195,False,False,False,False,2170.6914570344857,False,False,False,False
2025-09-29 16:00:00+00:00,17.51,17.64,17.27,17.49,2377.0,,,,,17.46666666666666,17.34595130522088,17.099570928196147,16.98520740552233,16.208195513017788,16.022982992958017,,,,16.252966980237243,14.318359808284834,13.934421582280809,13.895999877516921,13.891721342947024,13.884245398521797,13.877916793539823,"rgba(38, 166, 154, 1.0)",0.0,0.0,1.3081502723827763,13.941559578607006,2.712563301255567,0.0,0.0,0.0,0.0,0.0,0.0,0.0,0.0,75.82930441826578,21.400838132031595,True,False,True,False,True,20.0,0,,,False,False,False,False,,,False,False,False,False,-8478.0,-12338.646358340882,False,False,False,False,2173.890039095966,False,False,False,False
2025-09-30 16:00:00+00:00,17.455,17.53,17.36,17.495,1849.0,,,,,17.464479018772675,17.38734378022828,17.146029537621725,17.035356729473822,16.27568141008842,16.082763794627468,,,,16.323423654897017,14.367327904579755,13.978819195309185,13.938741369585937,13.933239645838835,13.924417219830074,13.917821364407375,"rgba(38, 166, 154, 1.0)",0.0,0.0,1.3710071000795234,13.982662682443165,2.561866614223302,0.0,0.0,0.0,0.0,0.0,0.0,0.0,0.0,76.88548274914294,22.651465316729343,True,False,True,False,True,20.0,0,,,False,False,False,False,,,False,False,False,False,-6629.0,-12250.124709374357,False,False,False,False,2168.852984226261,False,False,False,False
2025-10-01 16:00:00+00:00,17.73,17.83,17.54,17.605,4026.0,,,,17.65833333333333,17.559056996283726,17.50599564980968,17.257898880873604,17.15151028882817,16.420760944164993,16.21348762124584,,,,16.473771843935918,14.475298306373846,14.076973379361219,14.033354467168323,14.025240401524632,14.013534487358095,14.00636330140737,"rgba(38, 166, 154, 1.0)",0.0,0.0,1.4329806961978488,14.073773604682266,2.4642525922974365,0.0,0.0,0.0,0.0,0.0,0.0,0.0,0.0,77.91361259999795,23.87059014624056,True,False,True,False,True,20.0,0,,,False,False,False,False,,,False,False,False,False,-2603.0,-12100.556884422816,False,False,False,False,2197.645961215001,False,False,False,False
2025-10-02 16:00:00+00:00,17.4,18.8,17.4,18.365,19690.0,,,,18.098361162646874,18.002491649368928,17.971123882061043,17.738404936134497,17.64602487706804,17.020211508982243,16.783527672716254,,,,17.082757263631336,14.988690811418136,14.55145467617747,14.493055051404664,14.473901608448,14.449907622207478,14.440270431203926,"rgba(38, 166, 154, 1.0)",0.0,0.0,1.5172164175415623,14.518172455150696,2.535450777076714,0.0,0.0,0.0,0.0,1.0,18.08,17.83,84.0,80.36546301820484,26.361213207117032,True,False,True,False,True,20.0,0,,,False,False,False,False,,,False,False,False,False,17087.0,-11648.03662264882,False,False,False,False,2468.8452486380243,False,False,False,False
2025-10-03 16:00:00+00:00,18.21,18.41,18.08,18.205,33071.0,,,,18.17599418294093,18.126711848294622,18.110196940839735,17.967521746865547,17.90650527655988,17.459847562090786,17.25636575011107,,,,17.51205192809608,15.599876697288137,15.148989537715282,15.078919325745444,15.049845068660119,15.014679861757118,15.002934852197221,"rgba(38, 166, 154, 1.0)",0.0,0.0,1.5891439845412365,15.08706616233298,1.962020979846658,0.0,0.0,0.0,0.0,0.0,0.0,0.0,0.0,80.3240482706901,26.50064146860288,True,False,True,False,True,20.0,0,,,False,False,False,False,,,False,False,False,False,-15984.0,-11715.260861057366,False,False,False,False,2943.297260287047,False,False,False,False
2025-10-06 16:00:00+00:00,18.46,18.46,18.0,18.0,2529.0,,,,18.175028013801782,18.127771395297597,18.111888682122455,17.973895497352846,17.9146244726836,17.478573210618663,17.27821666634558,,,,17.529866865855265,15.63615484583766,15.185834864921219,15.11532566673066,15.08579857261958,15.050119775272538,15.038287039296685,"rgba(38, 166, 154, 1.0)",0.0,0.0,1.649507169096544,15.122519781346856,1.7444484465194392,0.0,0.0,0.0,0.0,0.0,0.0,0.0,0.0,78.20119683464682,26.50064146860288,True,False,True,False,False,20.0,0,,,False,False,False,False,,,False,False,False,False,-18513.0,-11820.652165537098,False,False,False,False,2936.874046949263,False,False,False,False
2025-10-07 16:00:00+00:00,18.285,18.43,18.2,18.365,1826.0,,,,18.17970601223381,18.133467037898257,18.117940688573537,17.982542277165255,17.924299593015622,17.49488727723377,17.29642567524927,,,,17.545633125857005,15.663525013299521,15.213446461160325,15.142592284800344,15.112723612322526,15.076656879287516,15.064756188095206,"rgba(38, 166, 154, 1.0)",0.0,0.0,1.7153264522643585,15.149093163098016,1.8748074645830515,0.0,0.0,0.0,0.0,1.0,18.62,18.46,87.0,77.9634189526962,26.50064146860288,True,False,True,False,False,20.0,0,,,False,False,False,False,,,False,False,False,False,-16687.0,-11896.099418784584,False,False,False,False,2919.651193508189,False,False,False,False
2025-10-08 16:00:00+00:00,18.62,18.89,18.62,18.84,3959.0,,,18.783333333333335,18.216414520002246,18.170578418220895,18.155428798444092,18.022414646007313,17.96543902517701,17.54618205556226,17.35013663445834,,,,17.596242550686316,15.730728458204108,15.280113043519277,15.20830262166138,15.177573174704467,15.140526709029713,15.128444117104179,"rgba(38, 166, 154, 1.0)",0.0,0.0,1.7913746370008932,15.213216054016998,2.0245814979578687,0.0,0.0,0.0,0.0,0.0,0.0,0.0,0.0,79.04808896694358,26.50064146860288,True,False,True,False,False,20.0,0,,,False,False,False,False,,,False,False,False,False,-12728.0,-11908.997102214282,False,False,False,False,2935.7651284925582,False,False,False,False
2025-10-09 16:00:00+00:00,18.17,18.195,17.66,17.73,3545.0,,,18.34792444029851,18.19809471782769,18.155550805979434,18.1413207342681,18.015553675989583,17.961172000355706,17.557041399243285,17.36616376770605,,,17.861666666666668,17.605617523198426,15.771052882091794,15.322571428129576,15.250502272350012,15.219373586900494,15.181873620368188,15.169727596672647,"rgba(38, 166, 154, 1.0)",0.0,0.0,1.8311782378399788,15.254338376146723,1.351950112062012,0.0,0.0,0.0,0.0,-1.0,18.62,17.96,89.0,71.55752707866364,25.542430615493032,True,False,True,False,False,16.23826220898373,0,,,False,False,False,False,,,False,False,False,False,-16273.0,-11976.656061869873,False,False,False,False,2945.2106303763944,False,False,False,False
2025-10-10 16:00:00+00:00,17.96,17.96,17.62,17.72,2799.0,,,18.190015044161896,18.181192665686886,18.14116634289666,18.127633200198392,18.007439685830537,17.95505574154795,17.56258778563416,17.375832377403835,,,17.81975225935267,17.609986994943373,15.800430705011552,15.353903112242872,15.281706831312919,15.25031505454272,15.212516200487922,15.200333207017543,"rgba(38, 166, 154, 1.0)",0.0,0.0,1.8655651946516063,15.284753427139979,1.305366641617047,0.0,0.0,0.0,0.0,0.0,0.0,0.0,0.0,66.50600691540214,21.17003569397238,False,False,True,False,False,16.167292516307665,0,,,False,False,False,False,,,False,False,False,False,-19072.0,-12086.661394243984,False,False,False,False,2942.9437988976906,False,False,False,False
2025-10-13 16:00:00+00:00,17.72,18.94,17.72,18.82,1209.0,,,18.221869788047254,18.186386847248595,18.146704452826913,18.133314444315943,18.01418689102012,17.96226889157365,17.573104635332452,17.38736490485295,,,17.927571605101726,17.62021909990355,15.817445799776664,15.371190991311053,15.298819087283226,15.267241358717548,15.229230446709622,15.217011409987334,"rgba(38, 166, 154, 1.0)",0.0,0.0,1.92812806105295,15.301465505383007,1.82484481486957,0.0,0.0,0.0,0.0,1.0,18.77,17.96,93.0,67.13509661849541,21.17003569397238,False,False,True,False,False,20.0,0,,,False,False,False,False,,,False,False,False,False,-17863.0,-12176.217031542526,False,False,False,False,2916.060949302377,False,False,False,False
2025-10-14 16:00:00+00:00,18.99,19.215,18.77,18.905,2684.0,,,18.362056330421716,18.21406642951321,18.174252488562665,18.16098620823862,18.042571709248385,17.99118936906876,17.607124874256556,17.422662305150368,,,18.19913402363974,17.653891675540358,15.860963259408914,15.41457439197246,15.341658928200683,15.30957723067206,15.270990685994688,15.258666006608863,"rgba(38, 166, 154, 1.0)",0.0,0.0,1.9899719813320174,15.343344711341425,1.789801726893928,0.0,0.0,0.0,0.0,0.0,0.0,0.0,0.0,67.80049779286394,21.17003569397238,False,False,True,False,False,20.0,0,,,False,False,False,False,,,False,False,False,False,-15179.0,-12222.771806247294,False,False,False,False,2912.4631051271467,False,False,False,False
2025-10-15 16:00:00+00:00,20.2,20.465,19.995,20.465,12417.0,,20.308333333333334,19.27014341361991,18.51039726131464,18.462343310031418,18.447926172642873,18.317946707645728,18.26437043859149,17.88182966414956,17.693592848555415,,,19.355218063035224,17.92976698053986,16.128459501527452,15.67353576786049,15.59649226327722,15.561134752635356,15.518792644887634,15.505707963962545,"rgba(38, 166, 154, 1.0)",0.0,0.0,2.0976816739928377,15.593013077358659,2.3225577946570626,0.0,0.0,0.0,0.0,0.0,0.0,0.0,0.0,71.59116933967876,16.329571301648514,True,False,True,False,True,20.0,0,,,False,False,False,False,,,False,False,False,False,-2762.0,-12076.093173592297,False,False,False,False,3059.8202662879658,False,False,False,False
2025-10-16 16:00:00+00:00,19.575,19.825,19.025,19.29,22870.0,,19.70666746960637,19.32091681318163,18.690174116760822,18.64507405246798,18.632016267394395,18.51220403190548,18.463403514519886,18.118179448797896,17.942222204315282,,19.379999999999995,19.36766782356559,18.162770100811407,16.45274293472415,16.00269924511304,15.923168979698676,15.885073494775806,15.839573410247842,15.825951779432314,"rgba(38, 166, 154, 1.0)",0.0,0.0,2.1589750717320353,15.91358652095714,1.5638964633038288,0.0,0.0,0.0,0.0,-1.0,19.995,18.26,94.0,68.41584649554422,16.329571301648514,False,False,True,False,False,19.26288741218187,0,,,False,False,False,False,,,False,False,False,False,-25632.0,-12286.262271676138,False,False,False,False,3366.954835802881,False,False,False,False
2025-10-17 16:00:00+00:00,17.74,18.26,17.7,18.13,2333.0,,19.602689128123338,19.262793667335696,18.676539082372795,18.632828628481704,18.620126488158224,18.50337156869673,18.455656872885143,18.116782834694494,17.94352279366934,18.029999999999998,19.255032734198306,19.30245732076812,18.160629121220918,16.4686280561947,16.020900521444652,15.941563707310259,15.903474759509312,15.857981019414039,15.844381187734381,"rgba(239, 83, 80, 1.0)",0.0,0.0,2.18836486120705,15.931653169302196,1.0045613826413056,0.0,0.0,0.0,0.0,0.0,0.0,0.0,0.0,62.29499050231155,18.354809362567323,False,True,True,False,False,12.645981821342659,0,,,False,False,False,False,,,False,False,False,False,-27965.0,-12529.34347676643,False,False,False,False,3350.924528271053,False,False,False,False
2025-10-20 16:00:00+00:00,18.88,19.205,18.79,19.125,4425.0,19.04,19.543469259127125,19.24526442749358,18.69024050898909,18.647644417765132,18.635286912222295,18.52138893525755,18.47481743855749,18.14370792305428,17.97349488204298,18.691327315773897,19.222917172944506,19.28024367851268,18.18672662521881,16.516826575508038,16.071451131375817,15.99203817146111,15.953694300011941,15.907904201029163,15.894270804667451,"rgba(239, 83, 80, 1.0)",0.0,0.0,2.241506939619047,15.981275594353626,1.4025048729854313,0.0,0.0,0.0,0.0,0.0,0.0,0.0,0.0,60.834442781500314,17.15014532788193,False,True,True,False,False,16.255274449672747,0,,,False,False,False,False,,,False,False,False,False,-23540.0,-12700.051329839818,False,False,False,False,3367.576861166075,False,False,False,False
