date,Close,High,Low,Open,Volume,Gap_Up_aVWAP_54,Gap_Up_aVWAP_40,aVWAP_OB_bear_158,aVWAP_OB_bear_115,color,Liquidity,Liquidity_Level,StDev,StDev_Mean,StdDev_ZScore,FVG,FVG_High,FVG_Low,FVG_Mitigated_Index,QQEMOD,QQE1_Value,QQE1_Above_Upper,QQE1_Below_Lower,QQE2_Above_Threshold,QQE2_Below_Threshold,QQE2_Above_TL,banker_RSI,TTM_squeeze_Active,VI_plus,VI_minus,VI_Regular_Bullish,VI_Regular_Bearish,VI_Hidden_Bullish,VI_Hidden_Bearish,Fisher,Fisher_Signal,Fisher_Regular_Bullish,Fisher_Regular_Bearish,Fisher_Hidden_Bullish,Fisher_Hidden_Bearish,OBV,OBV_Smoothed,OBV_Regular_Bullish,OBV_Regular_Bearish,OBV_Hidden_Bullish,OBV_Hidden_Bearish,Volume_MA,Vol_Regular_Bullish,Vol_Regular_Bearish,Vol_Hidden_Bullish,Vol_Hidden_Bearish
2021-12-31 00:00:00+00:00,14.2262412999,14.3204548184,13.3594769293,13.5573253182,100801,,,,,#000000,-1.0,12.048443,,,,0.0,0.0,0.0,0.0,,,False,False,False,False,False,,0,,,False,False,False,False,,,False,False,False,False,0,0.0,False,False,False,False,100801.0,False,False,False,False
2022-01-07 00:00:00+00:00,14.2262412999,14.7444156519,13.7174882997,14.4052469851,160791,,,,,#000000,0.0,0.0,,,,0.0,0.0,0.0,0.0,,,False,False,False,False,False,,0,,,False,False,False,False,,,False,False,False,False,0,0.0,False,False,False,False,105244.7037037037,False,False,False,False
2022-01-14 00:00:00+00:00,14.6219380777,14.8292078185,13.8399658738,14.3769829295,201006,,,,,"rgba(38, 166, 154, 0.5)",0.0,0.0,,,,0.0,0.0,0.0,0.0,100.0,,False,False,True,False,False,,0,,,False,False,False,False,,,False,False,False,False,201006,14889.333333333332,False,False,False,False,112338.1330589849,False,False,False,False
2022-01-21 00:00:00+00:00,13.444269096,14.9987921519,13.3784138465,14.8480505222,196280,,,,,"rgba(38, 166, 154, 0.5)",0.0,0.0,,,,0.0,0.0,0.0,0.0,78.2495214888009,-47.877153300395975,False,False,True,False,True,,0,,,False,False,False,False,,,False,False,False,False,4726,14136.493827160493,False,False,False,False,118556.04912868972,False,False,False,False
2022-01-28 00:00:00+00:00,13.1710498922,13.957732772,12.7376677069,13.2558420589,212320,,,,,"rgba(38, 166, 154, 0.5)",0.0,0.0,,13.288816790366667,,0.0,0.0,0.0,0.0,61.62812146442698,-47.877153300395975,False,False,True,False,True,,0,,,False,False,False,False,,,False,False,False,False,-207594,-2287.9871970736167,False,False,False,False,125501.52697100899,False,False,False,False
2022-02-04 00:00:00+00:00,13.8022804664,14.0095502072,13.0815470496,13.1710498922,130706,,,,,"rgba(38, 166, 154, 0.5)",0.0,0.0,,13.419249630718497,,0.0,0.0,0.0,0.0,56.208582073906065,-47.877153300395975,False,False,True,False,True,,0,,,False,False,False,False,,,False,False,False,False,-76888,-7813.914071364459,False,False,False,False,125887.043491675,False,False,False,False
2022-02-11 00:00:00+00:00,14.2733480591,14.6125167259,13.5903000497,13.764595059,193497,,,,,"rgba(38, 166, 154, 0.5)",0.0,0.0,,13.685940173114963,,0.0,0.0,0.0,0.0,55.35686335972797,-47.877153300395975,False,False,True,False,True,,0,,,False,False,False,False,,,False,False,False,False,116609,1402.5980820699442,False,False,False,False,130895.18841821759,False,False,False,False
2022-02-18 00:00:00+00:00,14.7161515963,15.187219189,13.7740164109,14.2733480591,267707,,,,,"rgba(38, 166, 154, 0.5)",1.0,14.735063,,14.267865419393605,,0.0,0.0,0.0,0.0,56.84065279511178,-47.877153300395975,False,False,True,False,True,,0,,,False,False,False,False,,,False,False,False,False,384316,29766.55377969439,False,False,False,False,141029.39668353478,False,False,False,False
2022-02-25 00:00:00+00:00,13.8870726331,14.9893708001,13.31237017,14.9893708001,182603,,,,,#000000,0.0,0.0,,14.175249179801035,,0.0,0.0,0.0,0.0,53.765737572011254,-47.877153300395975,False,False,False,False,True,,0,,,False,False,False,False,,,False,False,False,False,201713,42503.3275737911,False,False,False,False,144108.9228551248,False,False,False,False
2022-03-04 00:00:00+00:00,14.6918037341,14.7154544163,13.8117018183,13.9341793924,207273,,,,,"rgba(38, 166, 154, 0.5)",0.0,0.0,,14.21878570139725,,0.0,0.0,0.0,0.0,54.636333586956155,-47.877153300395975,False,False,True,False,True,,0,,,False,False,False,False,,,False,False,False,False,408986,69650.19219795472,False,False,False,False,148787.74338437483,False,False,False,False
2022-03-11 00:00:00+00:00,14.0012038162,15.0229132838,14.0012038162,14.6728831884,514151,,,,,#000000,0.0,0.0,,14.253638697680778,,0.0,0.0,0.0,0.0,52.74670000954576,-47.877153300395975,False,False,False,False,True,,0,,,False,False,False,False,,,False,False,False,False,-105165,56700.918701809926,False,False,False,False,175851.6883188656,False,False,False,False
2022-03-18 00:00:00+00:00,14.4742174586,14.6823434613,12.8281299829,14.1525681817,432152,,,,,#000000,0.0,0.0,,14.12435854995249,,0.0,0.0,0.0,0.0,52.91122791925508,-47.877153300395975,False,False,False,False,True,,0,,,False,False,False,False,,,False,False,False,False,326987,76722.10990908326,False,False,False,False,194836.89659154223,False,False,False,False
2022-03-25 00:00:00+00:00,14.5498996414,14.947231101,14.010664089,14.3417736387,175838,,,,,#000000,0.0,0.0,,14.191011310024985,,0.0,0.0,0.0,0.0,53.25786221730155,-47.877153300395975,False,False,False,False,True,,0,,,False,False,False,False,,,False,False,False,False,502825,108285.28695285486,False,False,False,False,193429.57091809466,False,False,False,False
2022-04-01 00:00:00+00:00,13.821458632,14.4742174586,13.5281901737,14.389075003,205275,,,,,#000000,0.0,0.0,,14.156735200797632,,0.0,0.0,0.0,0.0,51.178088399113804,-47.877153300395975,False,False,False,False,True,,0,,,False,False,False,False,,,False,False,False,False,297550,122304.89532671747,False,False,False,False,194307.0101093469,False,False,False,False
2022-04-08 00:00:00+00:00,14.1809490003,14.2660914559,13.2727628068,13.8119983592,190227,,,,,#000000,0.0,0.0,,14.12986538669031,,0.0,0.0,0.0,0.0,50.83026552250179,-45.972383060637156,False,False,False,False,True,,0,,,False,False,False,False,,,False,False,False,False,487777,149376.90308029394,False,False,False,False,194004.78713828415,False,False,False,False
2022-04-15 00:00:00+00:00,14.0674257261,14.322853093,13.4808888095,13.9633627248,155673,,,,,#000000,0.0,0.0,,14.116747398903236,,0.0,0.0,0.0,0.0,50.23447275924204,-43.258281394379516,False,False,False,False,True,,0,,,False,False,False,False,,,False,False,False,False,332104,162912.24359286475,False,False,False,False,191165.39549841126,False,False,False,False
2022-04-22 00:00:00+00:00,13.197080624,14.4458366401,13.1119381684,14.1714887274,205110,,,,,#000000,0.0,0.0,,14.065583987706523,,0.0,0.0,0.0,0.0,47.48885696669477,-42.940335844332125,False,False,False,False,True,,0,,,False,False,False,False,,,False,False,False,False,126994,160251.63295635625,False,False,False,False,192198.32916519564,False,False,False,False
2022-04-29 00:00:00+00:00,11.9388643351,13.4619682638,11.7496588782,12.7808286187,416994,,,,,"rgba(239, 83, 80, 0.5)",0.0,0.0,,13.791019558876053,,0.0,0.0,0.0,0.0,43.14704851587287,-42.940335844332125,False,False,False,True,True,,0,,,False,False,False,False,,,False,False,False,False,-290000,126899.6601447743,False,False,False,False,208849.8603381441,False,False,False,False
2022-05-06 00:00:00+00:00,11.6834369682,11.9388643351,11.134741143,11.8442616067,522916,,,,,"rgba(239, 83, 80, 0.5)",0.0,0.0,,13.42315085912409,,0.0,0.0,0.0,0.0,39.65172844978319,-42.940335844332125,False,False,False,True,True,,0,,,False,False,False,False,,,False,False,False,False,-812916,57283.68531923546,False,False,False,False,232114.0188316149,False,False,False,False
2022-05-13 00:00:00+00:00,11.3901685099,11.6077547854,10.7374096833,11.4090890556,385385,,,,,"rgba(239, 83, 80, 0.5)",0.0,0.0,,12.702041369430871,,0.0,0.0,0.0,0.0,36.714215133074944,-42.940335844332125,False,False,False,True,True,,1,,,False,False,False,False,,,False,False,False,False,-1198301,-35722.58766737457,False,False,False,False,243467.42484408786,False,False,False,False
2022-05-20 00:00:00+00:00,11.5131520569,12.1942917021,11.2576300873,11.3334068728,169861,,,,,"rgba(239, 83, 80, 0.5)",0.0,0.0,,12.681820943290354,,0.0,0.0,0.0,0.0,35.058629667035284,-42.940335844332125,False,False,False,True,True,,0,,,False,False,False,False,,,False,False,False,False,-1028440,-109257.21080312459,False,False,False,False,238015.09707785913,False,False,False,False
2022-05-27 00:00:00+00:00,12.2157503697,12.2822953134,11.3902631126,11.3902631126,94336,,,,,"rgba(239, 83, 80, 0.5)",0.0,0.0,,12.682480039921382,,0.0,0.0,0.0,0.0,36.212358579047894,-42.40855168816393,False,False,False,True,True,,0,,,False,False,False,False,,,False,False,False,False,-934104,-170356.97296585608,False,False,False,False,227372.2009980177,False,False,False,False
2022-06-03 00:00:00+00:00,12.7195906574,12.9762640114,12.2252567903,12.3583466776,183972,,,,,"rgba(239, 83, 80, 0.5)",0.0,0.0,,12.733592207521724,,0.0,0.0,0.0,0.0,38.487086998063525,-38.211597089186256,False,False,False,True,True,,0,,,False,False,False,False,,,False,False,False,False,-750132,-213303.27126468153,False,False,False,False,224157.37129446084,False,False,False,False
2022-06-10 00:00:00+00:00,12.1682182671,13.2139245245,11.9780898567,12.7576163394,223889,,,,,"rgba(239, 83, 80, 0.5)",0.0,0.0,,12.558329499529847,,0.0,0.0,0.0,0.0,38.98807310511152,-35.84913730197073,False,False,False,True,True,,0,,,False,False,False,False,,,False,False,False,False,-974021,-269652.73265248287,False,False,False,False,224137.4919393156,False,False,False,False
2022-06-17 00:00:00+00:00,10.4285433118,11.9780898567,10.1908827987,11.8164807078,310388,,,,,"rgba(239, 83, 80, 0.5)",0.0,0.0,,12.194105054722282,,0.0,0.0,0.0,0.0,36.68581176030698,-35.84913730197073,False,False,False,True,True,,0,,,False,False,False,False,,,False,False,False,False,-1284409,-344819.86356711376,False,False,False,False,230526.41846232925,False,False,False,False
2022-06-24 00:00:00+00:00,10.323972686,11.0939927482,10.2098956398,10.76126803,112488,,,,,"rgba(239, 83, 80, 0.5)",0.0,0.0,,12.10097587105317,,0.0,0.0,0.0,0.0,34.91159188145505,-35.84913730197073,False,False,False,True,True,,0,,,False,False,False,False,-0.34282825441539394,-0.34282825441539394,False,False,False,False,-1396897,-422751.5033028831,False,False,False,False,221782.83190956412,False,False,False,False
2022-07-01 00:00:00+00:00,10.561633199,10.9704092815,10.2289084808,10.3905176297,156818,,,,,"rgba(239, 83, 80, 0.5)",0.0,0.0,,12.002512692417636,,0.0,0.0,0.0,0.0,34.329947909221254,-35.76597392961342,False,False,False,True,False,,0,0.8827542407952119,1.1009963042233855,False,False,False,False,-0.34282825441539394,-0.34282825441539394,False,False,False,False,-1240079,-483294.2808360029,False,False,False,False,216970.62213848528,False,False,False,False
2022-07-08 00:00:00+00:00,10.6852166658,10.7327487684,9.84865166,10.542620358,120967,,,,,"rgba(239, 83, 80, 0.5)",-1.0,10.937186,,11.327803455919316,,0.0,0.0,0.0,0.0,34.2763511888138,-34.362100425491384,False,False,False,True,False,,0,0.8572053798584266,1.1238729827636489,False,False,False,False,-0.34282825441539394,-0.34282825441539394,False,False,False,False,-1119112,-530391.8896629657,False,False,False,False,209859.2427208197,False,False,False,False
2022-07-15 00:00:00+00:00,10.1338442756,10.7327487684,9.84865166,10.6376845632,102675,,,,,"rgba(239, 83, 80, 0.5)",0.0,0.0,,10.731795381117832,,0.0,0.0,0.0,0.0,33.43101324909819,-33.84656633665627,False,False,False,True,False,,0,0.8525361988305767,1.127194814128744,False,False,False,False,-0.34282825441539394,-0.34282825441539394,False,False,False,False,-1221787,-581606.3422805237,False,False,False,False,201919.66918594416,False,False,False,False
2022-07-22 00:00:00+00:00,10.8848514968,11.1700441124,10.2479213218,10.2479213218,99588,,,,,"rgba(239, 83, 80, 0.5)",0.0,0.0,,10.817317524772225,,0.0,0.0,0.0,0.0,34.94123985449171,-31.107050420858652,False,False,False,True,False,,0,0.8754240413411815,1.1165414057645422,False,False,False,False,-0.27105093491542087,-0.30693959466540743,False,False,False,False,-1122199,-621650.2428523367,False,False,False,False,194339.54554254087,False,False,False,False
2022-07-29 00:00:00+00:00,10.5901524606,11.3981982049,10.3334791065,10.9513964404,336149,,,,,"rgba(239, 83, 80, 0.5)",0.0,0.0,,10.866773039456064,,0.0,0.0,0.0,0.0,35.54065128098553,-29.348490142920724,False,False,False,True,False,,0,0.9000503943189891,1.072959554125936,False,False,False,False,-0.24485728941187343,-0.27589844203864045,False,False,False,False,-1458348,-683627.8544929044,False,False,False,False,204843.94957642673,False,False,False,False
2022-08-05 00:00:00+00:00,10.6947230863,10.8278129736,10.3097130552,10.5901524606,443529,,,,,"rgba(239, 83, 80, 0.5)",0.0,0.0,,10.81420752742267,,0.0,0.0,0.0,0.0,36.260340975330514,-27.548042304599804,False,False,False,True,False,,0,0.8856102769718703,1.0960045461649097,False,False,False,False,-0.2947768776800871,-0.28533765985936377,False,False,False,False,-1014819,-708160.5319378744,False,False,False,False,222524.32368187662,False,False,False,False
2022-08-12 00:00:00+00:00,11.2365890561,11.7263598413,10.7992937121,10.8278129736,160271,,,,,"rgba(239, 83, 80, 0.5)",0.0,0.0,,10.895200021414182,,0.0,0.0,0.0,0.0,38.23532853025524,-24.637850438854535,False,False,False,True,False,,0,0.8812768257623084,1.0818362994865227,False,False,False,False,-0.179926992205198,-0.2326323260322809,False,False,False,False,-854548,-719004.0480906244,False,False,False,False,217912.96637210797,False,False,False,False
2022-08-19 00:00:00+00:00,10.6376845632,11.0939927482,10.4570625733,11.0939927482,112868,,,,,"rgba(239, 83, 80, 0.5)",0.0,0.0,,10.839457366828604,,0.0,0.0,0.0,0.0,38.54756972653647,-23.42552571113061,False,False,False,True,False,,0,0.8543994702555903,1.1221764417615656,False,False,False,False,-0.25989605560031526,-0.24626419081629808,False,False,False,False,-967416,-737404.9334172448,False,False,False,False,210131.85775195181,False,False,False,False
2022-08-26 00:00:00+00:00,11.0512138559,11.5122752512,10.4380497323,10.4760754144,157680,,,,,"rgba(239, 83, 80, 0.5)",0.0,0.0,,10.85320260506439,,0.0,0.0,0.0,0.0,39.84203526497381,-21.32564518685221,False,False,False,True,False,,0,0.8675086928858382,1.1021364582372468,False,False,False,False,-0.22679599765053193,-0.236530094233415,False,False,False,False,-809736,-742762.7902011527,False,False,False,False,206246.53495551093,False,False,False,False
2022-09-02 00:00:00+00:00,11.46931418,11.5935650836,10.7620398056,10.9609028609,146892,,,,,"rgba(239, 83, 80, 0.5)",0.0,0.0,,10.898739942154238,,0.0,0.0,0.0,0.0,41.78723826283881,-18.695679622338602,False,False,False,True,False,,1,0.8606596156621177,1.0892529196342162,False,False,False,False,-0.19368987766983672,-0.21510998595162586,False,False,False,False,-662844,-736842.8798158821,False,False,False,False,201849.9027365842,False,False,False,False
2022-09-09 00:00:00+00:00,11.4310831328,11.6317961309,10.7238087583,11.5314396318,100603,,,,,"rgba(239, 83, 80, 0.5)",0.0,0.0,,10.922236137321942,,0.0,0.0,0.0,0.0,43.09522454248673,-16.77115691031269,False,False,False,True,False,,1,0.851599318428214,1.099644805013873,False,False,False,False,-0.19255198208522487,-0.20383098401842537,False,False,False,False,-763447,-738813.555385076,False,False,False,False,194350.13216350388,False,False,False,False
2022-09-16 00:00:00+00:00,10.3797293329,11.7273737491,10.2650361911,11.5935650836,140347,,,,,"rgba(239, 83, 80, 0.5)",0.0,0.0,,10.87184581660042,,0.0,0.0,0.0,0.0,42.00835144436815,-16.77115691031269,False,False,False,True,False,,1,0.8763667128468995,1.0846556114615562,False,False,False,False,-0.22242049627027619,-0.21312574014435076,False,False,False,False,-903794,-751034.3290602555,False,False,False,False,190349.90015139247,False,False,False,False
2022-09-23 00:00:00+00:00,9.2423556767,10.322382762,8.9078340132,10.217247382,217288,,,,,"rgba(239, 83, 80, 0.5)",0.0,0.0,,10.522702471685879,,0.0,0.0,0.0,0.0,39.545073615165855,-16.77115691031269,False,False,False,True,False,,1,0.7827257447690474,1.1426411027194183,False,False,False,False,-0.34282825441539394,-0.27797699727987235,False,False,False,False,-1121082,-778445.2676483848,False,False,False,False,192345.31495499305,False,False,False,False
2022-09-30 00:00:00+00:00,9.1467780586,9.2041246295,8.7931408714,9.0416426786,153998,,,,,"rgba(239, 83, 80, 0.5)",0.0,0.0,,9.961362486595114,,0.0,0.0,0.0,0.0,37.6582507962314,-16.77115691031269,False,False,False,True,False,,1,0.7933415660525139,1.171533615929678,False,False,False,False,-0.34282825441539394,-0.3104026258476331,False,False,False,False,-1275080,-815233.0256003563,False,False,False,False,189504.77310647507,False,False,False,False
2022-10-07 00:00:00+00:00,9.7298015294,10.0834387166,9.2614712004,9.280586724,225610,,9.691570482133333,,,"rgba(239, 83, 80, 0.5)",0.0,0.0,,10.001872608491503,,1.0,9.4430686749,9.2041246295,0.0,37.847986112303005,-16.77115691031269,False,False,False,True,False,,1,0.8159698654630146,1.130708615662982,False,False,False,False,-0.24403168910695633,-0.2772171574772947,False,False,False,False,-1049470,-832583.9125929225,False,False,False,False,192179.23435784728,False,False,False,False
2022-10-14 00:00:00+00:00,10.0356499075,10.3032672384,9.4430686749,9.9305145275,94489,,9.761163168940312,,,"rgba(239, 83, 80, 0.5)",0.0,0.0,,10.020459038116602,,0.0,0.0,0.0,0.0,38.74401644113283,-16.77115691031269,False,False,False,True,False,,1,0.8150926619228289,1.1244455352496545,False,False,False,False,-0.2123918027188122,-0.24480448009805345,False,False,False,False,-954981,-841650.3635119653,False,False,False,False,184942.92070171045,False,False,False,False
2022-10-21 00:00:00+00:00,10.4848647129,10.532653522,9.9783033366,9.9783033366,100194,,9.897231260238886,,,"rgba(239, 83, 80, 0.5)",0.0,0.0,,10.069944997737348,,0.0,0.0,0.0,0.0,40.45634335407186,-16.77115691031269,False,False,False,True,False,,1,0.8447386801599112,1.1240792148161114,False,False,False,False,-0.1003727210456953,-0.17258860057187436,False,False,False,False,-854787,-842623.4476962641,False,False,False,False,178665.22287195412,False,False,False,False
2022-10-28 00:00:00+00:00,11.9472022709,13.141922498,10.2745939529,10.3988448566,169475,,10.440533274415138,,,"rgba(239, 83, 80, 0.5)",0.0,0.0,,10.632862338950183,,1.0,11.4215253709,10.532653522,0.0,44.545834806493176,-12.667494694567417,False,False,False,True,True,,1,0.9133369257596962,0.9846189396662923,False,False,False,False,0.16803510979384312,-0.002276745389015622,False,False,False,False,-685312,-830970.7478669112,False,False,False,False,177984.46562217973,False,False,False,False
2022-11-04 00:00:00+00:00,12.3390705054,12.3629649099,11.4215253709,11.7464892727,284110,,10.960928237703312,,,#000000,0.0,0.0,,10.955855231262907,,0.0,0.0,0.0,0.0,48.10711201772697,-9.080731188296141,False,False,False,False,True,,1,0.979203229057291,0.9570642839843829,False,False,False,False,0.2029223997722382,0.10032282719161129,False,False,False,False,-401202,-799136.0258026955,False,False,False,False,185845.61631683307,False,False,False,False
2022-11-11 00:00:00+00:00,13.0081138325,13.0654604034,11.9854333181,12.2626084108,265143,,11.362571184497712,,,#000000,0.0,0.0,,11.271479818614036,,0.0,0.0,0.0,0.0,51.671492055355515,-5.579455189243227,False,False,False,False,True,,0,1.0176205339189572,0.9218815472016628,False,False,False,False,0.3274200275101719,0.2138714273508916,False,False,False,False,-136059,-750019.20907657,False,False,False,False,191719.49658966024,False,False,False,False
2022-11-18 00:00:00+00:00,12.4250903617,12.9889983089,12.2721661726,12.8934206907,146283,,11.499090227329132,,,#000000,0.0,0.0,,11.382402217758031,,0.0,0.0,0.0,0.0,52.97127897536023,-4.285768345263882,False,False,False,False,True,,0,1.0083487482599789,0.945267172026059,False,False,False,False,0.3428282340225555,0.2783498306867236,False,False,False,False,-282342,-715376.452848676,False,False,False,False,188353.83017561134,False,False,False,False
2022-11-25 00:00:00+00:00,12.8169585962,12.8743051671,12.1096842218,12.2243773636,76781,,11.561166540973359,,,"rgba(38, 166, 154, 0.5)",0.0,0.0,,11.434587334939412,,0.0,0.0,0.0,0.0,54.516255550871676,-2.7165616825478907,False,False,True,False,True,,0,0.9973501821526619,0.9525879171843266,False,False,False,False,0.31482012610898713,0.29658497839785536,False,False,False,False,-205561,-677612.3452302556,False,False,False,False,180089.17608852903,False,False,False,False
2022-12-02 00:00:00+00:00,12.9617188637,13.182548148,12.270427191,12.6831499308,106992,,11.651746764810007,,,"rgba(38, 166, 154, 0.5)",0.0,0.0,,11.928925939826144,,0.0,0.0,0.0,0.0,55.847373465715705,-1.3266753488837324,False,False,True,False,True,,0,0.9726415142235526,0.9675549939099731,False,False,False,False,0.34282823454719613,0.31970660647252575,False,False,False,False,-98569,-634720.24558357,False,False,False,False,174674.5704523417,False,False,False,False
2022-12-09 00:00:00+00:00,12.3856424698,13.0385290496,12.232022098,12.9233137708,103124,,11.710800518216422,,,"rgba(38, 166, 154, 0.5)",0.0,0.0,,11.936784063387593,,0.0,0.0,0.0,0.0,55.52274295150441,-1.3266753488837324,False,False,True,False,True,0.0,0,0.9800879706233954,0.9814545436818124,False,False,False,False,0.3248118183704142,0.32225921242146993,False,False,False,False,-201693,-602644.1533181204,False,False,False,False,169374.52819661266,False,False,False,False
2022-12-16 00:00:00+00:00,12.5584653879,13.1537443283,12.2800284642,12.3630794777,97878,,11.766669150629467,,,"rgba(38, 166, 154, 0.5)",0.0,0.0,,11.973328280125658,,0.0,0.0,0.0,0.0,55.597192536130045,-1.2249954861531336,False,False,True,False,True,0.0,0,1.0591035280314687,0.9348589344571048,False,False,False,False,0.34092183238226925,0.3315905224018696,False,False,False,False,-103815,-565693.8456649263,False,False,False,False,164078.48907093765,False,False,False,False
2022-12-23 00:00:00+00:00,12.3760411965,12.8657061314,12.0832023629,12.2800284642,161229,,11.826094692780664,,,"rgba(38, 166, 154, 0.5)",0.0,0.0,,11.992820407067137,,0.0,0.0,0.0,0.0,55.234775909043194,-1.2249954861531336,False,False,True,False,True,0.0,0,1.0507940714167305,0.9109928934944639,False,False,False,False,0.2935278418368383,0.31255918211935396,False,False,False,False,-265044,-543423.4867267837,False,False,False,False,163867.41580642373,False,False,False,False
2022-12-30 00:00:00+00:00,12.8369023117,12.8465035849,11.982388994,11.982388994,202573,,11.898719496914818,,,"rgba(38, 166, 154, 0.5)",0.0,0.0,,12.314124738777803,,0.0,0.0,0.0,0.0,55.83618813512295,-0.4756829176431694,False,False,True,False,True,0.3841177817109447,0,1.0458264347941024,0.907309462460897,False,False,False,False,0.28199928878911024,0.29727923545423207,False,False,False,False,-62471,-507797.37659887376,False,False,False,False,166734.49611705902,False,False,False,False
2023-01-06 00:00:00+00:00,12.8945099511,12.8945099511,12.1360093657,12.6352755738,159878,,11.952865128850698,,,"rgba(38, 166, 154, 0.5)",0.0,0.0,,12.347527546361453,,1.0,12.9809214102,12.8465035849,0.0,56.37244671381517,0.3295665544203885,False,False,True,False,True,0.6509667140499573,0,1.0671984545584707,0.8955346361344937,False,False,False,False,0.30141064090040437,0.2993449381773182,False,False,False,False,97407,-462967.422776735,False,False,False,False,166226.6075157954,False,False,False,False
2023-01-13 00:00:00+00:00,13.6050041703,13.8162321814,12.9809214102,13.0193265031,294966,13.467385920633332,12.132367540675611,,,"rgba(38, 166, 154, 0.5)",0.0,0.0,,12.586907768224101,,0.0,0.0,0.0,0.0,58.00797353500566,2.1760166578049933,False,False,True,False,True,3.8531364190922552,0,1.0970939924368122,0.8626570269216638,False,False,False,False,0.3428282375820527,0.32108658787968547,False,False,False,False,392373,-399608.8729414213,False,False,False,False,175762.85881092167,False,False,False,False
2023-01-20 00:00:00+00:00,13.9506500066,14.109071015,13.4321812521,13.7010169026,90898,13.55295630867471,12.192209243479702,,,"rgba(38, 166, 154, 0.5)",0.0,0.0,,12.660084119818576,,0.0,0.0,0.0,0.0,59.73137174733692,4.057778994535525,False,False,True,False,True,5.342435795272259,0,1.1051554317503631,0.8710486502712367,False,False,False,False,0.3428282388944672,0.3319574133870763,False,False,False,False,483271,-334210.3638346493,False,False,False,False,169476.57297307564,False,False,False,False
2023-01-27 00:00:00+00:00,14.2194856571,14.3250996627,13.7106181758,13.9026436405,351193,13.806496865462522,12.41902617304177,,,"rgba(38, 166, 154, 0.5)",0.0,0.0,,12.91560597678545,,0.0,0.0,0.0,0.0,61.38330852426887,5.829272898484717,False,False,True,False,True,6.480765851859424,0,1.114969477307552,0.8691721042267767,False,False,False,False,0.34282823965898374,0.33739282652303004,False,False,False,False,834464,-247641.89243949013,False,False,False,False,182937.04904914412,False,False,False,False
2023-02-03 00:00:00+00:00,14.3539034824,14.845104621,13.9698525531,14.1906818374,233549,13.946809078715273,12.564467760469444,,,"rgba(38, 166, 154, 0.5)",0.0,0.0,,13.068951948330216,,0.0,0.0,0.0,0.0,62.77488242722569,7.32306283564904,False,False,True,False,True,7.047331662021186,0,1.124711432521817,0.8271477011899682,False,False,False,False,0.3428282407219439,0.340110533622487,False,False,False,False,1068013,-150185.97448100938,False,False,False,False,186686.0824529112,False,False,False,False
2023-02-10 00:00:00+00:00,14.6707454991,14.7859607779,14.008257646,14.4019098486,113376,14.003447003025448,12.631013231806879,,,"rgba(38, 166, 154, 0.5)",0.0,0.0,,13.136289314243307,,0.0,0.0,0.0,0.0,64.26492539789182,8.89506291366537,False,False,True,False,True,8.3724406395309,0,1.1118991338238928,0.8685771279761157,False,False,False,False,0.3414089796169118,0.34075975661969937,False,False,False,False,1181389,-51550.79118611981,False,False,False,False,181255.7059749178,False,False,False,False
2023-02-17 00:00:00+00:00,15.6884804617,16.3686346575,14.459517488,14.6131378597,368493,14.38452915816693,12.921516951794892,,,"rgba(38, 166, 154, 0.5)",0.0,0.0,,13.45990891145097,,0.0,0.0,0.0,0.0,66.70502715499379,11.348374117556865,False,False,True,False,True,12.375180949629339,0,1.1433917383637946,0.7937439266098669,False,False,False,False,0.3428282428704769,0.3417939997450882,False,False,False,False,1549882,67073.86001285203,False,False,False,False,195125.13516196093,False,False,False,False
2023-02-24 00:00:00+00:00,16.1205377572,16.197347943,15.1344869962,15.7172842814,508097,14.755883347130037,13.275706046978879,,,"rgba(38, 166, 154, 0.5)",0.0,0.0,,13.827780291545876,,0.0,0.0,0.0,0.0,68.94555263884418,13.560182050417367,False,False,True,False,True,13.963628183814748,0,1.1704593795799465,0.8165940250289707,False,False,False,False,0.3428282433065597,0.34231112152582394,False,False,False,False,2057979,214548.31482671484,False,False,False,False,218308.23626107493,False,False,False,False
2023-03-03 00:00:00+00:00,16.922645519,16.9997857835,15.7268855546,16.1109364839,457219,15.09511866838155,13.600318225444216,,,"rgba(38, 166, 154, 0.5)",0.0,0.0,,14.162229629844163,,0.0,0.0,0.0,0.0,71.36763317499536,15.911964597715325,False,False,True,False,True,16.761954769808312,0,1.17784916702532,0.7921033036023285,False,False,False,False,0.3428282443585373,0.3425696829421806,False,False,False,False,2515198,384966.810024736,False,False,False,False,236005.32987136568,False,False,False,False
2023-03-10 00:00:00+00:00,16.1416003412,17.3565595067,16.0066048784,17.0576409818,450087,15.315851095293093,13.858302730849593,,,"rgba(38, 166, 154, 1.0)",0.0,0.0,,15.108254498986458,,0.0,0.0,0.0,0.0,70.76501520494,15.911964597715325,True,False,True,False,True,12.76395085560015,0,1.186853138669745,0.7835766303166051,False,False,False,False,0.342828244775117,0.3426989638586488,False,False,False,False,2065111,509421.93520808883,False,False,False,False,251863.23136237563,False,False,False,False
2023-03-17 00:00:00+00:00,15.3509126304,16.1223152751,14.7723606468,15.939107147,393172,15.327828742755225,13.970520576204283,,,"rgba(38, 166, 154, 1.0)",-1.0,16.532625,,15.033074978927512,,0.0,0.0,0.0,0.0,68.30353888703907,15.911964597715325,True,False,True,False,True,8.984052320229782,0,1.1575068720640305,0.8322902550551694,False,False,False,False,0.22783488528614018,0.2852669245723945,False,False,False,False,1671939,595534.3103778601,False,False,False,False,262330.5475577552,False,False,False,False
2023-03-24 00:00:00+00:00,15.1002067708,15.8812519486,14.810930779,15.2352022336,247686,15.323332158170016,14.02670806998186,,,"rgba(38, 166, 154, 0.75)",0.0,0.0,,15.013138127324849,,0.0,0.0,0.0,0.0,65.94703732054258,15.911964597715325,True,False,True,False,False,7.829843896805702,0,1.2156327307360686,0.7872909146377031,False,False,False,False,0.2186964887470829,0.2519817066597387,False,False,False,False,1424253,656920.8799795001,False,False,False,False,261245.76625718072,False,False,False,False
2023-03-31 00:00:00+00:00,16.103030209,16.1994555396,15.0809217047,15.1773470353,207000,15.349578736919558,14.088629865971441,,,"rgba(38, 166, 154, 0.75)",0.0,0.0,,15.045859325758414,,0.0,0.0,0.0,0.0,65.70388158823724,21.28144653711199,True,False,True,False,False,11.397597472764296,0,1.2260445069836279,0.7403551646405342,False,False,False,False,0.2362380700898206,0.24410988837477965,False,False,False,False,1631253,729093.6296106481,False,False,False,False,257227.5613492414,False,False,False,False
2023-04-07 00:00:00+00:00,16.6912247256,16.913002986,16.0957983092,16.3730211346,233179,15.421446925744052,14.182697720728294,,,"rgba(38, 166, 154, 0.75)",0.0,0.0,,15.13688074391028,,0.0,0.0,0.0,0.0,66.26288983182306,21.28144653711199,True,False,True,False,False,13.35721433983311,0,1.2518817789427354,0.7454138310873463,False,False,False,False,0.3236729219847392,0.2838914051797594,False,False,False,False,1864432,813192.7681580075,False,False,False,False,255446.18643448278,False,False,False,False
2023-04-14 00:00:00+00:00,17.5011975026,17.6747630976,16.5851568619,16.5851568619,307804,15.553937845840732,14.329240128469813,,,"rgba(38, 166, 154, 0.75)",0.0,0.0,,15.2967931077896,,0.0,0.0,0.0,0.0,67.56582355680712,21.28144653711199,True,False,True,False,False,15.91519259016275,0,1.2611860481619894,0.7274167261500757,False,False,False,False,0.34282824364137987,0.31335982441056964,False,False,False,False,2172236,913862.6371833403,False,False,False,False,259324.54299489147,False,False,False,False
2023-04-21 00:00:00+00:00,17.9929666886,18.1954598828,17.1540663124,17.6265504323,355825,15.725726828839363,14.509684976147023,,,"rgba(38, 166, 154, 1.0)",0.0,0.0,,15.494641339905174,,0.0,0.0,0.0,0.0,68.9951090606508,21.28144653711199,True,False,True,False,True,17.396111259996626,0,1.2577666534425094,0.7216204777498819,False,False,False,False,0.34282824200180134,0.32809403320618546,False,False,False,False,2528061,1033432.8862808706,False,False,False,False,266472.72499526985,False,False,False,False
2023-04-28 00:00:00+00:00,18.5618761391,18.6293738705,17.4835516671,17.8483286927,483213,15.962717984956853,14.755964231791543,,,"rgba(38, 166, 154, 1.0)",0.0,0.0,,15.757089502132763,,0.0,0.0,0.0,0.0,70.55698998473693,21.28144653711199,True,False,True,False,True,19.051498498874196,0,1.276373564537451,0.7877912691330506,False,False,False,False,0.34282824239995824,0.33546113780307185,False,False,False,False,3011274,1179939.6354452507,False,False,False,False,282527.5601808054,False,False,False,False
2023-05-05 00:00:00+00:00,18.6004462713,18.8125819986,17.6747630976,18.4750933416,359542,16.120886647182434,14.92549308132976,,,"rgba(38, 166, 154, 1.0)",0.0,0.0,,15.927680451429296,,0.0,0.0,0.0,0.0,71.70901963014003,16.413823531615847,True,False,True,False,True,19.162506840813716,0,1.2372702802221718,0.7521531660239066,False,False,False,False,0.3428282417094606,0.3391446897562662,False,False,False,False,3370816,1342226.7735604174,False,False,False,False,288232.33350074576,False,False,False,False
2023-05-12 00:00:00+00:00,18.5618761391,18.9957901268,17.8676137588,18.6968716019,342125,16.25981610366452,15.077461443089659,,,"rgba(38, 166, 154, 1.0)",1.0,19.29093,,16.853043012826884,,0.0,0.0,0.0,0.0,72.41859592895958,17.207834159648428,True,False,True,False,True,18.97224981398368,0,1.2224895389522827,0.7726818364379711,False,False,False,False,0.34282824210650015,0.34098646593138315,False,False,False,False,3028691,1467150.0495929788,False,False,False,False,292224.38287106086,False,False,False,False
2023-05-19 00:00:00+00:00,18.3015277465,18.8318670648,18.0797494861,18.6968716019,216193,16.336914464290036,15.165096859483814,,,"rgba(38, 166, 154, 1.0)",0.0,0.0,,16.906479604015374,,0.0,0.0,0.0,0.0,72.14055497616516,17.207834159648428,True,False,True,False,True,17.68240434359021,0,1.2202078880784042,0.7769397964145858,False,False,False,False,0.34282824215561536,0.34190735404349926,False,False,False,False,2812498,1566805.4533268323,False,False,False,False,286592.42858431564,False,False,False,False
2023-05-26 00:00:00+00:00,17.7755937216,18.6100888044,17.5529147153,18.2629576143,201649,16.390207801517118,15.232587218364372,,,"rgba(38, 166, 154, 1.0)",0.0,0.0,,16.915368599658528,,0.0,0.0,0.0,0.0,70.42742501528035,17.207834159648428,True,False,True,False,True,15.132238027900165,0,1.2038335132427649,0.7835213174591311,False,False,False,False,0.2975928157019504,0.3197500848727248,False,False,False,False,2610849,1644142.0123396595,False,False,False,False,280300.3227632552,False,False,False,False
2023-06-02 00:00:00+00:00,18.124134775,18.2112700383,17.4429306496,17.7755937216,199737,16.438029581356158,15.295081282383098,,,"rgba(38, 166, 154, 1.0)",0.0,0.0,2.465169952671513,17.41240795016141,0.28871308611695995,0.0,0.0,0.0,0.0,69.68784393405096,17.207834159648428,True,False,True,False,True,16.225827528811816,0,1.1945631115692985,0.8094769603437146,False,False,False,False,0.26751991323851004,0.2936349990556174,False,False,False,False,2810586,1730545.27068487,False,False,False,False,274332.6692252363,False,False,False,False
2023-06-09 00:00:00+00:00,18.5791744835,18.7340816184,17.6206865868,18.1338164709,181681,16.489622203978605,15.357420827509236,,,"rgba(38, 166, 154, 1.0)",0.0,0.0,2.535129261149777,17.48618586997256,0.4311372324390791,0.0,0.0,0.0,0.0,69.76074063692047,17.207834159648428,True,False,True,False,True,17.622115893847294,0,1.2005008233023498,0.7863882404890838,False,False,False,False,0.3090614418548658,0.30134822045524157,False,False,False,False,2992267,1824006.1395230277,False,False,False,False,267469.5826159595,False,False,False,False
2023-06-16 00:00:00+00:00,18.918033841,19.0632592799,18.2306334302,18.4533124365,258244,16.574298744754795,15.4538807672303,,,"rgba(38, 166, 154, 1.0)",0.0,0.0,2.611085646645828,17.614812473278878,0.49911092322659945,0.0,0.0,0.0,0.0,70.23884607452335,17.207834159648428,True,False,True,False,True,18.63955199538406,0,1.2221742329629872,0.7779215517529944,False,False,False,False,0.3428282425315977,0.32208823149341964,False,False,False,False,3250511,1929673.1662250257,False,False,False,False,266786.20612588845,False,False,False,False
2023-06-23 00:00:00+00:00,19.2375298066,19.5860708599,18.8889887532,18.9761240165,224423,16.658726018467455,15.545450679412404,,,"rgba(38, 166, 154, 1.0)",0.0,0.0,2.69057165893076,18.440689214681626,0.2961603305652308,0.0,0.0,0.0,0.0,70.9698614886118,17.207834159648428,True,False,True,False,True,19.584940331019904,0,1.2555106806453349,0.7462760216912601,False,False,False,False,0.34282824356021957,0.3324582375268196,False,False,False,False,3474934,2044136.9316898384,False,False,False,False,263648.1908573041,False,False,False,False
2023-06-30 00:00:00+00:00,18.521084308,19.314983374,17.8433655931,19.1116677595,320362,16.741031293851908,15.646111475670661,,,"rgba(38, 166, 154, 0.75)",0.0,0.0,2.7502510126752004,18.360419327078052,0.058418297159598634,0.0,0.0,0.0,0.0,69.35244774605934,17.207834159648428,True,False,True,False,False,16.088771846521627,0,1.214510327854825,0.7614092801601042,False,False,False,False,0.2718677566819877,0.30216299710440364,False,False,False,False,3154572,2126391.381194295,False,False,False,False,267849.213756763,False,False,False,False
2023-07-07 00:00:00+00:00,18.3080869976,18.8696253613,17.8240990182,18.511402612,163859,16.775540379863227,15.691249272388653,,,"rgba(38, 166, 154, 0.75)",0.0,0.0,2.8016477965416597,18.327154132753748,-0.006805685988539976,0.0,0.0,0.0,0.0,67.60513467749993,17.207834159648428,True,False,True,False,False,15.078688296611428,0,1.2058641647838813,0.7821287041519283,False,False,False,False,0.2334761424058549,0.26781956975512927,False,False,False,False,2990713,2190415.2048095325,False,False,False,False,260146.23495996578,False,False,False,False
2023-07-14 00:00:00+00:00,18.8212168817,18.908352145,17.8240022012,18.2112700383,213023,16.823267377289998,15.751641558775034,,,"rgba(38, 166, 154, 0.75)",0.0,0.0,2.862944328999694,18.324766146587073,0.17340565448102344,0.0,0.0,0.0,0.0,67.15212676568063,21.340955746803914,True,False,True,False,False,16.668774486558377,0,1.1768285703205346,0.8126283749816586,False,False,False,False,0.22871079935194924,0.24826518455353924,False,False,False,False,3203736,2265476.0044532707,False,False,False,False,256655.6249629313,False,False,False,False
2023-07-21 00:00:00+00:00,18.5985378754,18.8599436654,17.7211825905,18.8018534898,651500,16.944626359465236,15.913664991938278,,,"rgba(38, 166, 154, 0.75)",0.0,0.0,2.915975184482772,18.477402502205475,0.041541976707875614,0.0,0.0,0.0,0.0,66.18725105953024,20.302533547217678,True,False,True,False,False,15.604109089883103,0,1.1539114840233407,0.8280489835039045,False,False,False,False,0.21344442548500878,0.23085480501927402,False,False,False,False,2552236,2286717.4856048804,False,False,False,False,285903.3564471586,False,False,False,False
2023-07-28 00:00:00+00:00,23.8169719799,25.4628602875,18.1822249505,18.7534450102,1019005,17.542488725166372,16.489105373385385,,,"rgba(38, 166, 154, 1.0)",1.0,25.412859,3.1340031111016144,20.809828001393427,0.9595216953851554,0.0,0.0,0.0,0.0,70.26446603534816,20.302533547217678,True,False,True,False,True,20.0,0,1.1293996341059584,0.6757382497052566,False,False,False,False,0.34282824444078946,0.28684152473003177,False,False,False,False,3571241,2381867.3755600746,False,False,False,False,340207.1818955172,False,False,False,False
2023-08-04 00:00:00+00:00,24.1171045537,24.7173697011,23.3909773591,23.8169719799,584891,17.92335979057608,16.8520286739892,,,"rgba(38, 166, 154, 1.0)",0.0,0.0,3.346035191165443,21.509242621882596,0.7793886743041307,0.0,0.0,0.0,0.0,73.33084276292894,18.933034937426612,True,False,True,False,True,20.0,0,1.2697130969376236,0.7162384493618497,False,False,False,False,0.3428282467458001,0.31483488573791596,False,False,False,False,4156132,2513294.3847778467,False,False,False,False,358331.90916251595,False,False,False,False
2023-08-11 00:00:00+00:00,23.9137889392,24.536902889,23.1102081773,24.330101864,367237,18.132780707753277,17.056209643203005,,,"rgba(38, 166, 154, 1.0)",0.0,0.0,3.532303227205527,21.77428534316332,0.6056964700987127,0.0,0.0,0.0,0.0,75.06670668198672,20.504747274280362,True,False,True,False,True,20.0,0,1.255794528752785,0.7248417145633035,False,False,False,False,0.32333693502054967,0.31908591037923284,False,False,False,False,3788895,2607783.319238747,False,False,False,False,358991.54552084807,False,False,False,False
2023-08-18 00:00:00+00:00,22.9746644343,24.068696074,22.4615345502,23.7104733247,277957,18.26386932128517,17.188204455818358,,,"rgba(38, 166, 154, 1.0)",0.0,0.0,3.673800305047875,21.87537049913613,0.2992252827823591,0.0,0.0,0.0,0.0,74.29719207832488,20.504747274280362,True,False,True,False,True,20.0,0,1.2267454058694531,0.7807359244805906,False,False,False,False,0.2770752047816465,0.29808055758043966,False,False,False,False,3510938,2674683.6659618025,False,False,False,False,352988.98659337783,False,False,False,False
2023-08-25 00:00:00+00:00,23.6620648451,24.0106058985,22.8972108669,23.1876617447,331763,18.42236607016713,17.34739516340374,,,"rgba(38, 166, 154, 1.0)",0.0,0.0,3.828161885600018,22.011720988073954,0.43110607815044805,0.0,0.0,0.0,0.0,74.26019664205586,20.504747274280362,True,False,True,False,True,20.0,0,1.2196331452995457,0.7778395228608151,False,False,False,False,0.29257694159882564,0.2953287495896326,False,False,False,False,3842701,2761203.4684831505,False,False,False,False,351416.69129016466,False,False,False,False
2023-09-01 00:00:00+00:00,23.7876900794,24.3904022922,23.3038420958,23.4974760143,184982,18.511683907020785,17.436930249090754,,,"rgba(38, 166, 154, 1.0)",0.0,0.0,3.976631013764862,22.09331959699864,0.4260818960915414,0.0,0.0,0.0,0.0,74.32645543253709,20.504747274280362,True,False,True,False,True,20.0,0,1.2155030826626847,0.7887104994100904,False,False,False,False,0.3253176551194735,0.3103232023545531,False,False,False,False,4027683,2855016.7671140283,False,False,False,False,339088.19563904137,False,False,False,False
2023-09-08 00:00:00+00:00,23.0683238898,23.8654593972,22.9127852542,23.7876900794,162900,18.580111044112165,17.50719972108273,,,"rgba(38, 166, 154, 1.0)",0.0,0.0,4.094116688273845,22.1360893812446,0.2277010108738369,0.0,0.0,0.0,0.0,72.8512915971028,20.504747274280362,True,False,True,False,True,20.0,0,1.1986263363749454,0.8117193012530385,False,False,False,False,0.287242302847673,0.29878275260111303,False,False,False,False,3864783,2929814.2658463223,False,False,False,False,326037.2181842976,False,False,False,False
2023-09-15 00:00:00+00:00,22.2128613941,23.4085646551,21.9212264524,23.3988434904,185959,18.643491090522925,17.57498239976218,,,"rgba(38, 166, 154, 0.75)",0.0,0.0,4.184084860886925,22.145974582844246,0.015986007330065048,0.0,0.0,0.0,0.0,70.14696040135811,24.743757157112142,True,False,True,False,False,19.44092122957156,0,1.2054819874818283,0.7905691553591859,False,False,False,False,0.22860511113988305,0.26369393187049806,False,False,False,False,3678824,2985296.4683762244,False,False,False,False,315661.0538743496,False,False,False,False
2023-09-22 00:00:00+00:00,21.8726206288,23.1072085487,21.8337359699,22.3197942061,193836,18.7034042539989,17.64032832151592,,,"rgba(38, 166, 154, 0.75)",0.0,0.0,4.2614768041338875,22.144920415876335,-0.06389798644737148,0.0,0.0,0.0,0.0,67.5928092246092,22.291441286930862,True,False,True,False,False,18.12056248878342,0,1.200686731209673,0.7935079258903395,False,False,False,False,0.20875355999158793,0.236223745931043,False,False,False,False,3484988,3022310.6559039117,False,False,False,False,306636.97580958303,False,False,False,False
2023-09-29 00:00:00+00:00,21.1143697803,22.2614672177,20.7158020266,21.687918499,348969,18.78022492554759,17.731327121827633,,,"rgba(38, 166, 154, 0.75)",0.0,0.0,4.3158448842900965,22.075973889406427,-0.22280784756808986,0.0,0.0,0.0,0.0,64.44201930668447,19.317511723259713,True,False,True,False,False,15.251201399881463,0,1.1590830371297065,0.8288582589554045,False,False,False,False,0.106117513221569,0.171170629576306,False,False,False,False,3136019,3030733.4962073257,False,False,False,False,309772.6813051695,False,False,False,False
2023-10-06 00:00:00+00:00,21.0074369683,21.1629756039,19.99838007,21.1435332745,355690,18.83576590356883,17.80403504219419,,,"rgba(38, 166, 154, 0.5)",0.0,0.0,4.354952307683612,21.971516279915328,-0.22137540057886887,0.0,0.0,0.0,0.0,62.00833764657463,17.07615116865354,False,False,True,False,False,14.852779559494216,0,1.109106997088103,0.8811807725072038,False,False,False,False,-0.0010855704626971273,0.08504252955680443,False,False,False,False,2780329,3012185.015006783,False,False,False,False,313173.9641714532,False,False,False,False
2023-10-13 00:00:00+00:00,21.3573988984,22.076765088,20.8112638642,20.9199464858,244467,18.885473050348693,17.863364726804605,,,"rgba(38, 166, 154, 0.5)",0.0,0.0,4.393976334161426,21.941128019087216,-0.1328475795713677,0.0,0.0,0.0,0.0,60.75120369409486,15.955827989318763,False,False,True,False,False,15.726622852859872,0,1.1175738189207696,0.8775326359161085,False,False,False,False,0.06003059224500718,0.07253656090090581,False,False,False,False,3024796,3013119.1620433177,False,False,False,False,308084.5594180123,False,False,False,False
2023-10-20 00:00:00+00:00,20.2589072846,21.4740528751,20.2297437904,21.4254470515,168162,18.90861296798515,17.894553489294243,,,"rgba(38, 166, 154, 0.5)",0.0,0.0,4.407221118840766,21.898408399978166,-0.3720033715506894,0.0,0.0,0.0,0.0,57.978892086078886,13.358550665942431,False,False,True,False,False,11.69249760853545,0,1.0850875677296548,0.9092988438203544,False,False,False,False,-0.009405580467279677,0.03156549021681307,False,False,False,False,2856634,3001527.668558628,False,False,False,False,297719.9253870484,False,False,False,False
2023-10-27 00:00:00+00:00,20.210301461,20.4144459202,19.7242432248,20.0742051548,212400,18.928245066229294,17.925477679807805,,,"rgba(38, 166, 154, 0.5)",0.0,0.0,4.418045659292811,21.828086583617228,-0.36617664174982384,0.0,0.0,0.0,0.0,55.92035119994683,11.462539693387576,False,False,True,False,False,11.518801291223301,0,1.0627792722069127,0.9499861889817179,False,False,False,False,-0.09261109817637952,-0.030522803979783228,False,False,False,False,2644234,2975061.470887618,False,False,False,False,291399.93091393367,False,False,False,False
2023-11-03 00:00:00+00:00,20.7935713444,20.9977158036,18.8883202702,20.210301461,444236,18.970933744913072,17.990568918325078,,,"rgba(38, 166, 154, 0.5)",0.0,0.0,4.442488058977285,21.705929669259014,-0.20537102469309723,0.0,0.0,0.0,0.0,55.35826415315668,10.969032051841296,False,False,True,False,False,13.03893961354277,0,1.0331001803860675,0.9403997399164695,False,False,False,False,-0.10613314722753989,-0.06832797560366155,False,False,False,False,3088470,2983462.1026737206,False,False,False,False,302721.1212166053,False,False,False,False
2023-11-10 00:00:00+00:00,19.0145981999,20.94910998,18.907665388,20.94910998,215552,18.981186090269738,18.012682449910983,,,#000000,0.0,0.0,4.446267484815418,21.632594172688577,-0.5888075743821923,0.0,0.0,0.0,0.0,52.2704713776038,8.014940802424356,False,True,False,False,False,6.932763110614953,0,1.0276783001799747,0.9480174140143796,False,False,False,False,-0.10770159469635478,-0.08801478515000816,False,False,False,False,2872918,2975273.650623815,False,False,False,False,296264.14927463455,False,False,False,False
2023-11-17 00:00:00+00:00,19.5784257539,20.0255993312,18.907665388,19.082646353,216856,18.989315854921045,18.03272238767694,,,#000000,0.0,0.0,4.448796331984765,21.5599386093032,-0.44540426388078247,0.0,0.0,0.0,0.0,50.95003006122254,6.779319016717707,False,True,False,False,False,8.426071698699065,0,1.0218204256289998,0.9685381738892307,False,False,False,False,-0.15751794795239765,-0.1227663665512029,False,False,False,False,3089774,2983755.1579850144,False,False,False,False,290382.06414318015,False,False,False,False
2023-11-24 00:00:00+00:00,18.8979442232,19.6853585659,18.4799341401,19.6853585659,154598,18.989664178800925,18.04210149312561,,,#000000,0.0,0.0,4.417722891105784,21.499955902876245,-0.5889938648969775,0.0,0.0,0.0,0.0,49.08957572426863,4.994465589559091,False,True,False,False,False,6.231351841664139,0,1.0243372908062411,0.971770653148472,False,False,False,False,-0.19953270704611853,-0.16114953679866073,False,False,True,False,2935176,2980156.7018379765,False,False,False,False,280323.9853177594,False,False,False,False
2023-12-01 00:00:00+00:00,20.0492465633,20.3321799698,18.4118859871,18.7618479171,326426,19.003426109367137,18.072659855589137,,,#000000,-1.0,18.494404,4.393812679163087,21.06311138439323,-0.23074830338155167,0.0,0.0,0.0,0.0,49.488560697347,4.994465589559091,False,True,False,False,False,9.218968993851803,0,1.0246915107725194,0.9459536798091318,False,False,False,False,-0.1983961910016694,-0.17977286390016506,False,False,False,False,3261602,3001004.5017018304,False,False,False,False,283738.9493682957,False,False,False,False
2023-12-08 00:00:00+00:00,19.6589935888,20.0924670802,19.3832798624,19.9711959684,172460,19.011793097630026,18.089493973029878,,,#000000,0.0,0.0,4.365649371227593,21.037713413204866,-0.3158109383432177,0.0,0.0,0.0,0.0,49.225028600934316,4.994465589559091,False,True,False,False,False,7.97216654612647,0,1.045382933130559,0.9650245366121644,False,False,False,False,-0.16576812093145576,-0.1727704924158104,False,False,False,False,3089142,3007533.2052794727,False,False,False,False,275496.06422990345,False,False,False,False
2023-12-15 00:00:00+00:00,19.9809522928,20.2931546723,19.0638578028,19.6297246157,230024,19.023700856746437,18.11233156362827,,,#000000,0.0,0.0,4.339583046899479,21.006316957758465,-0.23628183949401774,0.0,0.0,0.0,0.0,49.51468388239985,4.994465589559091,False,True,False,False,False,8.79723827367539,0,1.021236810239022,0.9686530352193801,False,False,False,False,-0.17276302364645263,-0.1727667580311315,False,False,False,False,3319166,3030617.115999512,False,False,False,False,272127.76317583653,False,False,False,False
2023-12-22 00:00:00+00:00,20.6541386737,21.1517112162,19.8150947786,19.9809522928,353528,19.059021395153227,18.16173713182268,,,#000000,0.0,0.0,4.307543512775872,21.043272320344606,-0.09033771695874052,0.0,0.0,0.0,0.0,50.68703176644533,4.994465589559091,False,True,False,False,False,10.491431736893563,0,1.0232255521939941,0.9607357464318803,False,False,False,False,-0.0790587998821366,-0.12591277895663405,False,False,False,False,3672694,3078178.3666662145,False,False,False,False,278157.4103479968,False,False,False,False
2023-12-29 00:00:00+00:00,20.3419362941,21.0736606213,20.1663224556,20.8882904584,142435,19.072670353580975,18.180973045827916,,,#000000,0.0,0.0,4.281111790428378,21.04706618669808,-0.1647071898880547,0.0,0.0,0.0,0.0,51.02438693413269,4.994465589559091,False,True,False,False,False,9.468477109814533,0,1.0590930306239645,0.9552615159971064,False,False,False,False,-0.06333809327584598,-0.09462543611624002,False,False,False,False,3530259,3111665.8209872358,False,False,False,False,268103.8984703674,False,False,False,False
2024-01-05 00:00:00+00:00,20.3224236454,20.8199961879,19.9565614819,20.3712052672,180219,19.087709174118913,18.203228543537563,,,#000000,0.0,0.0,4.244917610613833,21.039812911579663,-0.1689995736044273,0.0,0.0,0.0,0.0,51.233033951676134,4.994465589559091,False,True,False,False,False,9.404067436314701,0,1.054499550020989,0.9501541836101842,False,False,False,False,-0.09002976797508447,-0.09232760204566225,False,False,False,False,3350040,3129323.1675807736,False,False,False,False,261593.90599108094,False,False,False,False
2024-01-12 00:00:00+00:00,21.1517112162,21.4639135957,19.6103095303,20.2541293749,255559,19.114537311536594,18.239369450758296,,,#000000,0.0,0.0,4.216832709430768,21.050348193419847,0.024037714978224763,0.0,0.0,0.0,0.0,52.62736412630151,4.994465589559091,False,True,False,False,True,11.50381422722739,0,1.0447726046425634,0.9359465526407403,False,False,False,False,-0.07287296885189061,-0.08260028544877643,False,False,False,False,3605599,3164602.8588710865,False,False,False,False,261146.87591766755,False,False,False,False
2024-01-19 00:00:00+00:00,22.683454141,22.7517484115,20.8199961879,21.1712238649,240166,19.159130602170574,18.29013896295663,,,"rgba(38, 166, 154, 0.5)",0.0,0.0,4.2186631760845295,21.126519723552406,0.36905871657965156,0.0,0.0,0.0,0.0,55.525097343495304,0.5672735716176973,False,True,True,False,True,15.116669878091422,1,1.0761560390911857,0.9043555137914941,False,False,False,False,0.0288774472495835,-0.026861419099596464,False,False,False,False,3845765,3215059.3137695245,False,False,False,False,259592.73696080327,False,False,False,False
2024-01-26 00:00:00+00:00,23.3273715488,23.3663968463,22.361495437,22.92736225,374419,19.247386279245806,18.385491020063583,,,"rgba(38, 166, 154, 0.5)",0.0,0.0,4.215064498987638,21.28687031001385,0.4840972752080617,0.0,0.0,0.0,0.0,58.27510531787651,3.276160339372751,False,True,True,False,True,16.54344137279703,1,1.1214389294919178,1.060917874744088,False,False,False,False,0.1737167859937497,0.07342768344707662,False,False,False,False,4220184,3289512.994231041,False,False,False,False,268098.38607481786,False,False,False,False
2024-02-02 00:00:00+00:00,21.8736792189,24.0688522003,21.6883090561,23.1907830078,354644,19.317270705851392,18.46342760196506,,,"rgba(38, 166, 154, 0.5)",0.0,0.0,4.188426010336322,21.376517530795045,0.11869893054766778,0.0,0.0,0.0,0.0,57.74595934070577,3.276160339372751,False,True,True,False,True,11.780378879752455,1,0.9519952370728061,1.0182842006427133,False,False,False,False,0.19839521809676836,0.1359114507719225,False,False,False,False,3865540,3332181.661325038,False,False,False,False,274509.172291498,False,False,False,False
2024-02-09 00:00:00+00:00,23.0249254936,23.0932197641,21.200492838,21.766359651,336019,19.378755551345368,18.532806869811775,,,"rgba(38, 166, 154, 0.5)",0.0,0.0,4.183582503720086,21.440808481892354,0.37865083580855247,0.0,0.0,0.0,0.0,58.6387056795194,3.7000001373699263,False,True,True,False,True,14.331279525442774,0,0.9468560564066609,1.0401751051465415,False,False,False,False,0.09475285942185153,0.11533215509688702,False,False,False,False,4201559,3396579.9827083685,False,False,False,False,279065.45582546113,False,False,False,False
2024-02-16 00:00:00+00:00,23.7664061451,23.9029946862,22.6151598704,23.0249254936,352714,19.460765045564145,18.620857634721187,,,"rgba(38, 166, 154, 0.5)",0.0,0.0,4.186072651166329,21.55123881507587,0.5291755577646119,0.0,0.0,0.0,0.0,60.01196127061479,5.1079019743019245,False,True,True,False,True,15.898554739617484,0,1.0043134469238253,1.0046525152269759,False,False,False,False,0.25385709000608536,0.18459462255148618,False,False,False,False,4554273,3482335.021026267,False,False,False,False,284520.90354209364,False,False,False,False
2024-02-23 00:00:00+00:00,24.088364849,24.3225166337,23.1222936107,23.7761624695,171880,19.50360423664358,18.666243834008338,,,"rgba(38, 166, 154, 0.5)",0.0,0.0,4.164962816722661,21.6099921539707,0.5950527781612921,0.0,0.0,0.0,0.0,61.30305767773473,6.431543505131025,False,False,True,False,True,16.567376032155607,0,1.0063044378330528,0.991263560207541,False,False,False,False,0.32356132140665744,0.2540779719790718,False,False,False,False,4726153,3574469.6861354327,False,False,False,False,276177.13290934596,False,False,False,False
2024-03-01 00:00:00+00:00,24.7322822569,24.9371650685,23.8268953561,24.088364849,235676,19.569653467088344,18.734913256837938,,,"rgba(38, 166, 154, 0.5)",0.0,0.0,4.118608378017353,21.706331470286173,0.7347022365040887,0.0,0.0,0.0,0.0,62.83164810931659,7.9775739167725135,False,False,True,False,True,17.886408187764452,0,1.0146406974012048,0.9846956534532268,False,False,False,False,0.3428282404390975,0.2984531062090846,False,False,False,False,4961829,3677237.0427179933,False,False,False,False,273177.04899013514,False,True,False,False
2024-03-08 00:00:00+00:00,24.628980136,24.8005765274,23.9908016054,24.8005765274,249669,19.63739540490433,18.80560574576203,,,"rgba(38, 166, 154, 0.5)",0.0,0.0,4.056000164742986,21.79907244382831,0.6977089687448295,0.0,0.0,0.0,0.0,63.729628041523256,8.91564296542829,False,False,True,False,True,17.544426180472275,0,1.0302957566415802,0.9737201750452332,False,False,False,False,0.34282824047502775,0.32064067334205615,False,False,False,False,4712160,3753898.0025166604,False,False,False,False,271435.71202790295,False,False,False,False
2024-03-15 00:00:00+00:00,22.613259076,25.3628591627,22.4028804217,24.7366157266,630619,19.76626597017283,18.94604842561949,,23.459666220133332,"rgba(38, 166, 154, 0.5)",0.0,0.0,3.9635800239134635,22.385957647046595,0.05734750593706339,-1.0,23.9908016054,23.2395025121,0.0,61.06315884755384,8.91564296542829,False,False,True,False,True,11.223620191659595,0,1.012998100000961,0.9472606537883799,False,True,False,False,0.272873114378325,0.29675689386019055,False,False,False,False,4081541,3778167.854182093,False,False,False,False,298041.88150731754,False,False,False,False
2024-03-22 00:00:00+00:00,22.0261558546,23.2395025121,21.8989501567,22.5839039149,372507,19.817464505817146,19.00633097645685,,23.061782396046276,"rgba(38, 166, 154, 0.5)",0.0,0.0,3.862752201346042,22.29811195493361,-0.07040474929736454,0.0,0.0,0.0,0.0,58.35159901648268,13.308497882062646,False,True,True,False,False,9.508167165366427,0,1.0017567151493767,0.9964363151473682,False,False,False,False,0.10347981676972853,0.20011835531495953,False,False,False,False,3709034,3773046.8279463826,False,False,False,False,303557.81621047924,False,False,False,False
2024-03-29 00:00:00+00:00,21.8010996198,22.4175580022,21.3999124185,21.9283053177,207840,19.839616795634857,19.034069845489,,22.857725204689608,"rgba(38, 166, 154, 0.5)",0.0,0.0,3.7633594716323637,22.24313899098397,-0.11745871594674817,0.0,0.0,0.0,0.0,56.10711704586724,11.188171147873696,False,True,True,False,False,8.855585179816021,0,1.0186942063040996,0.9957346162809957,False,False,False,False,0.02106722603278225,0.11059279067387089,False,False,False,False,3501194,3752909.581431836,False,False,False,False,296467.6076022956,False,False,False,False
2024-04-05 00:00:00+00:00,22.2512120895,23.2003622973,21.5711508581,21.7913145661,313527,19.87963246148444,19.081646941030556,,22.75143674181607,"rgba(38, 166, 154, 0.5)",0.0,0.0,3.7011959256907123,22.22414140460399,0.007314037257013997,0.0,0.0,0.0,0.0,55.10962985969978,10.26089892474495,False,True,True,False,False,9.881810289930737,0,1.0424391896600413,0.9450237498392869,False,False,False,False,0.0804943457280471,0.095543568200959,False,False,False,False,3814721,3757488.205029478,False,False,False,False,297731.2662984219,False,False,False,False
2024-04-12 00:00:00+00:00,20.597538016,22.3588476801,20.4605472643,22.3197074653,318858,19.899794004416613,19.111315933920764,,22.472517816449763,#000000,0.0,0.0,3.6274654550308933,22.128855156112884,-0.4221452027859053,0.0,0.0,0.0,0.0,52.22853515376111,7.510633837472476,False,True,False,False,False,5.216140301002817,0,0.9906952464140736,0.9925161540368541,False,False,False,False,-0.04095053148646791,0.02729651835724554,False,False,False,False,3495863,3738108.5602124794,False,False,False,False,299296.2095355758,False,False,False,False
2024-04-19 00:00:00+00:00,20.0985002778,21.2531366132,19.9223693114,20.7051736066,405641,19.910270664032943,19.134976723407235,,22.103156098133326,#000000,0.0,0.0,3.5624804651594593,21.983449740537914,-0.5291115224834061,0.0,0.0,0.0,0.0,49.59732209825812,5.040948880800627,False,True,False,False,False,3.880993100849725,0,0.9918638055837199,1.0058476476719338,False,False,False,False,-0.1440192768844946,-0.05836137926362452,False,False,False,False,3090222,3690116.963159703,False,False,False,False,307173.60142182943,False,False,False,False
2024-04-26 00:00:00+00:00,21.5956134923,21.6151835997,19.9321543651,20.2844162979,282133,19.925844548422106,19.15864642382262,,21.985503684699516,#000000,0.0,0.0,3.4890347611465615,21.933913918116698,-0.09696103621092211,0.0,0.0,0.0,0.0,49.757679457467155,5.040948880800627,False,True,False,False,False,7.32897760091668,0,1.0053624760760935,0.9690303892774002,False,False,False,False,-0.12051687491679026,-0.08943912709020739,False,False,False,False,3372355,3666579.0399626885,False,False,False,False,305318.7420572495,False,False,False,False
2024-05-03 00:00:00+00:00,20.030004902,21.6787864487,19.6503448189,21.5173330628,380099,19.93539385364089,19.179873094431223,,21.785420879182773,#000000,0.0,0.0,3.4103235353456713,21.841817005607442,-0.5312727912261834,0.0,0.0,0.0,0.0,48.1080341730839,3.639739207865091,False,True,False,False,False,3.2792239207612717,0,1.0196953777114053,0.9823969665724298,False,False,False,False,-0.13429136824831017,-0.11186524766925879,False,False,False,False,2992256,3616629.1851506373,False,False,False,False,310858.02042337914,False,False,False,False
2024-05-10 00:00:00+00:00,20.1278554389,20.6562483381,19.9125842577,20.2354910295,223713,19.938524979866106,19.189933126843762,,21.674583201197855,#000000,0.0,0.0,3.331022279616418,21.787336507058406,-0.49818972341112744,0.0,0.0,0.0,0.0,47.06057095199273,2.594283676780165,False,True,False,False,False,3.503516296651327,0,1.02687470048223,1.0078320441043624,False,False,False,False,-0.1827196726763767,-0.14729246017281775,False,False,False,False,3215969,3586950.6529172566,False,False,False,False,304402.833725351,False,False,False,False
2024-05-17 00:00:00+00:00,19.5016120028,20.2648461906,19.4526867343,20.1278554389,212558,19.936552201855083,19.194881772922265,,21.551723653914628,"rgba(239, 83, 80, 1.0)",0.0,0.0,3.2296943581281132,21.724841898817623,-0.6883716071839611,0.0,0.0,0.0,0.0,45.63828568062309,1.1648525075247775,False,True,False,True,False,1.932313576244006,0,1.0146957627630848,0.9935490323242856,False,False,False,False,-0.23798155611894856,-0.19263700814588314,False,False,False,False,3003411,3543725.4934419044,False,False,False,False,297599.51270865835,False,False,False,False
2024-05-24 00:00:00+00:00,19.462471788,20.2936142484,19.1199949089,19.5016120028,372718,19.931230144658695,19.201570590192667,,21.35872656183514,"rgba(239, 83, 80, 1.0)",0.0,0.0,3.1274551384444673,21.113651871410752,-0.5279628356977863,0.0,0.0,0.0,0.0,44.579775029540535,0.07240547293418587,False,True,False,True,False,1.8342400355556698,0,1.0172731852853218,0.9835851318861953,False,False,False,False,-0.294224332880475,-0.24343067051317907,False,False,False,False,2630693,3476093.4568906524,False,False,False,False,303163.8451006096,False,False,False,False
2024-05-31 00:00:00+00:00,20.8646699817,21.1455010226,19.6288177008,19.6288177008,307072,19.93977648021622,19.218567807660428,,21.29678300194843,"rgba(239, 83, 80, 1.0)",0.0,0.0,3.016326687888071,21.184405378013565,-0.10600158053086503,0.0,0.0,0.0,0.0,45.80951355242265,0.07240547293418587,False,True,False,True,False,5.092078698771733,0,1.02853464567441,0.9733915595295765,False,False,False,False,-0.23508659708491103,-0.23925863379904505,False,False,False,False,2937765,3436217.274898752,False,False,False,False,303453.33805612,False,False,False,False
2024-06-07 00:00:00+00:00,20.2460938834,20.7861206359,19.578424444,20.7763019677,202868,19.94217567091354,19.22672464862985,,21.244353990758917,"rgba(239, 83, 80, 1.0)",0.0,0.0,2.9095160153286237,21.1661183460025,-0.31621220084557033,0.0,0.0,0.0,0.0,45.94002912935156,0.07240547293418587,False,True,False,True,False,3.51827667240385,0,0.9986695887366892,0.974901730207378,False,False,False,False,-0.2655894231731449,-0.25242402848609496,False,False,False,False,2734897,3384267.624906252,False,False,False,False,296002.5722741852,False,False,False,False
2024-06-14 00:00:00+00:00,19.5980617805,20.8252971221,19.5096937664,20.2362752152,240762,19.942554884594326,19.234033325134146,,21.17614290944219,"rgba(239, 83, 80, 1.0)",0.0,0.0,2.7967997766681854,21.12463638149817,-0.545829062821498,0.0,0.0,0.0,0.0,45.28380283314219,0.07240547293418587,False,True,False,True,False,1.9028753897036275,0,1.0053610968813926,0.9792686383018925,False,False,False,False,-0.2716439609504338,-0.2620339947182644,False,False,False,False,2494135,3318331.8749131965,False,False,False,False,291910.678031653,False,False,False,False
2024-06-21 00:00:00+00:00,18.6947443036,20.1015630871,18.6456509625,19.8042538132,281375,19.93275191965747,19.233058118879917,,21.056019726597622,"rgba(239, 83, 80, 1.0)",0.0,0.0,2.703638164621037,21.017196515298654,-0.8590099970068245,0.0,0.0,0.0,0.0,43.84164305430369,-1.0601856921962494,False,True,False,True,False,0.0,0,0.9623851622428773,1.0214159791093516,False,False,False,False,-0.34282825441539394,-0.3024311245668292,False,False,False,False,2212760,3236437.6619566637,False,False,False,False,291130.2574367157,False,False,False,False
2024-06-28 00:00:00+00:00,18.9303923411,19.2445897243,18.5769202849,18.7438376447,383060,19.915991911920642,19.22829661920889,,20.896486748637304,"rgba(239, 83, 80, 1.0)",0.0,0.0,2.615030927657749,20.208179906329203,-0.48863191318876775,0.0,0.0,0.0,0.0,43.176145766652795,-1.8489491117034405,False,True,False,True,False,0.2818946177860724,0,0.9509032782076552,1.0424019732821717,False,False,False,False,-0.34282825441539394,-0.3226296894911116,False,False,False,False,2595820,3188984.501811726,False,False,False,False,297939.867996959,False,False,False,False
2024-07-05 00:00:00+00:00,19.5587871076,19.838619152,18.6407416284,19.0776723645,458413,19.90495260054787,19.230383914179928,,20.769427256846928,"rgba(239, 83, 80, 1.0)",0.0,0.0,2.5274288451384397,20.194307606386296,-0.25144941271392546,0.0,0.0,0.0,0.0,43.66168398742221,-1.8489491117034405,False,True,False,True,False,1.778492211327226,0,0.9585966001403563,1.0195377422045102,False,False,False,False,-0.29902547534139673,-0.3108275824162542,False,False,False,False,3054233,3179002.9090849315,False,False,False,False,309826.766663851,False,False,False,False
2024-07-12 00:00:00+00:00,18.9991230186,19.6471551216,18.626013626,19.578424444,427753,19.89049844138145,19.228112103737253,,20.6501793336591,"rgba(239, 83, 80, 1.0)",0.0,0.0,2.441498906599216,20.115789534395287,-0.45736924672667656,0.0,0.0,0.0,0.0,43.34156730881812,-1.9984764744423487,False,True,False,True,False,0.40586338704929403,0,0.9666550376025685,1.0426408205629263,False,False,False,False,-0.31262804825227286,-0.3117278153342635,False,False,False,False,2626480,3138075.2861897517,False,False,False,False,318562.04320726945,False,False,False,False
2024-07-19 00:00:00+00:00,19.3918697477,19.622608451,18.9500296775,19.0874910327,328475,19.882845902296182,19.229264611036896,,20.581448987152246,"rgba(239, 83, 80, 1.0)",0.0,0.0,2.358869171076374,20.088318854341328,-0.29524702564302535,0.0,0.0,0.0,0.0,43.73080559908541,-1.9984764744423487,False,True,False,True,False,1.3487355256536802,0,0.9405999458284126,1.0810096877480475,False,False,False,False,-0.29290733435832667,-0.30231757484629507,False,False,False,False,2954955,3124510.8205460664,False,False,False,False,319296.33630302723,False,False,False,False
2024-07-26 00:00:00+00:00,19.4213257524,19.5686057758,18.9469858904,19.4409630888,190146,19.878438329830455,19.22985362811712,,20.544550295383964,"rgba(239, 83, 80, 1.0)",0.0,0.0,2.301690871679809,20.07200024551323,-0.28269412766031293,0.0,0.0,0.0,0.0,44.056472185064926,-1.9984764744423487,False,True,False,True,False,1.419913167438473,1,0.8960999085736413,1.1008760220132472,False,False,False,False,-0.2966465006058636,-0.29948203772607934,False,False,False,False,3145101,3126036.0190241355,False,False,False,False,309729.6447250252,False,False,False,False
2024-08-02 00:00:00+00:00,17.7226961492,19.966261839,17.0353893733,19.5587871076,549418,19.84269564429886,19.210003021544992,,20.36606726770417,"rgba(239, 83, 80, 1.0)",1.0,19.993542,2.2703397350328562,19.219037860948433,-0.6590827305089548,0.0,0.0,0.0,0.0,42.275719484532,-3.552237492696136,False,True,False,True,False,0.0,1,0.8630776513217756,1.1078449635737333,False,False,False,False,-0.34282825441539394,-0.32115514607073664,False,False,False,False,2595683,3086750.610207533,False,False,False,False,327484.3377083567,False,False,False,False
2024-08-09 00:00:00+00:00,16.9568400275,17.8797948408,16.8468709434,17.0844827144,549558,19.78680776478733,19.17096819746903,,20.140302771239348,"rgba(239, 83, 80, 1.0)",0.0,0.0,2.2696673640773732,18.15866135957538,-0.5295143028872531,0.0,0.0,0.0,0.0,40.24170717581513,-5.6288480774703515,False,True,False,True,False,0.0,0,0.8682786429887924,1.1423201105881051,False,False,False,False,-0.34282825441539394,-0.3319917002430653,False,False,False,False,2046125,3009667.2316736416,False,False,False,False,343934.2386188488,False,False,False,False
2024-08-16 00:00:00+00:00,18.6063762896,18.7487469789,16.937202691,16.937202691,586118,19.74915683326946,19.148884644972885,,19.994731482429362,"rgba(239, 83, 80, 1.0)",0.0,0.0,2.2269205852825658,18.251528725803734,0.15934450745186352,0.0,0.0,0.0,0.0,41.38171149008656,-5.6288480774703515,False,True,False,True,False,0.0,1,0.8328514163546966,1.1385466406610154,False,False,False,False,-0.29309906629382937,-0.31254538326844733,False,False,False,False,2632243,2981709.881179298,False,False,False,False,361873.7764989341,False,False,False,False
2024-08-23 00:00:00+00:00,18.7732936494,19.1365843738,18.3412722475,18.6161949578,305363,19.737692820574402,19.144659052856326,,19.95018852841016,"rgba(239, 83, 80, 1.0)",0.0,0.0,2.158657800272983,18.344141606968787,0.1988050363410737,0.0,0.0,0.0,0.0,42.434158371727364,-5.6288480774703515,False,True,False,True,False,0.0,1,0.856524313444906,1.141052613762173,False,False,False,False,-0.20366789167296898,-0.25810663747070817,False,False,False,False,2937606,2978442.9270178685,False,False,False,False,357687.7930545686,False,False,False,False
2024-08-30 00:00:00+00:00,19.4547092244,19.9122591637,18.4983709391,18.9598483457,204849,19.734260084019834,19.1456746413911,,19.93467045971266,"rgba(239, 83, 80, 0.75)",0.0,0.0,2.0731950942275144,18.430251044021404,0.4941446095599191,0.0,0.0,0.0,0.0,44.1490603288221,-5.6288480774703515,False,True,False,True,True,1.5415443757361125,1,0.8422618391612098,1.135283207080625,False,False,False,False,-0.1584390574912353,-0.20827284748097175,False,False,False,False,3142455,2990591.9694609893,False,False,False,False,346366.4009764524,False,False,False,False
2024-09-06 00:00:00+00:00,17.7891338146,19.4054318454,17.6314462018,19.2575997084,234508,19.721608946378684,19.13869374891892,,19.891289297028052,"rgba(239, 83, 80, 0.75)",0.0,0.0,2.0349844123542633,18.428959292175584,-0.3144129624243036,-1.0,18.4983709391,18.2424857013,142.0,43.45791240057549,-5.6288480774703515,False,True,False,True,True,0.0,1,0.8169434802946951,1.1403415126200485,False,False,False,False,-0.2163786369308144,-0.21232574220589306,False,False,False,False,2907947,2984470.119871286,False,False,False,False,338080.5934967152,False,False,False,False
2024-09-13 00:00:00+00:00,17.9271104757,18.2424857013,17.2963600247,17.6905790566,242403,19.704732939781703,19.127866767837023,,19.83684007890053,"rgba(239, 83, 80, 0.75)",0.0,0.0,2.009372476987488,18.392482776946274,-0.23160081397351123,0.0,0.0,0.0,0.0,43.16634485403003,-5.6288480774703515,False,True,False,True,True,0.0,1,0.8426967243257029,1.1988233256574736,False,False,False,False,-0.28607272909788156,-0.2491992356518873,False,False,False,False,3150350,2996757.518399339,False,False,False,False,330993.36434881034,False,False,False,False
2024-09-20 00:00:00+00:00,18.5085835478,18.6662711606,17.8876885725,17.9862433305,180185,19.69587290239436,19.123166565356613,,19.808396980686048,"rgba(239, 83, 80, 0.75)",0.0,0.0,1.9929075018561235,18.396455896374412,0.05626334956396948,0.0,0.0,0.0,0.0,43.812742242698974,-5.6288480774703515,False,True,False,True,True,0.0,1,0.8725110113941291,1.1267079786884249,False,False,False,False,-0.2131054959544352,-0.23115236580316126,False,False,False,False,3330535,3021481.7762956843,False,False,False,False,319822.3743970466,False,False,False,False
2024-09-27 00:00:00+00:00,18.5085835478,19.0703456683,17.8482666694,18.6071383058,197507,19.687161535136394,19.118883749995373,,19.7809507442573,"rgba(239, 83, 80, 0.75)",0.0,0.0,1.9852548087388202,18.406325575193634,0.05150873941029696,0.0,0.0,0.0,0.0,44.27445466317679,-5.6288480774703515,False,True,False,True,True,0.0,1,0.8868060002538474,1.0898601389506886,False,False,False,False,-0.18816723189696444,-0.20965979885006286,False,False,False,False,3330535,3044374.607681189,False,False,False,False,310761.97629356163,False,False,False,False
2024-10-04 00:00:00+00:00,18.7549704427,18.9973165926,18.3065462939,18.6071383058,180461,19.680674639120202,19.116284728993072,,19.760732164151634,"rgba(239, 83, 80, 0.75)",0.0,0.0,1.9829116263634299,18.423801724293764,0.16701133525228462,0.0,0.0,0.0,0.0,44.988655223102995,-8.729947924711254,False,True,False,True,True,0.0,1,0.8922791112187158,1.1183179662689373,False,False,False,False,-0.1203958662790062,-0.16502783256453452,False,False,False,False,3510996,3078939.155260361,False,False,False,False,301110.05212366814,False,False,False,False
2024-10-11 00:00:00+00:00,18.6662711606,18.9816463861,18.1439309433,18.7254040153,172192,19.67401591589799,19.113326489477377,,19.74058304088578,"rgba(239, 83, 80, 0.75)",0.0,0.0,1.9821001909545544,18.434779844292823,0.11679092578851658,0.0,0.0,0.0,0.0,45.372909599777444,-8.237905171238836,False,True,False,True,True,0.0,1,0.9183527206049161,1.096415645264228,False,False,False,False,-0.09818444895870523,-0.13160614076161986,False,False,False,False,3338804,3098188.4030188527,False,False,False,False,291560.5667811742,False,False,False,False
2024-10-18 00:00:00+00:00,16.6261876705,18.7056930637,16.222408827,18.6071383058,413296,19.63782807408391,19.087298220774844,,19.638583172953822,"rgba(239, 83, 80, 1.0)",0.0,0.0,2.0191715619882182,17.9416801892908,-0.6515011124143779,-1.0,18.1439309433,17.4934695406,148.0,43.15330075705402,-8.237905171238836,False,True,False,True,False,0.0,1,0.8794367815635199,1.0680151574447114,True,False,False,False,-0.3211076325008164,-0.22635688663121814,False,False,False,False,2925508,3085397.262054493,False,False,False,False,300578.00627886504,False,False,False,False
2024-10-25 00:00:00+00:00,17.1682388393,17.4934695406,16.7543088558,16.7543088558,227381,19.617998186296383,19.072936052158223,,19.58487325952363,"rgba(239, 83, 80, 1.0)",0.0,0.0,2.0393521853667718,17.896638095004946,-0.3571718808215296,0.0,0.0,0.0,0.0,42.47534138237635,-8.237905171238836,False,True,False,True,False,0.0,1,0.8885861266065275,1.1144863294980776,False,False,False,False,-0.34282825441539394,-0.28459257052330605,False,False,False,False,3152889,3090396.6500504566,False,False,False,False,295156.0058137639,False,False,False,False
2024-11-01 00:00:00+00:00,19.3561544664,19.8982056352,16.5079219609,17.0105512266,431621,19.60270631166411,19.0662371597728,,19.54578849180957,"rgba(239, 83, 80, 0.75)",0.0,0.0,2.0199257252337937,18.072442493890428,0.6355243445206334,1.0,19.326588039,17.4934695406,151.0,45.04381624854377,-8.237905171238836,False,True,False,True,True,1.4901722156925743,1,0.8941436763290578,1.0403351178188671,False,False,False,False,-0.1122042672828517,-0.19839841890307888,False,False,False,False,3584510,3126997.638935608,False,False,False,False,305264.5239016332,False,False,False,False
2024-11-08 00:00:00+00:00,20.3811239493,20.9034641666,19.326588039,19.4645647002,475407,19.612371128215973,19.0832652290825,,19.573010146032097,#000000,0.0,0.0,2.001955397784522,18.821274093507064,0.7791631409566645,0.0,0.0,0.0,0.0,48.029964105705446,-5.743331633320835,False,True,False,False,True,3.6874370193527035,1,0.970781196508482,0.9805985677405985,False,False,False,False,0.28222241786071467,0.04191199947881789,False,False,False,False,4059917,3196102.776792229,False,False,False,False,317867.67027929,False,False,False,False
2024-11-15 00:00:00+00:00,19.6123968371,20.4698232315,19.4497814865,20.4698232315,182644,19.61379333930787,19.0876153501267,,19.577250235301385,#000000,0.0,0.0,1.992422304063658,18.86112764948665,0.3770632290559554,0.0,0.0,0.0,0.0,49.17107975856108,-4.722511970199903,False,True,False,False,True,1.9276716397525924,1,0.9877521218188446,0.981931434812963,False,False,False,False,0.24856211714489598,0.14523705831185693,False,False,False,False,3877273,3246559.830363175,False,False,False,False,307851.1021104537,False,False,False,False
2024-11-22 00:00:00+00:00,20.0460377722,20.1150261028,19.129478523,19.7996508773,263947,19.61511016181095,19.093155054561507,,19.58136884278324,#000000,0.0,0.0,1.98482012748954,18.910475808484595,0.5721233617031566,0.0,0.0,0.0,0.0,50.48552724061216,-3.51121258120223,False,False,False,False,True,2.856379879743155,1,0.9880442140789978,0.9929418099566832,False,False,False,False,0.1771260974909263,0.16118157790139162,False,False,False,False,4141220,3312830.9540399765,False,False,False,False,304598.9463985682,False,False,False,False
2024-11-29 00:00:00+00:00,20.0739380587,20.0838364503,19.0247085547,19.8784946837,177969,19.61577269877514,19.096641322441055,,19.58351542870843,#000000,0.0,0.0,1.9800812751618044,18.94037978578001,0.5724806790202899,0.0,0.0,0.0,0.0,51.457505004675795,-2.608913550138979,False,False,False,False,True,2.916526935242814,1,0.9746327044882226,1.023764531110407,False,False,False,False,0.19698638854156184,0.17908398322147673,False,False,False,False,4319189,3387375.9944814597,False,False,False,False,295218.9503690446,False,False,False,False
2024-12-06 00:00:00+00:00,20.5292640699,21.4795096585,19.6433580264,20.1729219742,360730,19.626812640612805,19.11266089523747,,19.611481512896212,#000000,0.0,0.0,1.9665946894399964,19.59513788748036,0.47499679900266734,0.0,0.0,0.0,0.0,52.704645179325766,-1.4197863438246259,False,False,False,False,True,3.9036055410727357,1,0.9967358002240453,0.9747261360999407,False,False,False,False,0.3428282328692711,0.26095610804537395,False,False,False,False,4679919,3483119.9208161663,False,False,False,False,300071.62071207835,False,False,False,False
2024-12-13 00:00:00+00:00,20.6183495938,21.1829538477,19.9848525348,20.8262158163,243182,19.63446194513921,19.12359194435875,,19.630293528748904,#000000,0.0,0.0,1.9495113796466164,19.671062571826095,0.48590997306495287,0.0,0.0,0.0,0.0,53.705524674884096,-0.45361438201237547,True,False,False,False,True,4.097442478087331,0,1.0086718092039382,0.9844173354139278,False,False,False,False,0.3428282330091918,0.3018921705272829,False,False,False,False,4923101,3589785.1859408948,False,False,False,False,295857.57473340584,False,False,False,False
2024-12-20 00:00:00+00:00,20.0640396672,21.2221514782,20.0541412756,20.6381463769,270775,19.64154285894911,19.134365245740074,,19.647313496428183,#000000,0.0,0.0,1.9398757636570967,19.717803743927014,0.17848355536967667,0.0,0.0,0.0,0.0,53.538145794112424,-0.45361438201237547,True,False,False,False,True,2.7515283912895114,0,1.0361568229677325,0.9618784833814624,False,False,False,False,0.34282823333960044,0.32236020193344167,False,False,False,False,4652326,3668491.912908236,False,False,False,False,293999.60623463505,False,False,False,False
2024-12-27 00:00:00+00:00,20.9449965149,21.380525743,19.9452589686,19.9452589686,120034,19.645836342390655,19.140200507681563,,19.65747326429067,"rgba(38, 166, 154, 1.0)",0.0,0.0,1.926581836648606,19.755637959378127,0.617341310344142,0.0,0.0,0.0,0.0,54.564453689886086,0.46538007217407085,True,False,True,False,True,4.691688059094201,0,1.0342064269395728,0.9335559285381676,False,False,False,False,0.34282823348696995,0.3325942177102058,False,False,False,False,4772360,3750259.919359478,False,False,False,False,281113.2650320695,False,False,False,False
2025-01-03 00:00:00+00:00,21.5487983993,21.7519133939,20.737625212,20.7767238586,187719,19.656010585304188,19.152537675565593,,19.681311724619242,"rgba(38, 166, 154, 1.0)",0.0,0.0,1.8928755306286014,19.8559004987168,0.8943524670219652,0.0,0.0,0.0,0.0,56.02152711762423,1.9304031907792591,True,False,True,False,True,5.987817345689994,0,1.0554240996374178,0.9396323674126308,False,False,False,False,0.34282823644210725,0.33771122707615653,False,False,False,False,4960079,3839876.1475550723,False,False,False,False,274195.1713259903,False,True,False,False
2025-01-10 00:00:00+00:00,20.0838364503,21.8556485373,19.8066814869,21.6081887486,281403,19.664243561676706,19.164423011772417,20.5820554915,19.699978460086616,"rgba(38, 166, 154, 1.0)",0.0,0.0,1.847419992498359,20.299319148523864,-0.11663979988245898,0.0,0.0,0.0,0.0,54.79181219245652,1.9304031907792591,True,False,True,False,True,2.4528542490328036,0,1.0281339068396387,0.9330942719743934,False,False,False,False,0.27014218957110725,0.3039267083236319,False,False,False,False,4678676,3902009.4699584004,False,False,False,False,274729.08456110215,False,False,False,False
2025-01-17 00:00:00+00:00,20.2818042812,21.0043868642,20.0046493179,20.2620074981,231605,19.66980807648494,19.173026292321637,20.513534285317395,19.712225851686462,"rgba(38, 166, 154, 1.0)",0.0,0.0,1.8041910390241414,20.288212910580206,-0.003552079154363475,0.0,0.0,0.0,0.0,54.1744379521666,1.9304031907792591,True,False,True,False,True,2.886886142027553,0,1.0243756056713962,0.9566746807493183,False,False,False,False,0.21467970384817758,0.25930320608590474,False,False,False,False,4910281,3976696.249961482,False,False,False,False,271534.7079269464,False,False,False,False
2025-01-24 00:00:00+00:00,20.1135316249,21.5079180422,19.9749541432,20.4797721122,222133,19.6757742992569,19.181828201168592,20.519154628168696,19.725204879421756,#000000,0.0,0.0,1.7805117799814631,20.30187020993339,-0.10577778094529264,0.0,0.0,0.0,0.0,53.478747044972835,1.9304031907792591,True,False,False,False,False,2.484807761074485,0,1.0230512895393498,0.9426350187536179,False,False,False,False,0.25475815440000055,0.2570306802429526,False,False,False,False,4688148,4029396.3795939647,False,False,False,False,267875.32215458003,False,False,False,False
2025-01-31 00:00:00+00:00,18.8267407237,20.0838364503,18.7178584167,19.9749541432,366407,19.670512774909316,19.182120454204057,20.08351815112348,19.71208130317627,#000000,0.0,0.0,1.7490653459972676,20.094853997585524,-0.7250233827956171,-1.0,19.9749541432,18.9257246392,163.0,51.18028812926309,5.211225301756009,False,False,False,False,False,0.0,1,1.0417199223942906,0.9908191913386967,False,False,False,False,0.03469144536169102,0.1458610628023218,False,False,False,False,4321741,4051051.536661078,False,False,False,False,275173.96495794447,False,False,False,False
2025-02-07 00:00:00+00:00,18.7178584167,18.9257246392,17.8863935267,18.2427356224,238026,19.662067928113053,19.177536927807157,19.80392173508176,19.69253297412548,#000000,0.0,0.0,1.7125007115716882,19.93742671397792,-0.7121563740307194,0.0,0.0,0.0,0.0,49.39667708291904,3.4811698926312715,False,False,False,False,False,0.0,1,1.0235347410550435,0.9645740477584172,False,False,False,False,-0.12529936374068443,0.01028084953081869,False,False,False,False,4083715,4053471.0524639618,False,False,False,False,272422.2638499486,False,False,False,False
2025-02-14 00:00:00+00:00,18.470398628,19.1335908617,18.3021259717,18.7178584167,223883,19.65508857449939,19.17408152169789,19.636588408655918,19.67660654761731,#000000,0.0,0.0,1.6940875877922201,19.830617387271893,-0.8029211529992758,0.0,0.0,0.0,0.0,47.789874126361475,1.9394223073547323,False,True,False,False,False,0.0,1,1.0336674901419767,0.9827875750930769,False,False,False,False,-0.07484942428816349,-0.0322842873786724,False,False,False,False,3859832,4039127.4189481125,False,False,False,False,268826.76282402646,False,False,False,False
2025-02-21 00:00:00+00:00,18.2823291886,18.9732369186,18.2031420562,18.5198905857,217371,19.647424556788888,19.169851332628294,19.49617437564292,19.659445913368767,#000000,0.0,0.0,1.6928376099471356,19.733992893376715,-0.8575327581610441,0.0,0.0,0.0,0.0,46.38364770254566,0.5950702194003625,False,True,False,False,False,0.0,1,0.9899541756608723,0.9987270074780584,False,False,False,False,-0.09576944951229231,-0.06402686844548236,False,False,False,False,3642461,4009744.7212482523,False,False,False,False,265015.22483706154,False,False,False,False
2025-02-28 00:00:00+00:00,17.4211691239,18.4605002364,17.3221852085,18.361516321,301744,19.63017135145519,19.157702443957376,19.24094237895741,19.62168218625496,"rgba(239, 83, 80, 1.0)",0.0,0.0,1.710687462448321,19.555425347008303,-1.2476014876813168,-1.0,18.2031420562,17.6488321295,179.0,44.2515163931335,-1.4388910974602567,False,True,False,True,False,0.0,0,0.959421940336887,1.0365118541763294,False,False,False,False,-0.2101234679418023,-0.13707516819364235,False,False,False,False,3340717,3960187.1122669005,False,False,False,False,267735.87484913104,False,False,False,False
2025-03-07 00:00:00+00:00,16.7381801071,17.6488321295,15.8176296932,17.5102546479,498566,19.58765555648743,19.124283896954708,18.75687791773279,19.531040293688157,"rgba(239, 83, 80, 1.0)",0.0,0.0,1.7505564394962403,19.199172397235312,-1.4058343019454518,-1.0,17.3221852085,16.8858128528,168.0,41.92166850601695,-3.633501410662319,False,True,False,True,False,0.0,0,0.9421762492043653,1.0468888766415654,False,False,False,False,-0.34282825441539394,-0.23995171130451814,False,False,False,False,2842151,3877369.6224693526,False,False,False,False,284834.4026380843,False,False,False,False
2025-03-14 00:00:00+00:00,16.656953869,16.8858128528,15.4612875975,16.5105171015,425572,19.547385816095034,19.091821928634083,18.414038874077878,19.4476086265882,"rgba(239, 83, 80, 1.0)",0.0,0.0,1.790490108955888,18.925361706065956,-1.266920060445776,0.0,0.0,0.0,0.0,40.16300868578015,-5.26189372450353,False,True,False,True,False,0.0,0,0.9423615510901449,1.0346733991960346,False,False,False,False,-0.34282825441539394,-0.29138998285995604,False,False,False,False,2416579,3769162.9096938446,False,False,False,False,295259.40985007805,False,False,False,False
2025-03-21 00:00:00+00:00,16.0400296516,17.4131835548,15.0151394195,16.6470034784,696464,19.480045386713012,19.036959117833533,17.989386691207855,19.31276585555066,"rgba(239, 83, 80, 1.0)",0.0,0.0,1.8408176292839107,18.55619933880105,-1.3668761354593584,0.0,0.0,0.0,0.0,38.197853399279026,-7.091329421529309,False,True,False,True,False,0.0,0,0.9162770178248498,1.0302601698069371,False,False,False,False,-0.33690844889134175,-0.3141492158756489,False,False,False,False,1720115,3617381.583049856,False,False,False,False,324978.2683797019,False,False,False,False
2025-03-28 00:00:00+00:00,15.9106745738,16.9813366026,15.8310714489,16.0499800422,583796,19.427015547188617,18.99383658506216,17.751296600069555,19.21078505483328,"rgba(239, 83, 80, 1.0)",0.0,0.0,1.8980598297714848,18.326751060948375,-1.2729190351387694,0.0,0.0,0.0,0.0,36.64822269448507,-8.52591090488766,False,True,False,True,False,0.0,0,0.9397892861216002,1.0534610907366257,False,False,False,False,-0.30921302535418155,-0.31168112061491526,False,False,False,False,1136319,3433599.169490608,False,False,False,False,344149.9522034277,False,False,False,False
2025-04-04 00:00:00+00:00,14.1992073901,16.2390374636,13.9902491874,15.7614187147,550299,19.356837391825078,18.933874920962026,17.416630733796545,19.077227429755144,"rgba(239, 83, 80, 1.0)",0.0,0.0,2.007548713041326,18.024834990954645,-1.9056213062242608,-1.0,15.8310714489,14.9653874665,172.0,33.86816424157536,-11.14125451350204,False,True,False,True,False,0.0,0,0.8812645108975983,1.0690119330009122,False,False,False,False,-0.34282825441539394,-0.32725468751515463,False,False,False,False,586020,3222667.37915797,True,False,False,False,359420.2520402108,True,False,False,False
2025-04-11 00:00:00+00:00,14.2489593431,14.9653874665,13.124565205,13.8111421566,788389,19.245091365354593,18.83689285599288,16.95365035837599,18.87040226470745,"rgba(239, 83, 80, 1.0)",0.0,0.0,2.1035768492395515,16.64942814990883,-1.1411367298877648,0.0,0.0,0.0,0.0,31.99797044726225,-12.861040113976948,False,True,False,True,False,0.0,0,0.8661689322546817,1.0997414187494323,True,False,False,False,-0.34282825441539394,-0.33504147096527426,False,False,False,False,1374409,3085759.3510721945,False,False,False,False,391195.71485204704,False,False,False,False
2025-04-18 00:00:00+00:00,15.2738495752,15.4181302389,14.1803016479,14.4479671552,371330,19.202484120863055,18.80047966647932,16.830045381597493,18.795095147081824,"rgba(239, 83, 80, 1.0)",0.0,0.0,2.1637633320529233,16.61860949496558,-0.6214912231134379,0.0,0.0,0.0,0.0,32.92251139927783,-12.861040113976948,False,True,False,True,False,0.0,0,0.9412397901190548,1.083595886807623,False,False,False,False,-0.26703031633914914,-0.30103589365221173,False,False,False,False,1745739,2986498.584326106,False,False,False,False,389724.180418562,False,False,False,False
2025-04-25 00:00:00+00:00,15.2837999658,15.6519644181,14.8161316075,15.0151394195,350184,19.165794038634708,18.769333436573106,16.742906527218693,18.7319115851815,"rgba(239, 83, 80, 1.0)",0.0,0.0,2.2219854457153416,16.59554190328493,-0.5903467729792572,0.0,0.0,0.0,0.0,33.60382766269412,-12.861040113976948,False,True,False,True,False,0.0,0,0.9473937123260309,1.0484343366067035,False,False,False,False,-0.22470577394591984,-0.2628708337990658,False,False,False,False,2095923,2920530.0225241724,False,False,False,False,386795.27816533524,False,False,False,False
2025-05-02 00:00:00+00:00,15.6718651993,15.7415179335,14.676826139,15.2439984034,472995,19.11870143561831,18.729442410850496,16.647234642937345,18.65271277557399,"rgba(239, 83, 80, 1.0)",0.0,0.0,2.266585600277451,16.558282033745733,-0.39108023731255814,0.0,0.0,0.0,0.0,34.92463837401032,-12.861040113976948,False,True,False,True,False,0.0,0,0.9469587500507162,1.1176385970162541,False,False,False,False,-0.22710450556590914,-0.24498766968248747,False,False,False,False,2568918,2894484.6875223815,False,False,False,False,393180.4427456808,False,False,False,False
2025-05-09 00:00:00+00:00,15.7017163711,16.1096823858,15.2141472316,15.5325597309,349150,19.087505243196965,18.70326284712998,16.599895101162307,18.60191788411922,"rgba(239, 83, 80, 0.75)",0.0,0.0,2.3090833188918163,16.546407190850505,-0.3658121873904025,0.0,0.0,0.0,0.0,35.93347786945538,-12.861040113976948,False,True,False,True,True,0.0,0,0.8795912362119414,1.1384883985761407,False,False,False,False,-0.18381915939392982,-0.21440341453820866,False,False,False,False,2918068,2896231.5995577606,False,False,False,False,389918.92846822296,False,False,False,False
2025-05-16 00:00:00+00:00,17.1843245709,17.582340195,15.5226093403,16.0997319952,603771,19.05165255025658,18.674925013612352,16.61257129544541,18.549226654886365,"rgba(239, 83, 80, 0.75)",0.0,0.0,2.3244311987896524,16.62698434058641,0.2397748879828319,1.0,16.1544591435,16.1096823858,182.0,39.55042509830257,-15.7802752507882,False,True,False,True,True,0.0,0,0.8883512148922907,1.0806366544562793,False,False,False,False,-0.1004761282271326,-0.15743977138267062,False,False,False,False,3521839,2942572.8884794083,False,False,False,False,405759.82265576196,False,False,False,False
2025-05-23 00:00:00+00:00,17.0450191025,17.2788532816,16.1544591435,17.2291013286,282818,19.03568815807883,18.662362009854515,16.62006799828127,18.52640451339679,"rgba(239, 83, 80, 0.75)",0.0,0.0,2.34035071394517,16.655854299452614,0.1662848224962677,0.0,0.0,0.0,0.0,41.907496257536955,-13.544720476986548,False,True,False,True,True,0.0,0,0.9155484552708876,1.0788798297594313,False,False,False,False,-0.0852952209232982,-0.12136749615298442,False,False,False,False,3239021,2964532.007851304,False,False,False,False,396653.02097755735,False,False,False,False
2025-05-30 00:00:00+00:00,17.0549694931,17.4728858984,16.855961681,17.2937788675,204443,19.025846758181274,18.654861645216197,16.632637766961153,18.51314216272348,"rgba(239, 83, 80, 0.75)",0.0,0.0,2.3517683361867467,16.682874467534255,0.15821925137791207,0.0,0.0,0.0,0.0,43.60971312173254,-11.943438693671666,False,True,False,True,True,0.0,0,0.9374321903427975,1.0734627029393036,False,False,False,False,-0.0440709415251881,-0.08271921883908626,False,False,False,False,3443464,3000008.45171417,False,False,False,False,382415.2416458864,False,False,False,False
2025-06-06 00:00:00+00:00,17.85,17.88,17.0251183213,17.2241261333,251069,19.016776498355945,18.64847797383327,16.66073162109415,18.50245759560735,#000000,0.0,0.0,2.3556129122777025,16.728854197564115,0.47594653459078823,1.0,17.8,17.4728858984,181.0,46.26209611787106,-9.426618316818072,False,False,False,False,True,0.0,0,0.9224745396471694,1.1045159808725753,False,False,False,False,-0.01763108998660406,-0.05017515441284516,False,False,False,False,3694533,3051454.7145501575,False,False,False,False,372685.89041285776,False,False,False,False
2025-06-13 00:00:00+00:00,17.95,18.24,17.8,17.92,264246,19.010062084784483,18.64441000888945,16.700958262867626,18.496402559225057,#000000,0.0,0.0,2.358279534679702,16.923349600842666,0.4353387221743292,0.0,0.0,0.0,0.0,48.32933417012197,-7.487336312897639,True,False,False,False,True,0.0,0,0.9336913710009626,1.0872296350685322,False,False,False,False,0.034401206167771856,-0.007886974122536652,False,False,False,False,3958779,3118663.9208797757,False,False,False,False,364653.30593783123,False,False,False,False
2025-06-20 00:00:00+00:00,17.55,18.05,17.45,17.87,225412,19.002654437848655,18.63932049875154,16.72555966934212,18.48818336399979,#000000,0.0,0.0,2.3570733360397687,16.921451046415168,0.26666499678830013,-1.0,17.8,17.6622,0.0,49.00928971000624,-6.85164671480662,True,False,False,False,True,0.0,0,0.9197724336469558,1.0957203024468227,False,False,False,False,0.009637228959987088,0.0008751274187252175,False,False,False,False,3733367,3164197.4822960887,False,False,False,False,354339.13512762147,False,False,False,False
2025-06-27 00:00:00+00:00,16.14,17.6622,15.89,17.55,346553,18.98189970858023,18.62256102958747,16.719572494994896,18.45873724158474,#000000,0.0,0.0,2.350050066555585,16.793679718202878,-0.2781556561307481,-1.0,17.45,16.62,184.0,47.11209102312063,-6.85164671480662,False,False,False,False,True,0.0,0,0.8768349439693335,1.1112155423799999,False,False,False,False,-0.07980881734328457,-0.039466844962279674,False,False,False,False,3386814,3180687.5947186006,False,False,False,False,353762.3843774273,False,False,False,False
2025-07-04 00:00:00+00:00,16.55,16.62,15.8101,16.1,129103,18.97350766489071,18.61567455940324,16.714220331641396,18.446651057327287,#000000,0.0,0.0,2.31855627805178,16.759111056630665,-0.09019020094969402,0.0,0.0,0.0,0.0,46.559545528706764,-6.85164671480662,False,False,False,False,True,0.0,0,0.8496085435135821,1.154790380388626,False,False,False,False,-0.11951231407307288,-0.07948957951767627,False,False,False,False,3515917,3205519.402517223,False,False,False,False,337120.94849761785,False,False,False,False
2025-07-11 00:00:00+00:00,15.98,17.035,15.332506,16.5,399994,18.94579565448492,18.592656806580184,16.689986551235496,18.40642032138582,"rgba(239, 83, 80, 0.5)",0.0,0.0,2.322834975309675,16.667949101885572,-0.29616787640880765,0.0,0.0,0.0,0.0,45.29112438136937,-6.85164671480662,False,False,False,True,False,0.0,0,0.8619107127298687,1.1468912819488795,False,False,False,False,-0.11977262128137574,-0.099631100399526,False,False,False,False,3115923,3198882.6319603915,False,False,False,False,341778.2115718684,False,False,False,False
2025-07-18 00:00:00+00:00,15.31,15.97,14.9801,15.97,331919,18.917650315163765,18.568599758282147,16.648695899818698,18.364250810776554,"rgba(239, 83, 80, 0.5)",0.0,0.0,2.3135402600191233,16.56541492884134,-0.5426380299217102,0.0,0.0,0.0,0.0,43.43978815496545,-6.85164671480662,False,False,False,True,False,0.0,0,0.8447303482031936,1.1531371640182706,False,False,False,False,-0.19135446846337809,-0.14549278443145203,False,False,False,False,2784004,3168150.881444807,False,False,False,False,341047.8996035818,False,False,False,False
2025-07-25 00:00:00+00:00,15.39,15.85,15.22,15.26,295415,18.893445718249662,18.547939947584677,16.616015120585562,18.32853529680934,"rgba(239, 83, 80, 1.0)",0.0,0.0,2.277807408522246,16.50029169953655,-0.48743879547606894,0.0,0.0,0.0,0.0,42.29134385499666,-1.939993863450134,False,True,False,True,False,0.0,0,0.8488104711153805,1.1771592481994055,False,False,False,False,-0.14744476949607258,-0.14646877696376231,False,False,False,False,3079419,3161578.1494859327,False,False,False,False,337667.6848181313,False,False,False,False
2025-08-01 00:00:00+00:00,14.94,15.66,14.605,15.48,268346,18.869089391844128,18.52687990029258,16.577461596249215,18.292188430918376,"rgba(239, 83, 80, 1.0)",0.0,0.0,2.235210770251821,16.429635452380897,-0.6664407098454851,0.0,0.0,0.0,0.0,40.83387821490171,-3.442789422336517,False,True,False,True,False,0.0,0,0.8685822862457421,1.1406927516196206,False,False,False,False,-0.17826220483795793,-0.1623654909008601,False,False,False,False,2811073,3135614.8050795672,False,False,False,False,332532.7452019734,False,False,False,False
2025-08-08 00:00:00+00:00,16.4,16.69,14.54,14.95,707125,18.819707811391787,18.485275504296546,16.534293489940598,18.223250290363602,"rgba(239, 83, 80, 1.0)",0.0,0.0,2.1349320592224332,16.379871519365818,0.009428159808285454,1.0,16.19,15.66,0.0,42.74190232905086,-3.442789422336517,False,True,False,True,False,0.0,0,0.8966717815384624,1.0685200230321625,False,False,False,False,-0.10867495967125607,-0.1355202252860581,False,False,False,False,3518198,3163954.3009995995,False,False,False,False,360280.31963145686,False,False,False,False
2025-08-15 00:00:00+00:00,16.48,16.715,16.19,16.38,97739,18.814341502741755,18.480894079757338,16.53368035117127,18.21632857465402,"rgba(239, 83, 80, 0.5)",0.0,0.0,2.0267486691799896,16.383214294282446,0.047754172576668426,0.0,0.0,0.0,0.0,44.24807753091094,-3.442789422336517,False,False,False,True,True,0.0,0,0.9340470684239495,1.0748558899965521,False,False,False,False,0.019747456400255606,-0.05788638444290124,False,False,False,False,3615937,3197434.500925555,False,False,False,False,340832.81447357114,False,False,False,False
