date,Close,High,Low,Open,Volume,aVWAP_OB_bull_141,aVWAP_OB_bull_126,aVWAP_OB_bear_163,aVWAP_OB_bear_111,Peaks_Valleys_avg,color,Liquidity,Liquidity_Level,StDev,StDev_Mean,StdDev_ZScore,QQEMOD,QQE1_Value,QQE1_Above_Upper,QQE1_Below_Lower,QQE2_Above_Threshold,QQE2_Below_Threshold,QQE2_Above_TL,banker_RSI,SMA_50,SMA_200,OB,OB_High,OB_Low,OB_Mitigated_Index,TTM_squeeze_Active,VI_plus,VI_minus,VI_Regular_Bullish,VI_Regular_Bearish,VI_Hidden_Bullish,VI_Hidden_Bearish,Fisher,Fisher_Signal,Fisher_Regular_Bullish,Fisher_Regular_Bearish,Fisher_Hidden_Bullish,Fisher_Hidden_Bearish,OBV,OBV_Smoothed,OBV_Regular_Bullish,OBV_Regular_Bearish,OBV_Hidden_Bullish,OBV_Hidden_Bearish,Volume_MA,Vol_Regular_Bullish,Vol_Regular_Bearish,Vol_Hidden_Bullish,Vol_Hidden_Bearish
2021-12-31 00:00:00+00:00,50.49,53.97,49.13,52.0,9696156,,,,,,"rgba(38, 166, 154, 1.0)",0.0,0.0,,,,,,False,False,False,False,False,,,,0.0,0.0,0.0,0.0,0,,,False,False,False,False,,,False,False,False,False,0,0.0,False,False,False,False,9696156.0,False,False,False,False
2022-01-07 00:00:00+00:00,44.33,52.29,41.42,52.0,22766589,,,,,,"rgba(239, 83, 80, 1.0)",0.0,0.0,,,,0.0,,False,False,False,True,False,,,,0.0,0.0,0.0,0.0,0,,,False,False,False,False,,,False,False,False,False,-22766589,-1686414.0,False,False,False,False,10664336.222222222,False,False,False,False
2022-01-14 00:00:00+00:00,42.68,50.1057,40.74,42.76,19992361,,,,,,"rgba(239, 83, 80, 1.0)",0.0,0.0,,,,0.0,-50.0,False,False,False,True,True,,,,0.0,0.0,0.0,0.0,0,,,False,False,False,False,,,False,False,False,False,-42758950,-4728824.074074075,False,False,False,False,11355301.02057613,False,False,False,False
2022-01-21 00:00:00+00:00,40.11,44.8,39.79,41.65,15610362,,,,,,"rgba(239, 83, 80, 1.0)",0.0,0.0,,,,0.0,-50.0,False,False,False,True,True,,,,0.0,0.0,0.0,0.0,0,,,False,False,False,False,,,False,False,False,False,-58369312,-8702193.550068587,False,False,False,False,11670490.722755678,False,False,False,False
2022-01-28 00:00:00+00:00,40.54,44.8,35.9,38.48,18744281,,,,,40.41333333333333,"rgba(38, 166, 154, 1.0)",0.0,0.0,,40.41333333333333,,1.3247041277324212,-48.747740629252945,False,False,False,True,True,,,,0.0,0.0,0.0,0.0,0,,,False,False,False,False,,,False,False,False,False,-39625031,-10992774.10191536,False,False,False,False,12194475.187736738,False,False,False,False
2022-02-04 00:00:00+00:00,42.85,46.94,40.9,41.88,12286031,,,,,41.66053309239472,"rgba(239, 83, 80, 1.0)",0.0,0.0,,41.66053309239472,,8.010462971243115,-42.48194279023577,False,False,False,True,True,,,,0.0,0.0,0.0,0.0,0,,,False,False,False,False,,,False,False,False,False,-27339000,-12203605.64992163,False,False,False,False,12201257.09975624,False,False,False,False
2022-02-11 00:00:00+00:00,45.08,48.46,41.75,43.0,17911277,,,,,42.91806357955944,"rgba(239, 83, 80, 1.0)",0.0,0.0,,42.91806357955944,,16.63367439976252,-34.644152040755756,False,False,False,True,True,,,,0.0,0.0,0.0,0.0,0,,,False,False,False,False,,,False,False,False,False,-9427723,-11997984.712890398,False,False,False,False,12624221.536811335,False,False,False,False
2022-02-18 00:00:00+00:00,38.99,46.14,38.58,44.07,18917909,,,,,42.44932280297741,"rgba(239, 83, 80, 1.0)",0.0,0.0,,42.44932280297741,,19.043747103915177,-32.947251856867894,False,False,False,True,True,,,,0.0,0.0,0.0,0.0,0,,,False,False,False,False,,,False,False,False,False,-28345632,-13208921.54897259,False,False,False,False,13090420.608158644,False,False,False,False
2022-02-25 00:00:00+00:00,38.82,40.22,31.83,38.53,20781831,,,,,41.16157753952449,"rgba(38, 166, 154, 1.0)",0.0,0.0,,41.16157753952449,,20.692369329281377,-31.903702011516895,False,False,False,True,True,,,,0.0,0.0,0.0,0.0,0,,,False,False,False,False,,,False,False,False,False,-49127463,-15869554.249048695,False,False,False,False,13660154.711258003,False,False,False,False
2022-03-04 00:00:00+00:00,36.74,44.74,36.27,39.57,21636614,,,,,40.78652461208857,"rgba(239, 83, 80, 1.0)",0.0,0.0,,40.78652461208857,,21.035790277235137,-31.903702011516895,False,False,False,True,True,,,,0.0,0.0,0.0,0.0,0,,,False,False,False,False,,,False,False,False,False,-70764077,-19935815.193563607,False,False,False,False,14251003.547461113,False,False,False,False
2022-03-11 00:00:00+00:00,32.91,38.58,32.1,37.5,26738619,,,,,39.56557128042667,"rgba(239, 83, 80, 1.0)",0.0,0.0,,39.56557128042667,,20.102582686897108,-31.903702011516895,False,False,False,True,True,,,,0.0,0.0,0.0,0.0,0,,,False,False,False,False,,,False,False,False,False,-97502696,-25681510.06811445,False,False,False,False,15176012.09950103,False,False,False,False
2022-03-18 00:00:00+00:00,40.57,40.67,29.3,32.95,69554040,,,,,37.74838007355147,"rgba(38, 166, 154, 1.0)",0.0,0.0,,37.74838007355147,,26.19296517839778,-27.72794953188354,False,False,False,True,True,,,,0.0,0.0,0.0,0.0,0,,,False,False,False,False,,,False,False,False,False,-27948656,-25849446.803809673,False,False,False,False,19204014.166204657,False,False,False,False
2022-03-25 00:00:00+00:00,40.48,42.84,37.8272,39.12,20399826,,,,,38.227147412432416,"rgba(239, 83, 80, 1.0)",0.0,0.0,,38.227147412432416,,30.500548504710952,-24.009480550548652,False,False,False,True,True,,,,0.0,0.0,0.0,0.0,0,,,False,False,False,False,,,False,False,False,False,-48348482,-27516042.003527474,False,False,False,False,19292592.82055987,False,False,False,False
2022-04-01 00:00:00+00:00,38.88,41.53,37.94,40.54,13949558,,,,,38.366727622505806,"rgba(239, 83, 80, 1.0)",0.0,0.0,,38.366727622505806,,32.81927835532996,-22.198127705020937,False,False,False,True,True,,,,0.0,0.0,0.0,0.0,0,,,False,False,False,False,,,False,False,False,False,-62298040,-30092486.299562477,False,False,False,False,18896812.463481363,False,False,False,False
2022-04-08 00:00:00+00:00,34.02,41.68,33.92,39.38,20090660,,,,,38.16869102357647,"rgba(239, 83, 80, 1.0)",0.0,0.0,,38.16869102357647,,32.56636443770026,-22.198127705020937,False,False,False,True,True,,,,0.0,0.0,0.0,0.0,0,,,False,False,False,False,,,False,False,False,False,-82388700,-33966279.90700229,False,False,False,False,18985245.614334594,False,False,False,False
2022-04-15 00:00:00+00:00,37.12,38.57,32.79,33.27,16219927,,,,,38.00795834481478,"rgba(38, 166, 154, 1.0)",0.0,0.0,,38.00795834481478,,34.44230345151468,-21.16611191843694,False,False,False,True,True,,,,0.0,0.0,0.0,0.0,0,,,False,False,False,False,,,False,False,False,False,-66168773,-36351649.76574286,False,False,False,False,18780407.19845796,False,False,False,False
2022-04-22 00:00:00+00:00,32.68,38.31,32.56,37.0,13197294,,,,,37.788838991597515,"rgba(239, 83, 80, 1.0)",0.0,0.0,,37.788838991597515,,34.22118043096632,-21.16611191843694,False,False,False,True,True,,,,0.0,0.0,0.0,0.0,0,,,False,False,False,False,,,False,False,False,False,-79366067,-39537902.89420635,False,False,False,False,18366843.257831443,False,False,False,False
2022-04-29 00:00:00+00:00,33.27,36.5,31.961,32.07,13206062,,,,,37.56059831803376,"rgba(239, 83, 80, 1.0)",0.0,0.0,,37.56059831803376,,34.432634328385674,-21.16611191843694,False,False,False,True,True,,,,0.0,0.0,0.0,0.0,0,,,False,False,False,False,,,False,False,False,False,-66160005,-41509910.45759848,False,False,False,False,17984563.164658744,False,False,False,False
2022-05-06 00:00:00+00:00,26.11,34.75,25.46,32.99,15185969,,,,,36.994808581754,"rgba(239, 83, 80, 1.0)",0.0,0.0,,36.994808581754,,32.563984125716544,-21.16611191843694,False,False,False,True,True,,,,0.0,0.0,0.0,0.0,0,,,False,False,False,False,,,False,False,False,False,-81345974,-44460729.979257844,False,False,False,False,17777259.89320254,False,False,False,False
2022-05-13 00:00:00+00:00,24.05,26.6937,18.64,25.21,30550024,,,,,31.31656587486089,"rgba(239, 83, 80, 1.0)",-1.0,17.22667,,31.31656587486089,,30.761669719231755,-21.16611191843694,False,False,False,True,False,,,,0.0,0.0,0.0,0.0,1,,,False,False,False,False,,,False,False,False,False,-111895998,-49455935.01783134,False,False,False,False,18723390.56778013,False,False,False,False
2022-05-20 00:00:00+00:00,24.77,25.43,21.06,23.08,15226548,,,,,30.972132503630345,"rgba(239, 83, 80, 1.0)",0.0,0.0,,30.972132503630345,,29.927276323718147,-21.16611191843694,False,False,False,True,False,,,,0.0,0.0,0.0,0.0,1,,,False,False,False,False,,,False,False,False,False,-96669450,-52953232.423917904,False,False,False,False,18464365.192389008,False,False,False,False
2022-05-27 00:00:00+00:00,26.97,27.18,21.75,24.08,13113836,,,,,30.843013931869773,"rgba(239, 83, 80, 1.0)",0.0,0.0,,30.843013931869773,,30.68693519518309,-21.16611191843694,False,False,False,True,False,,,,0.0,0.0,0.0,0.0,1,,,False,False,False,False,,,False,False,False,False,-83555614,-55220075.50362769,False,False,False,False,18068029.696656488,False,False,False,False
2022-06-03 00:00:00+00:00,23.91,27.26,23.1,26.99,22284892,,,,,30.493679759035945,"rgba(239, 83, 80, 1.0)",1.0,25.811363,,30.493679759035945,,30.398636448541808,-21.16611191843694,False,False,False,True,False,,,,0.0,0.0,0.0,0.0,0,,,False,False,False,False,,,False,False,False,False,-105840506,-58969737.02187748,False,False,False,False,18380389.867274527,False,False,False,False
2022-06-10 00:00:00+00:00,22.53,26.22,22.03,24.21,18629966,,,,,30.10091391718684,"rgba(239, 83, 80, 1.0)",0.0,0.0,,30.10091391718684,,29.84216580989957,-21.16611191843694,False,False,False,True,False,,,,0.0,0.0,0.0,0.0,0,,,False,False,False,False,,,False,False,False,False,-124470472,-63821643.31655323,False,False,False,False,18398876.988217153,False,False,False,False
2022-06-17 00:00:00+00:00,23.27,23.44,20.03,21.39,36463554,,,,,27.50162976302564,"rgba(239, 83, 80, 1.0)",0.0,0.0,,27.50162976302564,,29.918964970135175,-21.16611191843694,False,False,False,True,False,,,,0.0,0.0,0.0,0.0,0,,,False,False,False,False,,,False,False,False,False,-88006918,-65613145.14495669,False,False,False,False,19737001.21131218,False,False,False,False
2022-06-24 00:00:00+00:00,26.49,26.65,22.8848,23.66,26817373,,,,,27.68609118823821,"rgba(239, 83, 80, 1.0)",0.0,0.0,,27.68609118823821,,31.92286576021595,-21.16611191843694,False,False,False,True,False,,,,0.0,0.0,0.0,0.0,0,,,False,False,False,False,-0.2691924533951678,-0.2691924533951678,False,False,False,False,-61189545,-65285471.06014509,False,False,False,False,20261473.195659425,False,False,False,False
2022-07-01 00:00:00+00:00,23.48,26.67,22.89,26.49,14962218,,,,,27.607294928282357,"rgba(239, 83, 80, 1.0)",0.0,0.0,,27.607294928282357,,32.41452229064832,-21.16611191843694,False,False,False,True,False,,,,0.0,0.0,0.0,0.0,0,0.8420487582419671,1.1599701674045642,False,False,False,False,-0.2554085659427209,-0.26230050966894436,False,False,False,False,-76151763,-66090381.574208416,False,False,False,False,19868935.773758728,False,False,False,False
2022-07-08 00:00:00+00:00,26.81,27.719,22.6,23.13,11744854,,,,,27.625825357268837,"rgba(239, 83, 80, 1.0)",0.0,0.0,,27.625825357268837,,34.57588545556192,-20.33182800845716,False,False,False,True,True,,,,0.0,0.0,0.0,0.0,0,0.8820819966628836,1.1488484243375872,False,False,False,False,-0.23903627265542898,-0.25066839116218664,False,False,False,False,-64406909,-65965679.90204483,False,False,False,False,19267151.93866549,False,False,False,False
2022-07-15 00:00:00+00:00,23.84,28.0,22.44,27.41,21909738,,,,,26.977224121499603,"rgba(239, 83, 80, 1.0)",0.0,0.0,,25.65883724537727,,35.164658113937215,-19.642716519793343,False,False,False,True,True,,,,0.0,0.0,0.0,0.0,0,0.8825304674796365,1.1368948131472707,False,False,False,False,-0.23585724726969048,-0.24326281921593856,False,False,False,False,-86316647,-67473158.9463378,False,False,False,False,19462899.0543199,False,False,False,False
2022-07-22 00:00:00+00:00,25.56,27.25,24.18,24.48,11457899,,,,,27.033727234857526,"rgba(239, 83, 80, 1.0)",0.0,0.0,,25.76428203951346,,36.478109094987495,-18.249157743677564,False,False,False,True,True,,,,0.0,0.0,0.0,0.0,0,0.8962796113442506,1.1071544174647077,False,False,False,False,-0.22113489569797942,-0.232198857456959,False,False,False,False,-74858748,-68020239.61697945,False,False,False,False,18869936.08733324,False,False,False,False
2022-07-29 00:00:00+00:00,24.85,25.4,22.69,25.37,8865648,,,,,26.956257796693365,"rgba(239, 83, 80, 1.0)",0.0,0.0,,25.698822348818812,,37.17376662831521,-17.456347906752548,False,False,False,True,True,,,,0.0,0.0,0.0,0.0,0,0.9069565671668439,1.1226030735413441,False,False,False,False,-0.2712230476709478,-0.25171095256395337,False,False,False,False,-83724396,-69183510.46016616,False,False,False,False,18128877.710493743,False,False,False,False
2022-08-05 00:00:00+00:00,26.36,27.23,23.84,24.37,11410777,,,,,26.98988853317868,"rgba(239, 83, 80, 1.0)",0.0,0.0,,25.77219560645354,,38.480297929245,-16.074539764290236,False,False,False,True,True,,,,0.0,0.0,0.0,0.0,0,0.881519225799661,1.1296136487692776,False,False,False,False,-0.22647725190625137,-0.23909410223510236,False,False,False,False,-72313619,-69415370.3520057,False,False,False,False,17631240.62082754,False,False,False,False
2022-08-12 00:00:00+00:00,28.04,29.12,25.055,26.45,12502276,,,,,27.125673051315164,"rgba(239, 83, 80, 1.0)",0.0,0.0,,25.96615634252928,,40.285663506644966,-14.239101946144501,False,False,False,True,True,,,,0.0,0.0,0.0,0.0,0,0.8818738334225265,1.1294269833276886,False,False,False,False,-0.16007334336978996,-0.19958372280244616,False,False,False,False,-59811343,-68703960.9185238,False,False,False,False,17251317.315581057,False,False,False,False
2022-08-19 00:00:00+00:00,26.38,29.8463,26.08,27.5,10402692,,,,,27.212039353585247,"rgba(239, 83, 80, 1.0)",0.0,0.0,,26.0933507843881,,40.90247668170237,-13.562297222077241,False,False,False,True,True,,,,0.0,0.0,0.0,0.0,1,0.9083028263890358,1.1114028962199605,False,False,False,False,-0.11146202924178887,-0.1555228760221175,False,False,False,False,-70214035,-68815818.25789241,False,False,False,False,16744011.736649128,False,False,False,False
2022-08-26 00:00:00+00:00,27.76,29.47,25.3793,25.92,11314606,,,,,27.29207554686633,"rgba(239, 83, 80, 1.0)",0.0,0.0,,26.213078137514064,,42.07846073255032,-12.334931677052808,False,False,False,True,True,,,,0.0,0.0,0.0,0.0,1,0.9494390481822805,1.0745608005138512,False,False,False,False,-0.13067650077067092,-0.1430996883963942,False,False,False,False,-58899429,-68081270.90545595,False,False,False,False,16341833.533934377,False,False,False,False
2022-09-02 00:00:00+00:00,25.29,30.0,23.6,27.36,23105179,,,,,27.007555278695374,"rgba(239, 83, 80, 1.0)",0.0,0.0,,25.951128350109286,,41.902490705383784,-12.334931677052808,False,False,False,True,True,,,,0.0,0.0,0.0,0.0,1,0.9027338652321204,1.1051685466282921,False,False,False,False,-0.15140711233628568,-0.14725340036633994,False,False,False,False,-82004608,-69112629.20875551,False,False,False,False,16842822.086976275,False,False,False,False
2022-09-09 00:00:00+00:00,28.05,28.63,24.51,25.4,9551876,,,,,27.09043462474324,"rgba(239, 83, 80, 1.0)",0.0,0.0,,26.104673149173234,,43.22174961766788,-11.022149516268797,False,False,False,True,True,,,,0.0,0.0,0.0,0.0,1,0.9391919976969628,1.0710303611574414,False,False,False,False,-0.1597682411497436,-0.1535108207580418,False,False,False,False,-72452732,-69360044.23032917,False,False,False,False,16302752.006459516,False,False,False,True
2022-09-16 00:00:00+00:00,26.47,29.44,26.11,28.39,16368570,,,,,27.20631998465809,"rgba(239, 83, 80, 1.0)",0.0,0.0,,26.31503319882763,,43.49520213302185,-10.643120155774838,False,False,False,True,True,,,,0.0,0.0,0.0,0.0,1,0.97048040146654,1.0858388325918766,False,False,False,False,-0.1161812214166405,-0.13484602108734114,False,False,False,False,-88821302,-70801618.87993442,False,False,False,False,16307627.41338844,False,False,False,False
2022-09-23 00:00:00+00:00,24.79,27.945,24.0802,26.33,9459956,,,,,27.12846290510526,"rgba(239, 83, 80, 1.0)",0.0,0.0,,26.20997387487168,,43.006101595962356,-10.643120155774838,False,False,False,True,True,,,,0.0,0.0,0.0,0.0,1,0.8849691208256192,1.1162258374194716,False,False,False,False,-0.1749170206140111,-0.15488152085067614,False,False,False,False,-98281258,-72837147.70364298,False,False,False,False,15800392.493878186,False,False,False,False
2022-09-30 00:00:00+00:00,25.56,26.75,24.7,24.7,10263335,,,,,27.066790011023606,"rgba(239, 83, 80, 1.0)",0.0,0.0,,26.133844362054507,,43.08815385867366,-10.643120155774838,False,False,False,True,True,,,,0.0,0.0,0.0,0.0,1,0.8876658951532004,1.1167489823298618,False,False,False,False,-0.16763113827578646,-0.1612563295632313,False,False,False,False,-88017923,-73961649.5774472,False,False,False,False,15390240.086924246,False,False,False,False
2022-10-07 00:00:00+00:00,26.54,28.59,25.06,25.7,11061048,,,,,27.081703128252517,"rgba(239, 83, 80, 1.0)",0.0,0.0,,26.17518396034579,,43.700216136436396,-10.028868005068809,False,False,False,True,True,,,,0.0,0.0,0.0,0.0,1,0.920734191086492,1.106619287844131,False,False,False,False,-0.08933333584297454,-0.12529483270310293,False,False,False,False,-76956875,-74183518.12726593,False,False,False,False,15069559.191596523,False,False,False,False
2022-10-14 00:00:00+00:00,20.72,26.7,20.29,26.49,21087790,,,,,26.667456140014018,"rgba(239, 83, 80, 1.0)",0.0,0.0,,25.60725577360764,,41.83002531806416,-10.028868005068809,False,False,False,True,True,,,,0.0,0.0,0.0,0.0,1,0.890492841180083,1.0957766458294198,False,False,False,False,-0.2503117391488354,-0.18780328592596918,False,False,False,False,-98044665,-75951010.48820919,False,False,False,False,15515354.066293078,False,False,False,False
2022-10-21 00:00:00+00:00,22.64,23.77,21.3,21.3,15564848,,,,,26.431160515085015,"rgba(239, 83, 80, 1.0)",0.0,0.0,,25.302079293416487,,41.56009750150037,-10.028868005068809,False,False,False,True,False,,,,0.0,0.0,0.0,0.0,1,0.8936332519349007,1.116020780304395,False,False,False,False,-0.2961057255343331,-0.24195450573015115,False,False,False,False,-82479817,-76434625.78537887,False,False,False,False,15519020.283604702,False,False,False,False
2022-10-28 00:00:00+00:00,23.42,24.72,21.82,22.5,10578916,,,,,26.326317071890546,"rgba(239, 83, 80, 1.0)",0.0,0.0,,25.177875091412382,,41.79271878091667,-10.028868005068809,False,False,False,True,False,,,,0.0,0.0,0.0,0.0,1,0.90189263884408,1.0935521579510155,False,False,False,False,-0.21208421591459387,-0.2270193608223725,False,False,False,False,-71900901,-76098794.31979527,False,False,False,False,15153086.632967316,False,False,False,False
2022-11-04 00:00:00+00:00,17.64,24.2,17.19,23.13,18581407,,,,,25.91014060777803,"rgba(239, 83, 80, 1.0)",0.0,0.0,,24.639479869171556,,39.94119465474391,-6.638244578103254,False,False,False,True,False,,,,0.0,0.0,0.0,0.0,1,0.9165883846426282,1.0844821387630281,False,False,False,False,-0.34282825441539394,-0.28492380761888325,False,False,False,False,-90482308,-77164239.7775882,False,False,False,False,15407036.289784553,False,False,False,False
2022-11-11 00:00:00+00:00,19.05,19.69,15.43,17.78,28941416,,,,,25.23165137453596,"rgba(239, 83, 80, 1.0)",0.0,0.0,,23.784138819848383,,39.39013019566985,-7.242874297437645,False,False,False,True,False,,,,0.0,0.0,0.0,0.0,1,0.960388177394484,1.0546966325334022,False,False,False,False,-0.34282825441539394,-0.31387603101713857,False,False,False,False,-61540892,-76006954.75702612,False,False,False,False,16409582.934985697,False,False,False,False
2022-11-18 00:00:00+00:00,16.64,19.8,16.6,18.88,21070508,,,,,24.802396376753922,"rgba(239, 83, 80, 1.0)",0.0,0.0,,23.26481416577845,,38.22527930706698,-8.437642610252048,False,False,False,True,False,,,,0.0,0.0,0.0,0.0,1,0.9482876104955615,1.0424713668312626,False,False,False,False,-0.2979079263721944,-0.30589197869466644,False,False,False,False,-82611400,-76496172.92317232,False,False,False,False,16754836.643505275,False,False,False,False
2022-11-25 00:00:00+00:00,16.32,16.77,15.6,16.37,7721116,,,,,24.627212523489828,"rgba(239, 83, 80, 1.0)",0.0,0.0,,23.052846790895124,,37.292334630840564,-9.39461424745118,False,False,False,True,False,,,,0.0,0.0,0.0,0.0,0,0.929717801907243,1.0906961145512342,False,False,False,False,-0.34282825441539394,-0.32436011655503016,False,False,False,False,-90332516,-77521087.22515956,False,False,False,False,16085672.151393773,False,False,False,False
2022-12-02 00:00:00+00:00,14.78,16.24,13.27,16.09,26535726,,,,,23.98277302498429,"rgba(239, 83, 80, 1.0)",0.0,0.0,,22.27814544643106,,36.1361017786084,-10.557777681348327,False,False,False,True,False,,,,0.0,0.0,0.0,0.0,0,0.8920018474661215,1.0968937019093759,False,False,False,False,-0.34282825441539394,-0.333594185485212,False,False,False,False,-116868242,-80435691.28255513,False,False,False,False,16859750.214253493,False,False,False,False
2022-12-09 00:00:00+00:00,15.37,15.77,12.8,14.62,33554736,,,,,23.291263241964945,"rgba(239, 83, 80, 1.0)",0.0,0.0,,21.479470265669107,,35.68658322831567,-11.039677545947349,False,False,False,True,False,0.0,29.3004,,0.0,0.0,0.0,0.0,0,0.8966590744074556,1.0924001153758167,False,False,False,False,-0.34282825441539394,-0.338211219950303,False,False,False,False,-83313506,-80648862.74310662,False,False,False,False,18096415.828012493,False,False,False,False
2022-12-16 00:00:00+00:00,13.98,17.34,13.83,15.38,27202976,,,,,22.838840887617373,"rgba(239, 83, 80, 1.0)",0.0,0.0,,20.981315192441507,,34.89695567638748,-11.862066460297363,False,False,False,True,False,0.0,28.5702,,0.0,0.0,0.0,0.0,0,0.9268687711767567,1.049085362824296,False,False,False,False,-0.27392387734437396,-0.3060675486473385,False,False,False,False,-110516482,-82861278.98435798,False,False,False,False,18770975.840752307,False,False,False,False
2022-12-23 00:00:00+00:00,13.27,13.9,12.86,13.81,15637171,,,,,22.546028049084992,"rgba(239, 83, 80, 1.0)",0.0,0.0,,20.655317981971663,,34.09486196111303,-12.696018872736246,False,False,False,True,False,0.0,27.949,,0.0,0.0,0.0,0.0,0,0.8850481347159775,1.1174540133352653,False,False,False,False,-0.34282825441539394,-0.3244479015313662,False,False,False,False,-126153653,-86068121.50403517,False,False,False,False,18538842.14884473,False,False,False,False
2022-12-30 00:00:00+00:00,14.59,14.69,12.78,13.09,13476838,,,,,22.32921046877189,"rgba(239, 83, 80, 1.0)",0.0,0.0,,20.42103584109207,,34.45319170325265,-12.696018872736246,False,False,False,True,False,0.0,27.387199999999996,,0.0,0.0,0.0,0.0,0,0.8819255600473546,1.111728588994838,False,False,False,False,-0.3249030273411147,-0.32467546443624046,False,False,False,False,-112676815,-88039135.83706962,False,False,False,False,18163878.878559932,False,False,False,False
2023-01-06 00:00:00+00:00,13.28,15.4,12.69,15.01,22450921,,,,,20.960225458469484,"rgba(239, 83, 80, 1.0)",0.0,0.0,,18.204510093835772,,34.21873858217412,-12.705604835962426,False,False,False,True,False,0.0,26.850600000000004,,0.0,0.0,0.0,0.0,0,0.881024533488126,1.1182178648865517,False,False,False,False,-0.3094136975148411,-0.3170445809755408,False,False,False,False,-135127736,-91527180.29358298,False,False,False,False,18481437.55422216,False,False,False,False
2023-01-13 00:00:00+00:00,14.32,14.58,13.11,13.52,25166465,,,,,20.67647624260117,"rgba(239, 83, 80, 1.0)",0.0,0.0,,17.96306774274414,,34.803378224729336,-12.705604835962426,False,False,False,True,False,0.0,26.3262,,0.0,0.0,0.0,0.0,0,0.8820665247448308,1.135896852280791,False,False,False,False,-0.319389903111544,-0.3182172420435424,False,False,False,False,-109961271,-92892668.49405831,False,False,False,False,18976624.772427928,False,False,False,False
2023-01-20 00:00:00+00:00,14.38,15.205,13.49,14.32,26413864,,,,,20.42822214010035,"rgba(239, 83, 80, 1.0)",0.0,0.0,,17.772263650074706,,35.26551488998351,-12.705604835962426,False,False,False,True,False,0.0,25.7568,,0.0,0.0,0.0,0.0,0,0.8681933043563307,1.1267459553881531,False,False,False,False,-0.29443663998546626,-0.3063269410145043,False,False,False,False,-83547407,-92200426.90190585,False,False,False,False,19527531.381877713,False,False,False,False
2023-01-27 00:00:00+00:00,15.02,15.62,13.6884,14.2,20848514,,,,,20.26612004698531,"rgba(239, 83, 80, 1.0)",0.0,0.0,,17.663026669052314,,36.08955469422185,-12.705604835962426,False,False,False,True,True,0.0,25.1556,,0.0,0.0,0.0,0.0,0,0.8880190911034628,1.103915929254403,False,False,False,False,-0.27938158194820795,-0.2928542614813561,False,False,False,False,-62698893,-90015128.09435727,False,False,False,False,19625381.946183067,False,False,False,False
2023-02-03 00:00:00+00:00,15.71,17.36,14.4,14.88,32426616,,,,,18.852955559042996,"rgba(239, 83, 80, 1.0)",1.0,17.855,,16.703070176986618,,37.21630631719377,-12.705604835962426,False,False,False,True,True,0.0,24.69,,0.0,0.0,0.0,0.0,0,0.8823983346310335,1.1054718275853306,False,False,False,False,-0.22035429504817786,-0.256604278264767,False,False,False,False,-30272277,-85589731.71699747,False,False,False,False,20573621.505725063,False,False,False,False
2023-02-10 00:00:00+00:00,15.25,16.58,14.78,15.4,20074058,,,,,18.751177446363563,"rgba(239, 83, 80, 1.0)",0.0,0.0,,16.649769477683467,,37.77762317952498,-15.013129907405009,False,False,False,True,True,0.0,24.218599999999995,,0.0,0.0,0.0,0.0,0,0.8693332257788998,1.1399789319844742,False,False,False,False,-0.22987239560355247,-0.24323833693415975,False,False,False,False,-50346335,-82979109.73796062,False,False,False,False,20536616.80159728,False,False,False,False
2023-02-17 00:00:00+00:00,15.94,17.26,15.01,15.41,20883262,,,,,18.696983615446268,"rgba(239, 83, 80, 1.0)",0.0,0.0,,16.67326892753396,,38.75343787118276,-14.0189827759853,False,False,False,True,True,0.0,23.802599999999998,,0.0,0.0,0.0,0.0,0,0.8573363082115577,1.1431021923821698,False,False,False,False,-0.20657438538089445,-0.2249063611575271,False,False,False,False,-29463073,-79014958.86848205,False,False,False,False,20562294.223701183,False,False,False,False
2023-02-24 00:00:00+00:00,15.46,16.18,15.11,15.32,14821459,,,,,18.631692542236838,"rgba(239, 83, 80, 1.0)",0.0,0.0,,16.641696209527563,,39.16722278717788,-13.570471875778935,False,False,False,True,True,0.0,23.4536,,0.0,0.0,0.0,0.0,0,0.8619720817337708,1.157344279313051,False,False,False,False,-0.2301297208077234,-0.22751804098262524,False,False,False,False,-44284532,-76442334.6560019,False,False,False,False,20137047.170093685,False,False,False,False
2023-03-03 00:00:00+00:00,16.45,16.49,15.06,15.66,25538327,,,,,18.556861472260643,"rgba(239, 83, 80, 1.0)",0.0,0.0,,16.639607567323136,,40.32547100536081,-12.406201796257449,True,False,False,True,True,0.0,22.971200000000003,,0.0,0.0,0.0,0.0,0,0.8759215631743756,1.17074155584733,False,False,False,False,-0.22385687379518265,-0.22568745738890394,False,False,False,False,-18746205,-72168547.27407582,False,False,False,False,20537141.972308967,False,False,False,False
2023-03-10 00:00:00+00:00,13.91,16.62,13.71,16.44,39746400,,,,,18.32429634399041,"rgba(239, 83, 80, 1.0)",0.0,0.0,,16.448284334561123,,39.64766116806341,-12.406201796257449,True,False,False,True,True,0.0,22.4398,,0.0,0.0,0.0,0.0,0,0.8431668872840147,1.153163707132509,False,False,False,False,-0.2534501286868235,-0.23956879303786371,False,False,False,False,-58492605,-71155514.51303317,False,False,False,False,21960049.974360153,False,False,False,False
2023-03-17 00:00:00+00:00,15.07,16.24,13.245,13.76,55888314,,,,,17.124626614736226,"rgba(239, 83, 80, 1.0)",0.0,0.0,,15.643815205089746,,40.16127447530313,-12.406201796257449,True,False,False,True,True,0.0,21.9636,,0.0,0.0,0.0,0.0,1,0.8142570829419602,1.1701107494702812,False,False,False,False,-0.2694536694407749,-0.2545112312393193,False,False,False,False,-2604291,-66077646.10466034,False,False,False,False,24473254.71700014,False,False,False,False
2023-03-24 00:00:00+00:00,14.64,15.325,14.29,14.66,27447176,,,,,17.028918075161126,"rgba(239, 83, 80, 1.0)",0.0,0.0,,15.58522472630817,,40.269227124497554,-12.376641279904568,True,False,False,True,True,0.0,21.576,,0.0,0.0,0.0,0.0,1,0.8504585566471543,1.168710218897249,False,False,False,False,-0.26602863957604794,-0.2602699354076836,False,False,False,False,-30051467,-63409040.24505587,False,False,False,False,24693545.18240754,False,False,False,False
2023-03-31 00:00:00+00:00,16.36,16.62,14.61,14.8,26797816,,,,,17.027436692538316,"rgba(239, 83, 80, 1.0)",0.0,0.0,,15.66607566230521,,41.80190869832386,-10.8456163006272,True,False,False,True,True,0.0,21.160800000000005,,0.0,0.0,0.0,0.0,1,0.8461136229940065,1.1334250304788809,False,False,False,False,-0.22395704595605315,-0.24211349068186838,False,False,False,False,-3253651,-58953085.48616284,False,False,False,False,24849417.094821796,False,False,False,False
2023-04-07 00:00:00+00:00,16.65,17.165,15.78,16.11,32441389,,,,,17.062505801998878,"rgba(239, 83, 80, 1.0)",0.0,0.0,,15.804651058934168,,43.13343417214362,-9.546809378249861,True,False,False,True,True,0.0,20.8402,,0.0,0.0,0.0,0.0,1,0.8531472221082314,1.1565989951869806,False,False,False,False,-0.1289251236759884,-0.1855193071789284,False,False,False,False,29187738,-52424135.59829893,False,False,False,False,25411785.384094253,False,False,False,False
2023-04-14 00:00:00+00:00,17.87,17.96,15.73,16.34,31173714,,,,,17.122757936764003,"rgba(239, 83, 80, 1.0)",0.0,0.0,,15.962687547052848,,45.06784220820852,-7.701360617130476,True,False,False,True,True,0.0,20.532200000000003,,0.0,0.0,0.0,0.0,1,0.9172542137901315,1.1248992999394236,False,False,False,False,-0.0990894751297119,-0.14230439115432014,False,False,False,False,60361452,-44069647.62805457,False,False,False,False,25838594.91119838,False,False,False,False
2023-04-21 00:00:00+00:00,18.58,18.995,17.14,17.91,28395557,,,,,17.105382967594103,"rgba(239, 83, 80, 1.0)",0.0,0.0,,16.41760049123544,,47.001171924148835,-5.89860052076488,True,False,False,False,True,0.0,20.381600000000002,,0.0,0.0,0.0,0.0,0,0.931272133713882,1.0734210886366744,False,False,False,False,-0.017185719158024367,-0.07974505515617225,False,False,False,False,88757009,-34230636.02597645,False,False,False,False,26027999.510368872,False,False,False,False
2023-04-28 00:00:00+00:00,16.07,18.72,15.665,18.72,30927284,,,,,17.02878352547873,"rgba(239, 83, 80, 1.0)",0.0,0.0,,16.29757157695722,,46.4956490739611,-5.89860052076488,True,False,False,False,True,0.0,20.221999999999998,,0.0,0.0,0.0,0.0,0,0.8997803579023543,1.0926813475614015,False,False,False,False,0.013985869532101295,-0.03287959281203548,False,False,False,False,57829725,-27411350.02405227,False,False,False,False,26390909.47256377,False,False,False,False
2023-05-05 00:00:00+00:00,16.89,16.98,15.29,15.91,36541397,,,,,16.69725932497172,"rgba(239, 83, 80, 1.0)",0.0,0.0,,16.40786715187165,,46.802472524109525,-5.89860052076488,True,False,False,False,True,0.0,20.0644,,0.0,0.0,0.0,0.0,0,0.9642928953261827,1.122374834464636,False,False,False,False,0.04727584520699921,0.007198126197481867,False,False,False,False,94371122,-18390426.17041877,False,False,False,False,27142797.437559046,False,False,False,False
2023-05-12 00:00:00+00:00,17.57,18.5,17.18,17.25,30967351,,,,,16.850329967471403,"rgba(239, 83, 80, 1.0)",0.0,0.0,,16.675676679925807,,47.568984447658956,-5.466513446435535,True,False,False,False,True,0.0,19.8764,,0.0,0.0,0.0,0.0,1,1.0236184994622248,1.0207116072207203,False,False,False,False,0.28844762460044704,0.14782287539896447,False,False,False,False,125338473,-7743841.046684045,False,False,False,False,27426097.70144356,False,False,False,False
2023-05-19 00:00:00+00:00,18.75,19.389,17.42,17.57,26493983,,,,,16.99729225921213,"rgba(239, 83, 80, 1.0)",0.0,0.0,,16.914392732783426,,49.03459972175364,-4.0491023070080985,True,False,False,False,True,0.0,19.7732,,0.0,0.0,0.0,0.0,0,1.0068759686753168,1.0067087153832144,False,False,False,False,0.3428282396744724,0.24532555753671842,False,False,False,False,151832456,4076625.401218476,False,False,False,False,27357052.168003295,False,False,False,False
2023-05-26 00:00:00+00:00,20.65,21.15,18.68,18.86,26811935,,,,,17.23570250281278,"rgba(239, 83, 80, 1.0)",0.0,0.0,,17.286544736402057,,51.41794338041831,-1.7848212010818614,True,False,False,False,True,0.0,19.735599999999998,,0.0,0.0,0.0,0.0,0,1.0477222167786233,0.9196161899888587,False,False,False,False,0.34282824308168913,0.29407690030920375,False,False,False,False,178644391,17007571.00112822,False,False,False,False,27316673.118521567,False,False,False,False
2023-06-02 00:00:00+00:00,13.44,21.955,12.86,21.52,95964131,,,,,16.748735728935713,"rgba(239, 83, 80, 1.0)",0.0,0.0,9.640323446033543,16.790595851679925,-0.3475605222621974,48.41927462984617,-1.7848212010818614,True,False,False,False,False,0.0,19.539,,0.0,0.0,0.0,0.0,1,0.9872456488040342,0.9070404018601729,False,False,False,False,0.07690719358784845,0.1854920469485261,True,False,False,False,82680260,21872214.630674277,True,False,False,False,32401669.998631082,True,False,False,False
2023-06-09 00:00:00+00:00,14.55,15.25,12.43,13.33,79283877,,,,,15.919192987030472,"rgba(239, 83, 80, 1.0)",0.0,0.0,9.229998414882779,15.534106532020246,-0.10662044431485891,47.039733843492726,0.6268304585504936,True,False,False,False,False,0.0,19.3002,,0.0,0.0,0.0,0.0,1,0.9878699660359047,1.0090155657841247,False,False,False,False,-0.2915300527314377,-0.05301900289145581,False,False,False,False,161964137,32249394.065439146,False,False,False,False,35874426.07280656,False,False,False,False
2023-06-16 00:00:00+00:00,16.09,17.275,15.33,15.81,52552958,,,,,16.049226174294187,"rgba(239, 83, 80, 1.0)",0.0,0.0,8.974705008075857,15.79557381202409,0.0328062245735065,47.06833225282388,0.6268304585504936,True,False,False,False,False,0.0,19.1524,,0.0,0.0,0.0,0.0,1,1.0058119646765393,0.9912820529851912,False,False,False,False,-0.034857267447080585,-0.0439381351692682,False,False,False,False,214517095,45750705.24577699,False,False,False,False,37109872.88222829,False,False,False,False
2023-06-23 00:00:00+00:00,15.45,16.25,14.54,15.97,28352208,,,,,16.02749649759699,"rgba(239, 83, 80, 1.0)",0.0,0.0,8.754114074263889,15.781694997090582,-0.037890184463751635,46.7217364202884,0.4165292663005644,True,False,False,False,False,0.0,18.9252,,0.0,0.0,0.0,0.0,1,1.0100311458857503,0.9529687258471385,False,False,False,False,-0.15392262618837652,-0.09893038067882236,False,False,False,False,186164887,56151755.7460898,False,False,False,False,36461156.96502619,False,False,False,False
2023-06-30 00:00:00+00:00,15.1,15.63,14.68,15.35,38458244,,,,,15.974893549977232,"rgba(239, 83, 80, 1.0)",0.0,0.0,8.590343887651297,15.725975280352086,-0.07286964160444524,46.268263247713726,-0.05076649678155576,True,False,False,False,False,0.0,18.7504,,0.0,0.0,0.0,0.0,1,1.0138678643154788,0.9757730081235609,False,False,False,False,-0.1893673720987914,-0.14414887638880688,False,False,False,False,147706643,62933599.24637944,False,False,False,False,36609089.337987214,False,False,False,False
2023-07-07 00:00:00+00:00,14.29,15.24,14.195,15.22,22916372,,,,,15.920091106624284,"rgba(239, 83, 80, 1.0)",0.0,0.0,8.408627808484658,15.658530369893594,-0.1627531151411756,45.46066724460782,-0.8822951745671332,True,False,False,True,False,0.0,18.525,,0.0,0.0,0.0,0.0,1,1.007476076555024,0.9939847659902107,False,False,False,False,-0.23912242082403298,-0.19163564860641993,False,False,False,False,124790271,67515574.93183282,False,False,False,False,35594813.97961779,False,False,False,False
2023-07-14 00:00:00+00:00,14.46,15.39,14.08,14.14,32743325,,,,,15.592880173842282,"rgba(239, 83, 80, 1.0)",0.0,0.0,8.132235837192106,15.206614376876121,-0.09180923817550173,45.01896750782461,-1.3753041232470196,True,False,False,True,False,0.0,18.3172,,0.0,0.0,0.0,0.0,1,0.9982766227320355,0.9772514200628688,False,False,False,False,-0.23711133353346436,-0.21437349106994213,False,False,False,False,157533596,74183576.4924378,False,False,False,False,35383592.57372017,False,False,False,False
2023-07-21 00:00:00+00:00,14.94,15.6599,14.4,14.43,31859504,,,,,15.583996582504946,"rgba(239, 83, 80, 1.0)",0.0,0.0,7.736798912044004,15.231150882490015,-0.03763195680797337,45.09891327324354,-1.38660944490465,True,False,False,True,False,0.0,18.088800000000003,,0.0,0.0,0.0,0.0,1,0.9972207988466316,0.9832396800444673,False,False,False,False,-0.2034842126033163,-0.20892885183662924,False,False,False,False,189393100,82717615.27077574,False,False,False,False,35122548.97566683,False,False,False,False
2023-07-28 00:00:00+00:00,15.48,15.74,14.46,15.0,30195775,,,,,15.584481491919098,"rgba(239, 83, 80, 1.0)",0.0,0.0,7.516596285002381,15.260161427910115,0.029247090538642155,45.60747885018201,-1.38660944490465,True,False,False,True,False,0.0,17.8376,,0.0,0.0,0.0,0.0,1,0.9947574531482514,0.9889316202526753,False,False,False,False,-0.195566791844717,-0.20224782184067314,False,False,False,False,219588875,92856227.10257013,False,False,False,False,34757602.755247064,False,False,False,False
2023-08-04 00:00:00+00:00,15.67,17.0,15.04,15.75,32644405,,,,,15.631640329312422,"rgba(239, 83, 80, 1.0)",0.0,0.0,7.279487005487607,15.35549029826433,0.04320492659696735,46.13423708401466,-1.38660944490465,True,False,False,False,False,0.0,17.6234,,0.0,0.0,0.0,0.0,1,0.9923102922267784,0.997317543800039,False,False,False,False,-0.09343141945116548,-0.14783962064591932,False,False,False,False,252233280,104661934.72460198,False,False,False,False,34601069.588191725,False,False,False,False
2023-08-11 00:00:00+00:00,15.12,15.67,14.535,15.57,29179957,,,,,15.610010747749639,"rgba(239, 83, 80, 1.0)",0.0,0.0,7.092848008019398,15.340180739626634,-0.031042641739635668,46.07217530434697,-1.38660944490465,True,False,False,False,False,0.0,17.3706,,0.0,0.0,0.0,0.0,1,0.976200774967921,1.007239307994549,False,False,False,False,-0.19528468126008727,-0.1715621509530033,False,False,False,False,223053323,113431667.18944629,False,False,False,False,34199505.692770116,False,False,False,False
2023-08-18 00:00:00+00:00,14.48,15.32,13.87,14.99,29644021,,,,,15.415328469897243,"rgba(239, 83, 80, 1.0)",0.0,0.0,7.000151522169588,14.975425415596712,-0.07077352740546998,45.51952841907135,-1.4006458633658667,True,False,False,True,False,0.0,17.1544,,0.0,0.0,0.0,0.0,1,0.959415211766283,1.0262607453276993,False,False,False,False,-0.2532543046027396,-0.21240822777787147,False,False,False,False,193409302,119355936.43467247,False,False,False,False,33862062.38219456,False,False,False,False
2023-08-25 00:00:00+00:00,16.57,17.5,14.56,14.65,77035007,,,,,15.661730147615536,"rgba(239, 83, 80, 1.0)",0.0,0.0,6.629878498200458,15.435779709893062,0.17107708541186673,47.03021664442898,-1.4006458633658667,True,False,False,False,False,0.0,16.924799999999998,,0.0,0.0,0.0,0.0,1,0.9698602401606982,0.9661370933570197,False,False,False,False,-0.09233559970428958,-0.15237191374108053,False,False,False,False,270444309,130547667.73580785,False,False,False,False,37060058.27980977,False,False,False,False
2023-09-01 00:00:00+00:00,17.21,18.35,15.551,16.61,59758429,,,,,15.978823793659373,"rgba(239, 83, 80, 1.0)",0.0,0.0,6.220194391678619,16.09487918502888,0.17927427098788593,48.639055076629106,-4.387278626916256,True,False,False,False,True,0.0,16.7396,,0.0,0.0,0.0,0.0,1,0.988593267777799,0.9575925736807396,False,False,False,False,0.007931024920912084,-0.07222044441008423,False,False,False,False,330202738,145336932.19982207,False,False,False,False,38741419.07389794,False,False,False,False
2023-09-08 00:00:00+00:00,16.94,17.98,16.745,17.0,25057197,,,,,16.04706966535244,"rgba(239, 83, 80, 1.0)",0.0,0.0,5.839772842058731,16.188539861403676,0.12867968650838968,49.53617441109937,-3.491821195111733,True,False,False,False,True,0.0,16.5826,,0.0,0.0,0.0,0.0,1,1.033601970840263,0.9652393405100727,False,False,False,False,0.052740196831444035,-0.009740123789320095,False,False,False,False,305145541,157174606.92576116,False,False,False,False,37727772.99434994,False,False,False,False
2023-09-15 00:00:00+00:00,16.8,17.9,16.66,17.11,33893021,,,,,16.11328851902045,"rgba(239, 83, 80, 1.0)",0.0,0.0,5.616412188744138,16.271332014232367,0.09412912870375464,50.04056091669925,-2.96897828941826,True,False,False,False,True,0.0,16.4074,,0.0,0.0,0.0,0.0,1,1.0416797778550648,0.958596247163843,False,False,False,False,0.043756292998184454,0.017008084604432178,False,False,False,False,271252520,165624822.7090381,False,False,False,False,37443717.29106476,False,False,False,False
2023-09-22 00:00:00+00:00,15.8,17.069,15.51,16.69,26977153,,,,,16.093693970791936,"rgba(239, 83, 80, 1.0)",0.0,0.0,5.255748862731928,16.22622292631536,-0.08109651687082475,49.43466652542277,-2.96897828941826,True,False,False,False,True,0.0,16.192600000000002,,0.0,0.0,0.0,0.0,1,1.0012758147444085,0.9574606912364285,False,False,False,False,-0.06396859604936705,-0.02348025572246744,False,False,False,False,244275367,171450788.9528131,False,False,False,False,36668416.23246737,False,False,False,False
2023-09-29 00:00:00+00:00,16.86,17.025,15.38,15.73,27169306,,,,,16.14457747390204,"rgba(239, 83, 80, 1.0)",0.0,0.0,5.032891193515473,16.41622372637315,0.08817521709959147,50.03824675920509,-2.9082418975367545,True,False,False,False,True,0.0,16.1154,,0.0,0.0,0.0,0.0,1,0.9930277660044879,0.9817437557222776,False,False,False,False,-0.07346522017469495,-0.048472737948581195,False,False,False,False,271444673,178857743.32667878,False,False,False,False,35964778.43746979,False,False,False,False
2023-10-06 00:00:00+00:00,16.91,17.2,16.0,16.85,23840014,,,,,16.178913369987338,"rgba(239, 83, 80, 1.0)",0.0,0.0,4.766809736402629,16.459835245625477,0.09443732375906594,50.517933427126366,-2.381928854215417,True,False,False,False,True,0.0,16.0008,,0.0,0.0,0.0,0.0,1,0.982878257043388,0.9884934523141049,False,False,False,False,-0.030157292065751795,-0.0393150150071665,False,False,False,False,295284687,187481961.37655443,False,False,False,False,35066647.738397956,False,False,False,False
2023-10-13 00:00:00+00:00,16.5,17.56,16.02,16.17,20794967,,,,,16.198254431622537,"rgba(239, 83, 80, 1.0)",0.0,0.0,4.70413712109393,16.478129114143627,0.004649287487454657,50.418821942304795,-2.381928854215417,True,False,False,False,True,0.0,15.862400000000001,,0.0,0.0,0.0,0.0,1,0.9839632721637834,0.9964570019896731,False,False,False,False,-0.009506464480255902,-0.0244107397437112,False,False,False,False,274489720,193926980.5338467,False,False,False,False,34009486.20222033,False,False,False,False
2023-10-20 00:00:00+00:00,15.98,17.93,15.65,16.6,25357787,,,,,16.250393231329625,"rgba(239, 83, 80, 1.0)",0.0,0.0,4.6782590894592335,16.58571868784199,-0.12947523347023626,49.78842675565781,-2.381928854215417,True,False,False,False,True,0.0,15.8292,,0.0,0.0,0.0,0.0,1,0.9511580536484379,1.0087878501958303,False,False,False,False,-0.009506464480255902,-0.01695860211198355,False,False,False,False,249131933,198016236.27208027,False,False,False,False,33368619.594648454,False,False,False,False
2023-10-27 00:00:00+00:00,15.32,16.83,15.165,15.66,16386085,,,,,16.18558473104595,"rgba(239, 83, 80, 1.0)",0.0,0.0,4.643737427686575,16.45957429104884,-0.24540024254053336,48.643722021618146,-2.381928854215417,True,False,False,False,False,0.0,15.7546,,0.0,0.0,0.0,0.0,1,0.9686680503362013,1.0246857785229928,False,False,False,False,-0.09589783620941059,-0.05642821916069707,False,False,False,False,232745848,200588800.10377803,False,False,False,False,32110654.06911894,False,False,False,False
2023-11-03 00:00:00+00:00,16.11,16.495,15.06,15.59,23624271,,,,,16.123143222757108,"rgba(239, 83, 80, 1.0)",0.0,0.0,4.551475127674286,16.25032854879106,-0.030831443620953268,48.76676756340879,-2.381928854215417,True,False,False,False,False,0.0,15.744000000000002,,0.0,0.0,0.0,0.0,1,0.9736675895731287,0.9979964470327379,False,False,False,False,-0.12008001983731519,-0.08825411949900613,False,False,False,False,256370119,204720749.65164635,False,False,False,False,31482033.101036057,False,False,False,False
2023-11-10 00:00:00+00:00,15.68,16.58,15.12,16.19,20186380,,,,,16.08756867297639,"rgba(239, 83, 80, 1.0)",0.0,0.0,4.520270290092763,16.18862494275571,-0.11252091359901212,48.3750906837489,-2.381928854215417,True,False,False,False,False,0.0,15.7312,,0.0,0.0,0.0,0.0,1,0.9441222116122464,1.0233461992578972,False,False,False,False,-0.11209680997206616,-0.10017546473553615,False,False,False,False,236183739,207051341.4552281,False,False,False,False,30645318.056514867,False,False,False,False
2023-11-17 00:00:00+00:00,17.18,17.89,15.5,15.68,23489137,,,,,16.18040570721826,"rgba(239, 83, 80, 1.0)",0.0,0.0,4.497449996216554,16.344656311504558,0.18573718200272787,49.798869209142076,-2.381928854215417,True,False,False,False,False,0.0,15.779200000000001,,0.0,0.0,0.0,0.0,1,0.9472264460048709,1.0151676509503986,False,False,False,False,-0.019829764341165346,-0.06000261453835075,False,False,False,False,259672876,210949232.90298897,False,False,False,False,30115230.570847098,False,False,False,False
2023-11-24 00:00:00+00:00,17.92,17.94,16.79,17.16,13226380,,,,,16.255979582944068,"rgba(239, 83, 80, 1.0)",0.0,0.0,4.461384877706343,16.46584455656211,0.32594261273093555,51.569110941032086,-1.0608236438379848,True,False,False,False,True,0.0,15.8302,,0.0,0.0,0.0,0.0,1,0.9464541969200454,1.0488727148111587,False,False,False,False,0.3340300929806298,0.13701373922113952,False,False,False,False,272899256,215538123.50276756,False,False,False,False,28864204.6026362,False,False,False,False
2023-12-01 00:00:00+00:00,19.83,19.85,17.07,17.74,26340015,,,,,16.501786530919162,"rgba(239, 83, 80, 1.0)",0.0,0.0,4.3618375745810205,16.847992303775307,0.6836585831628842,54.53323055126603,1.7470778911287326,True,False,True,False,True,0.0,15.9472,,0.0,0.0,0.0,0.0,1,1.0743735416680542,1.031192485386154,False,False,False,False,0.3428282383838442,0.23992098880249185,False,False,False,False,299239271,221738208.50256258,False,False,False,False,28677227.59503352,False,False,False,False
2023-12-08 00:00:00+00:00,24.0,24.55,19.4087,19.63,74419813,,,,,17.66132422961416,"rgba(38, 166, 154, 1.0)",0.0,0.0,4.370690085080344,18.53207234403238,1.2510444688432094,59.262758225986985,6.141888692576558,True,False,True,False,True,1.1638397595737757,16.1618,,0.0,0.0,0.0,0.0,0,1.1291840672913296,0.7888700748666716,False,False,False,False,0.342828244385295,0.2913746165938934,False,False,False,False,373659084,232991606.68755794,False,False,False,False,32065567.254660666,False,False,False,False
2023-12-15 00:00:00+00:00,26.36,27.19,23.8401,24.0,50279191,,,,,18.51630817652139,"rgba(38, 166, 154, 1.0)",0.0,0.0,4.359063863464904,19.686604029655925,1.53092411108645,63.69142820130717,10.12086175898122,True,False,True,False,True,3.99856614286195,16.3972,,0.0,0.0,0.0,0.0,0,1.1756669743754309,0.7917235372199102,False,False,False,False,0.3428282476328461,0.3171014321133697,False,False,False,False,423938275,247135804.34033144,False,False,False,False,33414724.569130246,False,False,False,False
2023-12-22 00:00:00+00:00,27.64,27.965,26.1,26.12,27331611,,,,,20.238230394710808,"rgba(38, 166, 154, 1.0)",0.0,0.0,4.4462817262504855,22.320669665455014,1.1963547660824307,67.35090644069103,13.291703186921673,True,False,True,False,True,5.475802266663916,16.6844,,0.0,0.0,0.0,0.0,0,1.238450817441805,0.7550063247625358,False,False,False,False,0.34282824846035803,0.3299648402868639,False,False,False,False,451269886,262256847.4262328,False,False,False,False,32964123.564009484,False,False,False,False
2023-12-29 00:00:00+00:00,27.44,27.94,27.285,27.64,15260448,,,,,20.474105354230794,"rgba(38, 166, 154, 1.0)",0.0,0.0,4.492890279437377,22.59250070184782,1.0789267034491685,69.71591149149043,15.216684516084257,True,False,True,False,True,5.209727438227471,16.9468,,0.0,0.0,0.0,0.0,0,1.261760409286695,0.7410609603942394,False,False,False,False,0.34282824872568696,0.33639654450627543,False,False,False,False,436009438,275127409.6909563,False,False,False,False,31652740.18889767,False,False,False,False
2024-01-05 00:00:00+00:00,23.67,26.545,23.18,26.51,29766498,,,,,20.553710565148194,"rgba(38, 166, 154, 1.0)",0.0,0.0,4.471704425436489,22.511410502633403,0.2590934881062733,67.36469999049423,15.216684516084257,True,False,True,False,True,0.4137794840639444,17.1326,,0.0,0.0,0.0,0.0,0,1.185844849904336,0.7595179392175717,False,False,False,False,0.19293097267156525,0.26466375858892033,False,False,False,False,406242940,284839671.1953299,False,False,False,False,31513018.545275617,False,False,False,False
2024-01-12 00:00:00+00:00,25.33,25.555,22.82,23.7,38396706,,,,,21.591181133450263,"rgba(38, 166, 154, 1.0)",0.0,0.0,4.4481262863658975,23.5379676606929,0.40287353009736204,66.57728608698588,15.216684516084257,True,False,True,False,False,2.3651210696712077,17.3388,,0.0,0.0,0.0,0.0,0,1.1761318064131412,0.7877654598764315,False,False,False,False,0.1576421476011923,0.21115295309505633,False,False,False,False,444639646,296676706.3660462,False,False,False,False,32022921.319699645,False,False,False,False
2024-01-19 00:00:00+00:00,24.84,25.39,23.375,25.0,18096366,,,,,21.667272999048702,"rgba(38, 166, 154, 1.0)",0.0,0.0,4.367897599697279,23.55777197477716,0.29355725402347,65.55340954131077,15.216684516084257,True,False,True,False,False,1.7602359284146907,17.5214,,0.0,0.0,0.0,0.0,0,1.1780475619879722,0.7989433590888771,False,False,False,False,0.16779300735810243,0.18947298022657938,False,False,False,False,426543280,306296452.5611539,False,False,False,False,30991324.629351523,False,False,False,False
2024-01-26 00:00:00+00:00,26.34,27.64,25.42,27.15,24134703,,,,,21.940946386642054,"rgba(38, 166, 154, 1.0)",0.0,0.0,4.366892642526395,23.869976798992653,0.5656248969698406,65.62325560128248,15.216684516084257,True,False,True,False,False,3.5063172989009566,17.743199999999998,,0.0,0.0,0.0,0.0,0,1.1987612345291265,0.7554059038568992,False,False,False,False,0.2823905961494703,0.23593178818802485,False,False,False,False,450677983,316991380.7418092,False,False,False,False,30483426.73088104,False,False,False,False
2024-02-02 00:00:00+00:00,27.55,28.628,26.41,28.04,29411084,,,,,22.30137438651151,"rgba(38, 166, 154, 1.0)",0.0,0.0,4.360769074248111,24.281900035323225,0.749432017387957,66.2737918245034,15.216684516084257,True,False,True,False,False,4.882300825413708,17.9754,,0.0,0.0,0.0,0.0,0,1.2037493510878128,0.7605287136836069,False,False,False,False,0.3375176457682753,0.28672471697815005,False,False,False,False,480089067,329072690.8350085,False,False,False,False,30403993.93600096,False,False,False,False
2024-02-09 00:00:00+00:00,29.7,30.2159,26.53,27.26,25050614,,,,,22.642333974916284,"rgba(38, 166, 154, 1.0)",0.0,0.0,4.485112309901753,24.676359597723376,1.1200701465570806,67.69924341231429,15.216684516084257,True,False,True,False,False,7.2466065393452865,18.2602,,0.0,0.0,0.0,0.0,0,1.2055753420617557,0.7205060102596842,False,False,False,False,0.3428282490397205,0.31477648300893524,False,False,False,False,505139681,342114690.1064893,False,False,False,False,30007447.274074964,False,True,False,False
2024-02-16 00:00:00+00:00,29.52,30.76,26.78,29.53,28333950,,,,29.02,24.15224377735828,"rgba(38, 166, 154, 1.0)",0.0,0.0,4.531287699563561,26.531535027612104,0.6595178171264063,68.52787450780657,15.216684516084257,True,False,True,False,False,7.010366938837361,18.5216,,-1.0,30.76,26.78,0.0,0,1.2121379819221543,0.7173986382619476,False,False,False,False,0.34282824871473877,0.328802365861837,False,False,False,False,476805731,352091804.24674934,False,False,False,False,29883484.513032377,False,False,False,False
2024-02-23 00:00:00+00:00,27.22,29.49,25.34,29.22,24191451,,,,28.25085359843326,24.194409734771355,"rgba(38, 166, 154, 1.0)",0.0,0.0,4.550314286739754,26.419190664894728,0.17598989534391946,66.8395198512915,15.216684516084257,True,False,True,False,False,4.0498666470526,18.7878,,0.0,0.0,0.0,0.0,0,1.1742126192871385,0.7798089449253339,False,False,False,False,0.2673614722022901,0.29808191903206355,False,False,False,False,452614280,359537913.56180495,False,False,False,False,29461852.400955904,False,False,False,False
2024-03-01 00:00:00+00:00,27.9,29.17,27.01,27.25,21144225,,,,28.186508777036547,24.325781608089663,"rgba(38, 166, 154, 1.0)",0.0,0.0,4.623600379408701,26.500537146949092,0.3026781594887488,66.0027830595364,15.216684516084257,True,False,True,False,False,4.814230985769466,19.0444,,0.0,0.0,0.0,0.0,0,1.1872340145088238,0.7967677253637503,False,False,False,False,0.3045347095924798,0.3013083143122717,False,False,False,False,473758505,367998698.11278236,False,False,False,False,28845731.852736946,False,False,False,False
2024-03-08 00:00:00+00:00,27.45,28.87,25.03,28.06,28916172,,,,27.884949115958527,24.411413822621952,"rgba(38, 166, 154, 1.0)",0.0,0.0,4.668268552609104,26.477905405986395,0.20823450558993642,64.96822827045546,20.160095496582173,True,False,True,False,False,4.237787063736285,19.3006,,0.0,0.0,0.0,0.0,0,1.1293857258634008,0.8040256496537865,False,False,False,False,0.24217243980582195,0.2717403770590468,False,False,False,False,444842333,373690819.2155392,False,False,False,False,28850949.6414231,False,False,False,False
2024-03-15 00:00:00+00:00,22.09,28.28,21.82,26.82,72602894,,,,26.301169007738622,24.132068355879376,"rgba(38, 166, 154, 1.0)",0.0,0.0,4.5909513744454244,25.775268585238305,-0.8027243777295454,60.06014064776075,15.385945179415927,True,False,True,False,False,0.0,19.4152,,0.0,0.0,0.0,0.0,0,1.0739209942921024,0.8263987705617849,False,False,False,False,0.14197574759894907,0.20685806232899795,False,False,False,False,372239439,373583309.5699437,False,False,False,False,32091834.40872509,False,False,False,False
2024-03-22 00:00:00+00:00,22.78,23.99,22.22,22.4,30695621,,,,25.80849547677778,24.002380804386345,"rgba(38, 166, 154, 1.0)",0.0,0.0,4.611541760128083,25.50202516395154,-0.5902635833175098,57.020591181128715,12.531951127978452,True,False,True,False,False,0.0,19.5378,,0.0,0.0,0.0,0.0,0,1.0941764534178717,0.8756028527405566,False,False,False,False,0.04225140572916967,0.1245547340290838,False,False,False,False,402935060,375757513.3055035,False,False,False,False,31988411.19326397,False,False,False,False
2024-03-29 00:00:00+00:00,23.31,23.45,22.05,22.78,18048744,,,,25.57702941410745,23.93702576679985,"rgba(38, 166, 154, 1.0)",0.0,0.0,4.62058418365016,25.36476583906048,-0.44469827999914574,55.211867526545404,10.878092913843972,True,False,True,False,False,0.0,19.6466,,0.0,0.0,0.0,0.0,0,1.0939297618162762,0.8823874045217451,False,False,False,False,0.024197522420381746,0.07437612822473277,False,False,False,False,420983804,379107608.91250324,False,False,False,False,30955843.253022194,False,False,False,False
2024-04-05 00:00:00+00:00,22.6,23.35,21.72,23.33,21465011,,,,25.312837767750207,23.85378019375466,"rgba(38, 166, 154, 1.0)",0.0,0.0,4.609428363456542,25.200171114696033,-0.5640983891430308,53.416751114461206,9.211181011712725,False,False,False,False,False,0.0,19.727,,0.0,0.0,0.0,0.0,0,1.0795856621251905,0.8871027777496158,False,False,False,False,0.013271894506944755,0.043824011365838765,False,False,False,False,399518793,380619548.47454005,False,False,False,False,30252818.641687214,False,False,False,False
2024-04-12 00:00:00+00:00,21.72,23.11,21.52,22.9,17730667,,,,25.097466970378587,23.778664341373076,"rgba(38, 166, 154, 1.0)",0.0,0.0,4.624885260811936,25.06019325890226,-0.7222218650924677,51.517990047420696,7.4238770513141645,False,False,False,False,False,0.0,19.839999999999996,,0.0,0.0,0.0,0.0,0,1.076344053340975,0.8958681585235423,False,False,False,False,0.0020954401876108635,0.022959725776724813,False,False,False,False,381788126,380706109.77272224,False,False,False,False,29325251.85341409,False,False,False,False
2024-04-19 00:00:00+00:00,20.05,21.75,19.9317,21.7,22462031,,,,24.741945573434844,23.53144829925796,"rgba(239, 83, 80, 1.0)",0.0,0.0,4.628187402280773,23.989950858001972,-0.8512945815591568,49.06204160193204,5.095293149275072,False,False,False,False,False,0.0,19.9032,,0.0,0.0,0.0,0.0,0,1.0591067905713545,0.9203740452899029,False,False,False,False,-0.07291818910994037,-0.02497923166660778,False,False,False,False,359326095,379122404.9747428,False,False,False,False,28816865.123531565,False,False,False,False
2024-04-26 00:00:00+00:00,21.56,21.78,19.99,20.5,14921597,,,,24.561605478166523,23.48374457066881,"rgba(239, 83, 80, 1.0)",0.0,0.0,4.6373875373070765,23.931134198501262,-0.5113081836326703,48.51191816175336,4.5784985078825,False,True,False,False,False,0.0,19.983,,0.0,0.0,0.0,0.0,0,1.0669009168334342,0.904084446409457,False,False,False,False,-0.07066385382845589,-0.04782154274753184,False,False,False,False,374247692,378761315.1247619,False,False,False,False,27787586.003269967,False,False,False,False
2024-05-03 00:00:00+00:00,21.25,22.21,21.07,21.77,14394764,,,,24.42211311069364,23.450398556598813,"rgba(239, 83, 80, 1.0)",0.0,0.0,4.641126987242596,23.891662685589683,-0.5691856079032127,47.90373741650181,3.9343046907992516,False,True,False,False,False,0.0,20.033,,0.0,0.0,0.0,0.0,0,1.084497702422024,0.8924973051294561,False,False,False,False,-0.03423938222193971,-0.04103046248473577,False,False,False,False,359852928,377360693.85626096,False,False,False,False,26795525.114138857,False,False,False,False
2024-05-10 00:00:00+00:00,21.11,21.775,20.69,21.21,14385143,,,,24.280990957868223,23.394436903259443,"rgba(239, 83, 80, 1.0)",0.0,0.0,4.629045110023282,23.811298587284753,-0.5835541722061912,47.3676272761077,3.3057129519258908,False,True,False,False,False,0.0,20.0422,,0.0,0.0,0.0,0.0,0,1.0785008900194453,0.8995423596383526,False,False,False,False,-0.08217203001998348,-0.061601246252359625,False,False,False,False,345467785,374998256.1632046,False,False,False,False,25876237.55012857,False,False,False,False
2024-05-17 00:00:00+00:00,21.89,22.525,21.2,21.34,16227066,,,,24.167838783111986,23.365696489093345,"rgba(239, 83, 80, 1.0)",0.0,0.0,4.627991789102465,23.775549178863756,-0.4074227580316065,47.66013834523774,3.3057129519258908,False,True,False,False,False,0.0,20.211199999999998,,0.0,0.0,0.0,0.0,0,1.0802373296539884,0.9050860185894322,False,False,False,False,-0.06984593458656585,-0.06572359041946274,False,False,False,False,361694851,374012818.74370795,False,False,False,False,25161484.1019709,False,False,False,False
2024-05-24 00:00:00+00:00,21.62,22.835,21.51,21.97,13532706,,,,24.085693013064386,23.344542560259256,"rgba(239, 83, 80, 1.0)",0.0,0.0,4.606083619117888,23.021244983026317,-0.3042161408469326,47.648060816265016,3.2357381947665047,False,True,False,False,False,0.0,20.3526,,0.0,0.0,0.0,0.0,0,1.0654644782756018,0.9014689010290035,False,False,False,False,-0.09260621088673726,-0.0791649006531,False,False,False,False,348162145,372097954.0219518,False,False,False,False,24300093.13145454,False,False,False,False
2024-05-31 00:00:00+00:00,16.83,21.67,14.33,21.67,49011787,,17.61,,23.307909578028053,21.779509162919197,"rgba(239, 83, 80, 1.0)",0.0,0.0,4.56617578870253,19.883556484280618,-0.6687338870824072,44.46891869750804,-0.012133189200376648,False,True,False,True,False,0.0,20.3674,,1.0,21.67,14.33,0.0,0,0.9574799160454511,0.9505208188352141,False,False,False,False,-0.34282825441539394,-0.21099657753424697,False,False,False,False,299150358,366694428.3906961,True,False,False,False,26130588.97356902,False,False,False,False
2024-06-07 00:00:00+00:00,17.18,17.73,16.61,16.97,32297680,,17.43654762370209,,22.857977927696748,21.430337967622386,"rgba(239, 83, 80, 1.0)",0.0,0.0,4.543042299311462,19.478417809506993,-0.5059204070926963,42.52306550481123,-1.9904269433680923,False,True,False,True,False,0.0,20.401999999999997,,0.0,0.0,0.0,0.0,0,0.9540935702691108,1.074970034101414,False,False,False,False,-0.34282825441539394,-0.27691241597482047,False,False,False,False,331448038,364083584.65805197,False,False,False,False,26587410.53108243,False,False,False,False
2024-06-14 00:00:00+00:00,18.46,18.725,17.04,17.09,24994685,,17.586663265780377,,22.60108003269477,21.304775192152213,"rgba(239, 83, 80, 1.0)",0.0,0.0,4.495378219163898,19.40609254293983,-0.2104589417875044,42.301644368423325,-2.3103030967331506,False,True,False,True,False,0.0,20.4692,,0.0,0.0,0.0,0.0,0,0.89245974287433,1.1017197130687917,False,False,False,False,-0.29797809801405645,-0.28744525699443846,False,False,False,False,356442723,363517594.9056037,False,False,False,False,26469430.86211336,False,False,False,False
2024-06-21 00:00:00+00:00,18.33,18.595,17.71,18.38,20135164,,17.68619358890711,,22.419034448293722,21.21801270145062,"rgba(239, 83, 80, 1.0)",0.0,0.0,4.462913349771359,19.364229846577963,-0.23173872435389092,42.05894191040543,-2.6993007073082467,False,True,False,True,False,0.0,20.55,,0.0,0.0,0.0,0.0,0,0.8664512704388619,1.1171332050774598,False,False,False,False,-0.281290599271296,-0.28436792813286726,False,False,False,False,336307559,361502036.6903738,False,False,False,False,26000225.909364223,False,False,False,False
2024-06-28 00:00:00+00:00,21.05,21.28,18.15,18.23,25711343,,18.10423242994301,,22.305414529159343,21.260059325763713,"rgba(239, 83, 80, 1.0)",0.0,0.0,4.435266253421387,19.54376183338198,0.33960490319067144,44.179114791037435,-2.6993007073082467,False,True,False,True,False,0.0,20.681800000000003,,0.0,0.0,0.0,0.0,0,0.8603252868874266,1.07279343514068,False,False,False,False,-0.18736028159203122,-0.23586410486244924,False,False,False,False,362018902,361540323.00960535,False,False,False,False,25978827.175337244,False,False,False,False
2024-07-05 00:00:00+00:00,20.35,21.16,19.9,21.09,13585482,,18.298155689802144,,22.25790013791317,21.283724929797113,"rgba(239, 83, 80, 1.0)",0.0,0.0,4.411253226354942,19.633791313599975,0.16235945878623617,45.178537069239155,-2.6993007073082467,False,True,False,True,True,0.0,20.79,,0.0,0.0,0.0,0.0,0,0.9353513607146613,1.0702937955865703,False,False,False,False,-0.13972992485434665,-0.18779701485839795,False,False,False,False,348433420,360569441.30519015,False,False,False,False,25060801.606793743,False,False,False,False
2024-07-12 00:00:00+00:00,20.34,20.73,19.45,20.22,22558547,,18.522810370474534,,22.171986044234828,21.293183623809945,"rgba(239, 83, 80, 1.0)",0.0,0.0,4.394184723858027,19.728387977844086,0.13918668890617952,45.88481904891548,-2.6993007073082467,False,True,False,True,True,0.0,20.887199999999996,,0.0,0.0,0.0,0.0,0,0.9324390606656098,1.0630516026340855,False,False,False,False,-0.16535276900500884,-0.1765748919317034,False,False,False,False,325874873,357999473.2825835,False,False,False,False,24875449.41369791,False,False,False,False
2024-07-19 00:00:00+00:00,21.72,22.49,20.0601,20.96,38812908,,19.01851824927629,,22.122415768247027,21.39948219575033,"rgba(239, 83, 80, 1.0)",0.0,0.0,4.3779370558363135,20.006378819329985,0.39142206907373234,47.52788269184426,-7.374593681098375,False,True,False,False,True,0.0,21.0082,,0.0,0.0,0.0,0.0,0,0.9337458010503465,1.0323812308325906,False,False,False,False,-0.09673744771348679,-0.1366561698225951,False,False,False,False,364687781,358494903.4838736,False,False,False,False,25907853.75342399,False,False,False,False
2024-07-26 00:00:00+00:00,23.04,24.795,22.19,22.87,61926033,,19.944761442794835,,22.238917914104242,21.83751532702611,"rgba(239, 83, 80, 1.0)",0.0,0.0,4.380116403899739,20.901902898768018,0.4881370502684299,49.70152174694753,-5.190203845257521,False,True,False,False,True,0.1298950123163536,21.1666,,0.0,0.0,0.0,0.0,1,0.9370814232119462,1.0321636008207586,False,False,False,False,0.02973720762791795,-0.05345948109733857,False,False,False,False,426613814,363540748.7072904,False,False,False,False,28575867.03094814,False,False,False,False
2024-08-02 00:00:00+00:00,21.12,23.4,19.94,23.26,23822379,,20.06216961040514,,22.2122469814972,21.791954376199477,"rgba(239, 83, 80, 1.0)",0.0,0.0,4.359364053959571,20.84639153503317,0.06276338970091624,49.65752235309724,-5.151945177078574,False,True,False,False,True,0.0,21.299400000000002,,0.0,0.0,0.0,0.0,1,0.8894935917041809,1.0692855199718432,False,False,False,False,-0.07410084989367861,-0.06378016549550859,False,False,False,False,402791435,366448206.9511948,False,False,False,False,28223756.806433465,False,False,False,False
2024-08-09 00:00:00+00:00,21.79,21.895,18.8,18.8,20084891,,20.10838896918439,,22.172079296062986,21.510680435086115,"rgba(239, 83, 80, 1.0)",0.0,0.0,4.352257970461001,20.891420132356213,0.2064629150529435,50.152389981287115,-4.546013863405207,False,True,False,False,True,0.0,21.4038,,0.0,0.0,0.0,0.0,1,0.8689377912062686,1.1178923956000322,False,False,False,False,-0.150333585552242,-0.1070568755238753,False,False,False,False,422876326,370628067.6214767,False,False,False,False,27620877.857808765,False,False,False,False
2024-08-16 00:00:00+00:00,23.17,23.43,21.05,21.83,16871569,,20.226148662579785,,22.181074125318865,21.648503466780213,"rgba(239, 83, 80, 1.0)",0.0,0.0,4.320333758378357,21.14838300879557,0.4679307443050994,51.54146398943621,-3.0744591458051502,False,False,False,False,True,0.3526431054914667,21.523000000000003,,0.0,0.0,0.0,0.0,1,0.897412570061648,1.105132234401939,False,False,False,False,-0.023575798359793575,-0.06531633694183443,False,False,False,False,439747895,375748054.83470064,False,False,False,False,26824632.757230338,False,False,False,False
2024-08-23 00:00:00+00:00,25.26,25.53,23.01,23.17,22616620,,20.49176092763177,,22.255864745434835,21.941112240572902,"rgba(38, 166, 154, 1.0)",0.0,0.0,4.332716797443231,21.644487133646592,0.8344678490149531,53.92094184798041,-0.6898358904885455,False,False,False,False,True,2.8120604642480664,21.6894,,0.0,0.0,0.0,0.0,0,0.9506642358184183,1.0534198506204544,False,False,False,False,0.09944742148861288,0.017065542273389224,False,False,False,False,462364515,382164088.9210191,False,False,False,False,26512928.10854661,False,False,False,False
2024-08-30 00:00:00+00:00,23.56,26.62,23.2,25.37,42637641,,20.899397437976614,,22.377266177902612,22.40579988131477,"rgba(38, 166, 154, 1.0)",0.0,0.0,4.310309313538678,22.99837214340828,0.1302987362943182,54.149887268172,-0.39742807639623123,False,False,True,False,True,0.7408485991302811,21.8246,,0.0,0.0,0.0,0.0,0,0.9279691131557212,1.029772766562302,False,False,False,False,0.19475688013199358,0.1059112112026914,False,False,False,False,419726874,384946517.4453881,False,False,False,False,27707351.285691306,False,False,False,False
2024-09-06 00:00:00+00:00,22.01,23.81,21.935,23.27,16995398,,20.965701528571916,,22.381728895324386,22.339605586784636,"rgba(38, 166, 154, 1.0)",0.0,0.0,4.2958401290567485,22.837924026500403,-0.19272691758251984,53.10199386174538,-0.39742807639623123,False,False,False,False,True,0.0,21.948800000000002,,0.0,0.0,0.0,0.0,0,0.9374464948552428,1.0722216162437488,False,False,False,False,0.1487071020405495,0.12730915662162046,False,False,False,False,402731476,386263921.78276676,False,False,False,False,26913873.264528986,False,False,False,False
2024-09-13 00:00:00+00:00,22.68,22.88,21.06,22.35,20375997,22.20666666666667,21.02158961710736,,22.377333195172497,22.270397402764793,"rgba(38, 166, 154, 1.0)",0.0,0.0,4.287992566720719,22.680478669244884,-0.00011163014800901726,52.84360305665909,-0.39742807639623123,False,False,False,False,True,0.0,22.0652,,1.0,22.88,21.06,164.0,0,0.9740460584017383,1.0843055620191808,False,False,False,False,0.07946919074591195,0.10338917368376621,False,False,False,False,423107473,388993073.724784,False,False,False,False,26429586.133823138,False,False,False,False
2024-09-20 00:00:00+00:00,24.4,25.54,22.55,22.63,33043899,23.417000279259252,21.235429588773737,,22.447213630580837,22.425094904149,"rgba(38, 166, 154, 1.0)",0.0,0.0,4.307968179761514,22.866638002068658,0.3559362404613272,53.847179464003645,-0.39742807639623123,False,False,False,False,True,1.7370869803105293,22.215,,0.0,0.0,0.0,0.0,0,0.9959619510448011,0.9629552900196986,False,False,False,False,0.2620803284757446,0.1827347510797554,False,False,False,False,456151372,393967762.48591113,False,False,False,False,26919535.235021427,False,False,False,False
2024-09-27 00:00:00+00:00,24.08,24.7,23.52,24.52,13026004,23.550895028135674,21.31028075187229,,22.472318812873553,22.473603495153235,"rgba(38, 166, 154, 1.0)",0.0,0.0,4.326693879618459,22.92000181316915,0.268102671255573,54.28956045054888,0.11517437500995698,False,False,True,False,True,1.3474108648350338,22.366600000000002,,0.0,0.0,0.0,0.0,0,1.0160385771843305,0.9680990937322649,False,False,False,False,0.26802156339043487,0.22537815723509513,False,False,False,False,443125368,397609066.59806585,False,False,False,False,25890384.77316799,False,False,False,False
2024-10-04 00:00:00+00:00,24.15,24.1801,22.85,23.93,14204347,23.58185829133171,21.37722600078467,,22.492757437489562,22.50681717777115,"rgba(38, 166, 154, 1.0)",0.0,0.0,4.321067602482646,22.948465922743818,0.27806417019855134,54.65625705002346,0.6143052067456907,False,False,True,False,True,1.4308013479556294,22.53,,0.0,0.0,0.0,0.0,0,1.0100995246136046,0.9753695628677689,False,False,False,False,0.21427084572150884,0.219824501478302,False,False,False,False,457329715,402032818.3315425,False,False,False,False,25024752.345525917,False,False,False,False
2024-10-11 00:00:00+00:00,25.71,26.215,23.08,24.07,18263424,23.844011764105897,21.501892128493648,,22.544240403494282,22.609509748819463,"rgba(38, 166, 154, 1.0)",0.0,0.0,4.344574489578399,23.075367215319133,0.6064190615216116,56.019557297834666,2.06760042888088,False,False,True,False,True,3.2774516696888796,22.737799999999996,,0.0,0.0,0.0,0.0,0,1.0172463450683213,0.936792145324602,False,False,False,False,0.31791039710263835,0.2688674492904702,False,False,False,False,475593139,407481730.97365046,False,False,False,False,24523913.208820295,False,False,False,False
2024-10-18 00:00:00+00:00,26.36,27.12,24.65,27.12,27873414,24.327520006433623,21.728403087337327,,22.650495477700638,22.81673355593646,"rgba(38, 166, 154, 1.0)",0.0,0.0,4.382742166828984,23.339615611985284,0.6891540211684489,57.42562144186078,3.5274221683247617,True,False,True,False,True,4.034801866710339,22.9428,,0.0,0.0,0.0,0.0,0,1.0709183934510105,0.8988658650976378,False,False,False,False,0.342828245916741,0.3058478476036056,False,False,False,False,503466553,414591717.7904171,False,False,False,False,24772024.37853731,False,False,False,False
2024-10-25 00:00:00+00:00,26.26,27.25,24.85,26.41,18305199,24.55366368603654,21.86768826628067,,22.71833304761759,22.938874747416747,"rgba(38, 166, 154, 1.0)",0.0,0.0,4.424994133451591,23.48988594968083,0.6260153046029969,58.32357996796394,4.478341110172394,True,False,True,False,True,3.9040040060349455,23.1544,,0.0,0.0,0.0,0.0,0,1.0725799645539709,0.8982192590091992,False,False,False,False,0.3428282460746551,0.32433804683913037,False,False,False,False,485161354,419819098.2503862,False,False,False,False,24293000.276423436,False,False,False,False
2024-11-01 00:00:00+00:00,26.01,27.39,25.68,26.56,13377869,24.706152530911613,21.96945672147987,,22.769637331294046,23.02808529555716,"rgba(38, 166, 154, 1.0)",0.0,0.0,4.466907441406192,23.59852782580882,0.5398527293934807,58.686351445697255,4.921903198174519,True,False,True,False,True,3.5722886259850064,23.331000000000003,,0.0,0.0,0.0,0.0,0,1.0677087687035023,0.9040374488004681,False,False,False,False,0.34282824650661015,0.33358314667287026,False,False,False,False,471783485,423668312.0836909,False,False,False,False,23484472.033725403,False,False,False,False
2024-11-08 00:00:00+00:00,27.57,27.99,25.32,25.9,17100857,24.925680363374916,22.109907532605206,,22.843765697314726,23.155495855601192,"rgba(38, 166, 154, 1.0)",0.0,0.0,4.45053677094679,23.755050161704922,0.8571887020907595,60.067435989148294,6.34813449551018,True,False,True,False,True,5.4344583062365786,23.524,,0.0,0.0,0.0,0.0,0,1.06628664495114,0.889657980456026,False,False,False,False,0.34282824660666855,0.3382056966397694,False,False,False,False,488884342,428499129.1145286,False,False,False,False,23011611.660856858,False,False,False,False
2024-11-15 00:00:00+00:00,26.11,28.42,25.95,27.9,20450965,25.12401019019203,22.263489315135537,,22.926281334917274,23.2894266595462,"rgba(38, 166, 154, 1.0)",0.0,0.0,4.424890971324383,23.914402449213704,0.49619246327534866,59.44237931163647,6.34813449551018,True,False,True,False,True,3.480494878308871,23.6496,,0.0,0.0,0.0,0.0,0,1.0685293411256105,0.898086622368105,False,False,False,False,0.3428282470199112,0.3405169718298403,False,False,False,False,468433377,431457221.5504895,False,False,False,False,22821934.130423017,False,False,False,False
2024-11-22 00:00:00+00:00,28.54,28.7795,25.82,26.2,13666389,25.292757844636853,22.379542846305355,,22.991648312802493,23.395855663823657,"rgba(38, 166, 154, 1.0)",0.0,0.0,4.466383760033596,24.043484730474212,1.0067462876257558,60.641036870716206,7.016667246555784,True,False,True,False,True,6.314287337567713,23.7404,,0.0,0.0,0.0,0.0,0,1.059916210923786,0.899913402351399,False,False,False,False,0.34282824710368737,0.3416726094667638,False,False,False,False,482099766,435208521.1393421,False,False,False,False,22143745.602243535,False,True,False,False
2024-11-29 00:00:00+00:00,27.95,29.29,27.245,29.0,14615964,25.479699703654706,22.50829914236248,,23.06606571051848,24.104181512831573,"rgba(38, 166, 154, 1.0)",0.0,0.0,4.478283748640017,25.601437608252997,0.5244335829457486,60.87283148514102,7.320311982056083,True,False,True,False,True,5.523813435720438,23.772199999999998,,0.0,0.0,0.0,0.0,1,1.2116694588779562,0.8624020954340965,False,False,False,False,0.3428282477412998,0.34225042860403176,False,False,False,False,467483802,437599282.68457603,False,False,False,False,21586132.150225494,False,False,False,False
2024-12-06 00:00:00+00:00,25.78,29.06,24.48,27.25,57132398,25.674643197739826,22.823124453252625,,23.245787677607517,24.15732524005744,"rgba(38, 166, 154, 1.0)",0.0,0.0,4.442709282157197,25.43456603437648,0.07775299793098144,58.94558854151766,7.320311982056083,True,False,True,False,True,2.689394384818865,23.735,,0.0,0.0,0.0,0.0,1,1.118866909219414,0.8104554690825562,False,False,False,False,0.2392942991795608,0.2907723638917963,False,False,False,False,410351404,435580921.30053335,False,False,False,False,24219188.879838422,False,False,False,False
2024-12-13 00:00:00+00:00,23.91,25.91,23.03,25.85,29000070,25.544671222834253,22.880156400943356,,23.273102706689482,24.073087235574484,"rgba(38, 166, 154, 1.0)",0.0,0.0,4.3667170466800025,25.216674445460274,-0.29923497022866036,56.035744983089586,9.682924470057102,False,False,True,False,False,0.3569107378394669,23.6644,,0.0,0.0,0.0,0.0,1,1.0869983214997754,0.879352871181018,False,False,False,False,0.08240051927481037,0.18658644158330334,False,False,False,False,381351334,431563914.8338272,False,False,False,False,24573328.222072612,False,False,False,False
2024-12-20 00:00:00+00:00,22.43,24.215,21.55,23.87,32775554,25.276039331432568,22.8738788393202,,23.257458299307597,23.842403037015004,"rgba(38, 166, 154, 1.0)",0.0,0.0,4.283368010516195,24.458442777650063,-0.47356257334648505,52.87686603318342,6.716205319611589,False,False,False,False,False,0.0,23.6396,,0.0,0.0,0.0,0.0,1,1.051663741098736,0.9066373343349251,False,False,False,False,-0.08577242666381775,0.050407007459742796,False,False,False,False,348575780,425416645.586877,False,False,False,False,25180900.501919083,False,False,False,False
2024-12-27 00:00:00+00:00,22.45,22.99,22.05,22.52,10296096,25.19508882487464,22.868934900639836,,23.250614835284594,23.790451536489197,"rgba(38, 166, 154, 1.0)",0.0,0.0,4.206860334486258,24.366641367306144,-0.4555990013726484,50.63815528716985,4.687056737632254,False,True,False,False,False,0.0,23.582000000000004,,0.0,0.0,0.0,0.0,1,1.0544103300311711,0.9654185074437457,False,False,False,False,-0.1346850245047539,-0.042139008522505544,False,False,False,False,358871876,420487403.39525646,False,False,False,False,24078322.390665818,False,False,False,False
2025-01-03 00:00:00+00:00,22.81,22.88,21.75,22.11,13114570,25.097966656063406,22.86254851167969,,23.241885494695623,23.73299471047421,"rgba(38, 166, 154, 1.0)",0.0,0.0,4.139229910533143,24.266850698673355,-0.3519617731226026,49.371536910445734,3.586888500060475,False,True,False,False,False,0.0,23.5414,,0.0,0.0,0.0,0.0,1,1.0219362735357933,0.965188087649719,False,False,False,False,-0.15157206649183652,-0.09685553750717103,False,False,False,False,371986446,416894739.8844967,False,False,False,False,23266192.583949834,False,False,False,False
2025-01-10 00:00:00+00:00,22.42,23.18,22.02,22.85,16202493,24.989704704169544,22.85613524711195,,23.232198204089705,23.675792306943997,"rgba(38, 166, 154, 1.0)",0.0,0.0,4.071617638997817,24.168997861513592,-0.42955847444066153,48.15016286198502,2.493881864075732,False,True,False,False,False,0.0,23.462999999999997,,0.0,0.0,0.0,0.0,0,1.0334450823784234,0.9534954092642878,False,False,False,False,-0.1432638292361044,-0.12005968337163772,False,False,False,False,355783953,412368014.93008953,False,False,False,False,22742955.57773133,False,False,False,False
2025-01-17 00:00:00+00:00,22.33,22.6,21.63,22.17,19295572,24.855202374331792,22.840649705001013,,23.2152911197083,23.595419153462384,"rgba(38, 166, 154, 1.0)",0.0,0.0,3.9880560732320713,24.03558167848329,-0.42767244170191004,47.2017894707856,1.6277833334767848,False,True,False,False,False,0.0,23.358600000000003,,0.0,0.0,0.0,0.0,0,1.017934243823537,0.9905429026114633,False,False,False,False,-0.18478313040455652,-0.15242140688809713,False,False,False,False,336488381,406747301.3056385,False,False,False,False,22487593.831232715,False,False,False,False
2025-01-24 00:00:00+00:00,23.16,23.82,22.15,22.59,16251921,24.784819361145264,22.844523014326235,,23.21298051697806,23.577300863280016,"rgba(38, 166, 154, 1.0)",0.0,0.0,3.8847440255625734,24.003810857710825,-0.21721144357474806,47.39206919722655,1.6277833334767848,False,True,False,False,False,0.0,23.2278,,0.0,0.0,0.0,0.0,0,0.9993324945014235,1.0162704465278034,False,False,False,False,-0.11065780853692628,-0.13153960771251172,False,False,False,False,352740302,402746782.8385542,False,False,False,False,22025692.14003029,False,False,False,False
2025-01-31 00:00:00+00:00,23.95,24.58,22.4,22.53,19550200,24.73386001475985,22.862473778526596,,23.219826105101603,23.58651815632656,"rgba(38, 166, 154, 1.0)",0.0,0.0,3.829564343768496,24.012960640193416,-0.016440679550368965,48.31969363628281,1.6277833334767848,False,True,False,False,False,0.5792131201042778,23.1164,,0.0,0.0,0.0,0.0,0,1.0419475961981153,0.9798787953196031,False,False,False,False,-0.06823068749734594,-0.09988514760492884,False,False,False,False,372290502,400490762.03569835,False,False,False,False,21842322.3518799,False,False,False,False
2025-02-07 00:00:00+00:00,23.94,24.4,23.12,23.29,15573149,24.702477891963017,22.87931252931366,,23.22733576160938,23.597790336272794,"rgba(38, 166, 154, 1.0)",0.0,0.0,3.7838561673900166,24.025048872356276,-0.02247677200027896,48.971860158351824,1.6277833334767848,False,True,False,False,False,0.56587019145989,23.0508,,0.0,0.0,0.0,0.0,0,1.0760167236792095,0.9559208581443474,False,False,False,False,-0.14337618655308992,-0.12163066707900938,False,False,False,False,356717353,397248287.2923133,False,False,False,False,21377939.140629537,False,False,False,False
2025-02-14 00:00:00+00:00,24.8,25.24,23.53,24.22,15613388,24.696515420350433,22.907796257736255,24.52333333333333,23.243392362984682,23.85323002385755,"rgba(38, 166, 154, 1.0)",0.0,0.0,3.7353911092064656,24.09615446443178,0.18842619554174153,50.31619246831838,1.6277833334767848,False,True,False,False,True,1.7014471538706673,22.9888,,-1.0,25.24,23.53,0.0,0,1.0441598586884522,0.9677704257152828,False,False,False,False,-0.0770516904334029,-0.09934117875620614,False,False,False,False,372330741,395402543.1225123,False,False,False,False,20950935.352434754,False,False,False,False
2025-02-21 00:00:00+00:00,22.12,24.97,21.92,24.97,21405824,24.62262590391395,22.910012927235066,23.644415314224766,23.239382888789425,23.713203593357676,"rgba(38, 166, 154, 1.0)",0.0,0.0,3.673026206483352,23.836714591178684,-0.467384247939333,48.637562065104014,1.6277833334767848,False,True,False,False,True,0.0,22.8822,,0.0,0.0,0.0,0.0,0,0.9807724873698174,1.0098783551127544,False,False,False,False,-0.17724800796236892,-0.13829459335928754,False,False,False,False,350924917,392107904.1504743,False,False,False,False,20984630.80780996,False,False,False,False
2025-02-28 00:00:00+00:00,20.63,22.165,20.05,22.13,22829290,24.45922406955557,22.862643113722303,22.615991287746294,23.199287313670716,23.4675767156344,"rgba(239, 83, 80, 1.0)",0.0,0.0,3.5916980701371597,23.42546737352885,-0.7783135772941231,46.258083545545674,0.6639959802337358,False,True,False,False,False,0.0,22.852999999999998,,0.0,0.0,0.0,0.0,0,0.9431249842013845,1.0804375223437563,False,False,False,False,-0.34282825441539394,-0.24056142388734075,False,False,False,False,328095627,387366253.99117994,False,False,False,False,21121272.229453668,False,False,False,False
2025-03-07 00:00:00+00:00,19.84,21.03,19.03,20.93,25625136,24.245627029300262,22.7862194928288,21.82171944777484,23.13700828928143,23.209283443363063,"rgba(239, 83, 80, 1.0)",0.0,0.0,3.541531877032311,23.023824212601294,-0.8989963448442079,43.98072521507762,-1.5090355377743023,False,True,False,True,False,0.0,22.7942,,0.0,0.0,0.0,0.0,0,0.9476667099024314,1.0500814273567094,False,False,False,False,-0.34282825441539394,-0.29169483915136735,False,False,False,False,302470491,381077678.95479625,False,False,False,False,21454891.768012658,False,False,False,False
2025-03-14 00:00:00+00:00,18.51,19.61,17.53,19.52,70424310,23.587415089651284,22.499762155447105,20.343774499948303,22.906351423494506,22.527394133330212,"rgba(239, 83, 80, 1.0)",0.0,0.0,3.5101736976091877,22.052280354668312,-1.0091467431030525,41.446340123667866,-3.895418716944569,False,True,False,True,False,0.0,22.6982,,0.0,0.0,0.0,0.0,0,0.9328566632618803,1.0542861020435859,False,False,False,False,-0.34282825441539394,-0.31726154678338064,False,False,False,False,232046181,370038308.73592246,False,False,False,False,25082256.081493203,False,False,False,False
2025-03-21 00:00:00+00:00,19.27,19.9,18.405,18.49,30330758,23.37900308485712,22.4061455819249,20.156132623291708,22.82760798233193,22.35767115968732,"rgba(239, 83, 80, 1.0)",0.0,0.0,3.4567919669402545,21.841227016049096,-0.7438188472547838,40.5323932753946,-4.7188551510099686,False,True,False,True,False,0.0,22.631600000000002,,0.0,0.0,0.0,0.0,0,0.9197315455943168,1.0992576773336562,False,False,False,False,-0.2989547365285388,-0.30810814165595973,False,False,False,False,262376939,362063392.45918745,False,False,False,False,25471034.001382593,False,False,False,False
2025-03-28 00:00:00+00:00,18.84,20.345,18.54,19.73,17395220,23.269479943162267,22.355606015077214,20.07801146724444,22.78453606240531,22.27210190049027,"rgba(239, 83, 80, 1.0)",0.0,0.0,3.394966995553988,21.73888035830719,-0.8538758586176334,39.56842528879463,-5.635008345802284,False,True,False,True,False,0.0,22.574,,0.0,0.0,0.0,0.0,0,0.9054954144416067,1.0748236881820292,False,False,False,False,-0.27753131092438615,-0.29281972629017294,False,False,False,False,244981719,353390675.9066551,False,False,False,False,24872825.556835733,False,False,False,False
2025-04-04 00:00:00+00:00,16.91,19.0,16.1145,18.15,27207489,23.033795440634265,22.233407457829934,19.755466090812785,22.68416522416253,22.05533880060406,"rgba(239, 83, 80, 1.0)",0.0,0.0,3.3516223958979414,21.46140398507282,-1.3579703938735146,37.601252204978294,-7.532939801079095,False,True,False,True,False,0.0,22.511200000000002,,0.0,0.0,0.0,0.0,0,0.8771191673282173,1.0873264532063156,False,False,False,False,-0.34282825441539394,-0.3178239903527834,False,False,False,False,217774230,343345013.2469028,False,False,False,False,25045763.589662716,False,False,False,False
2025-04-11 00:00:00+00:00,17.58,18.98,15.36,15.73,32470211,22.774362398575192,22.09416307770532,19.453481499199576,22.568370339641397,21.226833185437666,"rgba(239, 83, 80, 1.0)",0.0,0.0,3.315298891312623,19.787791389063685,-0.665940375647264,37.020754422828674,-8.104706738822195,False,True,False,True,False,0.0,22.4316,,0.0,0.0,0.0,0.0,0,0.8609410529998252,1.1225292985831732,True,False,False,False,-0.34282825441539394,-0.33032612238408865,False,False,False,False,250244441,336448674.5619471,False,False,False,False,25595722.657095104,False,False,False,False
2025-04-18 00:00:00+00:00,16.82,18.15,16.56,18.11,15984418,22.65225806169952,22.02668341268309,19.323172231072284,22.51181581535351,21.123129998989015,"rgba(239, 83, 80, 1.0)",0.0,0.0,3.2839817350338607,19.6767459075575,-0.8699031048441699,36.10278197628167,-9.041957683799119,False,True,False,True,False,0.0,22.342999999999996,,0.0,0.0,0.0,0.0,0,0.8521939953810622,1.1552673654290284,False,False,False,False,-0.33053066462582803,-0.33042839350495834,False,False,False,False,234260023,328879144.81661767,False,False,False,False,24883774.16397695,True,False,False,False
2025-04-25 00:00:00+00:00,18.42,18.49,15.945,16.5,19890781,22.519227288802124,21.952670655759547,19.20982596116917,22.44876620642101,21.03438862715176,"rgba(239, 83, 80, 1.0)",0.0,0.0,3.257476096999407,19.605100623059727,-0.3638094609969261,37.3475457593859,-9.041957683799119,False,True,False,True,False,0.0,22.2892,,0.0,0.0,0.0,0.0,0,0.8381323646673162,1.1511473376450783,False,False,False,False,-0.3396613621460741,-0.33504487782551623,False,False,False,False,254150804,323343712.1635349,False,False,False,False,24513922.818497177,False,False,False,False
2025-05-02 00:00:00+00:00,18.88,19.14,18.01,18.46,15913271,22.439668627895934,21.90925084049934,19.182899350503543,22.410280331888863,21.012735776841183,"rgba(239, 83, 80, 1.0)",0.0,0.0,3.2391516796228568,19.625554226324677,-0.2301695937905215,38.7474338802317,-9.041957683799119,False,True,False,True,False,0.0,22.228999999999996,,0.0,0.0,0.0,0.0,0,0.8585623489392175,1.1435860710768955,False,False,False,False,-0.2516197438189423,-0.29333231082222927,False,False,False,False,270064075,319397072.3736434,False,False,False,False,23876837.498608496,False,False,False,False
2025-05-09 00:00:00+00:00,19.15,19.6,18.49,18.77,16430002,22.36935244236124,21.871057253097053,19.177799700302028,22.375564609797937,21.000011442385695,"rgba(239, 83, 80, 1.0)",0.0,0.0,3.24906607787197,19.656857914656506,-0.15600111001389116,40.053150209095975,-9.041957683799119,False,True,False,True,True,0.0,22.1796,,0.0,0.0,0.0,0.0,0,0.8699696104613684,1.1502900819596649,False,False,False,False,-0.22206817931573117,-0.2577002450689802,False,False,False,False,286494077,316959813.4570772,False,False,False,False,23325220.054267127,False,False,False,False
2025-05-16 00:00:00+00:00,20.21,20.6,19.763,19.91,17524865,22.32178438348521,21.84720929060559,19.228670505935646,22.351541726383747,20.818746615828523,"rgba(239, 83, 80, 1.0)",0.0,0.0,3.2625211497019024,19.477090047004083,0.22464527258708628,42.15695805056614,-12.670854183088835,False,True,False,True,True,0.0,22.247200000000003,,0.0,0.0,0.0,0.0,0,0.8680431722196151,1.1370811825434068,False,False,False,False,-0.15205872230723871,-0.20487948368810946,False,False,False,False,304018942,316001230.3861826,False,False,False,False,22895564.124321416,False,False,False,False
2025-05-23 00:00:00+00:00,19.76,20.099,19.36,19.92,19800007,22.259613180893005,21.813942992770297,19.256101346484854,22.319489311683714,20.78971407851892,"rgba(239, 83, 80, 1.0)",0.0,0.0,3.257899660547907,19.474004642647866,0.08778519511065515,43.22825009124563,-11.60383903544124,False,True,False,True,True,0.0,22.2988,,0.0,0.0,0.0,0.0,0,0.8550976732368488,1.1573814386647252,False,False,False,False,-0.1796885010300471,-0.19228399235907828,False,False,False,False,284218935,313646986.2835024,False,False,False,False,22666263.596593905,False,False,False,False
2025-05-30 00:00:00+00:00,17.61,20.285,16.8,20.17,50795278,22.025284825864038,21.67452918686282,19.132098835757603,22.19472320572129,20.012474651777158,"rgba(239, 83, 80, 1.0)",0.0,0.0,3.2643501622806874,18.67348053132371,-0.32578629082509203,42.15499297041119,-11.60383903544124,False,True,False,True,True,0.0,22.281799999999997,,0.0,0.0,0.0,0.0,0,0.7833116309131173,1.1592419043636122,False,False,False,False,-0.2401533883266883,-0.2162186903428833,False,False,False,False,233423657,307704517.44768745,False,False,False,False,24749894.293142505,False,False,False,False
2025-06-06 00:00:00+00:00,18.36,18.54,16.97,17.66,37338482,21.85843124681253,21.57112844537006,19.03605748852067,22.101726263128665,19.86396426803808,"rgba(239, 83, 80, 1.0)",0.0,0.0,3.2550449713891414,18.528618785364333,-0.051802290550957655,42.24927317562205,-11.60383903544124,False,True,False,True,True,0.0,22.282400000000003,,0.0,0.0,0.0,0.0,0,0.829339355385065,1.1994535794578136,False,False,False,False,-0.2845485181302248,-0.25038360423655404,False,False,False,False,270762139,304968044.970081,False,False,False,False,25682382.271428246,False,False,False,False
2025-06-13 00:00:00+00:00,17.25,18.595,17.22,18.48,36573688,21.69738794576048,21.468157656431014,18.936187158715324,22.008861519262094,19.723837266430074,"rgba(239, 83, 80, 1.0)",0.0,0.0,3.310267129472852,18.396092188698436,-0.34622347498612505,41.428529377939846,-11.60383903544124,False,True,False,True,True,0.0,22.2064,,0.0,0.0,0.0,0.0,0,0.859348519977958,1.1390503321861907,False,False,False,False,-0.268830612924522,-0.25960710858053804,False,False,False,False,234188451,299725112.08340836,False,False,False,False,26489145.65872986,False,False,False,False
2025-06-20 00:00:00+00:00,17.37,17.88,17.35,17.36,28356779,21.576331451227883,21.388881275370323,18.859966206633384,21.93701880929666,19.622974052969504,"rgba(239, 83, 80, 1.0)",0.0,0.0,3.3459365809297057,18.305423503040682,-0.2795700039182343,40.98783523199876,-11.60383903544124,False,True,False,True,True,0.0,22.1468,,0.0,0.0,0.0,0.0,0,0.885920248395957,1.1217444170620228,False,False,False,False,-0.29779467056649594,-0.278700889573517,False,False,False,False,262545230,296971046.7438966,False,False,False,False,26627488.869194314,False,False,False,False
2025-06-27 00:00:00+00:00,17.85,18.19,16.96,17.35,27585199,21.468804157054937,21.317331277065662,18.80006130948391,21.87136015544426,19.54703930952982,"rgba(239, 83, 80, 1.0)",0.0,0.0,3.3742996604033504,18.250634198335693,-0.11873106678610783,41.27010174948757,-11.60383903544124,False,True,False,True,True,0.0,22.097,,0.0,0.0,0.0,0.0,0,0.867430494870052,1.087861820457218,False,False,False,False,-0.30179255019769485,-0.2902467198856059,False,False,False,False,290130429,296464334.3184228,False,False,False,False,26698430.360365108,False,False,False,False
2025-07-04 00:00:00+00:00,18.45,18.7,17.59,18.06,19163788,21.408394152835122,21.276865803694,18.78141190301501,21.83305206716662,19.524598149355036,"rgba(239, 83, 80, 1.0)",0.0,0.0,3.3698645787745307,18.257422062679634,0.05714708494024923,42.20920798741541,-11.60383903544124,False,True,False,True,True,0.0,22.031600000000005,,0.0,0.0,0.0,0.0,1,0.8874485974247445,1.0745161951840778,False,False,False,False,-0.24563465988475053,-0.2679406898851782,False,False,False,False,309294217,297414695.9985396,False,False,False,False,26140308.704041764,False,False,False,False
2025-07-11 00:00:00+00:00,17.29,18.81,17.26,18.32,26692854,21.31622226583805,21.213956236979055,18.73681201544239,21.774349984911883,19.467824706175943,"rgba(239, 83, 80, 1.0)",0.0,0.0,3.3580658579465457,18.225610512979216,-0.27861589157496214,41.80588625550143,-11.60383903544124,False,True,False,True,True,0.0,21.916600000000003,,0.0,0.0,0.0,0.0,1,0.8755445194849674,1.0779612762359387,False,False,False,False,-0.25634442317796874,-0.2621425565315735,False,False,False,False,282601363,296317412.0727219,False,False,False,False,26181237.985223856,False,False,False,False
2025-07-18 00:00:00+00:00,18.01,18.26,17.18,17.31,25057715,21.234566199111047,21.157428902205087,18.699648226574638,21.72117600323537,19.42013819424838,"rgba(239, 83, 80, 1.0)",0.0,0.0,3.269028243631067,18.202103357410333,-0.05876466738536143,42.416472730341695,-11.555183153597447,False,True,False,True,True,0.0,21.854400000000002,,0.0,0.0,0.0,0.0,1,0.8824572081451345,1.0771374571547554,False,False,False,False,-0.2873437260078477,-0.27474314126971056,False,False,False,False,307659078,297157535.4747425,False,False,False,False,26098014.060392458,False,False,False,False
2025-07-25 00:00:00+00:00,19.56,21.4,18.945,19.39,79716142,21.147068504973223,21.09765018923264,18.84410057050059,21.649325686683405,19.569901922050477,"rgba(239, 83, 80, 1.0)",0.0,0.0,3.1560355448505835,18.542320894706368,0.3224548934355589,44.60104996463194,-9.320600122578,False,True,False,True,True,0.0,21.8098,,0.0,0.0,0.0,0.0,1,0.8930075908168625,1.0438145657166988,False,False,False,False,-0.055399645725181676,-0.16507139349744612,False,False,False,False,387375220,303840326.9210578,False,False,False,False,30069727.241104126,False,False,False,False
