date,Close,High,Low,Open,Volume,aVWAP_OB_bull_86,aVWAP_OB_bull_43,aVWAP_OB_bull_11,Peaks_Valleys_avg,color,Liquidity,Liquidity_Level,StDev,StDev_Mean,StdDev_ZScore,QQEMOD,QQE1_Value,QQE1_Above_Upper,QQE1_Below_Lower,QQE2_Above_Threshold,QQE2_Below_Threshold,QQE2_Above_TL,banker_RSI,SMA_50,SMA_200,OB,OB_High,OB_Low,OB_Mitigated_Index,TTM_squeeze_Active,VI_plus,VI_minus,VI_Regular_Bullish,VI_Regular_Bearish,VI_Hidden_Bullish,VI_Hidden_Bearish,Fisher,Fisher_Signal,Fisher_Regular_Bullish,Fisher_Regular_Bearish,Fisher_Hidden_Bullish,Fisher_Hidden_Bearish,OBV,OBV_Smoothed,OBV_Regular_Bullish,OBV_Regular_Bearish,OBV_Hidden_Bullish,OBV_Hidden_Bearish,Volume_MA,Vol_Regular_Bullish,Vol_Regular_Bearish,Vol_Hidden_Bullish,Vol_Hidden_Bearish
2021-12-31 00:00:00+00:00,3.93,4.1,3.4,4.04,68687068,,,,,"rgba(38, 166, 154, 1.0)",-1.0,3.8075,,,,,,False,False,False,False,False,,,,0.0,0.0,0.0,0.0,0,,,False,False,False,False,,,False,False,False,False,0,0.0,False,False,False,False,68687068.0,False,False,False,False
2022-01-07 00:00:00+00:00,3.42,3.95,3.33,3.94,53186421,,,,,"rgba(239, 83, 80, 1.0)",0.0,0.0,,,,0.0,,False,False,False,True,False,,,,0.0,0.0,0.0,0.0,0,,,False,False,False,False,,,False,False,False,False,-53186421,-3939734.8888888885,False,False,False,False,67538871.92592593,False,False,False,False
2022-01-14 00:00:00+00:00,3.46,3.7,3.17,3.38,72597334,,,,,"rgba(38, 166, 154, 1.0)",0.0,0.0,,,,2.2148394241417537,-55.53709856035438,False,False,False,True,True,,,,0.0,0.0,0.0,0.0,0,,,False,False,False,False,,,False,False,False,False,19410913,-2210057.2674897118,False,False,False,False,67913572.82030179,False,False,False,False
2022-01-21 00:00:00+00:00,3.34,3.81,3.27,3.31,32561404,,,,,"rgba(239, 83, 80, 1.0)",0.0,0.0,,,,3.3550778054913226,-54.33809293447712,False,False,False,True,True,,,,0.0,0.0,0.0,0.0,0,,,False,False,False,False,,,False,False,False,False,-13150491,-3020459.7661941773,False,False,False,False,65294893.648427576,False,False,False,False
2022-01-28 00:00:00+00:00,2.65,3.24,2.26,3.2,69838962,,,,2.7166666666666672,"rgba(239, 83, 80, 1.0)",0.0,0.0,,2.7166666666666672,,3.1919782409461277,-54.33809293447712,False,False,False,True,True,,,,0.0,0.0,0.0,0.0,0,,,False,False,False,False,,,False,False,False,False,-82989453,-8944088.894624239,False,False,False,False,65631491.304099604,False,False,False,False
2022-02-04 00:00:00+00:00,3.05,3.14,2.51,2.57,53588144,,,,2.7962641990487898,"rgba(38, 166, 154, 1.0)",0.0,0.0,,2.7962641990487898,,10.160902988440036,-47.51968510615192,False,False,False,True,True,,,,0.0,0.0,0.0,0.0,0,,,False,False,False,False,,,False,False,False,False,-29401309,-10459438.53205948,False,False,False,False,64739391.50379593,False,False,False,False
2022-02-11 00:00:00+00:00,3.23,3.68,2.98,3.0,30644982,,,,2.8957943917784776,"rgba(239, 83, 80, 1.0)",0.0,0.0,,2.8957943917784776,,17.404748061129375,-40.66199687608412,False,False,False,True,True,,,,0.0,0.0,0.0,0.0,0,,,False,False,False,False,,,False,False,False,False,1243673,-9592541.381536556,False,False,False,False,62213879.68869993,False,False,False,False
2022-02-18 00:00:00+00:00,3.35,3.86,3.07,3.19,39267978,,,,3.003616227378344,"rgba(239, 83, 80, 1.0)",0.0,0.0,,3.003616227378344,,23.915680382017193,-34.676739609483,False,False,False,True,True,,,,0.0,0.0,0.0,0.0,0,,,False,False,False,False,,,False,False,False,False,40511651,-5881119.723644959,False,False,False,False,60514183.267314754,False,False,False,False
2022-02-25 00:00:00+00:00,2.91,3.91,2.72,3.26,73712907,,,,3.1161511503562256,"rgba(239, 83, 80, 1.0)",1.0,4.6775,,3.1161511503562256,,26.019157707247395,-32.956509601547396,False,False,False,True,True,,,,0.0,0.0,0.0,0.0,0,,,False,False,False,False,,,False,False,False,False,-33201256,-7904833.521893481,False,False,False,False,61491866.50677292,False,False,False,False
2022-03-04 00:00:00+00:00,2.37,2.96,2.28,2.84,47632372,,,,2.950860838410122,"rgba(239, 83, 80, 1.0)",0.0,0.0,,2.950860838410122,,25.503729616455516,-32.956509601547396,False,False,False,True,True,,,,0.0,0.0,0.0,0.0,0,,,False,False,False,False,,,False,False,False,False,-80833628,-13306966.446197666,False,False,False,False,60465237.284049,False,False,False,False
2022-03-11 00:00:00+00:00,2.01,2.96,2.01,2.5,67080645,,,,2.787022309495618,"rgba(239, 83, 80, 1.0)",0.0,0.0,,2.787022309495618,,24.174653402704052,-32.956509601547396,False,False,False,True,True,,,,0.0,0.0,0.0,0.0,0,,,False,False,False,False,,,False,False,False,False,-147914273,-23277878.042775616,False,False,False,False,60955267.48523055,False,False,False,False
2022-03-18 00:00:00+00:00,2.87,3.12,1.6,1.92,96665704,,,2.5300000000000002,2.658342990778802,"rgba(38, 166, 154, 1.0)",0.0,0.0,,2.658342990778802,,29.155942010263324,-30.250239010037454,False,False,False,True,True,,,,1.0,3.12,1.6,0.0,0,,,False,False,False,False,,,False,False,False,False,-51248569,-25349781.07664409,False,False,False,False,63600485.0048431,False,False,False,False
2022-03-25 00:00:00+00:00,3.06,3.485,2.65,2.79,52467139,,,2.7182209096288736,2.751452911893409,"rgba(239, 83, 80, 1.0)",0.0,0.0,,2.751452911893409,,33.6891447015644,-25.956310035739598,False,False,False,True,True,,,,0.0,0.0,0.0,0.0,0,,,False,False,False,False,,,False,False,False,False,1218570,-23381755.07096675,False,False,False,False,62775792.70818806,False,False,False,False
2022-04-01 00:00:00+00:00,3.24,3.425,2.89,3.09,60327668,,,2.8526600640967597,2.832385339474426,"rgba(38, 166, 154, 1.0)",0.0,0.0,,2.832385339474426,,37.80689956167143,-22.096228603854897,False,False,False,True,True,,,,0.0,0.0,0.0,0.0,0,,,False,False,False,False,,,False,False,False,False,61546238,-17090792.62126551,False,False,False,False,62594450.13721117,False,False,False,False
2022-04-08 00:00:00+00:00,3.27,3.54,3.13,3.4,60100026,,,2.955369740248737,3.0060843811554756,"rgba(38, 166, 154, 1.0)",0.0,0.0,,3.0060843811554756,,40.89498467333601,-19.219567987630835,False,False,False,True,True,,,,0.0,0.0,0.0,0.0,0,,,False,False,False,False,,,False,False,False,False,121646264,-6813973.61228288,False,False,False,False,62409677.978899226,False,False,False,False
2022-04-15 00:00:00+00:00,3.02,3.35,2.98,3.19,13782137,,,2.963215421614654,3.0019024546461277,"rgba(239, 83, 80, 1.0)",0.0,0.0,,3.0019024546461277,,41.972462274000534,-18.2048469372467,False,False,False,True,True,,,,0.0,0.0,0.0,0.0,0,,,False,False,False,False,,,False,False,False,False,107864127,1680700.5071454812,False,False,False,False,58807637.90638817,False,False,False,False
2022-04-22 00:00:00+00:00,2.82,3.01,2.64,2.9,52379124,,,2.941391097751518,2.946952132828586,"rgba(239, 83, 80, 1.0)",0.0,0.0,,2.946952132828586,,41.91137554246493,-18.158301876795836,False,False,False,True,True,,,,0.0,0.0,0.0,0.0,0,,,False,False,False,False,,,False,False,False,False,55485003,5666204.395505074,False,False,False,False,58331451.69110016,False,False,False,False
2022-04-29 00:00:00+00:00,3.39,3.49,2.61,2.7,32124343,,,2.9607735180281987,3.0029173620807854,"rgba(239, 83, 80, 1.0)",0.0,0.0,,3.026224754073199,,44.626900649019625,-15.35153774909027,False,False,False,True,True,,,,0.0,0.0,0.0,0.0,0,,,False,False,False,False,,,False,False,False,False,87609346,11736066.736578772,False,False,False,False,56390184.38064829,False,False,False,False
2022-05-06 00:00:00+00:00,3.65,3.9099,3.24,3.28,42177039,,,3.0265241284172437,3.104052423488676,"rgba(239, 83, 80, 1.0)",0.0,0.0,,3.143451134146576,,47.60711128564597,-12.308539406115315,False,False,False,False,True,,,,0.0,0.0,0.0,0.0,0,,,False,False,False,False,,,False,False,False,False,129786385,20480534.756091453,False,False,False,False,55337358.79689657,False,False,False,False
2022-05-13 00:00:00+00:00,3.56,3.63,3.03,3.55,35127759,,,3.0565219433140784,3.1248985165814327,"rgba(239, 83, 80, 1.0)",0.0,0.0,,3.164621284405291,,49.31032510770485,-10.495466210218368,False,False,False,False,True,,,,0.0,0.0,0.0,0.0,1,,,False,False,False,False,,,False,False,False,False,94658626,25975208.18156616,False,False,False,False,53840351.40453386,False,False,False,False
2022-05-20 00:00:00+00:00,4.14,4.5,3.4575,3.49,46826456,,,3.1494156290663855,3.2334191977551696,"rgba(239, 83, 80, 1.0)",0.0,0.0,,3.2859830243481327,,52.614694498044635,-7.134477948475457,False,False,False,False,True,,,,0.0,0.0,0.0,0.0,1,,,False,False,False,False,,,False,False,False,False,141485082,34531495.13107978,False,False,False,False,53320803.59679062,False,False,False,False
2022-05-27 00:00:00+00:00,4.12,4.13,3.495,4.07,25803912,,,3.187568941032409,3.2708072571585136,"rgba(239, 83, 80, 1.0)",0.0,0.0,,3.3263224203144905,,54.87441273119608,-4.8026584133045915,False,False,True,False,True,,,,0.0,0.0,0.0,0.0,1,,,False,False,False,False,,,False,False,False,False,115681170,40542582.158407204,False,False,False,False,51282515.33036169,False,False,False,False
2022-06-03 00:00:00+00:00,3.95,4.405,3.8622,4.24,29892244,,,3.235863378229793,3.319036612142064,"rgba(239, 83, 80, 1.0)",0.0,0.0,,3.3783785364434316,,55.623639065380544,-3.8879985982793954,False,False,True,False,True,,,,0.0,0.0,0.0,0.0,1,,,False,False,False,False,,,False,False,False,False,85788926,43894163.183710374,False,False,False,False,49698050.78737193,False,False,False,False
2022-06-10 00:00:00+00:00,4.7,5.445,4.07,4.23,72193456,,,3.4108501050118,3.709970222795588,"rgba(239, 83, 80, 1.0)",0.0,0.0,,3.9526104360374728,,58.480765081569274,-0.9118423138376244,False,False,True,False,True,,,,0.0,0.0,0.0,0.0,1,,,False,False,False,False,,,False,False,False,False,157982382,52345142.35528738,False,False,False,False,51364377.09941846,False,False,False,False
2022-06-17 00:00:00+00:00,4.87,5.07,4.0,4.3,58237648,,,3.5169857131064335,3.7887451096071483,"rgba(239, 83, 80, 1.0)",0.0,0.0,,4.027419494731815,,60.95741424179394,1.66725713512173,False,False,True,False,True,,,,0.0,0.0,0.0,0.0,0,,,False,False,False,False,,,False,False,False,False,216220030,64484022.92156239,False,False,False,False,51873508.277239315,False,False,False,False
2022-06-24 00:00:00+00:00,4.94,5.39,4.46,4.92,35860168,,,3.5879568983554346,3.8550774958220644,"rgba(239, 83, 80, 1.0)",0.0,0.0,,4.097648693528489,,62.906672929202855,3.73351294516722,False,False,True,False,True,,,,0.0,0.0,0.0,0.0,0,,,False,False,False,False,0.34282822553985487,0.34282822553985487,False,False,False,False,252080198,78380035.89033554,False,False,False,False,50687334.923369735,False,False,False,False
2022-07-01 00:00:00+00:00,4.81,5.0,4.58,4.93,33587077,,,3.642263533197673,3.8991000217930427,"rgba(239, 83, 80, 1.0)",0.0,0.0,,4.140329425266955,,63.58633037917977,4.608908175117705,False,False,True,False,True,,,,0.0,0.0,0.0,0.0,0,1.0488164501474455,0.9422172630907787,False,False,False,False,0.3043223256450723,0.3235752755924636,False,False,False,False,218493121,88758782.93549587,False,False,False,False,49420649.15126827,False,False,False,False
2022-07-08 00:00:00+00:00,4.69,5.09,4.65,4.74,33781399,,,3.692751297590138,3.939623270380332,"rgba(239, 83, 80, 1.0)",0.0,0.0,,4.178918635133582,,63.41674161390425,4.720178983971913,False,False,True,False,True,,,,0.0,0.0,0.0,0.0,0,1.0562949857252002,0.9296312678435,False,False,False,False,0.32702816433137427,0.3253017199619189,False,False,False,False,184711722,95866408.05138506,False,False,False,False,48262186.177100256,False,False,False,False
2022-07-15 00:00:00+00:00,4.0,4.58,3.835,4.55,30766770,,,3.709632369927349,3.965361406704925,"rgba(239, 83, 80, 1.0)",0.0,0.0,,4.271939240004936,,60.094312142793136,4.720178983971913,False,False,True,False,True,,,,0.0,0.0,0.0,0.0,0,1.0244804700250245,0.9381806312499382,False,False,False,False,0.14641750703128442,0.23585961349660167,False,False,False,False,153944952,100168522.41794913,False,False,False,False,46966229.423240975,False,False,False,False
2022-07-22 00:00:00+00:00,4.9,5.05,4.05,4.05,46195055,,,3.761141752584356,4.04321641244439,"rgba(239, 83, 80, 1.0)",0.0,0.0,,4.371237475677168,,60.4635401247636,4.720178983971913,False,False,True,False,True,,,,0.0,0.0,0.0,0.0,0,1.0270137287628678,0.9199235897386422,False,False,False,False,0.2378973733877293,0.2368784934421655,False,False,False,False,200140007,107573817.57217512,False,False,False,False,46909105.39188979,False,False,False,False
2022-07-29 00:00:00+00:00,4.92,5.4,4.635,4.87,50123952,,,3.828670730859869,4.231986087292241,"rgba(239, 83, 80, 1.0)",0.0,0.0,,4.681693079855879,,60.779323277037605,4.720178983971913,False,False,True,False,True,,,,0.0,0.0,0.0,0.0,0,1.1075179278184881,0.8785218856538264,False,False,False,False,0.34282822654493,0.2898533599935478,False,False,False,False,250263959,118143457.67793992,False,False,False,False,47147242.17767573,False,False,False,False
2022-08-05 00:00:00+00:00,4.65,5.03,4.43,4.79,21976093,,,3.8493304111076054,4.233279121976315,"rgba(239, 83, 80, 1.0)",0.0,0.0,,4.664580142505784,,59.88115209200913,4.720178983971913,False,False,True,False,True,,,,0.0,0.0,0.0,0.0,0,1.085356042619155,0.8915880148342915,False,False,False,False,0.2646056517777762,0.277229505885662,False,False,False,False,228287866,126302302.73883326,False,False,False,False,45282712.60895901,False,False,False,False
2022-08-12 00:00:00+00:00,4.61,5.02,4.395,4.63,16477954,,,3.8636991213122647,4.235778730792241,"rgba(239, 83, 80, 1.0)",0.0,0.0,,4.655850231836187,,59.07430181128483,4.720178983971913,False,False,True,False,True,,,,0.0,0.0,0.0,0.0,0,1.060806885210387,0.918267668462152,False,False,False,False,0.25862641721208385,0.2679279615488729,False,False,False,False,211809912,132636199.7211419,False,False,False,False,43149026.78607316,False,False,False,False
2022-08-19 00:00:00+00:00,4.4,4.8201,4.31,4.64,10661804,,,3.8708958182605975,4.232942350901972,"rgba(239, 83, 80, 1.0)",0.0,0.0,,4.643291257939135,,57.626700094235034,4.720178983971913,False,False,True,False,False,,,,0.0,0.0,0.0,0.0,0,1.0529198264629087,0.9360918208913493,False,False,False,False,0.22116938251177046,0.24454867203032166,False,False,False,False,201148108,137711155.88994622,False,False,False,False,40742565.83895663,False,False,False,False
2022-08-26 00:00:00+00:00,5.99,6.035,4.34,4.4,46500898,,,3.9442619921981037,4.332947454797475,"rgba(38, 166, 154, 1.0)",0.0,0.0,,4.772951233812269,,60.56695288819879,4.720178983971913,False,False,True,False,False,,,,0.0,0.0,0.0,0.0,0,1.0701231537888418,0.8809367284626959,False,False,False,False,0.34282822822060777,0.29368845012546474,False,False,False,False,247649006,145854700.3425428,False,False,False,False,41169108.96199688,False,True,False,False
2022-09-02 00:00:00+00:00,5.5,6.72,5.43,5.9,62393913,,,4.057711799764878,4.747970515064942,"rgba(38, 166, 154, 1.0)",0.0,0.0,,5.286829730353505,,60.90525221310865,4.720178983971913,False,False,True,False,False,,,,0.0,0.0,0.0,0.0,1,1.140456744524788,0.8070493206528164,False,False,False,False,0.3428282344784465,0.3182583423019556,False,False,False,False,185255093,148773247.9467989,False,False,False,False,42741316.66851564,False,False,False,False
2022-09-09 00:00:00+00:00,5.4,5.58,5.13,5.52,23062560,,,4.085490541671334,4.750331604688702,"rgba(38, 166, 154, 1.0)",0.0,0.0,,5.264993344815904,,60.80344112873871,4.720178983971913,False,False,True,False,False,,,,0.0,0.0,0.0,0.0,1,1.1424052932144362,0.8575947067855637,False,False,False,False,0.20490654706294195,0.2615824446824488,False,False,False,False,162192533,149767269.06185082,False,False,False,False,41283630.98936633,False,False,False,False
2022-09-16 00:00:00+00:00,5.25,5.89,5.225,5.48,18890027,,,4.108830927079035,4.761418416711052,"rgba(38, 166, 154, 1.0)",0.0,0.0,,5.264698812802555,,60.20590455283593,4.720178983971913,False,False,True,False,False,,,,0.0,0.0,0.0,0.0,1,1.1740751782438872,0.8438629025330592,False,False,False,False,0.2288193009967174,0.24520087283958308,False,False,False,False,143302506,149288397.72393593,False,False,False,False,39624845.50867253,False,False,False,False
2022-09-23 00:00:00+00:00,4.78,5.32,4.72,5.11,21464251,,,4.124621054680052,4.747185734836511,"rgba(38, 166, 154, 1.0)",0.0,0.0,,5.222749269790636,,58.2285767058104,4.720178983971913,False,False,True,False,False,,,,0.0,0.0,0.0,0.0,1,1.096648990299305,0.8897996962460304,False,False,False,False,0.1162750221965293,0.1807379475180562,False,False,False,False,121838255,147255053.8184592,False,False,False,False,38279616.28580789,False,False,False,False
2022-09-30 00:00:00+00:00,4.94,5.25,4.59,4.86,20879445,,,4.1391738386941075,4.737593081558696,"rgba(38, 166, 154, 1.0)",0.0,0.0,,5.191237705902399,,57.25149908955694,4.720178983971913,False,False,True,False,False,,,,0.0,0.0,0.0,0.0,1,1.0772345950010924,0.8910077590280636,False,False,False,False,0.09573757240672044,0.13823775996238832,False,False,False,False,142717700,146918953.5356104,False,False,False,False,36990714.70908138,False,False,False,False
2022-10-07 00:00:00+00:00,5.0,5.55,4.8,4.86,15697341,,,4.1523286148633956,4.739022151230694,"rgba(38, 166, 154, 1.0)",0.0,0.0,,5.182273399288063,,56.72059113297533,4.720178983971913,False,False,True,False,False,,,,0.0,0.0,0.0,0.0,1,1.0744244591739385,0.8836181276004854,False,False,False,False,0.14830864405261512,0.1432732020075017,False,False,False,False,158415041,147770515.57000965,False,False,False,False,35413427.76766795,False,False,False,False
2022-10-14 00:00:00+00:00,3.89,4.85,3.67,4.84,32091974,,,4.151909243647007,4.681832909847531,"rgba(38, 166, 154, 1.0)",0.0,0.0,,5.074063918565926,,53.111781548119936,8.674587983107635,False,False,False,False,False,,,,0.0,0.0,0.0,0.0,1,1.0171589538757788,0.9061023912908777,False,False,False,False,-0.03860378939228667,0.05233470630760752,False,False,False,False,126323067,146181815.67593485,False,False,False,False,35167394.1552481,False,False,True,False
2022-10-21 00:00:00+00:00,3.94,4.46,3.75,3.98,21635880,,,4.150102175688935,4.646767490343246,"rgba(38, 166, 154, 1.0)",0.0,0.0,,5.0095476926714,,50.68984890057018,6.260924170490156,False,False,False,False,False,,,,0.0,0.0,0.0,0.0,1,1.0370712753926505,0.910371979746883,False,False,False,False,-0.10015170405864117,-0.023908498875516826,False,False,False,False,147958947,146313455.033273,False,False,False,False,34165059.773377866,False,False,False,False
2022-10-28 00:00:00+00:00,4.37,4.79,2.81,3.5,61183901,,3.9899999999999998,4.142457278161915,4.567053344839259,"rgba(38, 166, 154, 1.0)",0.0,0.0,,4.65284248484028,,50.26417302101502,5.7778102162506855,False,False,False,False,False,,,,1.0,4.79,2.81,0.0,1,0.9946453193397679,0.9214646836499287,False,False,False,False,-0.22049996831232133,-0.12220423359391908,False,False,False,False,209142848,150967484.14191943,False,False,False,False,36166455.41979432,False,False,False,False
2022-11-04 00:00:00+00:00,5.44,5.53,4.31,4.35,34785692,,4.389920561366418,4.1675893795307095,4.633758570169187,"rgba(38, 166, 154, 1.0)",0.0,0.0,,4.766724139013505,,52.57576210484959,5.7778102162506855,False,False,False,False,False,,,,0.0,0.0,0.0,0.0,1,1.0326649361509381,0.9094048884165781,False,False,False,False,0.052342818149498975,-0.03493070772221005,False,False,False,False,243928540,157853488.27955505,False,False,False,False,36064176.647957705,False,False,False,False
2022-11-11 00:00:00+00:00,4.76,5.54,4.63,5.49,21700326,,4.49812648070801,4.180713137580807,4.653387651280025,"rgba(38, 166, 154, 1.0)",0.0,0.0,,4.796905236633576,,52.40462811156773,5.7778102162506855,False,False,False,False,False,,,,0.0,0.0,0.0,0.0,1,1.0559130165502528,0.8989264700822353,False,False,False,False,0.04281733925696475,0.003943315767377352,False,False,False,False,222228214,162621986.4810695,False,False,False,False,35000187.711071946,False,False,False,False
2022-11-18 00:00:00+00:00,5.55,5.81,4.82,4.82,24924625,,4.654602980251474,4.2028919654544366,4.692912834562822,"rgba(38, 166, 154, 1.0)",0.0,0.0,,4.856089309493692,,53.92552374306322,5.7778102162506855,False,False,False,False,True,,,,0.0,0.0,0.0,0.0,1,1.0431036336040658,0.922176980724829,False,False,False,False,0.1099574838545108,0.056950399810944075,False,False,False,False,247152839,168883531.1121014,False,False,False,False,34253849.73247402,False,False,False,False
2022-11-25 00:00:00+00:00,5.29,5.46,4.735,5.4,20745890,,4.719005205736954,4.217269091970619,4.710452028003383,"rgba(38, 166, 154, 1.0)",0.0,0.0,,4.879799097723973,,54.34360556920414,5.7778102162506855,False,False,True,False,True,,,,0.0,0.0,0.0,0.0,1,1.0341473200756361,0.9184732733194182,False,False,False,False,0.04645094598227773,0.0517006728966109,False,False,False,False,226406949,173144525.02972353,False,False,False,False,33253260.122661132,False,False,False,False
2022-12-02 00:00:00+00:00,5.69,6.02,5.245,5.29,26388525,,4.848724782590165,4.244116505623914,4.753335423206478,"rgba(38, 166, 154, 1.0)",0.0,0.0,,4.939955406034599,,55.44020249713209,5.7778102162506855,False,False,True,False,True,,,,0.0,0.0,0.0,0.0,1,1.0398476760453252,0.9072277801023666,False,False,False,False,0.2044272447283031,0.128063958812457,False,False,False,False,252795474,179044595.32381806,False,False,False,False,32744761.224686235,False,False,False,False
2022-12-09 00:00:00+00:00,6.61,7.018,5.41,5.75,65511197,,5.233022822789426,4.337445574970756,4.90840211271041,"rgba(38, 166, 154, 1.0)",0.0,0.0,,5.152550440488429,,57.82042646900136,2.698416802319308,False,False,True,False,True,14.07174739154307,4.174,,0.0,0.0,0.0,0.0,1,1.042905637043549,0.9144831763632004,False,False,False,False,0.3428282237336385,0.23544609127304778,False,False,False,False,318306671,189360304.63316488,False,False,False,False,35171904.61545022,False,False,False,False
2022-12-16 00:00:00+00:00,7.46,7.67,5.38,6.41,90137643,,5.651546181028079,4.481341916963086,5.122896193305854,"rgba(38, 166, 154, 1.0)",0.0,0.0,,5.428924045300998,,60.73009437563509,5.552882983138517,False,False,True,False,True,17.90847980553828,4.2446,,0.0,0.0,0.0,0.0,1,1.0424117056307542,0.8775662082734835,False,False,False,False,0.34282822723529915,0.2891371592541735,False,False,False,False,408444314,205588749.77144894,False,False,False,False,39243440.79208353,False,False,False,False
2022-12-23 00:00:00+00:00,8.87,10.45,7.3201,7.5,133434909,,6.551256823995226,4.826810693887184,6.152455577883278,"rgba(38, 166, 154, 1.0)",1.0,9.051666,,6.862008866703942,,64.38044741694208,9.042237449180043,False,False,True,False,True,20.0,4.3536,,0.0,0.0,0.0,0.0,0,1.0934100687676975,0.7970065825763983,False,False,False,False,0.3428282398499993,0.31598269955208635,False,False,False,False,541879223,230499155.19578606,False,False,False,False,46220586.58526252,False,True,False,False
2022-12-30 00:00:00+00:00,7.05,8.98,6.51,8.74,52431835,,6.646210150969902,4.907237582573743,6.182901106665898,"rgba(38, 166, 154, 1.0)",0.0,0.0,,6.837578796219428,,62.95279888982722,9.042237449180043,False,False,True,False,True,12.328418287961789,4.4254,,0.0,0.0,0.0,0.0,0,1.0550559108162636,0.8481687925315459,False,False,False,False,0.18408182418060065,0.25003226186634353,False,False,False,False,489447388,249680505.773876,False,False,False,False,46680679.06042826,False,False,False,False
2023-01-06 00:00:00+00:00,8.54,8.57,7.26,7.26,34048858,,6.735180511133014,4.968569301569325,6.2409516698507606,"rgba(38, 166, 154, 1.0)",0.0,0.0,,6.88581119093157,,63.60669521860577,9.042237449180043,False,False,True,False,True,17.716125464630913,4.5294,,0.0,0.0,0.0,0.0,0,1.0685947960294166,0.8631401906143851,False,False,False,False,0.20700188144719595,0.22851707165676974,False,False,False,False,523496246,269963153.19803333,False,False,False,False,45744988.61150765,False,False,False,False
2023-01-13 00:00:00+00:00,8.64,9.675,8.23,9.31,50617257,,6.9088453082789485,5.075528122443546,6.370633687190551,"rgba(38, 166, 154, 1.0)",0.0,0.0,,7.023202648600948,,64.17569844522693,9.042237449180043,False,False,True,False,True,18.051402660605763,4.6491999999999996,,0.0,0.0,0.0,0.0,0,1.124057839743797,0.8170672532591466,False,False,False,False,0.3428282400406709,0.2856726558487203,False,False,False,False,574113503,292492808.73891973,False,False,False,False,46105897.3810256,False,False,False,False
2023-01-20 00:00:00+00:00,7.84,8.58,7.31,8.34,30019477,,6.955373777246513,5.1211260077071525,6.405217366006447,"rgba(38, 166, 154, 1.0)",0.0,0.0,,7.045060819241565,,63.066532822948176,9.042237449180043,False,False,True,False,True,13.808248161117984,4.745,,0.0,0.0,0.0,0.0,0,1.0862372968294165,0.8685602539031193,False,False,False,False,0.20371830320080195,0.24469547952476112,False,False,False,False,544094026,311129935.9434442,False,False,False,False,44914310.686134815,False,False,False,False
2023-01-27 00:00:00+00:00,7.45,8.175,7.04,7.98,25367178,,6.978032627254535,5.15376792941184,6.422962815378924,"rgba(38, 166, 154, 1.0)",0.0,0.0,,7.048667221246271,,61.576145114763676,9.042237449180043,False,False,True,False,True,11.838428707540213,4.8294,,0.0,0.0,0.0,0.0,0,1.0581376928682318,0.8940214808478282,False,False,False,False,0.15904222281809577,0.20186885117142844,False,False,False,False,518726848,326507484.9846706,False,False,False,False,43466374.931606315,False,False,False,False
2023-02-03 00:00:00+00:00,6.78,7.8,6.72,7.27,34562622,,6.984004792540463,5.188693419508349,6.4295076331059375,"rgba(38, 166, 154, 1.0)",0.0,0.0,,7.031192397843215,,59.36423101542619,9.042237449180043,False,False,True,False,False,8.588284354151135,4.898,,0.0,0.0,0.0,0.0,0,1.0536778703617016,0.8957650656929752,False,False,False,False,0.1136896264399138,0.15777923880567113,False,False,False,False,484164226,338185762.09691715,False,False,False,False,42806837.677413255,False,False,False,False
2023-02-10 00:00:00+00:00,6.41,7.08,6.115,6.68,42182339,,6.9586852711312135,5.217547473169622,6.543676393629447,"rgba(38, 166, 154, 1.0)",0.0,0.0,,7.02926027036321,,57.177470470297266,12.622818955408981,False,False,True,False,False,6.86176035720996,4.968,,0.0,0.0,0.0,0.0,0,1.0355124602414847,0.9187845474477349,False,False,False,False,0.028348195686372254,0.0930637172460217,False,False,False,False,441981887,345874363.94158995,False,False,False,False,42760578.516123384,False,False,False,False
2023-02-17 00:00:00+00:00,7.18,7.77,6.48,6.53,40804416,,6.968236501350217,5.256661783408748,6.590405644542344,"rgba(38, 166, 154, 1.0)",0.0,0.0,,7.090973043866125,,56.731049755924516,12.147911371447492,False,False,True,False,False,9.72486936038461,5.0642000000000005,,0.0,0.0,0.0,0.0,0,1.046038714647232,0.891977528292746,False,False,False,False,0.09620545910165385,0.09463458817383777,False,False,False,False,482786303,356015989.05702776,False,False,False,False,42615677.58900314,False,False,False,False
2023-02-24 00:00:00+00:00,7.07,7.72,6.96,7.1,20697003,,6.975440139680392,5.2769880535618965,6.6077583995169356,"rgba(38, 166, 154, 1.0)",0.0,0.0,,7.1086793925612834,,56.21793151060122,11.55640555789389,False,False,True,False,False,9.209068902920393,5.1654,,0.0,0.0,0.0,0.0,0,1.0613042953257024,0.9280138956402739,False,False,False,False,0.1240826888698149,0.10935863852182634,False,False,False,False,462089300,363873271.34909976,False,False,False,False,40992072.0638918,False,False,False,False
2023-03-03 00:00:00+00:00,8.15,8.325,6.82,7.16,36231272,,7.009263271415582,5.3206216733880485,6.911462324891524,"rgba(38, 166, 154, 1.0)",0.0,0.0,,7.464330772720157,,57.31850316536853,11.55640555789389,True,False,True,False,False,12.991138918628746,5.271,,0.0,0.0,0.0,0.0,0,1.0230677669478885,0.9309504842693208,False,False,False,False,0.15444790051911428,0.13190326952047032,False,False,False,False,498320572,373832330.6565739,False,False,False,False,40639420.20730722,False,False,False,False
2023-03-10 00:00:00+00:00,6.84,8.04,6.45,8.0,32813083,,7.013025538206843,5.348598002109136,6.875266246952897,"rgba(38, 166, 154, 1.0)",0.0,0.0,,7.373314872745632,,55.890955493752806,11.078412050893931,True,False,True,False,False,7.146294265265844,5.3466,,0.0,0.0,0.0,0.0,1,1.0168824360466668,0.9049252285792988,False,False,False,False,0.11174371350345404,0.12182349151196217,False,False,False,False,465507489,380623083.1264573,False,False,False,False,40059691.52528446,False,False,False,False
2023-03-17 00:00:00+00:00,5.62,7.15,5.26,6.8,77115449,,6.932091686881522,5.3720390488537175,6.675748064935643,"rgba(38, 166, 154, 1.0)",0.0,0.0,,6.786040582465742,,53.16671025559011,8.370204069914315,False,False,False,False,False,2.268758871584655,5.3942,,0.0,0.0,0.0,0.0,1,0.9795643636800152,0.9425515678277347,False,False,False,False,-0.0219394788435756,0.04994200633419329,False,False,True,False,388392040,381198561.41338634,False,False,False,False,42804562.44933747,False,False,False,False
2023-03-24 00:00:00+00:00,6.02,6.43,5.36,5.42,37665459,,6.894348268325893,5.381646803351742,6.61679437656206,"rgba(38, 166, 154, 1.0)",0.0,0.0,,6.688539463170639,,51.811098873260775,7.019701619238091,False,False,False,False,False,3.6854164471857978,5.449200000000001,,0.0,0.0,0.0,0.0,1,0.9968977294199598,0.9475434247375054,False,False,False,False,-0.06172310156580682,-0.005890547615806766,False,False,False,False,426057499,384521445.6790614,False,False,False,False,42423888.119756915,False,False,False,False
2023-03-31 00:00:00+00:00,6.41,7.05,5.8294,5.83,40810054,,6.8760165871249885,5.400621480647086,6.614398818597609,"rgba(38, 166, 154, 1.0)",0.0,0.0,,6.688477305451638,,51.41275639267203,6.565670600947563,False,False,False,False,False,5.041121664525345,5.517,,0.0,0.0,0.0,0.0,1,1.0135874619986949,0.9292030484334438,False,False,False,False,0.008127683319421956,0.001118567851807595,False,False,False,False,466867553,390621157.3324643,False,False,False,False,42304344.851626776,False,False,False,False
2023-04-07 00:00:00+00:00,6.3,6.87,6.215,6.45,17815357,,6.868999637236809,5.408940885408603,6.613333187799677,"rgba(38, 166, 154, 1.0)",0.0,0.0,,6.687850597602137,,50.96181015023634,6.016234659962841,False,False,False,False,False,4.605577283257549,5.5866,,0.0,0.0,0.0,0.0,1,1.0185115592857046,0.9423775522986346,False,False,False,False,0.021298700834736492,0.011208634343272043,False,False,False,False,449052196,394949382.4189484,False,False,False,False,40490345.75150628,False,False,False,False
2023-04-14 00:00:00+00:00,6.12,6.27,5.72,6.22,23202509,,6.851038077199082,5.415286246767925,6.59153325598459,"rgba(38, 166, 154, 1.0)",0.0,0.0,,6.65367566291577,,50.35703377807616,5.290150437239092,False,False,False,False,False,3.8887932763829802,5.6412,,0.0,0.0,0.0,0.0,1,1.0403713022588026,0.9417174861756719,False,False,False,False,-0.0488744005905636,-0.01883288312364578,False,False,False,False,425849687,397238293.8693967,False,False,False,False,39209765.251394704,False,False,False,False
2023-04-21 00:00:00+00:00,6.19,6.85,6.04,6.24,20994907,,6.841633428373819,5.423848958507634,6.586466991072661,"rgba(38, 166, 154, 1.0)",0.0,0.0,,6.646655399714755,,50.04495954829558,4.825186496012485,False,False,False,False,False,4.141975558149003,5.692,,0.0,0.0,0.0,0.0,1,1.0470608246984279,0.9143833189221369,False,False,False,False,0.008806625746114852,-0.0050131286887654634,False,False,False,False,446844594,400912834.6198118,False,False,False,False,37860516.49203213,False,False,False,False
2023-04-28 00:00:00+00:00,5.86,6.215,5.5,6.1,26138725,,6.818732678021288,5.428697178868975,6.55740805760133,"rgba(38, 166, 154, 1.0)",0.0,0.0,,6.6019343463899975,,49.26197489064249,3.893274080440861,False,False,False,False,False,2.8093236498513896,5.738,,0.0,0.0,0.0,0.0,1,1.0605730920211125,0.9395739300469,False,False,False,False,-0.17842894402841925,-0.09172103635859236,False,False,False,False,420705869,402378985.3146405,False,False,False,False,36992235.640770495,False,False,False,False
2023-05-05 00:00:00+00:00,5.9,5.99,5.085,5.71,36015395,,6.782653437227636,5.432174348020558,6.432726744619941,"rgba(38, 166, 154, 1.0)",0.0,0.0,,6.130314899243764,,48.780102374576565,3.251367103100307,False,False,False,False,False,2.959363752993042,5.7732,,0.0,0.0,0.0,0.0,1,1.0043035006752044,0.9676495466484633,False,False,False,False,-0.2583799002378181,-0.17505046829820523,False,False,False,False,456721264,406404339.2913338,False,False,False,False,36919877.0747875,False,False,False,False
2023-05-12 00:00:00+00:00,6.0,6.16,5.36,6.04,42786075,,6.749074745291229,5.439380964320442,6.410383993814001,"rgba(38, 166, 154, 1.0)",0.0,0.0,,6.120604203072438,,48.63936752158553,2.9259387915856436,False,True,False,False,False,3.339309132192568,5.8108,,0.0,0.0,0.0,0.0,1,1.0029776527163634,0.9627793410454537,False,False,False,False,-0.2200606615110094,-0.1975555649046073,False,False,False,False,499507339,413300857.788272,False,False,False,False,37354410.254432864,False,False,False,False
2023-05-19 00:00:00+00:00,5.89,6.289,5.62,6.16,49000751,,6.717087521483888,5.449172431210372,6.390453887798618,"rgba(38, 166, 154, 1.0)",0.0,0.0,,6.113765432741378,,48.321453929567724,2.4170274938554144,False,True,False,False,False,2.87828187956805,5.849600000000001,,0.0,0.0,0.0,0.0,0,1.0069271892176794,0.968405993524584,False,False,False,False,-0.18537074044399532,-0.1914631526743013,False,False,False,False,450506588,416056837.8039556,False,False,False,False,38217102.16151191,False,False,False,False
2023-05-26 00:00:00+00:00,5.85,6.05,5.5,6.01,44139510,,6.685811416963027,5.455331042620902,6.3604803447984555,"rgba(38, 166, 154, 1.0)",0.0,0.0,,6.085649419992794,,48.01151909784109,1.91381626786076,False,True,False,False,False,2.7085915358938735,5.8726,,0.0,0.0,0.0,0.0,1,1.0086527514231498,0.9675142314990511,False,False,False,False,-0.29213595887618404,-0.24179955577524267,False,False,False,False,406367078,415339077.8184774,False,False,False,False,38655799.03843696,False,False,False,False
2023-06-02 00:00:00+00:00,6.21,6.4,5.28,6.02,46552827,,6.6607273115928605,5.464565389272746,6.345319494709487,"rgba(38, 166, 154, 1.0)",0.0,0.0,1.6100654678648347,6.080687221223224,0.08031523025474382,48.62782709314996,1.91381626786076,False,True,False,False,False,4.126797343880266,5.899399999999999,,0.0,0.0,0.0,0.0,1,0.9866296101554871,0.9741605949072335,False,False,False,False,-0.27852278826060434,-0.2601611720179235,False,False,False,False,452919905,418122842.79488647,False,False,False,False,39240764.07262681,False,False,False,False
2023-06-09 00:00:00+00:00,6.19,6.5,5.93,6.15,41304351,,6.64715790193944,5.4763442924587915,6.347326423907985,"rgba(38, 166, 154, 1.0)",0.0,0.0,1.6098175936063945,6.09833321095096,0.056942345153331186,49.02079295400685,1.91381626786076,False,True,False,False,False,4.038896132787794,5.9243999999999994,,0.0,0.0,0.0,0.0,1,1.0012405216393494,1.0011784955573817,False,False,False,False,-0.20175666235263814,-0.23095891718528083,False,False,False,False,411615554,417640821.40267265,False,False,False,False,39393622.36354334,False,False,False,False
2023-06-16 00:00:00+00:00,6.52,6.78,5.94,6.19,38041605,,6.6408945282045755,5.489844374558346,6.369805019896564,"rgba(38, 166, 154, 1.0)",0.0,0.0,1.6062015737433124,6.1546657912708715,0.22745227915429264,50.08815974985686,1.91381626786076,False,True,False,False,False,5.341767647134791,5.958600000000001,,0.0,0.0,0.0,0.0,1,1.0025978665021351,1.0133140658234425,False,False,False,False,-0.17273733154757726,-0.20184812436642904,False,False,False,False,449657159,420012401.96543765,False,False,False,False,39293472.929206796,False,False,False,False
2023-06-23 00:00:00+00:00,5.59,6.37,5.54,6.35,32731441,,6.62270153708717,5.494050383841519,6.320325872248219,"rgba(38, 166, 154, 1.0)",0.0,0.0,1.5950762866898744,6.076668844579038,-0.3051069397997138,48.70145683279003,1.91381626786076,False,True,False,False,False,1.3125553088763695,5.9765999999999995,,0.0,0.0,0.0,0.0,1,0.9158619774756847,1.120441549192518,False,False,False,False,-0.2546789323475107,-0.2282635283569699,False,False,False,False,416925718,419783758.70873857,True,False,False,False,38807396.4900063,False,False,False,False
2023-06-30 00:00:00+00:00,5.96,6.17,5.63,5.63,33421794,,6.606900445296193,5.499310361427737,6.299716887510016,"rgba(38, 166, 154, 1.0)",0.0,0.0,1.5833726917820323,6.053118413354761,-0.0588101675859769,48.60744465351927,1.8545090584695743,False,True,False,False,False,2.7828746474928536,6.0158,,0.0,0.0,0.0,0.0,1,0.9420660372421937,1.0799862453559388,False,False,False,False,-0.26604559890928703,-0.24715456363312846,False,False,False,False,450347512,422047740.43401724,False,False,False,False,38408462.97222806,False,False,False,False
2023-07-07 00:00:00+00:00,6.18,6.28,5.67,6.12,21868285,,6.598728911571004,5.503670827135657,6.2949570734856515,"rgba(38, 166, 154, 1.0)",0.0,0.0,1.5590437933392207,6.052350092767272,0.08187705039338401,49.059734597324365,1.8545090584695743,False,True,False,False,False,3.646702302142021,6.041399999999999,,0.0,0.0,0.0,0.0,1,0.9206797551519466,1.0708078283277744,False,False,False,False,-0.2505616635146364,-0.24885811357388243,False,False,False,False,472215797,425763892.7722382,False,False,False,False,37183264.60391487,False,False,False,False
2023-07-14 00:00:00+00:00,6.33,6.84,6.08,6.08,23452392,,6.595941192928704,5.511451903623845,6.3069597728147855,"rgba(38, 166, 154, 1.0)",0.0,0.0,1.5427035237407605,6.078212123091966,0.16321209683730872,49.73971667108994,1.8545090584695743,False,True,False,False,False,4.235605891695744,6.0696,,0.0,0.0,0.0,0.0,1,0.896262261721172,1.0943973672077458,False,False,False,False,-0.07725614961514073,-0.16305713159451157,False,False,False,False,495668189,430941988.78910947,False,False,False,False,36166162.92955081,False,False,False,False
2023-07-21 00:00:00+00:00,6.22,6.38,5.99,6.24,14977869,,6.592074521922826,5.515161298351149,6.307344802239422,"rgba(38, 166, 154, 1.0)",0.0,0.0,1.5274758310410055,6.082808357509063,0.08981591702006679,49.94140152563091,1.8545090584695743,False,True,False,False,False,3.749252507074374,6.101,,0.0,0.0,0.0,0.0,1,0.9289831376240731,1.074319972253877,False,False,False,False,-0.12418521437320672,-0.14362117298385915,False,False,False,False,480690320,434627050.3602866,False,False,False,False,34596659.67551001,False,False,False,False
2023-07-28 00:00:00+00:00,8.0,8.09,6.03,6.28,60021037,,6.621260806311932,5.554615666373799,6.415282078057393,"rgba(38, 166, 154, 1.0)",0.0,0.0,1.5406056139251387,6.25888252894107,1.1301513218707084,53.6386818094401,0.6263686285256824,False,True,False,False,True,10.306114411153551,6.1688,,0.0,0.0,0.0,0.0,1,0.9439243416081383,0.9874724592954351,False,False,False,False,0.16527229846224903,0.010825562739194938,False,False,False,False,540711357,442485147.1484135,False,False,False,False,36479946.884731494,False,False,False,False
2023-08-04 00:00:00+00:00,7.56,8.38,7.12,7.91,44384443,,6.6499020150469255,5.587574210459444,6.647507867909892,"rgba(38, 166, 154, 1.0)",0.0,0.0,1.5331861308111636,6.71976415430781,0.5480325113870198,55.159864265205066,2.055178366002579,False,False,True,False,True,8.37090604951538,6.232,,0.0,0.0,0.0,0.0,1,1.0,0.9613024490021559,False,False,False,False,0.34282822093934545,0.1768268918392702,False,False,False,False,496326914,446473426.17445695,False,False,False,False,37065465.11549212,False,False,False,False
2023-08-11 00:00:00+00:00,6.85,7.7299,6.75,7.71,26038617,,6.657045109492809,5.601256643919303,6.640787442878487,"rgba(38, 166, 154, 1.0)",0.0,0.0,1.4985466472733002,6.693021300013971,0.1047539629624886,54.60774693502306,2.055178366002579,False,False,True,False,True,5.368875820028208,6.249200000000001,,0.0,0.0,0.0,0.0,1,1.009274058288443,0.9585666646934627,False,False,False,False,0.17976103195255472,0.17829396189591246,False,False,False,False,470288297,448237490.68005276,False,False,False,False,36248661.551381595,False,False,False,False
2023-08-18 00:00:00+00:00,6.67,6.87,6.44,6.82,18631849,,6.6570775769778345,5.608021857005378,6.622571857221905,"rgba(38, 166, 154, 1.0)",0.0,0.0,1.4473165601295452,6.654761961899567,0.010528476298971665,53.82190410165984,2.055178366002579,False,True,False,False,True,4.627139178861839,6.2726,,0.0,0.0,0.0,0.0,1,0.9848419672668428,1.0233515639402693,False,False,False,False,0.0033559297348550606,0.09082494581538376,False,False,False,False,451656448,448490746.77782667,False,False,False,False,34943712.47350147,False,False,False,False
2023-08-25 00:00:00+00:00,6.71,7.03,6.24,6.53,37954709,6.660000000000001,6.6571415573049695,5.621539177444055,6.604348198451237,"rgba(38, 166, 154, 1.0)",-1.0,7.67625,1.4181629660226613,6.614840923441946,0.06710024083123131,53.34437814305465,2.055178366002579,False,True,False,False,False,4.774106414131719,6.2988,,1.0,7.03,6.24,0.0,1,0.9570367642545878,1.0147302522555697,False,False,False,False,-0.0026101902166119823,0.044107377799385894,False,False,False,False,489611157,451536703.0905802,False,False,False,False,35166749.253242105,False,False,False,False
2023-09-01 00:00:00+00:00,7.47,7.83,6.7,6.78,42074366,7.0139972579548955,6.67316334841861,5.6455797521368,6.646907530926184,"rgba(38, 166, 154, 1.0)",0.0,0.0,1.4018938284714357,6.673568995976002,0.5681107854596892,54.51158887793217,2.055178366002579,False,False,True,False,False,7.506872117466944,6.3431999999999995,,0.0,0.0,0.0,0.0,1,0.9813002555631738,1.0068565729601695,False,False,False,False,0.1874884127182746,0.11579789525883025,False,False,False,False,531685523,457473652.7135002,False,False,False,False,35678424.567816764,False,False,False,False
2023-09-08 00:00:00+00:00,7.19,7.6,6.9209,7.39,16942366,7.052953359774589,6.678491803269401,5.654528792229214,6.659185880858668,"rgba(38, 166, 154, 1.0)",0.0,0.0,1.3830850748686132,6.689348768990441,0.3619815151697151,54.66054596335278,2.055178366002579,False,False,True,False,False,6.3172577183058145,6.3914,,0.0,0.0,0.0,0.0,1,1.0108880556857436,1.009547119373709,False,False,False,False,0.18608321681093298,0.1509405560348816,False,False,False,False,514743157,461715838.21620387,False,False,False,False,34290568.37760811,False,False,False,False
2023-09-15 00:00:00+00:00,7.24,7.7,7.135,7.43,25048102,7.115641586089752,6.687859998585377,5.668577147440407,6.68096314003496,"rgba(38, 166, 154, 1.0)",0.0,0.0,1.3634161916713856,6.718024240997507,0.38284403705270154,54.86871426264612,2.055178366002579,False,False,True,False,False,6.497231858658523,6.4374,,0.0,0.0,0.0,0.0,1,1.0762019651358743,0.9645465177313455,False,False,False,False,0.23504861038884214,0.19299458321186186,False,False,False,False,539791259,467499202.71870726,False,False,False,False,33605941.23852603,False,False,False,False
2023-09-22 00:00:00+00:00,7.23,7.73,6.81,7.17,21140833,7.136467094939268,6.6943994047942095,5.6795524406144855,6.694702440532291,"rgba(38, 166, 154, 1.0)",0.0,0.0,1.334398916541999,6.735078621770393,0.37089461936327206,54.99058903150791,2.055178366002579,False,False,True,False,False,6.4536729416544425,6.482,,0.0,0.0,0.0,0.0,1,1.0570273453075305,0.9295271830345966,False,False,False,False,0.1890334287357635,0.19101400597381268,False,False,False,False,518650426,471288182.2210253,False,False,False,False,32682599.887524106,False,False,False,False
2023-09-29 00:00:00+00:00,9.11,9.33,7.09,7.1,43074944,7.4541557748719915,6.735956064643836,5.718855476770523,6.793969040754833,"rgba(38, 166, 154, 1.0)",0.0,0.0,1.3396120589441036,6.8734603372277245,1.6695427962444136,58.32793809105199,5.232690253141257,True,False,True,False,True,12.828352589252813,6.586400000000001,,0.0,0.0,0.0,0.0,0,1.0460687090490526,0.8893217637683726,False,False,False,False,0.3428282267013592,0.266921116337586,False,False,False,False,561725370,477987233.167616,False,False,False,False,33452403.155114915,False,False,False,False
2023-10-06 00:00:00+00:00,9.0,9.35,8.52,9.11,18239030,7.588179143723731,6.757271810726615,5.7377812452052215,6.842182756050937,"rgba(38, 166, 154, 1.0)",0.0,0.0,1.352714961019415,6.939673865423793,1.5231044188522405,60.412647430267214,7.200402738813516,True,False,True,False,True,12.343384733744887,6.6876,,0.0,0.0,0.0,0.0,0,1.0915960110705971,0.8813864604841192,False,False,False,False,0.3428282326153177,0.30487467447645183,False,False,False,False,543486340,482839018.8589037,False,False,False,False,32325486.6251064,False,False,False,False
2023-10-13 00:00:00+00:00,8.91,10.015,8.44,8.83,48798169,7.883637109710008,6.816471318516841,5.789886335338783,6.967401022548183,"rgba(38, 166, 154, 1.0)",0.0,0.0,1.3655386951411956,7.1076243367089305,1.3199008345235543,61.647139099931636,8.327998752603293,True,False,True,False,True,11.942578486853229,6.7784,,0.0,0.0,0.0,0.0,0,1.1064904453236803,0.8343715800993349,False,False,False,False,0.34282823434337256,0.3238514544099122,False,False,False,False,494688171,483716733.83231825,False,False,False,False,33545685.319542967,False,False,False,False
2023-10-20 00:00:00+00:00,9.34,9.68,9.175,9.26,33288499,8.05959252778222,6.859829062304594,5.8273955073101344,7.053376974273963,"rgba(38, 166, 154, 1.0)",0.0,0.0,1.3849402107626805,7.220308335202297,1.5305293674955092,63.18376518189666,9.750610177108832,True,False,True,False,True,13.322427623172931,6.856400000000001,,0.0,0.0,0.0,0.0,0,1.112994350282486,0.8614975967619531,False,False,False,False,0.34282823537535295,0.3333398448926326,False,False,False,False,527976670,486995247.62251693,False,False,False,False,33526634.4810583,False,False,False,False
2023-10-27 00:00:00+00:00,9.24,10.58,8.96,9.25,49782700,8.28660363075311,6.926796768582036,5.885042305528691,7.51195755063234,"rgba(38, 166, 154, 1.0)",0.0,0.0,1.4100454021186786,8.063920508461974,0.8340720729778597,63.97619161507714,10.466051364557153,True,False,True,False,True,12.866157009276442,6.945999999999999,,0.0,0.0,0.0,0.0,0,1.1220403687609146,0.8042480607562037,False,False,False,False,0.3428282369161003,0.33808404090436645,False,False,False,False,478193970,486343301.13196015,False,False,False,False,34730787.48246139,False,False,False,False
2023-11-03 00:00:00+00:00,9.1,9.37,8.41,9.3,30354283,8.342345587097432,6.956721382399904,5.913476965749284,7.745245992201877,"rgba(38, 166, 154, 1.0)",0.0,0.0,1.4272117338830013,8.509604770003893,0.4136703867966556,64.10227518618619,10.581143853021864,True,False,True,False,True,12.22245955668371,7.017,,0.0,0.0,0.0,0.0,0,1.1162979171731906,0.8445984277494124,False,False,False,False,0.18732280112907465,0.26270342101672056,False,False,False,False,447839687,483491181.56662977,False,False,False,False,34406601.96524203,False,False,False,False
2023-11-10 00:00:00+00:00,9.4,9.725,8.8708,9.4,26232630,8.408411928460216,6.98655341333706,5.940579125732447,7.808191608690849,"rgba(38, 166, 154, 1.0)",0.0,0.0,1.445533661859023,8.583821530049313,0.5646208673556892,64.70951792386367,11.201780632913724,True,False,True,False,True,13.212219552142557,7.0992,,0.0,0.0,0.0,0.0,0,1.123555526803115,0.8374588593008306,False,False,False,False,0.25755368617678026,0.2601285535967504,False,False,False,False,474072317,482793487.8950276,False,False,False,False,33801122.560409285,False,False,False,False
2023-11-17 00:00:00+00:00,9.5,9.86,9.17,9.48,30934390,8.488807699132597,7.0233823504801025,5.973641185776973,7.8803044615053786,"rgba(38, 166, 154, 1.0)",0.0,0.0,1.4772253025840651,8.665491098611737,0.5649164686852318,65.3154462515319,11.839635463904074,True,False,True,False,True,13.541797483572722,7.1754,,0.0,0.0,0.0,0.0,0,1.1250343389945543,0.837354362264273,False,False,False,False,0.2962447804765419,0.2781866670366462,False,False,False,False,505006707,484438911.5324329,False,False,False,False,33588772.00037897,False,False,False,False
2023-11-24 00:00:00+00:00,11.39,11.42,9.69,9.8,40080055,8.691350459533993,7.094089863993384,6.031270931425542,8.085127447062746,"rgba(38, 166, 154, 1.0)",0.0,0.0,1.5736000842733877,8.956636025565762,1.5463674657578883,68.26377642250426,14.705482101314075,True,False,True,False,True,19.27433035111616,7.271,,0.0,0.0,0.0,0.0,0,1.1357031297850189,0.7697449010840939,False,False,False,False,0.3428282387068553,0.31050745287175074,False,False,False,False,545086762,488931344.9004009,False,False,False,False,34069607.77812867,False,False,False,False
2023-12-01 00:00:00+00:00,12.21,12.705,10.85,11.09,63100800,9.078101492423276,7.231138427685278,6.139229086529748,8.440988763543157,"rgba(38, 166, 154, 1.0)",0.0,0.0,1.6951207350234063,9.444673870429511,1.631344642558635,71.1343469270604,17.411515174787212,True,False,True,False,True,20.0,7.3660000000000005,,0.0,0.0,0.0,0.0,0,1.183370441801759,0.7412335897416804,False,False,False,False,0.34282824181381844,0.3266678473427846,False,False,False,False,608187562,497765138.75963044,False,False,False,False,36220066.46123025,False,False,False,False
2023-12-08 00:00:00+00:00,11.14,12.2,10.99,12.14,41728165,9.251626965469168,7.3087578916113785,6.202745419082908,8.584957080928483,"rgba(38, 166, 154, 1.0)",0.0,0.0,1.7610030720642726,9.610770742552592,0.8683853433911527,70.20632416365754,17.411515174787212,True,False,True,False,True,16.645057065552578,7.4113999999999995,,0.0,0.0,0.0,0.0,0,1.1601340691139368,0.7689779774758071,False,False,False,False,0.3199996249148831,0.32333373612883387,False,False,False,False,566459397,502853602.3329911,False,False,False,False,36628073.76039838,False,False,False,False
2023-12-15 00:00:00+00:00,12.85,13.485,11.02,11.14,43500375,9.478980784899342,7.4056907605451885,6.279792140870623,9.387386123181395,"rgba(38, 166, 154, 1.0)",1.0,13.437857,1.8837945986996765,10.828636121070506,1.0730277495883982,71.24661750399059,17.411515174787212,True,False,True,False,True,20.0,7.5274,,0.0,0.0,0.0,0.0,0,1.15188856699573,0.7473672648387406,False,False,False,False,0.3428282427560849,0.3330809894424594,False,False,False,False,609959772,510787392.67869544,False,False,False,False,37137133.11147998,False,False,False,False
2023-12-22 00:00:00+00:00,12.09,12.98,11.3,12.98,34821579,9.621278885769438,7.475810332036811,6.336902558361517,9.477065863967162,"rgba(38, 166, 154, 1.0)",0.0,0.0,1.9519697420487485,10.893739858538698,0.6128476869757884,70.27613533300777,17.411515174787212,True,False,True,False,True,17.872592091356225,7.598400000000001,,0.0,0.0,0.0,0.0,0,1.1761460386415135,0.7615073139991687,False,False,False,False,0.32976730890980854,0.33142414917613394,False,False,False,False,575138193,515554118.6284217,False,False,False,False,36965610.58470369,False,False,False,False
2023-12-29 00:00:00+00:00,12.63,13.16,11.75,12.04,25171147,9.729563707507214,7.529358498614485,6.380231090384299,9.566677131422432,"rgba(38, 166, 154, 1.0)",0.0,0.0,2.0465679906957703,10.986635441678882,0.8029855669551568,70.11778553020736,17.411515174787212,True,False,True,False,True,19.213477919431263,7.6781999999999995,,0.0,0.0,0.0,0.0,0,1.1844230217328915,0.7568746901823684,False,False,False,False,0.3428282429854926,0.3371261960808133,False,False,False,False,600309340,521832283.1744645,False,False,False,False,36091946.615466386,False,False,False,False
2024-01-05 00:00:00+00:00,12.64,12.825,11.61,12.54,28691010,9.837162221636877,7.587167426214784,6.427653509734469,9.649053266572176,"rgba(38, 166, 154, 1.0)",0.0,0.0,2.1325676525711383,11.060513488042654,0.7406501313348878,70.0146612271887,17.411515174787212,True,False,True,False,True,19.238210199242065,7.7742,,0.0,0.0,0.0,0.0,0,1.1750980229114563,0.7758105679252403,False,False,False,False,0.3150232259296605,0.3260747110052369,False,False,False,False,629000350,529770658.49487454,False,False,False,False,35543729.088394806,False,False,False,False
2024-01-12 00:00:00+00:00,12.11,12.44,11.5,12.43,24467979,9.910674970506127,7.631932111957014,6.465209534861146,9.698228626378478,"rgba(38, 166, 154, 1.0)",0.0,0.0,2.1895415045164093,11.090774887278473,0.46549705069264574,68.7153110723116,17.411515174787212,True,False,True,False,False,17.031619800280794,7.8674,,0.0,0.0,0.0,0.0,0,1.1502455115930763,0.8020424542312042,False,False,False,False,0.28654024822465496,0.3063074796149459,False,False,False,False,604532371,535308563.12488383,False,False,False,False,34723303.15592112,False,False,False,False
2024-01-19 00:00:00+00:00,11.12,12.18,10.56,11.79,23247830,9.953402275982365,7.666691396936519,6.495796977600223,9.713362096188261,"rgba(38, 166, 154, 1.0)",0.0,0.0,2.214042017228678,11.071157314632806,0.022060414837261913,65.737326031636,19.68766083152964,True,False,True,False,False,13.099719735346468,7.954199999999999,,0.0,0.0,0.0,0.0,0,1.118771708913505,0.8033651477270652,False,False,False,False,0.20999190729179987,0.2581496934533729,False,False,False,False,581284541,538714191.1156331,False,False,False,False,33873268.10733437,False,False,False,False
2024-01-26 00:00:00+00:00,11.75,12.7,10.45,10.66,46530711,10.05170198331799,7.740789279667301,6.560213496030644,9.775437523661381,"rgba(38, 166, 154, 1.0)",0.0,0.0,2.2465872977666517,11.088964602608275,0.2942398000954002,64.43869743425562,18.454071819045453,True,False,True,False,False,14.770629542708189,8.061,,0.0,0.0,0.0,0.0,0,1.1135532021700603,0.8404811873642954,False,False,False,False,0.2344071695027914,0.24627843147808215,False,False,False,False,627815252,545314269.6996603,False,False,False,False,34810856.46975405,False,False,False,False
2024-02-02 00:00:00+00:00,11.11,11.71,10.34,11.69,38098443,10.097496357788286,7.790691485201454,6.60587203980332,10.15320697098617,"rgba(38, 166, 154, 1.0)",-1.0,10.605,2.280900541294876,11.364573024454385,-0.11161075191374356,62.28113102534412,16.40155303054513,True,False,True,False,False,12.327071617456781,8.1396,,0.0,0.0,0.0,0.0,0,1.0757115075470673,0.8785304441541082,False,False,False,False,0.16943811814822693,0.20785827481315455,False,False,False,False,589716809,548603346.6848706,False,False,False,False,35054381.397920415,False,False,False,False
2024-02-09 00:00:00+00:00,13.59,13.6,10.89,11.37,60544164,10.273323686748206,7.905316345650762,6.70261470235468,10.420059774478467,"rgba(38, 166, 154, 1.0)",0.0,0.0,2.376189507715358,11.727681286669648,0.7837416617165861,63.52454148717597,16.40155303054513,True,False,True,False,False,18.41709853763763,8.27,,0.0,0.0,0.0,0.0,0,1.0982880426229602,0.8118620934351599,False,False,False,False,0.3163309132763923,0.2620945940447734,False,False,False,False,650260973,556133541.226732,False,False,False,False,36942513.442518905,False,False,False,False
2024-02-16 00:00:00+00:00,14.17,15.52,13.66,13.68,29099822,10.405011122718866,7.9780444426509245,6.761343395028661,11.354718615404892,"rgba(38, 166, 154, 1.0)",0.0,0.0,2.4814494311348065,12.732822764359675,0.5791684559870643,64.92375297721422,16.40155303054513,True,False,True,False,True,19.699484171787525,8.3904,,0.0,0.0,0.0,0.0,0,1.1768258053187668,0.744706886192223,False,False,False,False,0.3428282451048018,0.3024614195747876,False,False,False,False,679360795,565261485.9506778,False,False,False,False,36361573.33566566,False,False,False,False
2024-02-23 00:00:00+00:00,14.21,14.555,13.14,14.5,31951757,10.524243022969245,8.05025466969158,6.820834723900702,11.447404598826287,"rgba(38, 166, 154, 1.0)",0.0,0.0,2.576439599332572,12.803755396915452,0.5458092646335807,65.9587875049049,16.40155303054513,True,False,True,False,True,19.787543713560094,8.5378,,0.0,0.0,0.0,0.0,0,1.1652132397169932,0.7793560325085709,False,False,False,False,0.2694795598446846,0.2859704897097361,False,False,False,False,711312552,576080083.4358127,False,False,False,False,36034920.2737645,False,False,False,False
2024-03-01 00:00:00+00:00,14.82,15.32,14.2945,14.35,28758393,10.649586094361338,8.122825298745136,6.879764911643049,11.606785642087347,"rgba(38, 166, 154, 1.0)",0.0,0.0,2.6760092513878737,13.002579761163343,0.6791531972074007,67.24235809520671,12.876642197189568,True,False,True,False,True,20.0,8.7218,,0.0,0.0,0.0,0.0,0,1.1817651869064296,0.7779010236605107,False,False,False,False,0.34282824460119976,0.3143993671554679,False,False,False,False,740070945,588227554.6627896,False,False,False,False,35495918.25348565,False,True,False,False
2024-03-08 00:00:00+00:00,11.82,14.79,11.52,14.77,48246842,10.745921078236579,8.203964931550168,6.9510181931287045,11.578367789045142,"rgba(38, 166, 154, 1.0)",0.0,0.0,2.689681651680615,12.850038957783468,-0.3829594320725133,63.289585977109795,12.876642197189568,True,False,True,False,False,10.72071631023595,8.8378,,0.0,0.0,0.0,0.0,0,1.093501570290012,0.7993784373723982,False,False,False,False,0.1874869184348163,0.25094314279514207,False,False,False,False,691824103,595901373.0581385,False,False,False,False,36440431.12359782,False,False,False,False
2024-03-15 00:00:00+00:00,12.02,13.45,12.0,12.14,40232230,10.811368151349631,8.266265156880191,7.006897419867877,11.566636850829731,"rgba(38, 166, 154, 1.0)",0.0,0.0,2.7048706685040056,12.760214003085032,-0.2736596657667281,60.69230363665762,15.442735850864239,False,False,True,False,False,11.190453119177764,8.95,,0.0,0.0,0.0,0.0,1,1.0931657960882883,0.835551508129762,False,False,False,False,0.14875517566572655,0.1998491592304343,False,False,False,False,732056333,605986925.6464245,False,False,False,False,36721305.11444243,False,False,False,False
2024-03-22 00:00:00+00:00,11.86,12.29,11.55,12.1,26006195,10.837149114817628,8.30008941813106,7.038599267938806,11.538746658846321,"rgba(38, 166, 154, 1.0)",0.0,0.0,2.692776101931816,12.676727660302149,-0.30330321920052067,58.61487122798895,13.56322081304787,False,False,True,False,False,10.679332325492773,9.0612,,0.0,0.0,0.0,0.0,1,1.0904973470877137,0.8641615219235093,False,False,False,False,0.041177900385963556,0.12051352980819893,False,False,False,False,706050138,613399015.4503931,False,False,False,False,35927593.25411336,False,False,False,False
2024-03-29 00:00:00+00:00,11.35,11.98,10.87,11.93,18354774,10.846402160809989,8.320322060991257,7.058451854945406,11.767942373476963,"rgba(38, 166, 154, 1.0)",0.0,0.0,2.6690356594379407,12.465710600973326,-0.4180201178759366,56.41787553165732,11.56058584365163,False,False,True,False,False,9.058016429008198,9.165799999999999,,0.0,0.0,0.0,0.0,1,1.068743469307011,0.9087097886845282,False,False,False,False,-0.04728562767862055,0.036613951064789194,False,False,False,False,687695364,618902448.6762899,False,False,False,False,34625902.93899386,False,False,False,False
2024-04-05 00:00:00+00:00,11.12,11.8,11.055,11.54,11003623,10.85107294211136,8.332033008572775,7.0700628896274935,11.744927320047056,"rgba(38, 166, 154, 1.0)",0.0,0.0,2.6474174054951916,12.419112827623557,-0.4907094834864406,54.52737084560221,9.841920715550152,False,True,True,False,False,8.332350416236629,9.2644,,0.0,0.0,0.0,0.0,1,1.037248183976291,0.9135959048601826,False,False,False,False,-0.04700616167427091,-0.005196105304740857,False,False,False,False,676691741,623183136.9965647,False,False,False,False,32876104.424994312,False,False,False,False
2024-04-12 00:00:00+00:00,11.7,12.34,10.98,11.17,34285117,10.87533842038448,8.372123116253583,7.1087675866287,11.73114678292433,"rgba(38, 166, 154, 1.0)",0.0,0.0,2.6508746610257603,12.378159673746325,-0.25582487309449414,53.98436904300196,9.377139143869918,False,True,False,False,False,9.781138745852061,9.3812,,0.0,0.0,0.0,0.0,1,1.0375806303221125,0.9163156926285231,False,False,False,False,-0.021042021896805322,-0.01311906360077309,False,False,False,False,710976858,629686375.5894117,False,False,False,False,32980475.726846583,False,False,False,False
2024-04-19 00:00:00+00:00,11.43,12.15,11.29,11.83,36160086,10.89791669829981,8.412751474762402,7.148450420283995,11.70491317926733,"rgba(38, 166, 154, 1.0)",0.0,0.0,2.6354290075913682,12.313816607833514,-0.33535967210183837,53.185877889275886,8.597940806585306,False,True,False,False,False,8.914898093135903,9.4918,,0.0,0.0,0.0,0.0,1,1.033414756037859,0.9195674567558745,False,False,False,False,-0.014347603470084491,-0.01373333353542879,False,False,False,False,674816772,633029367.916122,False,False,False,False,33216002.413746834,False,False,False,False
2024-04-26 00:00:00+00:00,13.41,13.965,11.59,11.59,55315321,10.990181618923941,8.498578262217366,7.225933357685909,12.184437403841933,"rgba(38, 166, 154, 1.0)",0.0,0.0,2.66887797053773,12.61357057129351,0.2984135796010279,55.07928682698356,8.597940806585306,False,True,True,False,False,13.60866725974569,9.64,,0.0,0.0,0.0,0.0,1,1.0414982732931017,0.8946160631082719,False,False,False,False,0.10397823606436055,0.04512245126446588,False,False,False,False,730132093,640222162.3667797,False,False,False,False,34852988.97569151,False,False,False,False
2024-05-03 00:00:00+00:00,13.18,13.25,11.805,13.19,33808847,11.036277303677078,8.546710256731707,7.270329460526168,12.203796848165453,"rgba(38, 166, 154, 1.0)",0.0,0.0,2.688191816675888,12.622089394367968,0.20754121866270747,56.06404955630673,8.597940806585306,False,True,True,False,False,12.868908755148322,9.7858,,0.0,0.0,0.0,0.0,1,1.05567789461294,0.8802207988386234,False,False,False,False,0.05695578033358865,0.051039115799027264,False,False,False,False,696323246,644377798.1914628,False,False,False,False,34775645.12564029,False,False,False,False
2024-05-10 00:00:00+00:00,13.42,13.85,12.52,13.03,34958811,11.095168012666644,8.601349887310626,7.319766522473107,12.271635658527364,"rgba(38, 166, 154, 1.0)",0.0,0.0,2.7152976509644944,12.710311417088167,0.2613667723167461,57.045785926067175,8.597940806585306,False,False,True,False,True,13.41634875455454,9.9372,,0.0,0.0,0.0,0.0,1,1.0611974306144711,0.8756635559326144,False,False,False,False,0.12838894219900995,0.0897140289990186,False,False,False,False,731282057,650815150.6957989,False,False,False,False,34789212.96818545,False,False,False,False
2024-05-17 00:00:00+00:00,12.93,13.895,11.95,13.45,34475582,11.141673213645412,8.650186852970219,7.36499771287885,12.298273768439419,"rgba(38, 166, 154, 1.0)",0.0,0.0,2.7410428935250377,12.73112504481589,0.07255448488379994,56.91622680663977,8.597940806585306,False,False,True,False,True,11.822602751598293,10.0716,,0.0,0.0,0.0,0.0,1,1.0389437779346036,0.8814514231945425,False,False,False,False,0.037481817683284284,0.06359792334115144,False,False,False,False,696806475,654221915.4590731,False,False,False,False,34765981.044616155,False,False,False,False
2024-05-24 00:00:00+00:00,11.43,12.6775,11.28,12.56,37315989,11.159186680327995,8.688180758693298,7.403362828766741,12.24020869606805,"rgba(38, 166, 154, 1.0)",0.0,0.0,2.7494227076288564,12.621402472369816,-0.43332822889111133,54.589968705191964,8.597940806585306,False,True,True,False,True,7.194546395869082,10.1764,,0.0,0.0,0.0,0.0,1,1.00954071969697,0.9449692234848487,False,False,False,False,-0.16505398149052405,-0.05072802907468631,False,False,False,False,659490486,654612179.9435862,False,False,False,False,34954870.522792734,False,False,False,False
2024-05-31 00:00:00+00:00,11.36,12.19,11.315,11.55,28889384,11.168577744866317,8.715356990631475,7.431451457003819,12.195816799557502,"rgba(38, 166, 154, 1.0)",0.0,0.0,2.7623130208622615,12.541672585033062,-0.42778373635012634,52.83275924493355,8.084176021146305,False,True,False,False,False,6.986438497176682,10.2732,,0.0,0.0,0.0,0.0,1,0.9825012118274358,0.9866214251090645,False,False,False,False,-0.20591350202706257,-0.12832076555087443,False,False,False,False,630601102,652833581.5773947,False,False,False,False,34505575.22480809,False,False,False,False
2024-06-07 00:00:00+00:00,10.75,11.66,10.73,11.56,21715065,11.16674496935157,8.731478819995717,7.449455970891234,12.145597231984276,"rgba(38, 166, 154, 1.0)",0.0,0.0,2.7586808245775476,12.458747474661969,-0.6194074571579476,50.744531111643326,6.017808821218772,False,True,False,False,False,5.181243718248943,10.3764,,0.0,0.0,0.0,0.0,1,0.9649255552843543,0.9873810104954844,False,False,False,False,-0.3098879072936401,-0.21910433642225724,False,False,False,False,608886037,649578207.9049951,False,False,False,False,33558130.02297045,False,False,False,False
2024-06-14 00:00:00+00:00,10.91,11.39,10.555,10.84,40235696,11.160916146278142,8.759567091626666,7.481478136497021,12.059910985524688,"rgba(38, 166, 154, 1.0)",0.0,0.0,2.765452487290177,12.32114375344539,-0.510275898765539,49.511854971495275,4.7868869703787595,False,True,False,False,False,5.590284288643229,10.4754,,0.0,0.0,0.0,0.0,0,0.9582613116420947,1.0263853584138283,False,False,False,False,-0.34282825441539394,-0.28096629541882556,False,False,False,False,649121733,649544394.9490696,False,False,False,False,34052764.53978746,False,False,False,False
2024-06-21 00:00:00+00:00,10.22,11.3,10.08,10.94,18935281,11.153012789145665,8.77006526821346,7.494553923587063,11.962093732465217,"rgba(38, 166, 154, 1.0)",0.0,0.0,2.7674797264001776,11.784308644102238,-0.5652466499319309,47.68451421468614,2.978399663976539,False,True,False,False,False,3.5648161860430783,10.5562,,0.0,0.0,0.0,0.0,0,0.9383487654320987,1.0160236625514403,False,False,False,False,-0.34282825441539394,-0.3118972749171097,False,False,False,False,630186452,648110473.2491386,False,False,False,False,32932950.944247644,False,False,False,False
2024-06-28 00:00:00+00:00,10.67,11.06,10.27,10.32,19774201,11.14669974364843,8.781715772367695,7.508683881395536,11.92928409231003,"rgba(38, 166, 154, 1.0)",0.0,0.0,2.7682847846001346,11.749214499617624,-0.38984952184878313,47.15135143970251,2.406111941072453,False,True,False,False,False,4.739953191568219,10.642999999999999,,0.0,0.0,0.0,0.0,0,0.9293395980161837,1.025920125293657,False,False,False,False,-0.34282825441539394,-0.3273627646662518,False,False,False,False,649960653,648247523.6010543,False,False,False,False,31958228.72615523,False,False,False,False
2024-07-05 00:00:00+00:00,10.74,11.11,10.32,10.77,16708991,11.142106457053405,8.791741945362475,7.520738280317719,11.902630834356327,"rgba(38, 166, 154, 1.0)",0.0,0.0,2.765994710540623,11.719740954313338,-0.3542092653249665,46.89212519894586,2.049001464271683,False,True,False,False,False,4.922936586520066,10.7334,,0.0,0.0,0.0,0.0,0,0.9335620958162862,1.0160485680348423,False,False,False,False,-0.33391403595959357,-0.3306384003129227,False,False,False,False,666669644,649612125.1120874,False,False,False,False,30828655.56125484,False,False,False,False
2024-07-12 00:00:00+00:00,10.81,11.15,10.27,10.73,14815987,11.138306704414383,8.800637166493688,7.531417915114602,11.879656911945899,"rgba(38, 166, 154, 1.0)",0.0,0.0,2.75630390981169,11.693928919360435,-0.3206935622062169,46.83515157010738,1.839624770893309,False,True,False,False,False,5.108674450930952,10.789599999999998,,0.0,0.0,0.0,0.0,0,0.9400132890365449,1.0101794019933557,False,False,False,False,-0.33480313740046963,-0.33272076885669616,False,False,False,False,681485631,651973125.5482291,False,False,False,False,29642531.96412485,False,False,False,False
2024-07-19 00:00:00+00:00,10.09,10.61,9.87,10.61,21837180,11.12517299605435,8.809908489374989,7.544340535142632,11.814963152391304,"rgba(38, 166, 154, 1.0)",0.0,0.0,2.7366084619239635,11.604735206859777,-0.5535081937862779,45.67074795551355,0.5440209889219432,False,True,False,True,False,2.9404907754163503,10.8402,,0.0,0.0,0.0,0.0,1,0.9481120584652862,1.0125321423737992,False,False,False,False,-0.34282825441539394,-0.33777451163604505,False,False,False,False,659648451,652541668.1742862,False,False,False,False,29064357.744560048,False,False,False,False
2024-07-26 00:00:00+00:00,10.74,11.1,10.32,10.35,20364814,11.120006577657074,8.821721750247466,7.558670796722159,11.787874155968861,"rgba(38, 166, 154, 1.0)",0.0,0.0,2.729109335619541,11.576268220908677,-0.30642532711824594,46.071097683965355,0.5440209889219432,False,True,False,False,False,4.693431421236944,10.918,,0.0,0.0,0.0,0.0,1,0.9555524436353453,1.0073659151379357,False,False,False,False,-0.2683423004915848,-0.30305840606381496,False,False,False,False,680013265,654576601.2724873,False,False,False,False,28419947.096814856,False,False,False,False
2024-08-02 00:00:00+00:00,8.47,10.9,8.18,10.74,54746584,11.055819975281349,8.827635640307829,7.5781433637582145,11.562864131494027,"rgba(239, 83, 80, 1.0)",0.0,0.0,2.71765351887407,11.265786516351191,-1.028750168825602,43.39958961532837,-1.9279107085679215,False,True,False,True,False,0.0,10.954,,0.0,0.0,0.0,0.0,0,0.9033635012832636,0.9868431716871539,False,False,False,False,-0.34282825441539394,-0.3229433302396044,False,False,False,False,625266681,652405496.0671178,False,False,False,False,30370068.348902646,False,False,False,False
2024-08-09 00:00:00+00:00,9.06,9.55,7.895,7.98,50990775,10.98931831390682,8.827746133384297,7.592019196299528,11.029382377522726,"rgba(239, 83, 80, 1.0)",0.0,0.0,2.7138976127061643,10.28211348261141,-0.45031672414228546,42.53463786378381,-2.8538424487236114,False,True,False,True,False,0.0,11.001,,0.0,0.0,0.0,0.0,0,0.8773081201334816,1.0765572858731922,False,False,False,False,-0.34282825441539394,-0.33288579232749915,False,False,False,False,676257456,654172307.9139979,False,False,False,False,31897528.100835785,False,False,False,False
2024-08-16 00:00:00+00:00,9.01,9.31,8.85,9.06,29864554,10.956007407923593,8.829740245435904,7.601428808224744,10.96107576391837,"rgba(239, 83, 80, 1.0)",0.0,0.0,2.6973149278161395,10.223554753889502,-0.4499121483274656,41.856693670214526,-3.6134543681045344,False,True,False,True,False,0.0,11.031799999999999,,0.0,0.0,0.0,0.0,0,0.8214844882574659,1.1409973905479849,False,False,False,False,-0.29990178487685926,-0.3163937886021792,False,False,False,False,646392902,653596055.6240721,False,False,False,False,31746937.426699802,False,False,False,False
2024-08-23 00:00:00+00:00,8.63,9.12,8.545,9.0,13256342,10.939371964948105,8.829490883133044,7.604737547232094,10.920717210276006,"rgba(239, 83, 80, 1.0)",0.0,0.0,2.661418764087644,10.179675331713403,-0.582274143635056,40.905266493632794,-4.646156160442757,False,True,False,True,False,0.0,11.060599999999999,,0.0,0.0,0.0,0.0,0,0.8234175334323923,1.1214858841010402,False,False,False,False,-0.3294967725447263,-0.32294528057345273,False,False,False,False,633136560,652080537.4296963,False,False,False,False,30377263.691388704,False,False,False,False
2024-08-30 00:00:00+00:00,8.04,8.605,7.93,8.49,24001212,10.902112151693498,8.825073665578318,7.607743862073791,10.820733010394381,"rgba(239, 83, 80, 1.0)",0.0,0.0,2.6357241649827166,10.05674370533497,-0.7651573454190322,39.527435962050795,-6.080371483547495,False,True,False,True,False,0.0,11.076600000000001,,0.0,0.0,0.0,0.0,0,0.7697954271961492,1.1632821901323704,False,False,False,False,-0.34282825441539394,-0.33288676749442336,False,False,False,False,609135348,648899412.2867558,False,False,False,False,29904963.566100653,False,False,False,False
2024-09-06 00:00:00+00:00,7.69,8.145,7.595,8.0,15689821,10.874942896929081,8.820498904178912,7.608418830690001,10.749109115949347,"rgba(239, 83, 80, 1.0)",0.0,0.0,2.6192987714375042,9.967426645206903,-0.8694795225506183,38.14373413843107,-7.500199728360144,False,True,False,True,False,0.0,11.085799999999999,,0.0,0.0,0.0,0.0,0,0.8300262381108562,1.176697277795999,False,False,False,False,-0.34282825441539394,-0.3378575109549087,False,False,False,False,593445527,644791717.0803295,False,False,False,False,28851990.042685788,False,False,False,False
2024-09-13 00:00:00+00:00,7.43,7.84,7.375,7.65,16733943,10.844057467974297,8.814413179801068,7.6082057280669355,10.670029049129777,"rgba(239, 83, 80, 1.0)",0.0,0.0,2.603533115726522,9.868985584860953,-0.936798372230556,36.85884726988482,-8.810542170839994,False,True,False,True,False,0.0,11.052200000000001,,0.0,0.0,0.0,0.0,0,0.8055413469735722,1.1545609548167093,False,False,False,False,-0.34282825441539394,-0.34034288268515134,False,False,False,False,576711584,639748744.2595644,True,False,False,False,27954356.928412765,False,False,False,False
2024-09-20 00:00:00+00:00,8.06,8.22,7.345,7.46,26851133,10.800474930035326,8.807257206345279,7.609715444672305,10.135748259634003,"rgba(239, 83, 80, 1.0)",0.0,0.0,2.5783219418908883,9.040172154383043,-0.3801589469716124,37.30764527371526,-8.810542170839994,False,True,False,True,False,0.0,11.033399999999999,,0.0,0.0,0.0,0.0,0,0.8206890699253225,1.1015784114052953,True,False,False,False,-0.31976210317941073,-0.330052492932281,False,False,False,False,603562717,637068297.795893,False,False,False,False,27872636.637419228,False,False,False,False
2024-09-27 00:00:00+00:00,10.8,11.95,8.06,8.13,82746431,10.777517079175112,8.84080698144621,7.655311321569059,10.41871266067506,"rgba(38, 166, 154, 1.0)",0.0,0.0,2.550866307535321,9.678624567052942,0.43960572517441937,42.051458939062904,-12.361342887389874,False,True,False,True,True,4.6166003960063655,11.071200000000001,,0.0,0.0,0.0,0.0,0,0.8794199751861043,0.9675093052109182,False,False,False,False,-0.04633075127896615,-0.18819162210562357,False,False,False,False,686309148,640715768.1813823,False,False,False,False,31937362.145758547,False,False,False,False
2024-10-04 00:00:00+00:00,11.5,13.3,11.23,12.28,90327887,10.83311676315812,8.918218053697128,7.735290450686495,10.827265786197838,"rgba(38, 166, 154, 1.0)",0.0,0.0,2.5203994535401266,10.60521995891944,0.35501517024365387,46.28784779190714,-8.398546195867702,False,True,False,False,True,6.275584401825455,11.1144,,0.0,0.0,0.0,0.0,0,0.9608030592734227,0.9115311075158112,False,True,False,False,0.22484811055359677,0.0183282442239866,False,False,False,False,776637035,650784010.1679466,False,False,False,False,36262586.20903569,False,False,False,False
2024-10-11 00:00:00+00:00,11.22,11.86,10.45,11.75,43496668,10.840421121833865,8.944473553803606,7.765459511549932,10.838519413890817,"rgba(38, 166, 154, 1.0)",0.0,0.0,2.4857422043136874,10.62059191698271,0.24113847444722755,48.87740032232757,-6.086853911907866,False,True,False,False,True,5.501108806770983,11.153999999999998,,0.0,0.0,0.0,0.0,0,0.9401527390218828,0.9698193567337346,False,False,False,False,0.09002727739505506,0.05417776080952083,False,False,False,False,733140367,656884481.044395,False,False,False,False,36798444.11947749,False,False,False,False
2024-10-18 00:00:00+00:00,10.38,11.18,9.77,11.03,26402011,10.835361816387726,8.954976188406224,7.779633625481756,10.806589847975806,"rgba(38, 166, 154, 1.0)",0.0,0.0,2.446347466720108,10.571167619460365,-0.07814409934033949,49.47039490698783,-5.661458997382674,False,True,False,False,True,3.219414923012909,11.1796,,0.0,0.0,0.0,0.0,0,0.9114335210047638,0.9833261152013857,False,False,False,False,0.009318954838550468,0.03174835782403565,False,False,False,False,706738356,660577360.6707361,False,False,False,False,36028337.96247915,False,False,False,False
2024-10-25 00:00:00+00:00,10.98,11.66,10.08,10.24,58272874,10.837312148438636,8.984700541354405,7.815743292084731,10.810559755128988,"rgba(38, 166, 154, 1.0)",0.0,0.0,2.4049616730103227,10.584348433460804,0.16451470764769174,50.69731939626678,-4.549765221302536,False,True,False,False,True,4.672288711769603,11.211199999999998,,0.0,0.0,0.0,0.0,0,0.9139697149643705,1.0272416864608076,False,False,False,False,0.056118894021624885,0.04393362592283027,False,False,False,False,765011230,668313202.8432742,False,False,False,False,37676081.37266588,False,False,False,False
2024-11-01 00:00:00+00:00,11.02,11.38,10.38,11.31,29996261,10.838552756631247,8.999806640100443,7.8341259001481705,10.815161979492082,"rgba(38, 166, 154, 1.0)",0.0,0.0,2.3601593700960564,10.59558416175229,0.1798250760627389,51.627566467370194,-3.6766288545434094,False,True,False,False,True,4.768990047696878,11.241599999999998,,0.0,0.0,0.0,0.0,0,0.919803476946334,1.0194255479969765,False,False,False,False,0.05730603001829044,0.050619827970560353,False,False,False,False,795007491,677697964.9289577,False,False,False,False,37107205.78950545,False,False,False,False
2024-11-08 00:00:00+00:00,11.2,12.14,10.8,11.1,26758230,10.845176731553567,9.016209137492364,7.85271884368617,10.849221910713728,"rgba(38, 166, 154, 1.0)",0.0,0.0,2.321976612153393,10.935212485654555,0.11403539250116802,52.545723263029366,-2.769531089755546,False,True,False,False,True,5.209634090495452,11.2378,,0.0,0.0,0.0,0.0,0,0.9109112891038235,1.014583648178933,False,False,False,False,0.15076511669640716,0.10069247233348376,False,False,False,False,821765721,688369650.5638497,False,False,False,False,36340614.990282826,False,False,False,False
2024-11-15 00:00:00+00:00,9.84,11.25,9.26,11.2,37191201,10.832996421472817,9.026649459950335,7.869099089625154,10.583928930532718,"rgba(38, 166, 154, 1.0)",-1.0,9.52,2.2775111435531925,10.680050813318218,-0.36884597280504944,51.085863297278635,-2.769531089755546,False,True,False,False,True,1.5087098457118628,11.190400000000002,,0.0,0.0,0.0,0.0,0,0.8817536975550859,1.0427859945668578,False,False,False,False,0.045199830392471406,0.07294615136297758,False,False,False,False,784574520,695495937.1887498,False,False,False,False,36403621.361372985,False,False,False,False
2024-11-22 00:00:00+00:00,9.73,10.335,9.61,9.91,45806901,10.814003016803516,9.036640500917017,7.886963748808095,10.483648712149227,"rgba(38, 166, 154, 1.0)",0.0,0.0,2.2389212733967288,10.507548430493472,-0.34728707960053967,49.88635177944013,-2.769531089755546,False,True,False,False,True,1.2184603106051277,11.162199999999999,,0.0,0.0,0.0,0.0,0,0.9178698959788852,1.0424623505666821,False,False,False,False,0.005136913994424878,0.03904153267870123,False,False,False,False,738767619,698701246.9525461,False,False,False,False,37100160.593863875,False,False,False,False
2024-11-29 00:00:00+00:00,9.93,10.53,9.64,9.8,22722674,10.806266746366985,9.042318491638174,7.896326986166718,10.462625399356128,"rgba(38, 166, 154, 1.0)",0.0,0.0,2.174490409392624,10.474746444351748,-0.25051683005762543,49.36392988986092,-2.769531089755546,False,True,False,False,False,1.7341323526664567,11.103800000000001,,0.0,0.0,0.0,0.0,0,0.9177529484792055,1.021260086902545,False,False,False,False,0.021082020211228757,0.030061776444964994,False,False,False,False,761490293,703352287.4005057,False,False,False,False,36035161.58691099,False,False,False,False
2024-12-06 00:00:00+00:00,10.14,10.85,9.85,9.93,29686318,10.799540379764048,9.051462124737109,7.909835170376754,10.459732812876544,"rgba(38, 166, 154, 1.0)",0.0,0.0,2.116808263689743,10.47239024884302,-0.15702425890176755,49.34975260433039,-2.769531089755546,False,True,False,False,False,2.2786986223301007,11.0648,,0.0,0.0,0.0,0.0,0,0.9425518736450913,0.9948900588417467,False,False,False,False,0.05869855449496194,0.04438016546996347,False,False,False,False,791176611,709857792.85232,False,False,False,False,35564876.87676944,False,False,False,False
2024-12-13 00:00:00+00:00,10.15,11.29,9.95,11.01,39541588,10.793912461182986,9.06521995827676,7.928965292804081,10.434106727026581,"rgba(38, 166, 154, 1.0)",0.0,0.0,2.0621084023549834,10.448911922259885,-0.14495451447582453,49.35747627715719,-2.769531089755546,False,True,False,False,False,2.304953408734203,11.0152,,0.0,0.0,0.0,0.0,0,0.9518219240737917,0.9733191035218784,False,False,False,False,0.09719703004369659,0.07078859775683002,False,False,False,False,830718199,718810415.529926,False,False,False,False,35859448.07108281,False,False,False,False
2024-12-20 00:00:00+00:00,9.78,10.13,9.625,10.03,25064618,10.783949459716512,9.070006918046172,7.938021264019789,10.377054666681703,"rgba(38, 166, 154, 1.0)",0.0,0.0,2.009670736331807,10.352853215000364,-0.28504829405337145,48.70574610844058,-2.769531089755546,False,True,False,False,False,1.2653923458905183,10.958000000000002,,0.0,0.0,0.0,0.0,0,0.9548286604361369,1.0054517133956384,False,False,False,False,-0.008325481061257137,0.031231558347786445,False,False,False,False,805653581,725243242.6017833,False,False,False,False,35059831.02878038,False,False,False,False
2024-12-27 00:00:00+00:00,9.77,10.08,9.67,9.7,5264773,10.781872277388418,9.07099851093477,7.939907625577273,10.368199615766818,"rgba(38, 166, 154, 1.0)",0.0,0.0,1.9516246593058741,10.33881069144398,-0.2914549622704023,48.22210342896491,-2.769531089755546,False,True,False,False,False,1.2371187298210877,10.911200000000001,,0.0,0.0,0.0,0.0,0,0.9512156615093148,1.0011051468266496,False,False,False,False,-0.008679773980401859,0.011275892183692293,False,False,False,False,800388808,730809580.779429,False,False,False,False,32852789.693315167,False,False,False,False
2025-01-03 00:00:00+00:00,9.83,10.12,9.485,9.68,16046146,10.775408628833281,9.07389425437112,7.945548539859862,10.343305777790452,"rgba(38, 166, 154, 1.0)",0.0,0.0,1.9323654737974083,10.300441613575476,-0.2434537461751387,48.00663752726895,-2.769531089755546,False,True,False,False,False,1.404163263912789,10.885399999999999,,0.0,0.0,0.0,0.0,0,0.9435189592257653,1.0014278914802475,False,False,False,False,-0.01895557781374949,-0.003839842815028598,False,False,False,False,816434954,737152201.0179898,False,False,False,False,31607853.123439968,False,False,False,False
2025-01-10 00:00:00+00:00,9.25,9.965,8.915,9.91,32459846,10.756808608347194,9.076270039585884,7.954220377797287,10.264330965734317,"rgba(38, 166, 154, 1.0)",0.0,0.0,1.9080330138605934,10.180712495867724,-0.48778636905478834,46.745112954737365,0.9594220065334511,False,True,False,False,False,0.0,10.8354,,0.0,0.0,0.0,0.0,0,0.9274104465835569,1.007574562095629,False,False,False,False,-0.07043833066353107,-0.037139086739279834,True,False,False,False,783975108,740620564.4981387,True,False,False,False,31670963.70688886,True,False,False,False
2025-01-17 00:00:00+00:00,9.87,10.225,9.17,9.2,22258454,10.747756141512063,9.079902541805595,7.961671882323037,10.24314000110659,"rgba(38, 166, 154, 1.0)",0.0,0.0,1.862086768959785,10.153207424556468,-0.15209142198817988,47.222596470206796,0.9594220065334511,False,True,False,False,False,1.4868136450718232,10.810599999999999,,0.0,0.0,0.0,0.0,1,0.954559748427673,0.9886792452830189,False,False,False,False,-0.033845452107248486,-0.03549226942326416,False,False,False,False,806233562,745480786.5353136,False,False,False,False,30973740.76563783,False,False,False,False
2025-01-24 00:00:00+00:00,11.69,11.82,8.62,9.35,66822887,10.746758956827074,9.1056794166081,7.995394429929806,10.33455467782018,"rgba(38, 166, 154, 1.0)",0.0,0.0,1.8120179383794646,10.298744479948194,0.7677934586541907,50.68806833504343,0.9594220065334511,False,True,False,False,True,6.278672151927395,10.7726,,0.0,0.0,0.0,0.0,1,0.9348337746395998,0.9636657840541334,False,False,False,False,0.0402310228918264,0.0023693767342811214,False,False,False,False,873056449,754930835.6067718,False,False,False,False,33629233.07929429,False,False,False,False
2025-01-31 00:00:00+00:00,12.23,12.98,11.6,11.6,44261059,10.772948107554544,9.138479019341016,8.02985552043158,10.56649960917408,"rgba(38, 166, 154, 1.0)",0.0,0.0,1.764627495591677,10.663627711072207,0.8876503924147406,53.89666764063816,-0.28304039546555515,False,False,False,False,True,7.608634334631343,10.7338,,0.0,0.0,0.0,0.0,1,1.0889739663093416,0.9205206738131699,False,False,False,False,0.3428282385978264,0.17259880766605376,False,False,False,False,917317508,766959478.0062702,False,False,False,False,34416775.7400873,False,False,False,False
2025-02-07 00:00:00+00:00,13.18,13.385,11.83,11.92,37181594,10.801784368787004,9.170072163693824,8.061932071116805,10.74898817766085,"rgba(38, 166, 154, 1.0)",0.0,0.0,1.748991348960507,10.9307525695408,1.286025475080831,57.34568834482313,2.95346994979991,False,False,True,False,True,9.871317835108535,10.713199999999999,,0.0,0.0,0.0,0.0,1,1.1050691244239632,0.8663594470046084,False,False,False,False,0.34282823960224196,0.25771352363414785,False,False,False,False,954499102,780851302.0058057,False,False,False,False,34621577.09267343,False,False,False,False
2025-02-14 00:00:00+00:00,14.5,15.23,13.3202,13.73,52444686,10.871637828642545,9.23238475725714,8.12103404491041,11.109955587020654,"rgba(38, 166, 154, 1.0)",0.0,0.0,1.7533462165114193,11.440215450380233,1.7451114450788443,61.13833078328097,6.444627423779075,True,False,True,False,True,12.830821821662521,10.706800000000001,,0.0,0.0,0.0,0.0,0,1.1117457527826595,0.8074048037492677,False,False,False,False,0.342828243307085,0.3002708834706164,False,False,False,False,1006943788,797598893.5609313,False,False,False,False,35941807.38210502,False,False,False,False
2025-02-21 00:00:00+00:00,14.45,15.3,13.97,14.88,30958083,10.914160955954173,9.270043383378356,8.15663522009732,11.788824821562812,"rgba(38, 166, 154, 1.0)",0.0,0.0,1.7522567173800636,12.524353145167394,1.098952474105387,63.736048827351034,8.742797451377292,True,False,True,False,True,12.676828648267385,10.759400000000001,,0.0,0.0,0.0,0.0,0,1.1366900702106317,0.8041209342312651,False,False,False,False,0.3428282438759758,0.3215495636732961,False,False,False,False,975985705,810812731.4453068,False,False,False,False,35572642.613060206,False,False,False,False
2025-02-28 00:00:00+00:00,12.92,14.01,12.44,13.9,37000497,10.944081223839358,9.302244189377573,8.18917364518307,11.777523705189221,"rgba(38, 166, 154, 1.0)",0.0,0.0,1.7134031990522471,12.408365718460031,0.29860705397478815,62.51813557604936,8.742797451377292,True,False,True,False,True,8.12603703060984,10.7774,,0.0,0.0,0.0,0.0,0,1.095008976660682,0.8211517746167657,False,False,False,False,0.20021024580431926,0.2608799047388077,False,False,False,False,938985208,820306988.9678767,False,False,False,False,35678409.60468537,False,False,False,False
2025-03-07 00:00:00+00:00,13.48,14.16,12.25,12.76,30538916,10.97008877905078,9.329606320472653,8.216642503095457,11.830427627794911,"rgba(38, 166, 154, 1.0)",0.0,0.0,1.7229352390144528,12.437253107824954,0.6052153723267709,62.30429104860223,8.742797451377292,True,False,True,False,True,9.3977565260221,10.809800000000001,,0.0,0.0,0.0,0.0,0,1.0954292559563426,0.811388260348729,False,False,False,False,0.1982563599660472,0.22956813235242746,False,False,False,False,969524124,831360110.0813673,False,False,False,False,35297706.37470868,False,False,False,False
2025-03-14 00:00:00+00:00,13.3,13.86,12.62,13.19,26660450,10.99197724820683,9.352970817465195,8.240211013810702,11.875883575405489,"rgba(38, 166, 154, 1.0)",0.0,0.0,1.7254471361997072,12.466745414056428,0.48292095913110034,61.81374855197329,8.742797451377292,True,False,True,False,True,8.874610192525878,10.848799999999999,,0.0,0.0,0.0,0.0,0,1.1088888888888888,0.8150704225352113,False,False,False,False,0.19819525817874808,0.21388169526558776,False,False,False,False,942863674,839619633.3345993,False,False,False,False,34657909.606211744,False,False,False,False
2025-03-21 00:00:00+00:00,13.15,14.66,12.9,13.42,27434719,11.017088338601761,9.378610429656565,8.26571875316413,11.940136184775048,"rgba(38, 166, 154, 1.0)",0.0,0.0,1.72204335988769,12.526476163350946,0.36208370310125065,61.17250056128802,8.742797451377292,True,False,True,False,True,8.434833342096866,10.889399999999998,,0.0,0.0,0.0,0.0,0,1.1143352453792223,0.8085353728489485,False,False,False,False,0.2251028847701147,0.21949229001785123,False,False,False,False,915428955,845235138.6431475,False,False,False,False,34122858.45019606,False,False,False,False
2025-03-28 00:00:00+00:00,13.36,14.01,12.745,13.04,26400777,11.038953683121667,9.401837416047286,8.289126465435425,11.986423699587867,"rgba(38, 166, 154, 1.0)",0.0,0.0,1.7271630960509523,12.5625284358183,0.46172336938246766,60.998450383138504,8.742797451377292,True,False,True,False,True,8.929724763669313,10.9226,,0.0,0.0,0.0,0.0,0,1.0987650273224043,0.9144754098360657,False,False,False,False,0.1719144407505085,0.19570336538417987,False,False,False,False,941829732,852390293.7066181,False,False,False,False,33550852.4168482,False,False,False,False
2025-04-04 00:00:00+00:00,12.28,13.74,11.895,13.07,29830938,11.055561467775714,9.422970729561575,8.31153941436974,11.995186037605635,"rgba(38, 166, 154, 1.0)",0.0,0.0,1.7158390587918282,12.543000327845016,-0.15327797003887003,58.80975569934654,8.742797451377292,True,False,True,False,False,5.778097089102129,10.9396,,0.0,0.0,0.0,0.0,0,1.000689942968424,0.9699485324801779,False,False,False,False,0.09942156802111507,0.14756246670264747,False,False,False,False,911998794,856805738.1727945,False,False,False,False,33275303.200785372,False,False,False,False
2025-04-11 00:00:00+00:00,9.6,11.661,9.305,11.08,76101302,11.033189874995548,9.435516555406025,8.335897072405496,11.737936423901669,"rgba(239, 83, 80, 1.0)",0.0,0.0,1.7083085465131997,12.12436388522477,-1.4776978610668479,53.57661507183301,8.909007181189892,False,False,False,False,False,0.0,10.863399999999999,,0.0,0.0,0.0,0.0,0,0.9483817648627033,0.9717355371900827,False,False,False,False,-0.20012122680541172,-0.026279380051382126,False,False,False,False,835897492,855256979.197032,False,False,False,False,36447599.40813461,False,False,False,False
2025-04-18 00:00:00+00:00,9.8,10.35,9.5,9.77,33333338,11.020337620161609,9.438707536910902,8.344642476995766,11.637190062895598,"rgba(239, 83, 80, 1.0)",0.0,0.0,1.7030347792864977,11.969807033239425,-1.2740826315646268,50.15983291085138,5.731209657977672,False,False,False,False,False,0.0,10.795800000000002,,0.0,0.0,0.0,0.0,0,0.9723327011649959,0.9894554321322137,False,False,False,False,-0.27512056005698593,-0.15069997005418403,False,False,False,False,869230830,856292079.2565111,False,False,False,False,36216913.37790242,False,False,False,False
2025-04-25 00:00:00+00:00,9.16,11.885,8.5,9.84,81262377,10.989249105889103,9.445701807321432,8.365078371967659,11.302788950861146,"rgba(239, 83, 80, 1.0)",0.0,0.0,1.7082459577742903,11.296526081952479,-1.2507133836489233,46.99597511017089,2.836295182390259,False,True,False,False,False,0.0,10.7106,,0.0,0.0,0.0,0.0,0,0.9397856128115719,0.9626966292134833,False,False,False,False,-0.23883860293211726,-0.19476928649315065,False,False,False,False,787968453,851231069.904177,False,False,False,False,39553614.386946686,False,False,False,False
2025-05-02 00:00:00+00:00,8.92,9.34,8.63,9.09,37277187,10.964893827478003,9.441952947314954,8.368784973484606,11.158950958092994,"rgba(239, 83, 80, 1.0)",0.0,0.0,1.7294283802813208,11.091505041127323,-1.255620103085212,44.46965418911686,0.5627871688523243,False,True,False,True,False,0.0,10.6304,,0.0,0.0,0.0,0.0,0,0.9349069616135327,1.0213610930383865,False,False,False,False,-0.34282825441539394,-0.2687987704542723,False,False,False,False,750691266,843783677.0223861,True,False,False,False,39384990.13606175,True,False,False,False
2025-05-09 00:00:00+00:00,9.42,9.775,8.77,8.86,30090789,10.9491007933214,9.441203034448087,8.373526873662474,11.08460134964588,"rgba(239, 83, 80, 1.0)",0.0,0.0,1.7380342214567885,10.995435686346518,-0.9064468736559264,43.55854414551313,-0.20014186473317608,False,True,False,True,False,0.0,10.5902,,0.0,0.0,0.0,0.0,0,0.926983460225781,1.0300813861906013,False,False,False,False,-0.30558569336041397,-0.2871922319073431,False,False,False,False,780782055,839116890.2059131,False,False,False,False,38696530.79264977,False,False,False,False
2025-05-16 00:00:00+00:00,10.52,10.685,9.89,9.95,56944299,10.938666946112068,9.451974977887405,8.392106362944872,11.058432534950558,"rgba(239, 83, 80, 1.0)",0.0,0.0,1.739759142488932,10.983327252096933,-0.26631689455247726,44.69425307185153,-0.20014186473317608,False,True,False,True,False,1.1848181884072417,10.5734,,0.0,0.0,0.0,0.0,0,0.9841777064097419,0.9760685133145993,False,False,False,False,-0.17976112658923163,-0.23347667924828736,False,False,False,False,837726354,839013887.5239936,False,False,False,False,40048217.326527566,False,False,False,False
2025-05-23 00:00:00+00:00,10.99,11.205,10.25,10.33,39846312,10.937140247355137,9.463006363364997,8.407821044315979,11.062716945864167,"rgba(239, 83, 80, 1.0)",0.0,0.0,1.7289109002203817,11.002645784300382,-0.007314306537583892,46.20226405450305,-0.20014186473317608,False,True,False,False,False,2.327263358960515,10.578199999999999,,0.0,0.0,0.0,0.0,0,0.9845404974065701,0.938044952786275,False,False,False,False,-0.1271318550164133,-0.18030426713235032,False,False,False,False,877572666,841870093.3370311,False,False,False,False,40033261.37641441,False,False,False,False
2025-05-30 00:00:00+00:00,9.83,10.79,9.62,10.63,37148158,10.92738741235134,9.467626890200318,8.417871482207163,11.025958283788544,"rgba(239, 83, 80, 1.0)",0.0,0.0,1.7321581393798227,10.960735747727457,-0.652790136201018,45.71653622944836,-0.20014186473317608,False,True,False,True,False,0.0,10.556599999999998,,0.0,0.0,0.0,0.0,0,0.9621483913328954,0.9495942219304004,False,False,False,False,-0.18973105548564217,-0.18501766130899625,False,False,False,False,840424508,841763012.9416955,False,False,False,False,39819550.01519853,False,False,False,False
2025-06-06 00:00:00+00:00,10.62,10.665,9.8025,9.82,27470534,10.922674039620066,9.472555264317368,8.426476320498185,11.010399999357737,"rgba(239, 83, 80, 1.0)",0.0,0.0,1.7241506278128187,10.945590694213786,-0.18884121199249101,46.54240818069134,-0.20014186473317608,False,True,False,False,False,1.346481310121927,10.564599999999999,,0.0,0.0,0.0,0.0,0,0.9612863261943986,0.9611413509060954,False,False,False,False,-0.18625255133354407,-0.18563510632127017,False,False,False,False,867895042,843698718.7978661,False,False,False,False,38904808.08814679,False,False,False,False
2025-06-13 00:00:00+00:00,10.45,11.01,10.37,10.78,30041823,10.919846713128864,9.479364899647328,8.436991740436193,11.00293461161902,"rgba(239, 83, 80, 1.0)",0.0,0.0,1.7162803693762438,10.941553630953843,-0.28640637026716753,46.89945569007539,-0.20014186473317608,False,True,False,False,False,0.9228859153249367,10.5602,,0.0,0.0,0.0,0.0,0,0.9731131252098019,0.9629620678079893,False,False,False,False,-0.1315861053910481,-0.15861060585615913,False,False,False,False,837853219,843265718.812839,False,False,False,False,38248290.67421,False,False,False,False
2025-06-20 00:00:00+00:00,10.34,10.67,10.21,10.51,19671630,10.916826037646768,9.482985907872044,8.443183441417263,10.993193370842711,"rgba(239, 83, 80, 1.0)",0.0,0.0,1.7139951223032197,10.93198941191934,-0.3453857039708726,46.99758318911829,-0.20014186473317608,False,True,False,False,False,0.6457680474950322,10.552200000000001,,0.0,0.0,0.0,0.0,0,0.9780429080637567,0.9413760172170287,False,False,False,False,-0.1614230276628432,-0.16001681675950116,False,False,False,False,818181589,841407635.1229991,False,False,False,False,36872241.73537963,False,False,False,False
2025-06-27 00:00:00+00:00,10.69,11.185,10.225,10.47,16034346,10.915790709655777,9.486847219257255,8.44895125507713,10.953473879089135,"rgba(239, 83, 80, 1.0)",0.0,0.0,1.7144746575412835,10.812440988843898,-0.07141603890458796,47.63589401375696,-0.20014186473317608,False,True,False,False,True,1.5165920560211674,10.5498,,0.0,0.0,0.0,0.0,0,0.9775677645967262,0.9272529657366294,False,False,False,False,-0.12980379194749864,-0.14491030435349989,False,False,False,False,834215935,840874916.5953696,False,False,False,False,35328693.90312929,False,False,False,False
2025-07-04 00:00:00+00:00,10.04,10.55,9.865,10.5,20129782,10.911237448153706,9.489484791287412,8.454396954212573,10.90124704006735,"rgba(239, 83, 80, 1.0)",0.0,0.0,1.7163228764472511,10.723644221786362,-0.39831912233290895,47.11036142974952,-0.20014186473317608,False,True,False,False,True,0.0,10.548800000000002,,0.0,0.0,0.0,0.0,0,0.969371579294428,0.9417289812067261,False,False,False,False,-0.1894283978538909,-0.1671693511036954,False,False,False,False,814086153,838890563.7364533,False,False,False,False,34202848.57697156,False,False,False,False
2025-07-11 00:00:00+00:00,10.5,10.739,9.99,10.03,17184074,10.908698964067359,9.492590730659622,8.459720747764784,10.894754459864949,"rgba(239, 83, 80, 1.0)",0.0,0.0,1.7173394990376554,10.72001830988131,-0.12811579190055378,47.51315553617206,-0.20014186473317608,False,True,False,False,True,1.0152579952461736,10.544,,0.0,0.0,0.0,0.0,0,0.987604854898103,0.9321165069194262,False,False,False,False,-0.17048769026545268,-0.16882852068457405,False,False,False,False,831270227,838326094.3485678,False,False,False,False,32942198.608307,False,False,False,False
2025-07-18 00:00:00+00:00,10.7,11.0,10.4377,10.56,25060192,10.907261966795048,9.498566533952902,8.468630860956317,10.904637487765115,"rgba(239, 83, 80, 1.0)",0.0,0.0,1.6909481534504858,10.74693570714735,-0.027757035040710566,48.13727964173787,-0.20014186473317608,False,False,False,False,True,1.5185223412989934,10.5886,,0.0,0.0,0.0,0.0,0,0.9926317661131285,0.9311885082491891,False,False,False,False,-0.12815885065038915,-0.1484936856674816,False,False,False,False,856330419,839659748.0264517,False,False,False,False,32358346.266950928,False,False,False,False
2025-07-25 00:00:00+00:00,10.0,10.8,9.78,10.7,33211915,10.900396429625678,9.503047621581224,8.47762386942074,10.873415582224242,"rgba(239, 83, 80, 1.0)",0.0,0.0,1.652566139931106,10.706880458288332,-0.4277471510567201,47.46141166864949,-0.20014186473317608,False,True,False,False,True,0.0,10.6074,,0.0,0.0,0.0,0.0,0,0.9890894936288596,0.978270575978568,False,False,False,False,-0.17945956842445818,-0.16397662704596988,False,False,False,False,823118504,838434470.691159,False,False,False,False,32421573.580510117,False,False,False,False
