date,Close,High,Low,Open,Volume,Gap_Up_aVWAP_85,aVWAP_OB_bull_82,aVWAP_OB_bear_0,color,Liquidity,Liquidity_Level,StDev,StDev_Mean,StdDev_ZScore,OB,OB_High,OB_Low,OB_Mitigated_Index,FVG,FVG_High,FVG_Low,FVG_Mitigated_Index,QQEMOD,QQE1_Value,QQE1_Above_Upper,QQE1_Below_Lower,QQE2_Above_Threshold,QQE2_Below_Threshold,QQE2_Above_TL,banker_RSI,TTM_squeeze_Active,VI_plus,VI_minus,VI_Regular_Bullish,VI_Regular_Bearish,VI_Hidden_Bullish,VI_Hidden_Bearish,Fisher,Fisher_Signal,Fisher_Regular_Bullish,Fisher_Regular_Bearish,Fisher_Hidden_Bullish,Fisher_Hidden_Bearish,OBV,OBV_Smoothed,OBV_Regular_Bullish,OBV_Regular_Bearish,OBV_Hidden_Bullish,OBV_Hidden_Bearish,Volume_MA,Vol_Regular_Bullish,Vol_Regular_Bearish,Vol_Hidden_Bullish,Vol_Hidden_Bearish
2023-09-15 00:00:00+00:00,94.9731196369,99.1378583764,93.5880356826,96.7661392764,5965566,,,95.89967123196666,#000000,-1.0,92.96022,,,,-1.0,99.137856,93.588036,34.0,0.0,0.0,0.0,0.0,,,False,False,False,False,False,,0,,,False,False,False,False,,,False,False,False,False,0,0.0,False,False,False,False,5965566.0,False,False,False,False
2023-09-22 00:00:00+00:00,83.0596134744,100.7126798587,82.355802452,95.3525946929,10912565,,,91.2507749015363,"rgba(239, 83, 80, 0.5)",0.0,0.0,,,,0.0,0.0,0.0,0.0,0.0,0.0,0.0,0.0,0.0,,False,False,False,True,False,,0,,,False,False,False,False,,,False,False,False,False,-10912565,-808338.1481481481,False,False,False,False,6332010.37037037,False,False,False,False
2023-09-29 00:00:00+00:00,83.3272599195,84.2095019053,79.7289021571,82.7027515475,6212267,,,88.875441103365,"rgba(239, 83, 80, 0.5)",0.0,0.0,,,,0.0,0.0,0.0,0.0,0.0,0.0,0.0,0.0,0.671563693417385,-51.678909233543465,False,False,False,True,True,,0,,,False,False,False,False,,,False,False,False,False,-4700298,-1096631.4705075445,False,False,False,False,6323140.491083677,False,False,False,False
2023-10-06 00:00:00+00:00,81.2753038401,84.8340102773,80.2443693848,83.6147320272,4401847,,,87.79347467100729,"rgba(239, 83, 80, 0.5)",0.0,0.0,,,,0.0,0.0,0.0,0.0,0.0,0.0,0.0,0.0,1.0425732842560969,-51.29146309021998,False,False,False,True,True,,0,,,False,False,False,False,,,False,False,False,False,-9102145,-1689632.4726921706,False,False,False,False,6180822.454707108,False,False,False,False
2023-10-13 00:00:00+00:00,76.9533093927,82.7761064991,76.9334837301,80.7102724559,4908074,,,86.44439755432384,"rgba(239, 83, 80, 0.5)",0.0,0.0,,,,0.0,0.0,0.0,0.0,0.0,0.0,0.0,0.0,1.157003163147853,-51.134237541482776,False,False,False,True,True,,0,,,False,False,False,False,,,False,False,False,False,-14010219,-2602268.51175201,False,False,False,False,6086544.791395471,False,False,False,False
2023-10-20 00:00:00+00:00,77.290345657,80.2047180596,75.6448156609,77.5480792708,4885884,,,85.30029705609154,"rgba(239, 83, 80, 0.5)",0.0,0.0,,77.71329312583333,,0.0,0.0,0.0,0.0,0.0,0.0,0.0,0.0,1.8543601802484173,-50.40645116551962,False,False,False,True,True,,0,,,False,False,False,False,,,False,False,False,False,-9124335,-3085384.5479185274,False,False,False,False,5997606.954995806,False,False,False,False
2023-10-27 00:00:00+00:00,81.2554781775,84.6555793139,76.3981908398,76.5270576467,4674489,,,84.7955867196189,"rgba(239, 83, 80, 0.5)",0.0,0.0,,79.20772973798267,,0.0,0.0,0.0,0.0,0.0,0.0,0.0,0.0,8.302955362294233,-44.25189087733514,False,False,False,True,True,,0,,,False,False,False,False,,,False,False,False,False,-4449846,-3186455.766591229,False,False,False,False,5899598.217588709,False,False,False,False
2023-11-03 00:00:00+00:00,84.1896762427,84.7051434704,80.7102724559,81.7015555861,2969126,,,84.69025670802874,"rgba(239, 83, 80, 0.5)",0.0,0.0,,80.1541836383161,,0.0,0.0,0.0,0.0,0.0,0.0,0.0,0.0,16.066843035620856,-37.097791804261945,False,False,False,True,True,,0,,,False,False,False,False,,,False,False,False,False,-1480720,-3060104.969065953,False,False,False,False,5682526.201471027,False,False,False,False
2023-11-10 00:00:00+00:00,78.5691008948,86.9057920193,76.3288010207,84.8637487712,11274603,,,83.86999849379232,"rgba(239, 83, 80, 0.5)",1.0,101.10097,,80.48357756907774,,0.0,0.0,0.0,0.0,0.0,0.0,0.0,0.0,19.272544694107168,-34.484823932919966,False,False,False,True,True,,0,,,False,False,False,False,,,False,False,False,False,-12755323,-3778269.2676536604,False,False,False,False,6096754.112473173,False,False,False,False
2023-11-17 00:00:00+00:00,77.6372947525,80.2939335413,75.5952515044,78.0932849924,11074194,,,82.87780426348826,"rgba(239, 83, 80, 0.5)",0.0,0.0,,79.39933546005564,,0.0,0.0,0.0,0.0,0.0,0.0,0.0,0.0,21.25523886502408,-33.00566127046015,False,False,False,True,True,,0,,,False,False,False,False,,,False,False,False,False,-23829517,-5263546.8774570925,False,False,False,False,6465453.363401086,False,False,False,False
2023-11-24 00:00:00+00:00,77.8157257159,78.8466601713,75.8331594556,77.6670332464,3747744,,,82.59396318086624,"rgba(239, 83, 80, 0.5)",0.0,0.0,,79.17448097843521,,0.0,0.0,0.0,0.0,0.0,0.0,0.0,0.0,22.840460020237522,-31.826071643717967,False,False,False,True,True,,0,,,False,False,False,False,,,False,False,False,False,-20081773,-6361193.256904716,False,False,False,False,6264141.55870471,False,False,False,False
2023-12-01 00:00:00+00:00,77.5579921021,78.5691008948,75.6002079201,77.587730596,6375127,,,82.15318765785304,"rgba(239, 83, 80, 0.5)",0.0,0.0,,78.85315373732426,,0.0,0.0,0.0,0.0,0.0,0.0,0.0,0.0,23.878911796083273,-31.082057281100287,False,False,False,True,True,,0,,,False,False,False,False,,,False,False,False,False,-26456900,-7849764.126763626,False,False,False,False,6272362.702504361,False,False,False,False
2023-12-08 00:00:00+00:00,73.1269565104,77.5480792708,71.7044652186,77.5480792708,6391501,,,81.54093379391355,"rgba(239, 83, 80, 0.5)",0.0,0.0,,76.82535206118477,,0.0,0.0,0.0,0.0,0.0,0.0,0.0,0.0,23.227587254224325,-31.082057281100287,False,False,False,True,True,,0,,,False,False,False,False,,,False,False,False,False,-32848401,-9701515.006262617,False,False,False,False,6281187.761578112,False,False,False,False
2023-12-15 00:00:00+00:00,75.3276050593,75.5060360227,71.7110076873,73.1269565104,7895006,,,80.9072370518762,"rgba(239, 83, 80, 0.5)",0.0,0.0,,76.43675996932684,,0.0,0.0,0.0,0.0,0.0,0.0,0.0,0.0,24.76159813637183,-30.526929442818826,False,False,False,True,True,,0,,,False,False,False,False,,,False,False,False,False,-24953395,-10831283.894687608,False,False,False,False,6400729.853313067,False,False,False,False
2023-12-22 00:00:00+00:00,78.1527619802,79.0944809538,74.9707431324,75.6349028296,5349201,,,80.71423017676318,"rgba(239, 83, 80, 0.5)",0.0,0.0,,76.72327074327504,,0.0,0.0,0.0,0.0,0.0,0.0,0.0,0.0,28.087968374890465,-27.410106501015726,False,False,False,True,True,,0,,,False,False,False,False,,,False,False,False,False,-19604194,-11481129.08767371,False,False,False,False,6322838.827141728,False,False,False,False
2023-12-29 00:00:00+00:00,80.8688777568,81.1365242019,77.9148540289,78.0734593298,4039013,,,80.68462729171898,"rgba(239, 83, 80, 0.5)",0.0,0.0,,77.82581016283339,,0.0,0.0,0.0,0.0,0.0,0.0,0.0,0.0,32.30328497087032,-23.499842260490315,False,False,False,True,True,,0,,,False,False,False,False,,,False,False,False,False,-15565181,-11783651.451549731,False,False,False,False,6153666.543649749,False,False,False,False
2024-01-05 00:00:00+00:00,77.9445925228,80.7895751063,77.3993868013,80.3137592039,3596989,,,80.61681192761759,"rgba(239, 83, 80, 0.5)",0.0,0.0,,77.79820775701167,,0.0,0.0,0.0,0.0,0.0,0.0,0.0,0.0,34.03435170620738,-22.0063250838968,False,False,False,True,True,,0,,,False,False,False,False,,,False,False,False,False,-19162170,-12330208.381064566,False,False,False,False,5964283.021897916,False,False,False,False
2024-01-12 00:00:00+00:00,76.4477549963,81.0720907984,76.2693240329,78.3609314375,4982669,,,80.4947129106126,"rgba(239, 83, 80, 0.5)",0.0,0.0,,77.72582405733834,,0.0,0.0,0.0,0.0,0.0,0.0,0.0,0.0,34.676392121134434,-21.48688456022872,False,False,False,True,True,,0,,,False,False,False,False,,,False,False,False,False,-24144839,-13205366.204689413,False,False,False,False,5891570.8721277,False,False,False,False
2024-01-19 00:00:00+00:00,76.8740067423,77.3993868013,74.6882274403,76.4180165024,4053626,,,80.345907966006,"rgba(239, 83, 80, 0.5)",0.0,0.0,,77.1309635741306,,0.0,0.0,0.0,0.0,0.0,0.0,0.0,0.0,35.431336506047955,-20.770790539964008,False,False,False,True,True,,0,,,False,False,False,False,,,False,False,False,False,-20091213,-13715428.930267975,False,False,False,False,5755426.807525648,False,False,False,False
2024-01-26 00:00:00+00:00,85.7856420822,95.0838778429,76.7253142728,77.2804328256,18573250,,,81.1208121511692,"rgba(239, 83, 80, 0.5)",0.0,0.0,,82.98125280510709,,0.0,0.0,0.0,0.0,0.0,0.0,0.0,0.0,40.75586989416375,-15.670279146851101,False,False,False,True,True,,1,,,False,False,False,False,,,False,False,False,False,-1517963,-12811912.93543331,False,False,False,False,6704895.192153377,False,False,False,False
2024-02-02 00:00:00+00:00,84.3482815435,85.2206106981,81.6817299235,84.2590660618,7704935,,,81.26553431508253,"rgba(239, 83, 80, 0.5)",0.0,0.0,,82.99398694694146,,0.0,0.0,0.0,0.0,0.0,0.0,0.0,0.0,43.87728604891941,-12.790673699216875,False,False,False,True,True,,1,,,False,False,False,False,,,False,False,False,False,-9222898,-12546059.977253063,False,False,False,False,6778972.214956831,False,False,False,False
2024-02-09 00:00:00+00:00,85.3792159989,87.2527411148,83.5502986238,84.1202864236,5262329,,,81.41510947888969,#000000,0.0,0.0,,83.22981321883637,,0.0,0.0,0.0,0.0,0.0,0.0,0.0,0.0,46.559765490523304,-10.335841803650908,False,False,False,False,True,,1,,,False,False,False,False,,,False,False,False,False,-3960569,-11910097.682641724,False,False,False,False,6666628.273108177,False,False,False,False
2024-02-16 00:00:00+00:00,84.8835744338,87.8029032521,84.8835744338,86.9256176819,5532006,,,81.57806537102829,#000000,0.0,0.0,,83.4832910070275,,0.0,0.0,0.0,0.0,0.0,0.0,0.0,0.0,48.22292066274454,-8.830189218374336,False,False,False,False,True,,1,,,False,False,False,False,,,False,False,False,False,-9492575,-11731021.928371966,False,False,False,False,6582582.178803868,False,False,False,False
2024-02-23 00:00:00+00:00,85.0620053972,86.1920681656,83.6444705211,84.9628770842,4070649,,,81.6671295883797,#000000,0.0,0.0,,83.56953592865327,,0.0,0.0,0.0,0.0,0.0,0.0,0.0,0.0,49.49753986200893,-7.635658832806747,False,False,False,False,True,,0,,,False,False,False,False,,,False,False,False,False,-5421926,-11263681.489233302,False,False,False,False,6396513.054448026,False,False,False,False
2024-03-01 00:00:00+00:00,81.5925144418,85.9806274739,81.0701082322,85.5279084684,6539357,,,81.7163171342676,#000000,0.0,0.0,,83.45773057783026,,0.0,0.0,0.0,0.0,0.0,0.0,0.0,0.0,48.64469916541704,-7.635658832806747,False,False,False,False,True,,1,,,False,False,False,False,,,False,False,False,False,-11961283,-11315355.675216021,False,False,False,False,6407094.087451876,False,False,False,False
2024-03-08 00:00:00+00:00,80.680533962,82.4896256745,78.0040695107,81.6222529357,7933258,,,81.6542423354678,#000000,0.0,0.0,,82.85545842876905,,0.0,0.0,0.0,0.0,0.0,0.0,0.0,0.0,47.61110349539335,-7.635658832806747,False,False,False,False,True,,1,,,False,False,False,False,-0.13832865542534445,-0.13832865542534445,False,False,False,False,-19894541,-11950850.884459278,False,False,False,False,6520143.266159144,False,False,False,False
2024-03-15 00:00:00+00:00,79.0944809538,81.1464370332,78.6285778826,81.1464370332,6111535,,,81.58348752379578,#000000,0.0,0.0,,82.49455605876722,,0.0,0.0,0.0,0.0,0.0,0.0,0.0,0.0,46.150228507193674,-7.635658832806747,False,False,False,False,True,,1,0.8907086469464198,1.1213551362277483,False,False,False,False,-0.0991400385005485,-0.11873434696294648,False,False,False,False,-26006076,-12991978.670795627,False,False,False,False,6489875.987184393,False,False,False,False
2024-03-22 00:00:00+00:00,85.874857564,86.7372738872,78.9557013156,79.1043937851,10034720,,,81.7064361349156,#000000,0.0,0.0,,82.9391559665179,,0.0,0.0,0.0,0.0,1.0,84.1401120862,81.1464370332,0.0,48.468556623689366,-7.635658832806747,False,False,False,False,True,,1,0.9693520697841266,1.1006983007949414,False,False,False,False,0.14988692933408237,0.015576291185567949,False,False,False,False,-15971356,-13212673.287773728,False,False,False,False,6752457.025170734,False,False,False,False
2024-03-29 00:00:00+00:00,85.6567752753,86.5687557551,84.1401120862,86.0433756961,3793973,,,81.78158328634998,#000000,0.0,0.0,,83.14011216843551,,0.0,0.0,0.0,0.0,0.0,0.0,0.0,0.0,50.01594187460739,-6.8872930948215085,False,False,False,False,True,,0,1.028847376068325,0.9768612075855974,False,False,False,False,0.28632990534685526,0.15095309826621162,False,False,False,False,-19765329,-13698055.19238308,False,False,False,False,6533310.060343273,False,False,False,False
2024-04-05 00:00:00+00:00,91.7036023692,92.9327934505,84.2689788931,86.4398889481,9394835,,,82.1529846863917,#000000,0.0,0.0,,84.08465991061269,,0.0,0.0,0.0,0.0,1.0,92.684972668,86.5687557551,0.0,53.39010141778992,-3.548062665654072,False,False,False,False,True,,0,1.0250938991559126,0.9348296677791808,False,False,False,False,0.34282824947516166,0.24689067387068664,False,False,False,False,-10370494,-13451569.178132482,False,False,False,False,6745274.870688216,False,False,False,False
2024-04-12 00:00:00+00:00,97.1457467536,98.5335431358,92.684972668,92.684972668,6135827,,,82.57148816655003,"rgba(38, 166, 154, 0.5)",0.0,0.0,,88.046920473132,,0.0,0.0,0.0,0.0,0.0,0.0,0.0,0.0,57.35341236261671,0.2801709227635101,False,False,True,False,True,,0,1.1043322042889747,0.8714457263729152,False,False,False,False,0.342828251048881,0.2948594624597838,False,False,False,False,-4234667,-12768835.683456002,False,False,False,False,6700130.58397057,False,False,False,False
2024-04-19 00:00:00+00:00,94.6873645909,97.978424583,93.735732786,97.7008653065,4116362,,,82.82558164689804,"rgba(38, 166, 154, 0.5)",0.0,0.0,,88.40990032285386,,0.0,0.0,0.0,0.0,0.0,0.0,0.0,0.0,58.94521804150809,1.7920255250874249,False,False,True,False,True,,0,1.1219090367650282,0.8562060879612551,False,False,False,False,0.34282825108637965,0.3188438567730817,False,False,False,False,-8351029,-12441590.743940743,False,False,False,False,6508740.318491268,False,False,False,False
2024-04-26 00:00:00+00:00,95.9165556723,96.1395943765,93.4978248347,94.9153597108,3196211,,,83.01181733479748,"rgba(38, 166, 154, 0.5)",0.0,0.0,,88.6578329791184,,0.0,0.0,0.0,0.0,0.0,0.0,0.0,0.0,60.43590872514314,3.2517501520332956,False,False,True,False,True,,0,1.1195383062803848,0.8985840074610995,False,False,False,False,0.30863735284123056,0.31374060480715615,False,False,False,False,-5154818,-11901829.799945131,False,False,False,False,6263367.776380803,False,False,False,False
2024-05-03 00:00:00+00:00,97.4629573553,98.1271170525,93.8051226051,95.9165556723,4061961,,,83.26461093873006,"rgba(38, 166, 154, 0.5)",0.0,0.0,,89.08063753049001,,0.0,0.0,0.0,0.0,1.0,96.5212383817,96.1395943765,0.0,61.94166671773672,4.7637060949590975,False,False,True,False,True,,0,1.0883575208232477,0.88389699469782,False,False,False,False,0.3428282511026158,0.328284427954886,False,False,False,False,-1092857,-11101165.148097344,False,False,False,False,6100300.607760003,False,False,False,False
2024-05-10 00:00:00+00:00,99.1283130139,100.5161093961,96.5212383817,97.6711268126,5735703,,,83.66414129693129,"rgba(38, 166, 154, 0.5)",0.0,0.0,,89.83729753209097,,0.0,0.0,0.0,0.0,1.0,98.1308839284,98.1271170525,0.0,63.48106568733982,6.335820123866036,False,False,True,False,True,,0,1.1507342254468638,0.8761595946925868,False,False,False,False,0.34282825144207746,0.33555633969848175,False,False,False,False,4642846,-9934942.100090133,False,False,False,False,6073293.377555558,False,False,False,False
2024-05-17 00:00:00+00:00,104.4316777602,105.0561861321,98.1308839284,99.2472669895,4000615,,,83.99840879618422,"rgba(38, 166, 154, 0.5)",0.0,0.0,,90.54112896132777,,0.0,0.0,0.0,0.0,0.0,0.0,0.0,0.0,65.87871474552647,8.739039678391876,False,False,True,False,True,,0,1.1667516883738451,0.7893834384047281,False,False,False,False,0.34282825176877146,0.33919229573362664,False,False,False,False,8643461,-8558764.092676051,False,False,False,False,5919761.6458847765,False,False,False,False
2024-05-24 00:00:00+00:00,106.5530236587,107.7723019087,103.9211669481,104.2730724593,3946653,,,84.37759316772187,"rgba(38, 166, 154, 0.5)",0.0,0.0,,91.36035163682443,,0.0,0.0,0.0,0.0,0.0,0.0,0.0,0.0,68.04333706875052,10.901106552498291,False,False,True,False,True,,0,1.2096504411820648,0.7577844069096857,False,False,False,False,0.34282825211794143,0.34101027392578404,False,False,False,False,12590114,-6992180.530255603,False,False,False,False,5773605.449893312,False,False,False,False
2024-05-31 00:00:00+00:00,108.1192510043,110.1018172646,105.8739947145,106.56293649,3597273,,,84.74208188799489,"rgba(38, 166, 154, 0.5)",0.0,0.0,,96.9984287576789,,0.0,0.0,0.0,0.0,0.0,0.0,0.0,0.0,69.91257788037478,12.777764093322602,False,False,True,False,True,,0,1.2247316871681166,0.7397188559134503,False,False,False,False,0.34282825226102825,0.34191926309340614,False,False,False,False,16187387,-5275175.528014448,False,False,False,False,5612395.638790104,False,False,False,False
2024-06-07 00:00:00+00:00,106.8305829351,110.0225146141,105.6806945041,110.0225146141,3405538,,,85.06945868023837,"rgba(38, 166, 154, 0.5)",0.0,0.0,,97.42211887171575,,0.0,0.0,0.0,0.0,0.0,0.0,0.0,0.0,70.47645065264484,13.427959972075612,False,False,True,False,True,,0,1.2569112552090755,0.7291942031816365,False,False,False,False,0.3398946554847539,0.34090695928908,False,False,False,False,12781849,-3937618.155568933,False,False,False,False,5448924.7025834285,False,False,False,False
2024-06-14 00:00:00+00:00,104.2532467967,107.6929992583,103.7476924004,106.4836338395,3186901,,,85.33713460023091,"rgba(38, 166, 154, 0.5)",0.0,0.0,,97.55031595833626,,0.0,0.0,0.0,0.0,0.0,0.0,0.0,0.0,69.40090874090019,13.427959972075612,False,False,True,False,True,,0,1.2412205073294487,0.731797241545008,False,False,False,False,0.2911030315046375,0.3160049953968588,False,False,False,False,9594948,-2935205.847749012,False,False,False,False,5281367.391280952,False,False,False,False
2024-06-21 00:00:00+00:00,105.9582537806,106.5232851648,99.8816881928,104.0351645081,4606300,,,85.69080139120807,"rgba(38, 166, 154, 0.5)",0.0,0.0,,101.14516865875255,,0.0,0.0,0.0,0.0,0.0,0.0,0.0,0.0,69.09431773068735,13.427959972075612,False,False,True,False,True,,0,1.1810824707702905,0.7740516297031077,False,False,False,False,0.2353808024839589,0.2756928989404088,False,False,False,False,14201248,-1665838.8960639,False,False,False,False,5231362.399334215,False,False,False,False
2024-06-28 00:00:00+00:00,107.0486652237,107.7326505835,104.986796313,105.938428118,5329713,,,86.13637162135586,"rgba(38, 166, 154, 0.5)",0.0,0.0,,101.8534149654314,,0.0,0.0,0.0,0.0,0.0,0.0,0.0,0.0,69.16661330931467,13.427959972075612,False,False,True,False,True,,0,1.1986228711108762,0.7797119929681313,False,False,False,False,0.3055243410227282,0.2906086199815685,False,False,False,False,19530961,-95705.57042953721,False,False,False,False,5238647.629013162,False,False,False,False
2024-07-05 00:00:00+00:00,109.8143451568,112.3123786448,106.0871205875,107.1180550428,3390856,,,86.44777069708809,"rgba(38, 166, 154, 0.5)",0.0,0.0,,106.14547007887806,,0.0,0.0,0.0,0.0,0.0,0.0,0.0,0.0,69.92273460619145,13.65789839883255,False,False,True,False,True,,0,1.2073929763629931,0.7473108220804345,False,False,False,False,0.342828252181533,0.31671843608155076,False,False,False,False,22921817,1609296.1014541322,False,False,False,False,5101774.175012187,False,False,False,False
2024-07-12 00:00:00+00:00,110.0919044333,111.9456038866,108.6941952198,110.1910327463,2630806,,,86.6923126672838,"rgba(38, 166, 154, 0.5)",0.0,0.0,,106.57706553331245,,0.0,0.0,0.0,0.0,0.0,0.0,0.0,0.0,70.53188127344995,14.51875463095135,False,False,True,False,True,,0,1.2387798388580018,0.7493003329122058,False,False,False,False,0.3428282522545361,0.32977334416804344,False,False,False,False,25552623,3382875.871716789,False,False,False,False,4918739.495381655,False,False,False,False
2024-07-19 00:00:00+00:00,103.4304817987,110.4190278662,103.1132711971,110.2505097341,4650154,,,87.03060373539309,"rgba(38, 166, 154, 0.5)",0.0,0.0,,106.05663246203063,,0.0,0.0,0.0,0.0,0.0,0.0,0.0,0.0,67.24756351630465,14.51875463095135,False,False,True,False,True,,0,1.2007181884082854,0.7418755954372113,False,False,False,False,0.2585388224304604,0.2941560832992519,False,False,False,False,20902469,4680623.510848878,False,False,False,False,4898844.273501532,False,False,False,False
2024-07-26 00:00:00+00:00,106.7116289595,108.5256770876,103.7625616473,104.9768834817,3173655,,,87.262803471782,"rgba(38, 166, 154, 0.5)",0.0,0.0,,105.98138237179953,,0.0,0.0,0.0,0.0,0.0,0.0,0.0,0.0,65.92039589511076,14.51875463095135,False,False,True,False,False,,0,1.2085286406458051,0.8730177249349484,False,False,False,False,0.2441779636819563,0.2691670234906041,False,False,False,False,24076124,6117327.250785998,False,False,False,False,4771052.475464382,False,False,False,False
2024-08-02 00:00:00+00:00,106.9098855855,109.3385292544,103.8468207134,107.1676191993,4268832,,,87.5722749275008,"rgba(38, 166, 154, 0.5)",0.0,0.0,,105.98507097846031,,0.0,0.0,0.0,0.0,0.0,0.0,0.0,0.0,65.03229478441692,14.51875463095135,False,False,True,False,False,,0,1.1708635942362127,0.7916089607738638,False,False,False,False,0.2545235393948483,0.26184528144272623,False,False,False,False,28344956,7763818.269246294,False,False,False,False,4733850.958763317,False,False,False,False
2024-08-09 00:00:00+00:00,116.6442859235,119.0332782671,101.5668695141,103.1132711971,6947711,,,88.19981229868559,"rgba(38, 166, 154, 0.5)",0.0,0.0,,109.16814756088552,,0.0,0.0,0.0,0.0,0.0,0.0,0.0,0.0,66.81703811606671,14.51875463095135,False,False,True,False,False,,0,1.1229972794613567,0.7563047967475165,False,False,False,False,0.342345815660913,0.30209554855181964,False,False,False,False,35292667,9802992.249302125,False,False,False,False,4897840.591447516,False,False,False,False
2024-08-16 00:00:00+00:00,115.771956769,119.3504888688,113.7596520148,117.7446101979,3721886,,,88.57491004976329,"rgba(38, 166, 154, 0.5)",0.0,0.0,,110.11719098938653,,0.0,0.0,0.0,0.0,0.0,0.0,0.0,0.0,67.65618683650621,14.51875463095135,False,False,True,False,False,,0,1.1990480342539207,0.762688641053928,False,False,False,False,0.3428282523954679,0.32246190047364376,False,False,False,False,31570781,11415421.045650117,False,False,False,False,4810732.843932886,False,False,False,False
2024-08-23 00:00:00+00:00,117.0011478503,119.6478738078,115.1672740596,115.9107364072,3177666,,,88.89834684284602,"rgba(38, 166, 154, 0.5)",0.0,0.0,,112.91155775263181,,0.0,0.0,0.0,0.0,0.0,0.0,0.0,0.0,68.52594923431737,14.51875463095135,False,False,True,False,True,20.0,0,1.2151582993222576,0.7523649762528566,False,False,False,False,0.3428282524413633,0.3326450764575035,False,False,False,False,34748447,13143793.338564923,False,False,False,False,4689764.929567487,False,False,False,False
2024-08-30 00:00:00+00:00,117.1994044764,117.5067022467,115.5836129742,116.9714093564,3063394,,,89.19785505983158,"rgba(38, 166, 154, 0.5)",0.0,0.0,,113.2123865709171,,0.0,0.0,0.0,0.0,0.0,0.0,0.0,0.0,69.19222588732151,14.51875463095135,False,False,True,False,True,20.0,0,1.2415993513493635,0.7610242508266223,False,False,False,False,0.3258973815417956,0.32927122899964956,False,False,False,False,37811841,14971056.128300853,False,False,False,False,4569293.008858784,False,False,False,False
2024-09-06 00:00:00+00:00,114.4337245433,119.58839682,114.0173856286,116.4658549601,2413681,,,89.42304487276282,"rgba(38, 166, 154, 0.5)",0.0,0.0,,113.33366491595267,,0.0,0.0,0.0,0.0,0.0,0.0,0.0,0.0,68.16197225819963,14.51875463095135,False,False,True,False,True,17.125202245365124,0,1.2505346361182388,0.7226619868707436,False,False,False,False,0.3309379049996174,0.3301045669996335,False,False,False,False,35398160,16484174.9336119,False,False,False,False,4409618.045239614,False,False,False,False
2024-09-13 00:00:00+00:00,114.3345962303,115.9603005637,112.1735990065,114.7311094823,3561761,,,89.72579257049354,"rgba(38, 166, 154, 0.5)",0.0,0.0,,114.17665320942655,,0.0,0.0,0.0,0.0,0.0,0.0,0.0,0.0,67.37269199794278,14.51875463095135,False,False,True,False,True,17.014990030940524,0,1.2306008743191086,0.7415270224650685,False,False,False,False,0.27277529885205504,0.30143993292584426,False,False,False,False,31836399,17621376.716307312,False,False,False,False,4346813.819666309,False,False,False,False
2024-09-20 00:00:00+00:00,120.8770648892,124.3961200012,113.7596520148,113.7596520148,7355759,,,90.46428438993475,"rgba(38, 166, 154, 0.5)",0.0,0.0,,116.04750949957997,,0.0,0.0,0.0,0.0,0.0,0.0,0.0,0.0,68.46654508546163,14.51875463095135,False,False,True,False,True,20.0,0,1.2348117752706222,0.7267537385009273,False,False,False,False,0.3428282522191253,0.32213409257248476,False,False,False,False,39192158,19219212.366951216,False,False,False,False,4569698.647839176,False,False,False,False
2024-09-27 00:00:00+00:00,123.9103912674,124.0491709056,119.4198786879,121.3627936229,4152372,,,90.90349973508846,"rgba(38, 166, 154, 0.5)",0.0,0.0,,116.96789799862741,,0.0,0.0,0.0,0.0,0.0,0.0,0.0,0.0,69.88053243061242,15.126539049886432,False,False,True,False,True,20.0,0,1.2345292167355693,0.7321377237151115,False,False,False,False,0.3428282521800292,0.33248117237625696,False,False,False,False,43344530,21006272.932362236,False,False,False,False,4538785.562814051,False,False,False,False
2024-10-04 00:00:00+00:00,126.0317371659,127.1915384282,120.2624693485,124.3168173508,3911523,,,91.332335024279,"rgba(38, 166, 154, 0.5)",0.0,0.0,,117.84783990302492,,0.0,0.0,0.0,0.0,0.0,0.0,0.0,0.0,71.30428996164336,16.617612148163317,False,False,True,False,True,20.0,0,1.242360299049245,0.7514049069208095,False,False,False,False,0.3428282518533001,0.33765471211477854,False,False,False,False,47256053,22950701.085520588,False,False,False,False,4492321.669272269,False,False,False,False
2024-10-11 00:00:00+00:00,126.4084247553,127.1716136372,124.3316865977,125.5162699382,2159052,,,91.57470644027272,"rgba(38, 166, 154, 0.5)",0.0,0.0,,118.33575829096299,,0.0,0.0,0.0,0.0,0.0,0.0,0.0,0.0,72.39492844839612,17.773374164680078,False,False,True,False,True,20.0,0,1.2251184918559799,0.7917358210623585,False,False,False,False,0.34282825202099604,0.3402414820678873,False,False,False,False,49415105,24911027.30140795,False,False,False,False,4319486.878955805,False,False,False,False
2024-10-18 00:00:00+00:00,128.797417099,129.8085258917,124.1086478934,126.299383611,2539091,,,91.8685023848256,"rgba(38, 166, 154, 0.5)",1.0,138.95311,,122.00949293743795,,0.0,0.0,0.0,0.0,0.0,0.0,0.0,0.0,73.63712507675005,19.06971015307954,False,False,True,False,True,20.0,0,1.2137223802344295,0.7711855262594436,False,False,False,False,0.34282825211091206,0.3415348670893997,False,False,False,False,51954196,26914224.98278514,False,False,False,False,4187605.7027368564,False,False,False,False
2024-10-25 00:00:00+00:00,114.2453807485,129.3656205892,113.3532259314,128.5694219791,6572759,,,92.42961996558378,"rgba(38, 166, 154, 0.5)",0.0,0.0,,120.27965825226286,,0.0,0.0,0.0,0.0,0.0,0.0,0.0,0.0,67.98211346058301,22.74597052629545,False,False,True,False,False,11.477040053239765,0,1.1268318819096204,0.781992126698651,False,False,False,False,0.21396970632063075,0.27775228670501523,False,False,False,False,45381437,28282166.613689944,False,False,False,False,4364283.724756349,False,False,False,False
2024-11-01 00:00:00+00:00,118.0320823057,118.1113849561,113.0161896672,115.0582329153,5849145,,,92.86275482113963,"rgba(38, 166, 154, 0.5)",0.0,0.0,,118.90786140094099,,0.0,0.0,0.0,0.0,0.0,0.0,0.0,0.0,64.95559396118362,19.96092956036857,False,False,True,False,False,13.80959823679165,0,1.122033033820093,0.8686759239620587,False,False,False,False,0.06565709617366812,0.17170469143934167,False,False,False,False,51230582,29982049.234898098,False,False,False,False,4474273.448848471,False,False,False,False
2024-11-08 00:00:00+00:00,119.1324065801,120.8721084735,114.1165139416,117.9032154988,5757005,,,93.30295477377466,"rgba(38, 166, 154, 0.5)",0.0,0.0,,118.89709920168869,,0.0,0.0,0.0,0.0,0.0,0.0,0.0,0.0,63.07808972152691,18.292774967270702,False,False,True,False,False,14.46864419482527,0,1.10963221115817,0.8686176143048941,False,False,False,False,0.08393560117495161,0.12782014630714664,False,False,False,False,56987587,31982459.43972046,False,False,False,False,4569290.600785621,False,False,False,False
2024-11-15 00:00:00+00:00,118.2006004378,119.885781759,114.7608479762,119.885781759,2990552,,,93.52178073780176,"rgba(38, 166, 154, 0.75)",0.0,0.0,,118.80937881932907,,0.0,0.0,0.0,0.0,0.0,0.0,0.0,0.0,61.39090867732992,16.7766655026101,True,False,True,False,False,13.643635069197341,0,1.1046989456359901,0.9026001524518246,False,False,False,False,0.06239044369749104,0.09510529500231885,False,False,False,False,53997035,33613168.740481906,False,False,False,False,4452347.000727427,False,False,False,False
2024-11-22 00:00:00+00:00,134.586510579,137.8775705711,118.8845857976,119.2711862183,6531156,,,94.23365302888492,"rgba(38, 166, 154, 0.75)",0.0,0.0,,121.09410654030394,,0.0,0.0,0.0,0.0,0.0,0.0,0.0,0.0,63.62481909489131,16.7766655026101,True,False,True,False,False,20.0,0,1.0813303729927466,0.8185240184714833,False,False,False,False,0.3428282514737773,0.21896677323804808,False,False,False,False,60528191,35606874.093038805,False,False,False,False,4606332.852525395,False,False,False,False
2024-11-29 00:00:00+00:00,136.757420634,138.2344324979,133.9173944662,134.8640698554,3183921,,,94.62532770285652,"rgba(38, 166, 154, 1.0)",0.0,0.0,,122.35915485482263,,0.0,0.0,0.0,0.0,0.0,0.0,0.0,0.0,65.55797373777341,16.7766655026101,True,False,True,False,True,20.0,0,1.1575209387592946,0.830115415213614,False,False,False,False,0.34282825216233515,0.2808975127001916,False,False,False,False,63712112,37688743.567628525,False,False,False,False,4500969.011597589,False,False,False,False
2024-12-06 00:00:00+00:00,142.8339862218,144.42003923,132.4750775118,136.3113432254,5981819,,,95.40380755325737,"rgba(38, 166, 154, 1.0)",0.0,0.0,,124.67182992479435,,0.0,0.0,0.0,0.0,0.0,0.0,0.0,0.0,67.8117144165714,11.960964775194789,True,False,True,False,True,20.0,0,1.1438663052999147,0.802360170857734,False,False,False,False,0.3428282523139437,0.3118628825070676,False,False,False,False,69693931,40059498.19224863,False,False,False,False,4610661.6033311,False,False,False,False
2024-12-13 00:00:00+00:00,140.6829018294,144.3848486789,137.2629750304,142.1995650185,4306327,,,95.9584708954092,"rgba(38, 166, 154, 1.0)",0.0,0.0,,126.03576841271939,,0.0,0.0,0.0,0.0,0.0,0.0,0.0,0.0,68.63120506710257,12.713981368715729,True,False,True,False,True,20.0,0,1.1782155720781098,0.7932215569900667,False,False,False,False,0.3428282524466816,0.3273455674768746,False,False,False,False,65387604,41935654.17800799,False,False,False,False,4588118.299380649,False,False,False,False
2024-12-20 00:00:00+00:00,142.2887805002,148.0976996428,138.7796382195,142.249129175,6749773,,,96.84391836802092,"rgba(38, 166, 154, 1.0)",0.0,0.0,,132.37701644326418,,0.0,0.0,0.0,0.0,0.0,0.0,0.0,0.0,69.46153538113556,13.540465414088885,True,False,True,False,True,20.0,0,1.204727674424524,0.769825342623675,False,False,False,False,0.34282825242942633,0.3350869099531505,False,False,False,False,72137377,44172818.83148888,False,False,False,False,4748240.869796896,False,False,False,False
2024-12-27 00:00:00+00:00,142.7645964026,143.9739618214,139.9890036383,142.2887805002,1544384,,,97.03837147580319,"rgba(38, 166, 154, 1.0)",0.0,0.0,,132.62280029723593,,0.0,0.0,0.0,0.0,0.0,0.0,0.0,0.0,70.12943106681035,14.261407473245754,True,False,True,False,True,20.0,0,1.1824518419738526,0.7999868023749468,False,False,False,False,0.31415490748243974,0.32462090871779514,False,False,False,False,73681761,46358666.39952674,False,False,False,False,4510918.13870083,False,False,False,False
2025-01-03 00:00:00+00:00,141.1587177318,143.1511968234,139.8006598435,141.5354053213,2309993,,,97.32057982655297,"rgba(38, 166, 154, 1.0)",0.0,0.0,,132.90653239133255,,0.0,0.0,0.0,0.0,0.0,0.0,0.0,0.0,69.94612904052603,14.261407473245754,True,False,True,False,True,20.0,0,1.1782851546325743,0.826309127054089,False,False,False,False,0.3043248792170102,0.31447289396740263,False,False,False,False,71371768,48211488.74030253,False,False,False,False,4347886.646945213,False,False,False,False
2025-01-10 00:00:00+00:00,138.9580691829,146.1597411234,138.3930377987,141.3966256831,3675938,,,97.76032509497631,"rgba(38, 166, 154, 1.0)",0.0,0.0,,133.33217152783814,,0.0,0.0,0.0,0.0,0.0,0.0,0.0,0.0,68.91917041261149,14.261407473245754,True,False,True,False,True,20.0,0,1.1526368430043838,0.812520705014735,False,False,False,False,0.31991624743931063,0.31719457070335666,False,False,False,False,67695830,49654773.2780579,False,False,False,False,4298112.67309742,False,False,False,False
2025-01-17 00:00:00+00:00,140.9604611058,143.7360538702,136.3014303941,137.7090524389,3414859,,,98.15327684221874,"rgba(38, 166, 154, 1.0)",-1.0,143.53624,,136.57792970033245,,0.0,0.0,0.0,0.0,0.0,0.0,0.0,0.0,68.59079787587996,14.261407473245754,True,False,True,False,True,20.0,0,1.1710880896749003,0.8174199357292368,False,False,False,False,0.2763005435378846,0.2967475571206206,False,False,False,False,71110689,51244100.36857213,False,False,False,False,4232686.475090203,False,False,False,False
2025-01-24 00:00:00+00:00,151.7456215617,152.905422824,140.4152553842,140.7919429737,4316251,,,98.73221307529556,"rgba(38, 166, 154, 1.0)",0.0,0.0,,138.59242963470464,,0.0,0.0,0.0,0.0,1.0,148.9799416286,143.7360538702,76.0,70.15773837546848,14.834001623927449,True,False,True,False,True,20.0,0,1.1840405847908881,0.7694230402478343,False,False,False,False,0.3428282525668767,0.31978790484374864,False,False,False,False,75426940,53035421.82275197,False,False,False,False,4238876.439898336,False,False,False,False
2025-01-31 00:00:00+00:00,153.8570546289,158.3277415458,148.9799416286,150.4371278299,3996849,,,99.31322493548346,"rgba(38, 166, 154, 1.0)",0.0,0.0,,140.3887194598646,,0.0,0.0,0.0,0.0,0.0,0.0,0.0,0.0,71.56895026388565,16.34886205920637,True,False,True,False,True,20.0,0,1.2230317596426394,0.7507555424690855,False,False,False,False,0.3428282527069895,0.33130807877536905,False,False,False,False,79423789,54990115.6877333,False,False,False,False,4220948.481387348,False,False,False,False
2025-02-07 00:00:00+00:00,164.9197743613,166.7833866459,151.2499799966,151.8249242121,5657321,,,100.22195410967866,"rgba(38, 166, 154, 1.0)",0.0,0.0,,143.2431398105017,,0.0,0.0,0.0,0.0,1.0,164.8602973734,158.3277415458,75.0,73.86611306864597,18.681318569970486,True,False,True,False,True,20.0,0,1.248270195119726,0.7545927223635558,False,False,False,False,0.34282825276764756,0.33706816577150833,False,False,False,False,85081110,57219078.22938268,False,False,False,False,4327346.445729026,False,False,False,False
2025-02-14 00:00:00+00:00,173.9701893394,177.5288957766,164.8602973734,166.5355658634,9330744,,,101.92782157445676,"rgba(38, 166, 154, 1.0)",1.0,176.95161,24.7332595091676,156.572257650446,0.7034225182695919,0.0,0.0,0.0,0.0,0.0,0.0,0.0,0.0,76.30539192457249,21.095233521164502,True,False,True,False,True,20.0,0,1.2466087658112242,0.7120796595777177,False,False,False,False,0.3428282531188979,0.3399482094452031,False,False,False,False,94411854,59974098.65683581,False,False,False,False,4697968.486786135,False,True,False,False
2025-02-21 00:00:00+00:00,157.4355867287,175.4422447877,156.3352624542,173.9701893394,5759142,,,102.81030251625452,"rgba(38, 166, 154, 0.75)",0.0,0.0,25.420102954570716,156.56366403347806,0.0343005178531412,0.0,0.0,0.0,0.0,-1.0,164.8602973734,162.0054019586,85.0,73.06769146934741,21.095233521164502,True,False,True,False,False,20.0,0,1.1848025680491494,0.742185937447945,False,False,False,False,0.2754634197701259,0.3077058146076645,False,False,False,False,88652712,62098440.38595908,False,False,False,False,4776573.932209384,False,False,False,False
2025-02-28 00:00:00+00:00,149.3268907242,162.0054019586,143.9987438997,157.6140176921,9347487,,,103.93112994816441,"rgba(38, 166, 154, 0.75)",0.0,0.0,25.75384370588021,154.60632927513151,-0.2049961400412662,0.0,0.0,0.0,0.0,-1.0,156.3352624542,152.9705501256,80.0,68.89821044943749,24.456355072835777,True,False,True,False,False,17.83368647145505,0,1.11792969830246,0.8078557408897241,False,False,False,False,0.12039881369291755,0.21405231415029102,False,False,False,False,79305225,63373017.024036184,False,False,False,False,5115160.0853790585,False,False,False,False
2025-03-07 00:00:00+00:00,142.4771242949,152.9705501256,137.4314931625,150.6750357812,9138775,,,104.81459854662052,"rgba(38, 166, 154, 0.75)",0.0,0.0,25.921170207004824,152.43447575238457,-0.3841397351263774,0.0,0.0,0.0,0.0,0.0,0.0,0.0,0.0,64.53307855840964,20.421420074389843,True,False,True,False,False,13.877283497826294,0,1.092731402864742,0.8610213880756477,False,False,False,False,0.02970300544699094,0.12187765979864099,False,False,False,False,70166450,63876234.28151499,False,False,False,False,5413205.634610239,False,False,False,False
2025-03-14 00:00:00+00:00,138.7796382195,147.9589200046,136.4302972011,138.2245196666,10467737,,,105.70101580780972,"rgba(38, 166, 154, 0.5)",0.0,0.0,25.97376829127055,149.65870287279517,-0.4188481444547075,0.0,0.0,0.0,0.0,0.0,0.0,0.0,0.0,60.71327627521712,16.971314888255236,False,False,True,False,False,11.838771359977518,0,1.093224448641227,0.8707481046387497,False,False,False,False,-0.014054739189199571,0.05391146030472071,False,False,False,False,59698713,63566788.26066203,False,False,False,False,5787615.365379851,False,False,False,False
2025-03-21 00:00:00+00:00,148.9778840878,150.9956656777,139.5847628933,139.5847628933,26015110,,,108.04002079999813,"rgba(38, 166, 154, 0.5)",0.0,0.0,26.116927204382858,149.21131244088764,-0.00893781842178099,0.0,0.0,0.0,0.0,0.0,0.0,0.0,0.0,59.64863295451302,16.150161735758388,False,False,True,False,False,15.668770968990948,0,1.0956455933813571,0.8896056850178746,False,False,False,False,0.022676119672527025,0.038293789988623865,False,False,False,False,85713823,65207309.35246484,False,False,False,False,7285948.301277639,False,False,False,False
2025-03-28 00:00:00+00:00,148.7989674936,157.0490104475,145.8667233112,149.7333097077,6630550,,,108.65224859327583,"rgba(38, 166, 154, 0.5)",0.0,0.0,26.225963573033404,149.42137096116494,-0.023732339360255834,0.0,0.0,0.0,0.0,0.0,0.0,0.0,0.0,58.85176118276514,15.481704661854678,False,False,True,False,False,15.5704528032059,0,1.0956263156398127,0.867854545598323,False,False,False,False,0.09613994181123316,0.06721686589992851,False,False,False,False,79083273,66235158.51154152,False,False,False,False,7237400.278960777,False,False,False,False
2025-04-04 00:00:00+00:00,138.7398789763,158.0429915263,138.5709021929,147.1091996597,9383852,,,109.38029523060878,"rgba(38, 166, 154, 0.5)",0.0,0.0,26.197694574090438,147.89759334480544,-0.3495618418867455,0.0,0.0,0.0,0.0,0.0,0.0,0.0,0.0,56.3538864557228,13.115157095123656,False,True,True,False,False,10.266077375247683,1,1.0614886632123677,0.8817682485274306,False,False,False,False,0.05852927896997522,0.06287307243495187,False,False,True,False,69699421,66491770.547723636,False,False,False,False,7396396.702741461,False,False,False,False
2025-04-11 00:00:00+00:00,143.4811687221,149.3953561409,132.2690621535,133.9687697982,7095314,,141.7151956721667,109.86116753543158,"rgba(38, 166, 154, 0.5)",0.0,0.0,26.26200667942768,145.04226408952053,-0.059443110592284534,1.0,149.39536,132.26906,0.0,0.0,0.0,0.0,0.0,55.375979276108836,12.185631717767535,False,True,True,False,False,12.03956128252717,1,1.022403679834127,0.9176127046303316,False,False,False,False,-0.03022642687296977,0.01632332278099105,False,False,False,False,76794735,67254953.09974411,False,False,False,False,7374094.280316168,False,False,False,False
2025-04-18 00:00:00+00:00,148.3218565758,149.951985545,144.8357661363,145.687806717,3133568,,143.54959237068056,110.10808803970176,"rgba(38, 166, 154, 0.5)",0.0,0.0,26.292681329555577,145.67839341717695,0.10053988505354718,0.0,0.0,0.0,0.0,0.0,0.0,0.0,0.0,55.46109124471756,12.185631717767535,False,True,True,False,False,13.786693112171431,1,1.0619676580155197,0.9203473584548605,False,False,False,False,0.04766599311935224,0.031994657950171645,False,False,False,False,79928303,68193719.75902233,False,False,False,False,7059981.222514971,False,False,False,False
2025-04-25 00:00:00+00:00,156.1544274766,156.4923810434,140.5886837829,148.4908333592,5838761,,146.28549316572335,110.60022525882196,"rgba(38, 166, 154, 0.5)",0.0,0.0,26.42620180743574,146.89549773814718,0.3503692965762324,0.0,0.0,0.0,0.0,1.0,156.7388883509,149.951985545,88.0,56.68386024875007,12.185631717767535,False,True,True,False,False,16.468448412453284,1,1.0845514974866597,0.896110451298092,False,False,False,False,0.061310485043081196,0.046652571496626424,False,False,False,False,85767064,69495448.96205771,False,False,False,False,6969520.46529164,False,False,False,False
2025-05-02 00:00:00+00:00,165.4282709416,165.9103517648,156.7388883509,156.9496123396,5430881,162.69250368576664,150.43017406103056,111.17581551246215,"rgba(38, 166, 154, 0.5)",0.0,0.0,26.73512887850869,149.1464177963827,0.6090059718509767,0.0,0.0,0.0,0.0,1.0,157.8740147429,156.4923810434,87.0,58.75650113353724,12.185631717767535,False,True,True,False,False,19.410790440158497,1,1.1374561182538114,0.8269314667141832,False,False,False,False,0.21220775427748947,0.12943016288705794,False,False,False,False,91197945,71103041.26116455,False,False,False,False,6855547.171566333,False,False,False,False
2025-05-09 00:00:00+00:00,158.6990190383,171.4020972251,157.8740147429,162.0189158414,6182708,162.67433571718092,153.16138949787864,111.8153732068183,"rgba(38, 166, 154, 0.5)",0.0,0.0,26.829994294312172,153.80378500687277,0.18245378577903767,0.0,0.0,0.0,0.0,0.0,0.0,0.0,0.0,58.867272380338285,12.185631717767535,False,True,True,False,False,16.02285954967337,1,1.1344682340293901,0.8217336403408341,False,False,False,False,0.25506407391062696,0.19224711839884245,False,False,False,False,85015237,72133574.27885607,False,False,False,False,6805707.23293179,False,False,False,False
2025-05-16 00:00:00+00:00,162.4960267592,164.2255538363,157.7149777703,161.8399992472,4644206,162.3328337490596,154.35636210488704,112.2745243074862,"rgba(38, 166, 154, 0.5)",0.0,0.0,26.868829539048146,154.44505395391337,0.29963987800757147,0.0,0.0,0.0,0.0,0.0,0.0,0.0,0.0,59.452569413510034,12.185631717767535,False,True,True,False,True,17.216747344517014,1,1.1311835123773735,0.8430982933540909,False,False,False,False,0.1741235358287893,0.18318532711381588,False,False,False,False,89659443,73431786.77671859,False,False,False,False,6645596.030492398,False,False,False,False
2025-05-23 00:00:00+00:00,156.7706957454,164.498898633,153.8483913738,161.5716243559,4648191,161.4523378438976,154.86127680075916,112.69716784184976,"rgba(38, 166, 154, 0.5)",0.0,0.0,26.78523254417498,154.5620496114613,0.0824576053351832,0.0,0.0,0.0,0.0,0.0,0.0,0.0,0.0,58.73119430409757,12.185631717767535,False,True,True,False,True,14.431253745447755,1,1.110236844186141,0.9012150785852847,False,False,False,False,0.10446360224562812,0.14382446467972199,False,False,False,False,85011252,74289524.9414061,False,False,False,False,6497640.102307775,False,False,False,False
2025-05-30 00:00:00+00:00,156.8601540425,159.1612202399,154.1465856974,158.897815254,3903760,160.70813219055293,155.03903686333354,113.03357319233663,"rgba(38, 166, 154, 0.5)",0.0,0.0,26.71970948827935,154.5403465454891,0.08682008679879177,0.0,0.0,0.0,0.0,0.0,0.0,0.0,0.0,58.22939948700915,12.185631717767535,False,True,True,False,True,14.460409601250731,1,1.059681102673815,0.9208873135281787,False,False,False,False,0.03695648582092611,0.09039047525032405,False,False,False,False,88915012,75372894.3531538,False,False,False,False,6305500.835470162,False,False,False,False
2025-06-06 00:00:00+00:00,164.941220213,168.9767833929,155.4884601538,156.4327421786,4178008,161.0579872243737,155.78982455001054,113.43998098190772,"rgba(38, 166, 154, 0.5)",0.0,0.0,26.832798987948426,155.19417106505134,0.3632513012275172,0.0,0.0,0.0,0.0,1.0,160.3440711328,159.1612202399,99.0,59.048752690822916,12.185631717767535,False,True,True,False,True,17.032485893610936,1,1.0688217603083745,0.9089767845647779,False,False,False,False,0.14120397664066572,0.11579722594549488,False,False,False,False,93093020,76685496.25292018,False,False,False,False,6147908.773583483,False,False,False,False
2025-06-13 00:00:00+00:00,162.4761471376,165.900411954,160.3440711328,164.9213405914,3032772,161.23310178553155,156.23867500652898,113.72954404635152,"rgba(38, 166, 154, 0.5)",0.0,0.0,26.78365274036778,155.58261837000944,0.25737821627297236,0.0,0.0,0.0,0.0,0.0,0.0,0.0,0.0,59.10398025022799,12.185631717767535,False,True,True,False,True,15.831287076529357,1,1.0694206854536672,0.9188715224943801,False,False,False,False,0.16046974103625636,0.13813348349087562,False,False,False,False,90060248,77676218.60455573,False,False,False,False,5917157.901466188,False,False,False,False
2025-06-20 00:00:00+00:00,174.3121578563,178.0582353228,162.934443849,163.8211483557,6508865,163.01283524410132,158.09005938682205,114.4496391943249,"rgba(38, 166, 154, 0.5)",0.0,0.0,26.921564488048386,157.33880202409608,0.6304743485371771,0.0,0.0,0.0,0.0,1.0,171.1339697929,165.900411954,95.0,60.71666238000161,12.185631717767535,False,True,True,False,True,19.387560660793365,1,1.0700241287949888,0.8908145881137445,False,False,False,False,0.3263282935186138,0.23223088850474471,False,False,False,False,96569113,79075692.26347752,False,False,False,False,5960988.056913137,False,False,False,False
2025-06-27 00:00:00+00:00,178.6859025579,178.7257544458,171.1339697929,174.9497880633,5214454,164.5826413540596,159.66733068651217,115.05720324330775,"rgba(38, 166, 154, 0.5)",0.0,0.0,27.11857334457336,158.83664632942953,0.7319432322734064,0.0,0.0,0.0,0.0,0.0,0.0,0.0,0.0,62.37995577312873,7.291119629365319,False,True,True,False,True,20.0,1,1.0922734423499552,0.8762930706420439,False,False,False,False,0.34282825229384184,0.2875295703992933,False,False,False,False,101783567,80757757.05877548,False,False,False,False,5905689.237882535,False,False,False,False
2025-07-04 00:00:00+00:00,176.4840857491,181.9238684531,172.0206742996,179.3334957369,3359927,165.45479011549142,160.57908137998405,115.44634607476485,"rgba(38, 166, 154, 0.5)",0.0,0.0,27.38574786014746,165.445707632795,0.4030701725830301,0.0,0.0,0.0,0.0,0.0,0.0,0.0,0.0,63.06127574799471,8.11673285456159,False,True,True,False,True,19.54371292708007,0,1.0937939647938328,0.8659164502670081,False,False,False,False,0.34282825241109927,0.31517891140519627,False,False,False,False,98423640,82066340.98034768,False,False,False,False,5717114.257298644,False,False,False,False
2025-07-11 00:00:00+00:00,171.3631181486,176.55133581,167.7365963459,176.3944190012,3947084,165.9518509670956,161.2438789329964,115.86107608556837,"rgba(38, 166, 154, 0.5)",0.0,0.0,27.44907820347094,165.24957501401403,0.22272307613641135,0.0,0.0,0.0,0.0,0.0,0.0,0.0,0.0,62.39537737639654,8.11673285456159,False,True,True,False,True,17.083876080273104,0,1.0842110657287074,0.893368000173586,False,False,False,False,0.24877326090797436,0.2819760861565853,False,False,False,False,94476556,82985616.16698858,False,False,False,False,5586000.904906152,False,False,False,False
2025-07-18 00:00:00+00:00,170.1575985384,175.856418514,163.1635922046,171.791525944,4452303,166.25459184639524,161.77152976427965,116.30389607721138,"rgba(38, 166, 154, 0.5)",0.0,0.0,27.45926301814152,165.18193265433467,0.1812017271103766,0.0,0.0,0.0,0.0,0.0,0.0,0.0,0.0,61.65135710947792,8.11673285456159,False,True,True,False,True,16.5119398796574,0,1.0749479465405876,0.889667823960301,False,False,False,False,0.1962014135010104,0.23908874982879785,False,False,False,False,90024253,83506996.67313758,False,False,False,False,5502023.282320511,False,False,False,False
2025-07-25 00:00:00+00:00,169.4203386114,171.1439327649,163.0539995128,169.9284501827,3588533,166.35286012614776,162.062836960428,116.64334452383639,"rgba(38, 166, 154, 0.5)",0.0,0.0,27.39673935734838,165.09161572376888,0.15800138955112833,0.0,0.0,0.0,0.0,0.0,0.0,0.0,0.0,60.948515055193425,8.11673285456159,False,True,True,False,True,16.158608705779592,0,1.0624395521485532,0.9327040347475638,False,False,False,False,0.15082425278308792,0.1949565013059429,False,False,False,False,86435720,83723939.14179406,False,False,False,False,5360283.26140788,False,False,False,False
2025-08-01 00:00:00+00:00,164.9967790499,170.41663581,163.6916297199,169.3904496955,2936613,166.35359337944632,162.2247355042295,116.90975897836321,"rgba(38, 166, 154, 0.5)",0.0,0.0,27.209994954730693,164.97744279886467,0.0007106304527985586,0.0,0.0,0.0,0.0,0.0,0.0,0.0,0.0,59.421781632087566,8.11673285456159,False,True,True,False,False,14.053472370450919,0,1.0372878391218217,0.9520558824136516,False,False,False,False,0.1499868311039994,0.17247166620497115,False,False,False,False,83499107,83707284.90906857,False,False,False,False,5180752.130933222,False,False,False,False
2025-08-08 00:00:00+00:00,162.6853695493,167.661874056,151.7261003654,166.1524838002,7506224,165.74233111452656,162.09025642102208,117.50123851274729,"rgba(38, 166, 154, 0.5)",0.0,0.0,26.857973871143216,164.12284434826717,-0.053521341775956785,0.0,0.0,0.0,0.0,0.0,0.0,0.0,0.0,57.81002275452085,12.145701054395289,False,True,True,False,False,12.970300054766412,0,0.9911785683237656,0.9883907900531633,False,False,False,False,0.01446011268792564,0.09346588944644839,False,False,False,False,75992883,83135847.73061904,False,False,False,False,5353009.30641965,False,False,False,False
2025-08-15 00:00:00+00:00,188.150725944,194.0388423873,163.3927405603,163.601962972,7133496,167.24205432612854,163.61106152157944,118.3170764030311,"rgba(38, 166, 154, 0.5)",0.0,0.0,26.983963369329555,168.2454559007467,0.7376703626079619,0.0,0.0,0.0,0.0,1.0,179.3334957369,167.661874056,0.0,60.345284628392974,12.145701054395289,False,True,True,False,True,20.0,0,0.9835927462973743,0.9392004829375168,False,False,False,False,0.34282825246030524,0.21814707095337682,False,False,False,False,83126379,83135146.34316579,False,False,False,False,5484897.209647824,False,False,False,False
2025-08-22 00:00:00+00:00,185.4806494519,187.7173366626,179.3334957369,187.423428989,3309978,167.94293240695396,164.3198217661834,118.70219012801752,"rgba(38, 166, 154, 0.5)",0.0,0.0,26.91897475321358,169.52002124490292,0.5929136734708558,0.0,0.0,0.0,0.0,0.0,0.0,0.0,0.0,61.57684192745114,12.145701054395289,False,True,True,False,True,19.21929764877206,0,1.0587640304768164,0.9492045578985121,False,False,False,False,0.3428282526805568,0.2804876618169668,False,False,False,False,79816401,82889313.35478313,False,False,False,False,5323792.083007245,False,False,False,False
2025-08-29 00:00:00+00:00,188.8580969549,189.5753313082,180.7681637028,185.3112789281,3294560,168.67318091491774,165.05211559973682,119.09392902142838,"rgba(38, 166, 154, 0.5)",0.0,0.0,27.046099645769967,170.69707746442836,0.6714838637855877,0.0,0.0,0.0,0.0,0.0,0.0,0.0,0.0,62.856218970069634,8.457594844524849,False,True,True,False,True,20.0,0,1.1051922024736638,0.8980713950380759,False,False,False,False,0.3428282527449714,0.3116579572809691,False,False,False,False,83110961,82905731.69887327,False,False,False,False,5173478.595377079,False,False,False,False
2025-09-05 00:00:00+00:00,193.2816565164,194.9056209501,183.9862036541,186.5865393423,2866878,169.40708889923303,165.77221809285768,119.45280756457761,"rgba(38, 166, 154, 0.5)",0.0,0.0,27.215681814338815,171.8196510911156,0.7885896657557546,0.0,0.0,0.0,0.0,1.0,192.1259517661,189.5753313082,108.0,64.28039893073294,9.859949005857274,False,False,True,False,True,20.0,0,1.1390195871097433,0.8492103475479708,False,False,False,False,0.34282825289183655,0.32724310508640286,False,False,False,False,85977839,83133295.20266044,False,False,False,False,5002619.292015814,False,False,False,False
2025-09-12 00:00:00+00:00,201.6904048721,203.3442582217,192.1259517661,193.9392126675,4369532,170.83834046458475,167.13671810277492,120.0560448020709,"rgba(38, 166, 154, 1.0)",0.0,0.0,27.699639743562305,173.94765987276088,1.0015561666568908,0.0,0.0,0.0,0.0,1.0,199.84,194.9056209501,106.0,66.1870600885941,11.714698784111377,True,False,True,False,True,20.0,0,1.1692974655202384,0.8047135493220985,False,False,False,False,0.34282825311377724,0.33503567910009,False,False,False,False,90347371,83667671.18764855,False,False,False,False,4955723.93705168,False,False,False,False
2025-09-19 00:00:00+00:00,201.11,212.49,199.84,206.51,10868378,174.44496727788746,170.59247121405355,121.61795671271483,"rgba(38, 166, 154, 1.0)",0.0,0.0,28.199540025715002,187.18014101862562,0.49397468783788084,0.0,0.0,0.0,0.0,0.0,0.0,0.0,0.0,67.4048729223397,12.896048473882416,True,False,True,False,True,20.0,0,1.186716572118938,0.7875318478068684,False,False,False,False,0.34282825328172495,0.3389319661909075,False,False,False,False,79478993,83357398.72930422,False,False,False,False,5393698.312084889,False,False,False,False
2025-09-26 00:00:00+00:00,199.04,202.98,194.66,200.31,7372420,176.1023833921199,172.2640796476766,122.57572603417154,"rgba(38, 166, 154, 1.0)",0.0,0.0,28.512450627817138,187.98215247238343,0.3878252231615746,0.0,0.0,0.0,0.0,0.0,0.0,0.0,0.0,67.74251506708532,13.257759101238868,True,False,True,False,True,20.0,0,1.1504002265237312,0.8372337024660725,False,False,False,False,0.2616090271100752,0.3002704966504913,False,False,False,False,72106573,82524004.23083724,False,False,False,False,5540270.28896749,False,False,False,False
2025-10-03 00:00:00+00:00,197.35,208.48,193.6627,200.55,8735013,177.86660250189456,174.0670909411083,123.69379765148132,"rgba(38, 166, 154, 1.0)",0.0,0.0,28.737024025488015,189.13513194231552,0.285863562295051,0.0,0.0,0.0,0.0,0.0,0.0,0.0,0.0,67.54068604501003,13.257759101238868,True,False,True,False,True,20.0,0,1.1740247245381505,0.8194656742503278,False,False,False,False,0.2861021622909743,0.2931863294707328,False,False,False,False,63371560,81105304.65818262,False,False,False,False,5776917.897192121,False,False,False,False
2025-10-10 00:00:00+00:00,187.05,203.25,185.93,198.5,6514019,178.61309864315606,174.9046556956122,124.42394878207269,"rgba(38, 166, 154, 0.5)",0.0,0.0,28.696530976744093,189.02798229866232,-0.06892757526215573,0.0,0.0,0.0,0.0,-1.0,193.6627,193.07,0.0,64.93280805781649,13.257759101238868,False,False,True,False,False,16.65518140415562,0,1.1690841506905139,0.8080546048850111,False,False,False,False,0.2027457778398939,0.24796605365531335,False,False,False,False,56857541,79309174.01683576,False,False,False,False,5831517.978881594,False,False,False,False
2025-10-17 00:00:00+00:00,191.21,193.07,186.72,188.0,2975239,178.8877256361234,175.22556916518,124.74381818671827,"rgba(38, 166, 154, 0.5)",0.0,0.0,28.728646243980364,188.93580412495157,0.07916126140210858,0.0,0.0,0.0,0.0,0.0,0.0,0.0,0.0,63.69655361560582,13.257759101238868,False,False,True,False,False,17.802297407751453,0,1.1339808592399678,0.8487814751925907,False,False,False,False,0.14465262224213477,0.19630933794872407,False,False,False,False,59832780,77866478.16373682,False,False,False,False,5619941.758223698,False,False,False,False
