date,Close,High,Low,Open,Volume,Gap_Up_aVWAP_83,Gap_Up_aVWAP_81,Gap_Up_aVWAP_80,Gap_Up_aVWAP_70,Gap_Up_aVWAP_69,Gap_Up_aVWAP_66,Gap_Up_aVWAP_57,Gap_Up_aVWAP_45,Gap_Up_aVWAP_44,Gap_Up_aVWAP_38,Gap_Down_aVWAP_78,Gap_Down_aVWAP_60,Gap_Down_aVWAP_53,Gap_Down_aVWAP_52,Gap_Down_aVWAP_40,Gap_Down_aVWAP_18,aVWAP_OB_bull_53,aVWAP_OB_bear_0,color,Liquidity,Liquidity_Level,StDev,StDev_Mean,StdDev_ZScore,OB,OB_High,OB_Low,OB_Mitigated_Index,FVG,FVG_High,FVG_Low,FVG_Mitigated_Index,QQEMOD,QQE1_Value,QQE1_Above_Upper,QQE1_Below_Lower,QQE2_Above_Threshold,QQE2_Below_Threshold,QQE2_Above_TL,banker_RSI,TTM_squeeze_Active,VI_plus,VI_minus,VI_Regular_Bullish,VI_Regular_Bearish,VI_Hidden_Bullish,VI_Hidden_Bearish,Fisher,Fisher_Signal,Fisher_Regular_Bullish,Fisher_Regular_Bearish,Fisher_Hidden_Bullish,Fisher_Hidden_Bearish,OBV,OBV_Smoothed,OBV_Regular_Bullish,OBV_Regular_Bearish,OBV_Hidden_Bullish,OBV_Hidden_Bearish,Volume_MA,Vol_Regular_Bullish,Vol_Regular_Bearish,Vol_Hidden_Bullish,Vol_Hidden_Bearish
2025-06-04 00:00:00+00:00,19.85,20.23,19.09,20.23,12855,,,,,,,,,,,,,,,,,,19.723333333333333,#000000,-1.0,19.9743,,,,0.0,0.0,0.0,0.0,0.0,0.0,0.0,0.0,,,False,False,False,False,False,,0,,,False,False,False,False,,,False,False,False,False,0,0.0,False,False,False,False,12855.0,False,False,False,False
2025-06-05 00:00:00+00:00,17.2848,20.47,17.14,19.6,13582,,,,,,,,,,,,,,,,,,18.991205804995523,"rgba(239, 83, 80, 0.5)",0.0,0.0,,,,1.0,20.47,17.14,0.0,0.0,0.0,0.0,0.0,0.0,,False,False,False,True,False,,0,,,False,False,False,False,,,False,False,False,False,-13582,-532.6274509803922,False,False,False,False,12883.509803921568,False,False,False,False
2025-06-06 00:00:00+00:00,18.48,18.48,18.075,18.245,10019,,,,,,,,,,,,,,,,,,18.813612652695486,"rgba(239, 83, 80, 0.5)",0.0,0.0,,,,0.0,0.0,0.0,0.0,0.0,0.0,0.0,0.0,11.295078249036056,-72.59015649807212,False,False,False,True,True,,0,,,False,False,False,False,,,False,False,False,False,-3563,-651.4655901576317,False,False,False,False,12771.176086120722,False,False,False,False
2025-06-09 00:00:00+00:00,19.3824,19.3824,18.13,18.13,2220,,,,,,,,,,,,,,,,,,18.822298450374046,"rgba(239, 83, 80, 0.5)",0.0,0.0,,,,0.0,0.0,0.0,0.0,0.0,0.0,0.0,0.0,23.66513659379139,-60.30967982796005,False,False,False,True,True,,0,,,False,False,False,False,,,False,False,False,False,-1343,-678.5845866220383,False,False,False,False,12357.404474900302,False,False,False,False
2025-06-10 00:00:00+00:00,19.8851,19.93,19.35,19.6,7809,,,,,,,,,,,,,,,,,,18.973388623570326,"rgba(239, 83, 80, 0.5)",0.0,0.0,,,,0.0,0.0,0.0,0.0,0.0,0.0,0.0,0.0,33.95180100864741,-49.998702043351216,False,False,False,True,True,,0,,,False,False,False,False,,,False,False,False,False,6466,-398.40479891137016,False,False,False,False,12179.035671963036,False,False,False,False
2025-06-11 00:00:00+00:00,19.982,20.43,19.9,20.296,4041,,,,,,,,,,,,,,,,,,19.063813366715483,"rgba(239, 83, 80, 0.5)",0.0,0.0,,,,0.0,0.0,0.0,0.0,0.0,0.0,0.0,0.0,41.1814611924222,-42.411559727784905,False,False,False,True,True,,0,,,False,False,False,False,,,False,False,False,False,10507,29.258134379271837,False,False,False,False,11859.897018160564,False,False,False,False
2025-06-12 00:00:00+00:00,19.605,20.05,19.585,19.67,9182,,,,,,,,,,,,,,,,,,19.16882373383801,"rgba(239, 83, 80, 0.5)",0.0,0.0,,,,0.0,0.0,0.0,0.0,0.0,0.0,0.0,0.0,44.23893726070553,-38.42748238144199,False,False,False,True,True,,0,,,False,False,False,False,,,False,False,False,False,1325,80.07154087420236,False,False,False,False,11754.881448820934,False,False,False,False
2025-06-13 00:00:00+00:00,19.4634,19.8,19.29,19.44,3413,,,,,,,,,,,,,,,,,,19.18769314332789,"rgba(239, 83, 80, 0.5)",0.0,0.0,,,,0.0,0.0,0.0,0.0,0.0,0.0,0.0,0.0,45.643223702733884,-35.58934615420385,False,False,False,True,True,,0,,,False,False,False,False,,,False,False,False,False,-2088,-4.950872493413414,False,False,False,False,11427.74884298482,False,False,False,False
2025-06-16 00:00:00+00:00,20.3557,20.625,20.28,20.28,13017,,,,,,,,,,,,,,,,,,19.39841545877223,#000000,0.0,0.0,,,,0.0,0.0,0.0,0.0,0.0,0.0,0.0,0.0,50.144963343775515,-29.599451080827293,False,False,False,False,True,,0,,,False,False,False,False,,,False,False,False,False,10929,423.831514663191,False,False,False,False,11490.072417769728,False,False,False,False
2025-06-17 00:00:00+00:00,19.6127,20.28,19.32,20.28,4341,,,,,,,,,,,,,,,,,,19.416709117906535,#000000,0.0,0.0,,,,0.0,0.0,0.0,0.0,0.0,0.0,0.0,0.0,49.997246319321825,-27.899802850847237,False,False,False,False,True,,0,,,False,False,False,False,,,False,False,False,False,6588,665.5636121273797,False,False,False,False,11209.71663668072,False,False,False,False
2025-06-18 00:00:00+00:00,19.8995,20.06,19.73,19.73,3412,,,,,,,,,,,,,,,,,,19.43622308829314,#000000,0.0,0.0,,,,0.0,0.0,0.0,0.0,0.0,0.0,0.0,0.0,50.963529637850854,-24.956232571889718,False,False,False,False,True,,0,,,False,False,False,False,,,False,False,False,False,10000,1031.6199410635609,False,False,False,False,10903.923827399123,False,False,False,False
2025-06-20 00:00:00+00:00,19.727,20.34,19.727,20.34,5780,,,,,,,,,,,,,,,,,,19.46813683093382,#000000,0.0,0.0,,,,0.0,0.0,0.0,0.0,0.0,0.0,0.0,0.0,50.89674824938353,-22.935469736605633,False,False,False,False,True,,0,,,False,False,False,False,,,False,False,False,False,4220,1156.6544531787154,False,False,False,False,10702.985638089353,False,False,False,False
2025-06-23 00:00:00+00:00,19.8395,20.2938,19.72,19.72,7876,,,,,,,,,,,,,,,,,,19.507131550602956,#000000,0.0,0.0,,,,0.0,0.0,0.0,0.0,0.0,0.0,0.0,0.0,51.313639720731736,-20.441629677320485,False,False,False,False,True,,0,,,False,False,False,False,,,False,False,False,False,12096,1585.648396191315,False,False,False,False,10592.123456203495,False,False,False,False
2025-06-24 00:00:00+00:00,20.5433,20.686,20.2,20.2,4401,,,,,,,,,,,,,,,,,,19.548975403800632,"rgba(38, 166, 154, 0.5)",0.0,0.0,,,,0.0,0.0,0.0,0.0,0.0,0.0,0.0,0.0,54.17729724555823,-15.769971832438543,False,False,True,False,True,,0,,,False,False,False,False,,,False,False,False,False,16497,2170.407282615185,False,False,False,False,10349.33430105826,False,False,False,False
2025-06-25 00:00:00+00:00,21.1308,21.32,20.8,21.15,2995,,,,,,,,,,,,,,,,,,19.592772519050026,"rgba(38, 166, 154, 0.5)",0.0,0.0,,,,0.0,0.0,0.0,0.0,0.0,0.0,0.0,0.0,57.81805181044746,-10.62296689575166,False,False,True,False,True,,0,,,False,False,False,False,,,False,False,False,False,19492,2849.685428394982,False,False,False,False,10060.929034350092,False,False,False,False
2025-06-26 00:00:00+00:00,21.8802,21.89,21.61,21.665,1434,,,,,,,,,,,,,,,,,,19.62243776442903,"rgba(38, 166, 154, 0.5)",0.0,0.0,,,,0.0,0.0,0.0,0.0,0.0,0.0,0.0,0.0,62.034806423698676,-5.199350778017482,False,False,True,False,True,,0,,,False,False,False,False,,,False,False,False,False,20926,3558.5605096343943,False,False,False,False,9722.61809182656,False,False,False,False
2025-06-27 00:00:00+00:00,20.6996,21.72,20.6996,21.5285,3024,,,,,,,,,,,,,,,,,,19.661613839605366,"rgba(38, 166, 154, 0.5)",0.0,0.0,,,,0.0,0.0,0.0,0.0,0.0,0.0,0.0,0.0,59.90212812717574,-5.199350778017482,False,False,True,False,True,,0,,,False,False,False,False,,,False,False,False,False,17902,4121.0483327859865,False,False,False,False,9459.927186264735,False,False,False,False
2025-06-30 00:00:00+00:00,21.6087,21.97,21.5,21.5,7628,,,,,,,,,,,,,,,,,,19.794013935577222,"rgba(38, 166, 154, 0.5)",0.0,0.0,,21.6929,,0.0,0.0,0.0,0.0,0.0,0.0,0.0,0.0,60.71776881379743,-4.207129081931136,False,False,True,False,True,,0,,,False,False,False,False,,,False,False,False,False,25530,4960.615064833595,False,False,False,False,9388.086904450432,False,False,False,False
2025-07-01 00:00:00+00:00,20.5654,21.37,20.5654,21.37,3152,,,,,,,,,,,,,,,,20.8336,,19.82127927098848,"rgba(38, 166, 154, 0.5)",0.0,0.0,,21.44164641929499,,0.0,0.0,0.0,0.0,0.0,0.0,0.0,0.0,57.9285447205566,-4.207129081931136,False,False,True,False,True,,0,,,False,False,False,False,,,False,False,False,False,22378,5643.6497681734545,False,False,False,False,9143.534476824925,False,False,False,False
2025-07-02 00:00:00+00:00,20.8686,20.99,20.69,20.69,2487,,,,,,,,,,,,,,,,20.840627167937576,,19.842126336670255,"rgba(38, 166, 154, 0.5)",0.0,0.0,,21.33065032034371,,0.0,0.0,0.0,0.0,0.0,0.0,0.0,0.0,56.843639981383554,-4.207129081931136,False,False,True,False,True,,0,,,False,False,False,False,,,False,False,False,False,24865,6397.4282086372405,False,False,False,False,8882.4939091063,False,False,False,False
2025-07-03 00:00:00+00:00,21.2309,21.3,20.95,21.1599,11251,,,,,,,,,,,,,,,,21.053572048549437,,19.95287068128247,"rgba(38, 166, 154, 0.5)",0.0,0.0,,21.252478713598173,,0.0,0.0,0.0,0.0,0.0,0.0,0.0,0.0,57.03049639225698,-4.207129081931136,False,False,True,False,True,,0,,,False,False,False,False,,,False,False,False,False,36116,7562.862396533819,False,False,False,False,8975.376500906055,False,False,False,False
2025-07-07 00:00:00+00:00,20.3188,20.98,20.1201,20.98,6696,,,,,,,,,,,,,,,,20.888739790553718,,19.97763733290664,"rgba(38, 166, 154, 0.5)",0.0,0.0,,21.08525847055808,,0.0,0.0,0.0,0.0,0.0,0.0,0.0,0.0,54.419418419538175,-4.207129081931136,False,False,True,False,False,,0,,,False,False,False,False,,,False,False,False,False,29420,8420.00504765014,False,False,False,False,8885.989187145033,False,False,False,False
2025-07-08 00:00:00+00:00,20.4482,20.52,20.4,20.4,2804,,,,,,,,,,,,,,,,20.84276724643173,,19.986991155286262,#000000,0.0,0.0,,21.033396108922727,,0.0,0.0,0.0,0.0,0.0,0.0,0.0,0.0,53.048276941163365,-4.207129081931136,False,False,False,False,False,,0,,,False,False,False,False,,,False,False,False,False,32224,9353.495045781507,False,False,False,False,8647.479807256992,False,False,False,False
2025-07-09 00:00:00+00:00,20.7626,20.97,20.65,20.9686,2045,,,,,,,,,,,,,,,,20.83927436727038,,19.998339269509984,#000000,0.0,0.0,,21.019832177947848,,0.0,0.0,0.0,0.0,0.0,0.0,0.0,0.0,53.04712321082986,-4.207129081931136,False,False,False,False,False,,0,,,False,False,False,False,,,False,False,False,False,34269,10330.573671437134,False,False,False,False,8388.559030501816,False,False,False,False
2025-07-10 00:00:00+00:00,21.2977,21.2977,21.06,21.06,470,,,,,,,,,,,,,,,,20.845440095715848,,20.002268853271573,"rgba(38, 166, 154, 0.5)",0.0,0.0,,21.022387626711918,,0.0,0.0,0.0,0.0,0.0,0.0,0.0,0.0,54.510282680599516,-4.207129081931136,False,False,True,False,False,,0,,,False,False,False,False,,,False,False,False,False,34739,11287.76686079254,False,False,False,False,8078.02730381547,False,False,False,False
2025-07-11 00:00:00+00:00,21.0055,21.22,20.83,20.88,3198,,,,,,,,,,,,,,,,20.862679779667523,,20.02406100523921,"rgba(38, 166, 154, 0.5)",0.0,0.0,,21.022074706568336,,0.0,0.0,0.0,0.0,0.0,0.0,0.0,0.0,54.467308327826046,-3.5821410283846475,False,False,True,False,False,,1,,,False,False,False,False,,,False,False,False,False,31541,12082.011297624205,False,False,False,False,7886.653684058,False,False,False,False
2025-07-14 00:00:00+00:00,21.1497,21.2568,21.1,21.1,1088,,,,,,,,,,,,,,,,20.872715484117176,,20.032352260018644,"rgba(38, 166, 154, 0.5)",0.0,0.0,,21.0259864483043,,0.0,0.0,0.0,0.0,0.0,0.0,0.0,0.0,54.86542762357347,-2.483491713973912,False,False,True,False,False,,0,,,False,False,False,False,,,False,False,False,False,32629,12887.775560462473,False,False,False,False,7620.039814094942,False,False,False,False
2025-07-15 00:00:00+00:00,21.1694,21.8,21.15,21.8,531,,,,,,,,,,,,,,,,20.880595262242252,,20.037074979933802,"rgba(38, 166, 154, 0.5)",0.0,0.0,,21.030444368399834,,0.0,0.0,0.0,0.0,0.0,0.0,0.0,0.0,55.19291246483956,-1.4926814482541602,False,False,True,False,False,,0,,,False,False,False,False,,,False,False,False,False,33160,13682.764754169826,False,False,False,False,7342.038252757886,False,False,False,False
2025-07-16 00:00:00+00:00,22.1442,22.1442,21.6,21.6201,803,,,,,,,,,,,,,,,,20.905765730147234,,20.047278321258432,"rgba(38, 166, 154, 0.5)",0.0,0.0,,21.048205419147706,,0.0,0.0,0.0,0.0,0.0,0.0,0.0,0.0,58.14964663806667,1.8640118084383488,False,False,True,False,True,,0,,,False,False,False,False,,,False,False,False,False,33963,14478.06809714356,False,False,False,False,7085.605380100714,False,False,False,False
2025-07-17 00:00:00+00:00,22.2489,22.43,22.045,22.43,3780,,,,,,,,,,,,,,,,21.03755843449506,,20.10066909176356,"rgba(38, 166, 154, 0.5)",0.0,0.0,,21.1463896769933,,0.0,0.0,0.0,0.0,0.0,0.0,0.0,0.0,60.378474958688116,4.359454766681978,False,False,True,False,True,,0,,,False,False,False,False,,,False,False,False,False,37743,15390.418367843813,False,False,False,False,6955.973796567352,False,False,False,False
2025-07-18 00:00:00+00:00,22.2051,22.2051,22.15,22.15,1939,,,,,,,,,,,,,,,,21.09292693983368,,20.126387928209763,"rgba(38, 166, 154, 0.5)",0.0,0.0,,21.18852759372215,,0.0,0.0,0.0,0.0,0.0,0.0,0.0,0.0,61.652530911405776,5.879683449244297,False,False,True,False,True,,0,,,False,False,False,False,,,False,False,False,False,35804,16190.950980869546,False,False,False,False,6759.229726113731,False,False,False,False
2025-07-21 00:00:00+00:00,22.2078,22.8009,22.2078,22.755,3054,,,,,,,,,,,,,,,,21.185508540040342,,20.169801752875898,"rgba(38, 166, 154, 0.5)",0.0,0.0,,21.261508658969223,,0.0,0.0,0.0,0.0,0.0,0.0,0.0,0.0,62.50982726356766,6.996848597289301,False,False,True,False,True,,0,,,False,False,False,False,,,False,False,False,False,38858,17079.8548639727,False,False,False,False,6613.926599599467,False,False,False,False
2025-07-22 00:00:00+00:00,22.5991,22.67,21.79,22.0,1553,,,,,,,,,,,,,,,,21.225934974322385,,20.19074664195701,"rgba(38, 166, 154, 0.5)",0.0,0.0,,21.29380991888819,,0.0,0.0,0.0,0.0,0.0,0.0,0.0,0.0,64.22313145724848,8.900980179367743,False,False,True,False,True,,0,,,False,False,False,False,,,False,False,False,False,40411,17994.801732052205,False,False,False,False,6415.458889811253,False,False,False,False
2025-07-23 00:00:00+00:00,23.3581,23.3581,22.74,22.74,4279,,,,,,,,,,,,,,,,21.39369230205577,,20.267007863953605,"rgba(38, 166, 154, 0.5)",0.0,0.0,,21.433904365904365,,0.0,0.0,0.0,0.0,0.0,0.0,0.0,0.0,67.19455395928804,11.905140694787917,False,False,True,False,True,,0,,,False,False,False,False,,,False,False,False,False,44690,19041.672252363882,False,False,False,False,6331.676188250028,False,False,False,False
2025-07-24 00:00:00+00:00,23.61,23.82,23.485,23.82,1931,,,,,,,,,,,,,,,,21.4785790420608,,20.305737291530335,"rgba(38, 166, 154, 0.5)",0.0,0.0,,21.506435033254384,,0.0,0.0,0.0,0.0,0.0,0.0,0.0,0.0,69.69768210966453,14.369337710383462,False,False,True,False,True,,0,,,False,False,False,False,,,False,False,False,False,46621,20123.214516977067,False,False,False,False,6159.100651455909,False,False,False,False
2025-07-25 00:00:00+00:00,23.9918,24.015,23.73,23.73,1933,,,,,,,,,,,,,,,,21.567349811928395,,20.34674010457409,"rgba(38, 166, 154, 0.5)",0.0,0.0,,21.58314765486677,,0.0,0.0,0.0,0.0,0.0,0.0,0.0,0.0,72.11361944130512,16.704920987436154,False,False,True,False,True,,0,,,False,False,False,False,,,False,False,False,False,48554,21238.147281017184,False,False,False,False,5993.371214143914,False,False,False,False
2025-07-28 00:00:00+00:00,24.291,24.291,23.89,24.27,3136,,,,,,,,,,,,,,,,21.712052971079043,,20.415751939739394,"rgba(38, 166, 154, 0.5)",0.0,0.0,,21.709761511758,,0.0,0.0,0.0,0.0,0.0,0.0,0.0,0.0,74.2696019824816,18.775678513769364,False,False,True,False,True,,0,,,False,False,False,False,,,False,False,False,False,51690,22432.337583722394,False,False,False,False,5881.317441040231,False,False,False,False
2025-07-29 00:00:00+00:00,24.2966,24.56,23.77,23.77,6556,,,,,,,,,,,,,,,,21.97318162162737,,20.55412469743761,"rgba(38, 166, 154, 0.5)",0.0,0.0,,21.9427753268671,,0.0,0.0,0.0,0.0,0.0,0.0,0.0,0.0,75.71733961361412,20.1961962894639,False,False,True,False,True,,0,,,False,False,False,False,,,False,False,False,False,58246,23836.79493338034,False,False,False,False,5907.775580607281,False,False,False,False
2025-07-30 00:00:00+00:00,25.1345,25.34,24.58,24.58,24968,,,,,,,,,,25.018166666666666,,,,,,22.840537208417945,,21.09866527915525,"rgba(38, 166, 154, 0.5)",0.0,0.0,,22.74866070891319,,0.0,0.0,0.0,0.0,0.0,0.0,0.0,0.0,78.06287383268804,22.480731738565026,False,False,True,False,True,,0,,,False,False,False,False,,,False,False,False,False,83214,26165.312779130134,False,False,False,False,6655.2353617599365,False,False,False,False
2025-07-31 00:00:00+00:00,24.6002,25.67,24.6002,25.29,3316,,,,,,,,,,25.01097207372837,,,,,,22.917678325455277,,21.160173145704228,"rgba(38, 166, 154, 0.5)",0.0,0.0,,22.822923776006274,,0.0,0.0,0.0,0.0,0.0,0.0,0.0,0.0,76.32811165850526,22.480731738565026,False,False,True,False,True,,0,,,False,False,False,False,,,False,False,False,False,79898,28272.47698387013,False,False,False,False,6524.2849554164095,False,False,False,False
2025-08-01 00:00:00+00:00,23.2371,24.04,23.1699,24.04,6505,,,,,,,,,,24.72514048885184,,,,,23.482333333333333,22.955360611438827,,21.2305944526287,"rgba(38, 166, 154, 0.5)",0.0,0.0,,22.863735733518546,,0.0,0.0,0.0,0.0,0.0,0.0,0.0,0.0,69.06960554827828,25.154670763682788,False,False,True,False,False,,0,,,False,False,False,False,,,False,False,False,False,73393,30041.90925901248,False,False,False,False,6523.528682654982,False,False,False,False
2025-08-04 00:00:00+00:00,24.2407,24.49,23.98,23.98,3674,,,,,,,,,,24.67850357659742,,,,,23.754686013688314,23.00190952159685,,21.281219018721718,"rgba(38, 166, 154, 0.5)",0.0,0.0,,22.910115073958647,,0.0,0.0,0.0,0.0,0.0,0.0,0.0,0.0,66.79204261362949,23.22499935403185,False,False,True,False,False,,0,,,False,False,False,False,,,False,False,False,False,77067,31886.0304645414,False,False,False,False,6411.782459805767,False,False,False,False
2025-08-05 00:00:00+00:00,23.8117,25.55,23.69,24.8,1846,,,,,,,,,,24.663485304357174,,,,,23.846161746361744,23.026081773548874,,21.306970826515897,"rgba(38, 166, 154, 0.5)",0.0,0.0,,22.934152332396213,,0.0,0.0,0.0,0.0,0.0,0.0,0.0,0.0,63.74578944806566,20.49549871294677,False,False,True,False,False,,0,,,False,False,False,False,,,False,False,False,False,75221,33585.441034559386,False,False,False,False,6232.732167264364,False,False,False,False
2025-08-06 00:00:00+00:00,24.1928,24.28,23.8215,23.8215,2108,,,,,,,,,,24.635387319549555,,,,,23.88373946083634,23.047582724248272,,21.33345823174209,"rgba(38, 166, 154, 0.5)",0.0,0.0,,22.955917434127844,,0.0,0.0,0.0,0.0,0.0,0.0,0.0,0.0,62.6626151134093,19.535064013042003,False,False,True,False,False,,0,,,False,False,False,False,,,False,False,False,False,77329,35300.87471947863,False,False,False,False,6070.977964626546,False,False,False,False
2025-08-07 00:00:00+00:00,24.7276,25.09,24.5303,24.56,4157,,,,,,,,,24.782633333333333,24.64852988147894,,,,,24.08804245853836,23.113595953078278,,21.39682066163181,"rgba(38, 166, 154, 0.5)",0.0,0.0,,23.020882682853095,,0.0,0.0,0.0,0.0,0.0,0.0,0.0,0.0,63.176992168586395,19.535064013042003,False,False,True,False,False,,0,,,False,False,False,False,,,False,False,False,False,81486,37112.05610302849,False,False,False,False,5995.920005229426,False,False,False,False
2025-08-08 00:00:00+00:00,26.0053,26.095,25.39,25.39,6753,,,,,,,,25.830099999999995,25.430987357164675,24.798156581094005,,,,,24.557799060282974,23.27172092035662,,21.525286497712862,"rgba(38, 166, 154, 0.5)",0.0,0.0,,23.174315965847352,,0.0,0.0,0.0,0.0,0.0,0.0,0.0,0.0,65.88152061431941,19.535064013042003,False,False,True,False,False,,0,,,False,False,False,False,,,False,False,False,False,88239,39117.03429506659,False,False,False,False,6025.609416789057,False,False,False,False
2025-08-11 00:00:00+00:00,25.6016,26.23,25.6016,25.83,2693,,,,,,,,25.8246737066836,25.506232051753287,24.846849313340474,,,,,24.679483862128638,23.329329281305633,,21.57424658422947,"rgba(38, 166, 154, 0.5)",0.0,0.0,,24.520794477865547,,0.0,0.0,0.0,0.0,0.0,0.0,0.0,0.0,66.15501532160756,19.535064013042003,False,False,True,False,False,,0,,,False,False,False,False,,,False,False,False,False,85546,40937.77804820123,False,False,False,False,5894.918851424781,False,False,False,False
2025-08-12 00:00:00+00:00,25.7069,25.87,25.11,25.12,6842,,,,,,,,25.714459997134902,25.524995412081193,24.924720103295048,,,,,24.854167996992302,23.4510196758743,,21.686731533217635,"rgba(38, 166, 154, 0.5)",0.0,0.0,,24.491439386633854,,0.0,0.0,0.0,0.0,0.0,0.0,0.0,0.0,66.53860512296572,19.535064013042003,False,False,True,False,False,,0,,,False,False,False,False,,,False,False,False,False,92388,42955.43381101687,False,False,False,False,5932.059288623809,False,False,False,False
2025-08-13 00:00:00+00:00,25.6589,26.07,25.43,26.07,4797,,,,,,,,25.715636970990438,25.561984482212182,24.981079179907084,,,,,24.95960640253968,23.53450994949301,,21.764936315996565,"rgba(38, 166, 154, 0.5)",0.0,0.0,,24.547199133778463,,0.0,0.0,0.0,0.0,0.0,0.0,0.0,0.0,66.59218503302219,19.535064013042003,False,False,True,False,False,,0,,,False,False,False,False,,,False,False,False,False,87591,44705.84817136915,False,False,False,False,5887.547159658169,False,False,False,False
2025-08-14 00:00:00+00:00,25.15,25.43,24.5683,24.93,2105,,,,,,,,25.65516441138422,25.52253151960605,24.983141640387593,,,,,24.96416488106718,23.558586308292437,,21.792649535231426,"rgba(38, 166, 154, 0.5)",0.0,0.0,,24.520141645611442,,0.0,0.0,0.0,0.0,0.0,0.0,0.0,0.0,64.51380302822956,19.535064013042003,False,False,True,False,False,16.748288856193636,0,,,False,False,False,False,0.2562613402474865,0.2562613402474865,False,False,False,False,85486,46305.06981170762,False,False,False,False,5739.211976926477,False,False,False,False
2025-08-15 00:00:00+00:00,24.4584,24.74,24.2976,24.55,3071,,,,,,,,25.51992186258457,25.419162167137877,24.962714336971697,,,,,24.93207704877556,23.579889182242354,,21.825554617831457,"rgba(38, 166, 154, 0.5)",0.0,0.0,,24.44594288709486,,0.0,0.0,0.0,0.0,0.0,0.0,0.0,0.0,60.62426815630413,16.374673163330826,False,False,True,False,False,12.967008773911111,0,0.9314102765917776,0.7534044207217396,False,False,False,False,0.2124285888705877,0.23434496455903708,False,False,False,False,82415,47721.14550536615,False,False,False,False,5634.576213125439,False,False,False,False
2025-08-18 00:00:00+00:00,24.34,24.34,24.07,24.3101,1499,,,,,,,,25.451347911863593,25.364251803114325,24.948341926081383,,,,,24.9098743669924,23.587220200457352,,21.839859903929298,"rgba(38, 166, 154, 0.75)",0.0,0.0,,24.40845801620072,,0.0,0.0,0.0,0.0,0.0,0.0,0.0,0.0,57.62784957307461,13.464711705716724,True,False,True,False,False,12.33820408240582,0,0.9679741749086712,0.7480906277134728,False,False,False,False,0.1842319256889012,0.20928844512396916,False,False,False,False,80916,49022.90450515572,False,False,False,False,5472.396753787187,False,False,False,False
2025-08-19 00:00:00+00:00,22.3215,22.8,22.28,22.8,3354,,,,,,,,25.129661728910886,25.08876135635508,24.841222913877736,,,,22.467166666666664,24.74404079831593,23.560458410151924,,21.848033805873804,#000000,0.0,0.0,,24.19985061013616,,0.0,0.0,0.0,0.0,0.0,0.0,0.0,0.0,50.4592998614023,6.791445748009977,False,False,False,False,False,2.6788178422814397,0,0.9448426753979976,0.723050559605866,False,False,False,False,0.01880773230055027,0.11404808871225972,False,False,False,False,77562,50142.08472063981,False,False,False,False,5389.322371285729,False,False,False,False
2025-08-20 00:00:00+00:00,22.1275,22.1275,20.8586,21.305,2562,,,,,,,,24.869085088292355,24.859585975206826,24.74108336614746,,,21.704533333333337,22.136898478701823,24.59418862333064,23.52719261254454,21.704533333333337,21.846619583918354,"rgba(239, 83, 80, 0.5)",0.0,0.0,,23.255610872907734,,0.0,0.0,0.0,0.0,0.0,0.0,0.0,0.0,45.30959863578679,2.2389404012660776,False,False,False,True,False,1.8453102814019644,0,0.9105048496408429,0.759554705572014,False,False,False,False,-0.12889568955694303,-0.007423800422341656,False,False,False,False,75000,51116.904927673546,False,False,False,False,5278.446984176484,False,False,False,False
2025-08-21 00:00:00+00:00,22.0539,22.27,21.985,22.06,1529,,,,,,,,24.74894888415471,24.752506281015528,24.691759206723816,,,21.853446695999352,22.12992980971569,24.522984242141014,23.512118778250784,21.853446695999352,21.848118489015686,"rgba(239, 83, 80, 1.0)",0.0,0.0,,23.25555534368083,,0.0,0.0,0.0,0.0,0.0,0.0,0.0,0.0,41.728441052325806,-0.8215497389534079,False,True,False,True,False,1.5274223573397698,0,0.9074381685943996,0.7680945347119645,False,False,False,False,-0.06254044697189579,-0.03498212369711872,False,False,False,False,73471,51993.53610698047,False,False,False,False,5131.409847542112,False,False,True,False
2025-08-22 00:00:00+00:00,23.2038,23.4372,22.14,22.14,3402,,,,,,,,24.588401053349564,24.607281971596045,24.621277399498325,,,22.340865398816675,22.379919003718385,24.427556743472127,23.498656855823135,22.340865398816675,21.86197432262725,"rgba(239, 83, 80, 1.0)",0.0,0.0,,23.358700453711467,,0.0,0.0,0.0,0.0,1.0,22.66,22.27,61.0,43.24465003514895,-0.8215497389534079,False,True,False,True,False,6.07312904248403,0,0.8977157296905105,0.7544847256623881,False,False,False,False,0.006029451854688943,-0.014476335921214889,False,False,False,False,76873,52969.20135768712,False,False,False,False,5063.589853520853,False,False,False,False
2025-08-25 00:00:00+00:00,23.0208,23.1385,22.66,22.66,3096,,,,,,,,24.46600765092839,24.49470832606483,24.56230442546379,,,22.51597148298549,22.50423144469148,24.350777817967657,23.487194947768657,22.51597148298549,21.874425608849027,"rgba(239, 83, 80, 1.0)",0.0,0.0,,23.37310088752486,,0.0,0.0,0.0,0.0,0.0,0.0,0.0,0.0,43.78683750072478,-0.8215497389534079,False,True,False,True,False,5.266681025623988,0,0.917136521856382,0.7513071879104468,False,False,False,False,0.017494244647837717,0.0015089543633114138,False,False,False,False,73777,53785.19346130723,False,False,False,False,4986.42946710827,False,False,False,False
2025-08-26 00:00:00+00:00,23.875,23.875,23.35,23.35,1117,,,,,,,23.7,24.446025620426592,24.475812074703217,24.551529719742565,,,22.628952847542575,22.592921582558656,24.3388825664103,23.488757962256702,22.628952847542575,21.882003083385055,"rgba(239, 83, 80, 0.75)",0.0,0.0,,23.40627179327839,,0.0,0.0,0.0,0.0,1.0,23.74,23.1385,60.0,46.627897587081975,-0.8215497389534079,False,True,False,True,True,8.421093647879825,0,0.93407853040206,0.7313255100019804,False,False,False,False,0.08161504242615783,0.04156199839473462,False,False,False,False,74894,54612.98979615793,False,False,False,False,4834.687135064809,False,False,False,False
2025-08-27 00:00:00+00:00,23.9027,24.1836,23.74,23.74,436,,,,,,,23.767968834513844,24.440946288761484,24.47090417044551,24.548571784110727,,,22.676105883160382,22.630882462140768,24.336071706257652,23.490053938603157,22.676105883160382,21.885335373932623,#000000,0.0,0.0,,23.421504165013687,,0.0,0.0,0.0,0.0,1.0,23.95,23.875,60.0,48.59808559109463,-0.8215497389534079,False,True,False,False,True,8.520601962454773,0,0.9383450118465495,0.735864798104552,False,False,False,False,0.11969819518783743,0.08063009679128602,False,False,False,False,75330,55425.42156885762,False,False,False,False,4662.189600356385,False,False,False,False
2025-08-28 00:00:00+00:00,24.3602,24.4,23.95,24.01,1617,,,,,,,24.00708309148265,24.433587468336565,24.463181261132636,24.543057740184658,,,22.859515621290306,22.782618619373185,24.333528601132524,23.49788730706597,22.859515621290306,21.89935728887775,#000000,0.0,0.0,,23.486160233583153,,0.0,0.0,0.0,0.0,0.0,0.0,0.0,0.0,51.17813510918893,-6.573836651120878,False,False,False,False,True,10.153996806667546,0,0.9681185416858309,0.7186116988113123,False,False,False,False,0.14008267653701556,0.11035638666415079,False,False,False,False,76947,56269.405036745564,False,False,False,False,4542.770400342409,False,False,False,False
2025-08-29 00:00:00+00:00,23.1823,23.4,23.0,23.4,2277,,,,,,,23.667233174224343,24.373729293036412,24.40685955002891,24.51028516566372,,23.1941,22.907024266234306,22.830939563348807,24.293881918296663,23.493464804040656,22.907024266234306,21.910138959207238,#000000,0.0,0.0,,23.482344684506845,,0.0,0.0,0.0,0.0,-1.0,23.95,23.17,62.0,49.42715959453857,-6.573836651120878,False,True,False,False,True,4.990613375657979,0,0.9413061662733938,0.7234553104360961,False,False,False,False,0.026662540654136587,0.06850946365914369,False,False,False,False,74670,56990.99699608887,False,False,False,False,4453.91665915251,False,False,False,False
2025-09-02 00:00:00+00:00,23.108,23.17,22.1969,22.1969,754,,,,,,,23.564819217330538,24.349352058979072,24.383948979082227,24.49683515456861,,23.102273364126255,22.903339249553305,22.83071599483717,24.277149856482463,23.490257659939083,22.903339249553305,21.91265463280731,#000000,0.0,0.0,,23.472252204239336,,0.0,0.0,0.0,0.0,0.0,0.0,0.0,0.0,48.06600303786611,-6.573836651120878,False,True,False,False,True,4.679634428396266,0,0.921748402435374,0.7383160691622401,False,False,False,False,-0.03105027508679489,0.0187295942861744,False,False,False,False,73916,57654.722604085386,False,False,False,False,4308.821888205353,False,False,False,False
2025-09-03 00:00:00+00:00,22.8505,23.35,22.8505,23.24,1373,,,,,,,23.465511614294517,24.31222887012873,24.34882488303327,24.47563752838607,,23.075688366636392,22.911931233827012,22.842602779197843,24.2515428922403,23.48615904089686,22.911931233827012,21.91815700316198,"rgba(239, 83, 80, 1.0)",0.0,0.0,,23.462317600770305,,0.0,0.0,0.0,0.0,0.0,0.0,0.0,0.0,46.46255561442081,-6.573836651120878,False,True,False,True,False,3.599018342919809,0,0.9379774256071146,0.7322277465759195,False,False,False,False,-0.009545501142016882,0.004592046572078758,False,False,False,False,72543,58238.57661961145,False,False,False,False,4193.691618079653,False,False,False,False
2025-09-04 00:00:00+00:00,23.5749,23.5749,23.1,23.1,2694,,,,,,,23.452678746266717,24.265802513581296,24.304080480330672,24.446685809866896,,23.205079172536866,22.977116910389796,22.906472446408657,24.219528885156777,23.484996782669995,22.977116910389796,21.932664318023914,"rgba(239, 83, 80, 1.0)",0.0,0.0,,23.47111441650146,,0.0,0.0,0.0,0.0,0.0,0.0,0.0,0.0,47.75275846423938,-6.573836651120878,False,True,False,True,False,6.274589883344458,0,0.9348183321110273,0.7383336026550981,False,False,False,False,0.018093356746552502,0.01134270165931563,False,False,False,False,75237,58905.18145805806,False,False,False,False,4134.88018207653,False,False,False,False
2025-09-05 00:00:00+00:00,23.1456,23.1456,23.1456,23.1456,169,,,,,,,23.44770640669413,24.26217163086562,24.3006027958861,24.444458329450057,,23.20369593596624,22.978471121468655,22.908130057424117,24.216951943773964,23.48464140437835,22.978471121468655,21.933400542089128,"rgba(239, 83, 80, 1.0)",0.0,0.0,,23.470379277482674,,0.0,0.0,0.0,0.0,0.0,0.0,0.0,0.0,47.35130937708244,-6.573836651120878,False,True,False,True,False,4.473679602333991,0,0.9160194698210252,0.7526725865220889,False,False,False,False,-0.005117173681237629,0.0031127639890390006,False,False,False,False,75068,59539.017479310685,False,False,False,False,3979.3554690539213,False,False,False,False
2025-09-08 00:00:00+00:00,22.9495,23.1901,22.72,23.1901,2750,,,,,,,23.34458267738429,24.196591889840292,24.237850112622148,24.404040443244234,,23.134926461681808,22.975548191453566,22.912698518245488,24.169461948619848,23.475738182556597,22.975548191453566,21.94337443241968,"rgba(239, 83, 80, 1.0)",0.0,0.0,,23.4465163897337,,0.0,0.0,0.0,0.0,0.0,0.0,0.0,0.0,46.51877884838474,-6.573836651120878,False,True,False,True,False,3.6612444002493163,0,0.896299383651612,0.7615944225522884,False,False,False,False,-0.028175830491907475,-0.012531533251434237,False,False,False,False,72318,60040.154048749486,False,False,False,False,3931.14545065965,False,False,False,False
2025-09-09 00:00:00+00:00,24.1137,24.29,23.32,23.32,6926,,,,,,23.9079,23.53856347470127,24.164246218346925,24.203211177299803,24.372337622781927,,23.45090443054162,23.18587548693896,23.115093557669724,24.1468471874766,23.493234223775783,23.18587548693896,21.990601325674092,#000000,0.0,0.0,,23.520735308927627,,0.0,0.0,0.0,0.0,1.0,24.0509,23.1901,68.0,49.49469081834151,-6.573836651120878,False,True,False,False,False,7.821496624101691,0,0.9294252023377337,0.7318499845274843,False,False,False,False,0.0747910643283998,0.03112976553848278,False,False,False,False,79244,60793.24604683774,False,False,False,False,4048.5907271043698,False,False,False,False
2025-09-10 00:00:00+00:00,24.0509,24.6505,24.0509,24.34,8843,,,,,,24.100174077832033,23.756066335129162,24.17507428447426,24.208832076472056,24.363167406503855,,23.725207608779957,23.424005028027143,23.34919592142785,24.1571785004141,23.530466863977672,23.424005028027143,22.05790820132369,#000000,0.0,0.0,,23.626639950423463,,0.0,0.0,0.0,0.0,0.0,0.0,0.0,0.0,51.270350890142616,-4.864243741829291,False,True,False,False,True,7.556493287283718,0,0.946917760018016,0.7449017455235929,False,False,False,False,0.14160540228603252,0.08636758391225766,False,False,False,False,70401,61170.02071166763,False,False,False,False,4236.606777021845,False,False,False,False
2025-09-11 00:00:00+00:00,24.6597,24.75,23.82,24.07,4072,,,,,,24.163739621658856,23.836677049775947,24.187869648026478,24.219210696599397,24.36473613920833,,23.81858517650211,23.516046303811205,23.441150255121958,24.168241399612278,23.549930053643923,23.516046303811205,22.089724394946074,"rgba(38, 166, 154, 0.5)",0.0,0.0,,23.672260103034006,,0.0,0.0,0.0,0.0,1.0,26.9252,24.6505,0.0,54.06970578104642,-2.0285245052721024,False,False,True,False,True,9.625701688696338,0,0.9642770982296391,0.732333601958741,False,False,False,False,0.13350615135088825,0.10993686763157295,False,False,False,False,74473,61691.70617395517,False,False,False,False,4230.151609295498,False,False,False,False
2025-09-12 00:00:00+00:00,27.3092,27.3092,26.9252,26.9252,5323,,,,,27.1812,24.802030099878134,24.300886474928948,24.3869040181211,24.406438838552365,24.483130468511437,,24.327359762371735,23.914689808609182,23.821849470939945,24.331321797296567,23.652031588260765,23.914689808609182,22.17819360966847,"rgba(38, 166, 154, 1.0)",0.0,0.0,,23.914928871969284,,0.0,0.0,0.0,0.0,1.0,28.54,24.75,0.0,60.49759986641769,4.0583600431974745,True,False,True,False,True,17.46471755734152,0,0.9865934103285614,0.7290761786606519,False,False,False,False,0.34282824328973144,0.2263825554606522,False,False,False,False,79796,62401.67848085889,False,False,False,False,4273.0084089309685,False,False,False,False
2025-09-15 00:00:00+00:00,28.8283,29.03,28.54,28.61,4936,,,,28.799433333333333,27.95979437891932,25.457551108527134,24.813854047019504,24.643172340275328,24.64967552432125,24.645068923869747,,24.877604176118187,24.362219210161605,24.25115846875182,24.544863611218695,23.78282991522951,24.362219210161605,22.283187648058497,"rgba(38, 166, 154, 1.0)",0.0,0.0,,24.20226793184494,,0.0,0.0,0.0,0.0,1.0,28.78,27.3092,0.0,66.34858881703526,9.363822175726867,True,False,True,False,True,20.0,0,0.9918357930321744,0.7349787302162758,False,False,False,False,0.34282824551860586,0.284605400489629,False,False,False,False,84732,63277.37736396246,False,False,False,False,4299.008079168971,False,False,False,False
2025-09-16 00:00:00+00:00,29.8386,29.9298,28.78,29.31,6638,,,,29.210480041472266,28.571203385216307,26.190875426896767,25.439066463695543,24.996194506773765,24.986926105688084,24.879031714205773,,25.53615527323281,24.92757073129083,24.79836369125906,24.845080940640603,23.97227711013101,24.92757073129083,22.434209120514684,"rgba(38, 166, 154, 1.0)",0.0,0.0,,24.582102841375118,,0.0,0.0,0.0,0.0,1.0,29.2701,29.03,0.0,71.08499666995397,13.520712601710777,True,False,True,False,True,20.0,0,1.0229084297847224,0.7124333503460958,False,False,False,False,0.34282824608862683,0.3137168232891279,False,False,False,False,91370,64379.0488398855,False,False,False,False,4390.733252534893,False,False,False,False
2025-09-17 00:00:00+00:00,30.7164,30.7164,29.2701,30.09,14265,,,,29.775702832926974,29.332517588729864,27.321778541131568,26.504715418289454,25.701827314049716,25.66710592033924,25.38007720009357,,26.63446786791216,25.939893616300477,25.790820546162742,25.46414482121815,24.387459592011258,25.939893616300477,22.76917096792321,"rgba(38, 166, 154, 1.0)",0.0,0.0,,25.30939388838715,,0.0,0.0,0.0,0.0,1.0,30.449,29.9298,78.0,74.88047816776518,16.807580319006433,True,False,True,False,True,20.0,0,1.0289153653152723,0.6939847631060593,False,False,False,False,0.34282824635008363,0.3282725348196058,False,False,False,False,105635,65996.92927753706,False,False,False,False,4777.959399494309,False,False,False,False
2025-09-18 00:00:00+00:00,30.449,31.45,30.449,30.81,25408,,,,30.27495034180863,29.983841395910673,28.472584648807107,27.7178472439861,26.685018350456836,26.62663704764576,26.151793254438978,,27.853950386063158,27.168048742850868,27.015773233791446,26.367494642057345,25.062919959040183,27.168048742850868,23.338557412492893,"rgba(38, 166, 154, 1.0)",0.0,0.0,,26.286254806755043,,0.0,0.0,0.0,0.0,0.0,0.0,0.0,0.0,76.53306937082391,18.193498736695545,True,False,True,False,True,20.0,0,1.0541596784911873,0.6895735668401087,False,False,False,False,0.34282824695247277,0.3355503908860393,False,False,False,False,80227,66554.97126665324,False,False,False,False,5586.98059951414,False,False,False,False
2025-09-19 00:00:00+00:00,31.5846,31.5846,30.981,30.981,16501,,,,30.54492920184606,30.299891765086922,28.989540091699673,28.28793071345316,27.209557907425697,27.14316680551991,26.595915691923558,,28.41977195315865,27.764146979980804,27.61614817980374,26.86581758543458,25.46863624988005,27.764146979980804,23.693412107036345,"rgba(38, 166, 154, 1.0)",0.0,0.0,2.825325705103238,26.79985797125596,1.6935187401939567,0.0,0.0,0.0,0.0,0.0,0.0,0.0,0.0,78.50709276109916,20.049485483333626,True,False,True,False,True,20.0,0,1.0509233551655932,0.6887910637149628,False,False,False,False,0.3428282471949607,0.3391893190405,False,False,False,False,96728,67738.22729541194,False,False,False,False,6014.981360317507,False,False,False,False
2025-09-22 00:00:00+00:00,32.23,32.61,31.18,31.84,29406,,,,30.987359280798184,30.789654568016886,29.714875889076016,29.094935247899834,28.005592963259748,27.931720699142613,27.30691364154996,,29.216811481215604,28.618087141155694,28.48004456265725,27.639082826422776,26.139766436972597,28.618087141155694,24.299264352729598,"rgba(38, 166, 154, 1.0)",0.0,0.0,2.9982419825696582,27.57809842073984,1.5515430730088113,0.0,0.0,0.0,0.0,0.0,0.0,0.0,0.0,80.26204166096888,21.81115228562632,True,False,True,False,True,20.0,0,1.0609158112138188,0.6729426559136494,False,False,False,False,0.34282824750408253,0.3410087832722912,False,False,False,False,126134,70028.25759755264,False,False,False,False,6932.276208932507,False,False,False,False
2025-09-23 00:00:00+00:00,32.184,32.81,31.53,32.81,14336,,,,31.140029822405598,30.959631654867177,29.97292585898205,29.389587777043666,28.317624875572537,28.24253604188703,27.599978875459506,,29.505919838959304,28.935902537763095,28.803434530438466,27.948956964711787,26.42738338918365,28.935902537763095,24.569472229016537,"rgba(38, 166, 154, 1.0)",0.0,0.0,3.0987713554211083,27.88490792994608,1.387353753136036,0.0,0.0,0.0,0.0,0.0,0.0,0.0,0.0,81.26865699418849,22.973295144853097,True,False,True,False,True,20.0,0,1.06330378857598,0.6786596601961439,False,False,False,False,0.34282824749012397,0.3419185153812076,False,False,False,False,111798,71666.28671137411,False,False,False,False,7222.618318386134,False,False,False,False
2025-09-24 00:00:00+00:00,32.3177,32.62,31.79,32.62,13185,,,,31.256628565470223,31.08975287312112,30.17264164759064,29.620327209156823,28.57039980006089,28.495020190119654,27.843559413801934,,29.7316397895606,29.187023503921516,29.059665606028933,28.202797417409876,26.671574082213066,29.187023503921516,24.80419502518843,"rgba(38, 166, 154, 1.0)",0.0,0.0,3.2169075595844694,28.13479569639998,1.3002873803872472,0.0,0.0,0.0,0.0,-1.0,31.53,31.2082,80.0,82.04204624429363,24.02066723521378,True,False,True,False,True,20.0,0,1.0675350863385562,0.6954901451951176,False,False,False,False,0.3428282475010823,0.34237338144114493,False,False,False,False,124983,73757.13821288885,False,False,False,False,7456.437207861188,False,False,False,False
2025-09-25 00:00:00+00:00,30.7869,31.2082,30.23,31.07,10767,,,,31.215694173889933,31.063130592832024,30.21079122656273,29.68979963232121,28.678886218615034,28.605148444743907,27.96262790577581,30.741699999999994,29.795378665830512,29.277808948451224,29.156133328361815,28.319726421314076,26.806515532892384,29.277808948451224,24.94890142324132,"rgba(38, 166, 154, 0.75)",0.0,0.0,3.2885702957271166,28.24600565632936,0.7726440717937695,0.0,0.0,0.0,0.0,-1.0,31.79,31.169,80.0,77.32488810724607,24.02066723521378,True,False,True,False,False,20.0,0,1.0342791243727336,0.7249129879170085,False,False,False,False,0.2431285351946573,0.2927509583179011,False,False,False,False,114216,75343.76024375595,False,False,False,False,7586.263199709769,False,False,False,False
2025-09-26 00:00:00+00:00,30.6966,31.169,29.83,30.95,6674,,,,31.185145902642912,31.040591178046512,30.22493113661725,29.72217354031485,28.735551196681214,28.662947046235463,28.027260292570872,30.674160237371705,29.824357089516457,29.322780306995508,29.20450589647309,28.382049845851004,26.882204094982345,29.322780306995508,25.0324835939666,"rgba(38, 166, 154, 0.75)",0.0,0.0,3.357622512137243,28.304956705434673,0.7123026146983281,0.0,0.0,0.0,0.0,0.0,0.0,0.0,0.0,73.90766218218226,31.957684879009406,True,False,True,False,False,20.0,0,1.0163958475534594,0.7368819975753622,False,False,False,False,0.22883047817762417,0.2607907182477626,False,False,False,False,107542,76606.43631262827,False,False,False,False,7550.48817227017,False,False,False,False
2025-09-29 00:00:00+00:00,32.7692,32.89,31.61,31.61,19322,,,32.423066666666664,31.333308695804792,31.200773663106684,30.452540565838884,29.9833824005993,29.03059274634356,28.958706570214684,28.32210859386391,31.593355352755037,30.07973559540702,29.607523640621487,29.495473235017066,28.68261157457663,27.18743555940759,29.607523640621487,25.337756459112274,"rgba(38, 166, 154, 0.75)",0.0,0.0,3.4838121951119594,28.60022491130404,1.1966704446770502,0.0,0.0,0.0,0.0,1.0,33.94,31.169,0.0,74.18802072684699,31.957684879009406,True,False,True,False,False,20.0,0,1.031463243053113,0.709868292492281,False,False,False,False,0.3428282475300073,0.301809482888885,False,False,False,False,126864,78577.32116311343,False,False,False,False,8012.116087083105,False,False,False,False
2025-09-30 00:00:00+00:00,34.3401,35.12,33.94,33.94,12918,,34.4667,33.24191453887511,31.56546100984958,31.435577042577783,30.712438879644484,30.255660683632104,29.306618191501904,29.233885766036142,28.58582969460171,32.340479326771465,30.350192871107886,29.88863409584886,29.778810130450772,28.956608106588433,27.446003871458554,29.88863409584886,25.583081896987512,"rgba(38, 166, 154, 0.75)",0.0,0.0,3.6464282372547316,28.872619898901416,1.499407021160756,0.0,0.0,0.0,0.0,1.0,35.03,32.89,86.0,75.74459278795206,31.957684879009406,True,False,True,False,False,20.0,0,1.0512800166260463,0.7061176292769556,False,False,False,False,0.3428282487341755,0.32231886581153024,False,False,False,False,139782,80977.5046469129,False,False,False,False,8204.50369151122,False,False,False,False
2025-10-01 00:00:00+00:00,36.32,36.45,35.03,35.03,10132,,35.11138238322488,33.88548706850436,31.80534264107512,31.67566463886006,30.964752726422837,30.513811991467684,29.56042241849435,29.486505994439877,28.825113135079306,32.94908944153724,30.60770931249592,30.151005759377625,30.042164731271807,29.206538029643035,27.67605513417977,30.151005759377625,25.796737406833174,"rgba(38, 166, 154, 0.75)",0.0,0.0,3.865962749473554,29.121849519658525,1.8619296011896858,0.0,0.0,0.0,0.0,1.0,36.6299,35.12,84.0,78.07955125210403,31.957684879009406,True,False,True,False,False,20.0,0,1.065217351164813,0.6730786629713672,False,False,False,False,0.34282824921668387,0.33257355751410705,False,False,False,False,149914,83680.89662154377,False,False,False,False,8280.091782040192,False,False,False,False
2025-10-02 00:00:00+00:00,38.3624,38.56,36.6299,37.77,77612,37.850766666666665,37.22349115323227,36.45043973029737,33.59548933880198,33.467814224281376,32.82519230092644,32.4090818566089,31.440950478342106,31.361026293514595,30.62714185926063,35.71735557067491,32.498674989319866,32.07228226251715,31.969813520402212,31.067842068485902,29.425402100510833,32.07228226251715,27.442526551768015,"rgba(38, 166, 154, 1.0)",0.0,0.0,4.160339030888605,30.974370551697415,1.7758238916227411,0.0,0.0,0.0,0.0,0.0,0.0,0.0,0.0,80.62972318960925,31.957684879009406,True,False,True,False,True,20.0,0,1.0721245005832143,0.6571381328866512,False,False,False,False,0.34282824981557886,0.33770090366484296,False,False,False,False,227526,89321.88106775773,False,False,False,False,10998.990143528812,False,False,False,False
2025-10-03 00:00:00+00:00,36.9382,38.77,35.54,38.38,62575,37.50794111341755,37.16953328473325,36.66716841642063,34.2675900332127,34.153283721820536,33.58673012290416,33.21468184436744,32.313224424985606,32.23666355675339,31.52223592353696,36.14454813816667,33.29579231090584,32.911458890212295,32.81853306310776,31.95759364205075,30.3576350897263,32.911458890212295,28.398499185443203,"rgba(38, 166, 154, 1.0)",0.0,0.0,4.3547778313297965,31.85520513908882,1.1672225444757105,0.0,0.0,0.0,0.0,0.0,0.0,0.0,0.0,78.9856938311931,31.957684879009406,True,False,True,False,True,20.0,0,1.0394637720860154,0.6755273250239688,False,False,False,False,0.32272290412116883,0.3302119038930059,False,False,False,False,164951,92287.72886902213,False,False,False,False,13021.578765351212,False,False,False,False
2025-10-06 00:00:00+00:00,37.4156,38.91,37.41,38.5,36278,37.59098087326099,37.30451246138553,36.87350995428866,34.633862283916926,34.52555455603607,33.99310255285315,33.64143557331423,32.773778437152544,32.699156072818106,31.997650314375118,36.41590129663645,33.7185329630041,33.35402510460047,33.26566506036342,32.427897425413185,30.85567043102106,33.35402510460047,28.91569986622628,"rgba(38, 166, 154, 1.0)",0.0,0.0,4.55070330359906,32.32205760955589,1.1192868553780964,0.0,0.0,0.0,0.0,0.0,0.0,0.0,0.0,78.22476146585139,31.957684879009406,True,False,True,False,True,20.0,0,1.059661724590995,0.6790552031853376,False,False,False,False,0.34282824997152367,0.3365200769322648,False,False,False,False,201229,96559.93558004087,False,False,False,False,13933.595284357047,False,False,False,False
2025-10-07 00:00:00+00:00,35.7978,38.79,34.72,37.899,28223,37.43171942794236,37.19687162528871,36.8235232102863,34.76454827490218,34.662225676195206,34.15949733278628,33.82591306896017,32.99404780960296,32.92194010495993,32.24049771696226,36.418038771245975,33.899260960072134,33.55255858874514,33.46833903927032,32.65992646510228,31.12791672722663,33.55255858874514,29.220858386902442,"rgba(38, 166, 154, 0.75)",0.0,0.0,4.671582372047146,32.55211273727614,0.6947725640341351,0.0,0.0,0.0,0.0,0.0,0.0,0.0,0.0,74.30178984068426,31.29530158251987,True,False,True,False,False,20.0,0,1.0114418058004078,0.7037794726273412,False,False,False,False,0.28157585505938904,0.30904796599582696,False,False,False,False,173006,99557.82045925496,False,False,False,False,14493.9640967352,False,False,False,False
