date,Close,High,Low,Open,Volume
2022-01-03 00:00:00+00:00,21.9046332564,22.1006669392,21.3932410403,21.4529034655,4301198
2022-01-04 00:00:00+00:00,22.2285149932,22.3393166401,21.7853084059,21.91315646,7293389
2022-01-05 00:00:00+00:00,22.2967006221,22.918894485,22.2711310112,22.7654768201,7883181
2022-01-06 00:00:00+00:00,22.6546751733,23.2001602038,22.5523967301,22.7995696346,9238113
2022-01-07 00:00:00+00:00,22.6376287661,22.8166160418,22.4543798887,22.7995696346,7037692
2022-01-10 00:00:00+00:00,22.6802447841,22.8251392454,22.3393166401,22.6461519697,5111276
2022-01-11 00:00:00+00:00,23.8479236776,23.8734932884,22.8677552634,22.961510503,8679753
2022-01-12 00:00:00+00:00,24.0183877496,24.4956871513,23.8692316866,24.0780501748,11658094
2022-01-13 00:00:00+00:00,23.7541684379,24.1760670162,23.5368267461,24.009864546,7626652
2022-01-14 00:00:00+00:00,24.0610037676,24.1121429892,23.6518899947,23.7456452343,6200952
2022-01-18 00:00:00+00:00,24.3763623009,24.930370535,24.1462358036,24.930370535,13585544
2022-01-19 00:00:00+00:00,24.1888518216,24.6320584089,23.9603447331,24.6320584089,5933629
2022-01-20 00:00:00+00:00,24.0439573604,24.6141596814,23.8223540668,23.9928181388,5523064
2022-01-21 00:00:00+00:00,23.0723121498,23.7030292163,22.982818512,23.6348435875,12240280
2022-01-24 00:00:00+00:00,22.3648862509,22.6887679877,21.5381355015,22.3393166401,13173993
2022-01-25 00:00:00+00:00,23.5325651443,23.6391051893,21.9856036906,22.211468586,11421198
2022-01-26 00:00:00+00:00,23.7712148451,24.3806239027,23.5155187371,24.0269109532,8416331
2022-01-27 00:00:00+00:00,24.2485142468,24.6789360287,23.9075861028,24.2485142468,9131229
2022-01-28 00:00:00+00:00,24.1206661928,24.525688828,23.9587253244,24.2485142468,7945926
2022-01-31 00:00:00+00:00,24.3507926901,24.5638727801,23.9075861028,24.1547590072,7162757
2022-02-01 00:00:00+00:00,25.4843787691,25.5014251763,24.3252230793,24.3507926901,8207092
2022-02-02 00:00:00+00:00,25.9105389492,26.0042941888,25.2329442628,25.5951804159,11502093
2022-02-03 00:00:00+00:00,24.9048009242,25.5269947871,24.6235352053,24.9388937386,12784521
2022-02-04 00:00:00+00:00,24.4786407441,25.1178810142,24.3976703099,25.1050962088,15393167
2022-02-07 00:00:00+00:00,24.7087672413,24.9048009242,24.0865733784,24.4701175405,6303499
2022-02-08 00:00:00+00:00,24.265560654,24.5297799657,23.9842949352,24.4786407441,6195453
2022-02-09 00:00:00+00:00,24.6235352053,24.887754517,24.3507926901,24.3507926901,4611729
2022-02-10 00:00:00+00:00,24.5894423909,25.0496953854,24.4104551153,24.4360247261,4635251
2022-02-11 00:00:00+00:00,25.6633660447,25.7869524969,24.7258136485,24.7939992773,9300387
2022-02-14 00:00:00+00:00,25.3224379007,25.7102436645,25.0710033944,25.4758555655,10837102
2022-02-15 00:00:00+00:00,24.9388937386,24.9474169422,24.3763623009,24.6320584089,6889110
2022-02-16 00:00:00+00:00,25.2542522718,25.7826908951,25.1349274214,25.1349274214,6862796
2022-02-17 00:00:00+00:00,25.2798218826,25.5440411943,25.0028177656,25.2457290682,5675074
2022-02-18 00:00:00+00:00,24.7769528701,25.2031130502,24.6831976305,25.015602571,9000479
2022-02-22 00:00:00+00:00,24.7599064629,25.5184715835,24.3507926901,25.4332395475,10990771
2022-02-23 00:00:00+00:00,24.8195688882,25.3053914935,24.6831976305,24.9559401458,5386321
2022-02-24 00:00:00+00:00,24.6576280197,25.2116362538,24.073788573,25.1775434394,8370663
2022-02-25 00:00:00+00:00,25.3991467331,25.3991467331,24.6235352053,24.6831976305,11409517
2022-02-28 00:00:00+00:00,26.021340596,26.0724798176,25.271298679,25.4076699367,8578488
2022-03-01 00:00:00+00:00,26.2173742788,26.8480913454,25.9403701618,26.4389775725,14606860
2022-03-02 00:00:00+00:00,26.6691040697,27.0049182916,26.5668256265,26.7202432913,10583204
2022-03-03 00:00:00+00:00,26.6537623032,26.920816806,26.2919465254,26.3608638164,13231344
2022-03-04 00:00:00+00:00,27.1103393563,27.1189540176,26.4383957688,26.5676156895,10027877
2022-03-07 00:00:00+00:00,28.3077772878,28.678207727,27.4376964886,27.4376964886,15343074
2022-03-08 00:00:00+00:00,27.7305949755,28.9538768911,27.2094079621,28.7988129863,14456695
2022-03-09 00:00:00+00:00,26.9552754515,27.7736682824,26.6106889964,27.3515498749,10482321
2022-03-10 00:00:00+00:00,27.2998619066,27.8942735417,27.1103393563,27.3860085204,10170859
2022-03-11 00:00:00+00:00,27.3601645362,27.8512002348,27.127568679,27.1878713087,7622348
2022-03-14 00:00:00+00:00,26.4728544143,27.0500367266,25.9947407078,26.8260555308,9034255
2022-03-15 00:00:00+00:00,25.5941589538,25.8741354485,25.1503315996,25.3787924193,9371046
2022-03-16 00:00:00+00:00,25.7750668427,26.0938093137,25.4993976786,25.9732040544,9182497
2022-03-17 00:00:00+00:00,26.8518995149,26.9122021446,26.283331864,26.4125517847,10052131
2022-03-18 00:00:00+00:00,26.808826208,27.0241927425,26.5762303508,26.739908917,5422824
2022-03-21 00:00:00+00:00,27.9631908327,27.9890348168,27.2137152928,27.2567885997,7108969
2022-03-22 00:00:00+00:00,27.9373468485,28.0579521078,27.6573703538,27.9890348168,5106903
2022-03-23 00:00:00+00:00,28.3853092402,28.8246569705,28.3077772878,28.3336212719,7257675
2022-03-24 00:00:00+00:00,28.3422359333,28.6437490815,28.1311767296,28.4628411926,6297460
2022-03-25 00:00:00+00:00,29.3329219918,29.3673806373,28.1268693989,28.1440987216,8526069
2022-03-28 00:00:00+00:00,28.2130160126,28.6351344202,28.1139474068,28.5317584836,6789389
2022-03-29 00:00:00+00:00,28.0751814306,28.1613280444,27.1103393563,27.44631115,8969532
2022-03-30 00:00:00+00:00,28.5145291609,28.7040517112,28.1096400761,28.4972998381,7216700
2022-03-31 00:00:00+00:00,28.0751814306,28.7126663726,28.0665667692,28.1268693989,6673159
2022-04-01 00:00:00+00:00,28.2302453354,28.5059144995,27.9201175258,27.9459615099,4133386
2022-04-04 00:00:00+00:00,28.7988129863,28.8418862932,28.2991626264,28.5662171291,6161816
2022-04-05 00:00:00+00:00,28.4197678857,29.4664492431,28.3853092402,28.9711062139,5588388
2022-04-06 00:00:00+00:00,27.902888203,28.9194182456,27.7521316289,28.6868223884,6638982
2022-04-07 00:00:00+00:00,28.1268693989,28.1613280444,27.2912472452,27.902888203,6915077
2022-04-08 00:00:00+00:00,28.2733186423,28.6437490815,28.0321081237,28.0579521078,5632300
2022-04-11 00:00:00+00:00,27.5927603934,28.083796092,27.3300132214,27.8425855734,6370095
2022-04-12 00:00:00+00:00,28.1871720285,28.6825150577,28.1182547375,28.1182547375,4837958
2022-04-13 00:00:00+00:00,28.8418862932,28.9366475684,28.2302453354,28.471455854,5458615
2022-04-14 00:00:00+00:00,29.0830968118,29.2898486849,28.6695930657,28.7471250181,4139579
2022-04-18 00:00:00+00:00,29.5138298807,29.8196503596,29.0917114732,29.2381607166,4600895
2022-04-19 00:00:00+00:00,29.3415366531,29.8325723517,29.1089407959,29.2037020711,5037755
2022-04-20 00:00:00+00:00,29.7378110765,29.8928749813,29.3889172907,29.5913618331,5125914
2022-04-21 00:00:00+00:00,28.6868223884,30.2245394444,28.5231438222,29.9359482882,6351472
2022-04-22 00:00:00+00:00,27.8253562506,28.678207727,27.7047509913,28.4283825471,5642942
2022-04-25 00:00:00+00:00,26.9294314673,27.127568679,26.1110386364,26.8260555308,7789208
2022-04-26 00:00:00+00:00,27.2912472452,27.765053621,26.7700602318,27.127568679,6533048
2022-04-27 00:00:00+00:00,28.3250066106,28.4283825471,27.0241927425,27.4032378431,6541814
2022-04-28 00:00:00+00:00,31.7794858231,31.82255913,29.4190686055,29.6172058172,19760408
2022-04-29 00:00:00+00:00,30.9610929922,32.3825121195,30.8835610398,31.8053298072,9013382
2022-05-02 00:00:00+00:00,31.0558542674,31.2281474949,30.2977640661,30.5562039074,7928923
2022-05-03 00:00:00+00:00,31.9345497279,32.0206963417,30.9955516377,31.047239606,8921906
2022-05-04 00:00:00+00:00,32.210218892,32.5720346699,31.4952019976,32.4686587333,9636243
2022-05-05 00:00:00+00:00,31.7967151459,32.6754106064,31.1936888494,32.3652827968,7495771
2022-05-06 00:00:00+00:00,31.9173204051,32.3308241513,31.365982077,31.9862376962,6234211
2022-05-09 00:00:00+00:00,29.9876362565,31.2712208018,29.7636550607,31.2712208018,8503514
2022-05-10 00:00:00+00:00,29.5827471717,30.6552725133,28.4800705154,30.5475892461,10544407
2022-05-11 00:00:00+00:00,30.6681945053,31.6158072569,29.9014896427,29.9014896427,10175211
2022-05-12 00:00:00+00:00,30.3925253413,30.7069604815,29.2640047007,30.478671955,11452582
2022-05-13 00:00:00+00:00,31.3056794473,31.8397884527,30.8577170557,30.9697076536,10824161
2022-05-16 00:00:00+00:00,32.3135948285,32.4514294106,31.2281474949,31.3832113997,8522555
2022-05-17 00:00:00+00:00,33.0372263843,33.4679594532,32.4255854264,32.597878654,9034603
2022-05-18 00:00:00+00:00,32.5117320402,33.2009049504,32.2532921989,33.1578316436,8213387
2022-05-19 00:00:00+00:00,32.6840252678,33.1319876594,31.6158072569,31.7105685321,7989341
2022-05-20 00:00:00+00:00,32.8046305271,33.4723529305,32.3308241513,32.9338504477,6851291
2022-05-23 00:00:00+00:00,33.9589951517,34.329425591,32.9553871012,33.1406023208,7519194
2022-05-24 00:00:00+00:00,33.3904275008,33.7005553104,33.0070750694,33.4507301304,7431362
2022-05-25 00:00:00+00:00,33.9417658289,34.1140590565,33.4593447918,33.4851887759,5876430
2022-05-26 00:00:00+00:00,34.0968297338,34.398342882,33.8470045538,33.9762244745,6469092
2022-05-27 00:00:00+00:00,34.9841398557,35.0832084615,34.0882150724,34.1226737179,7695845
2022-05-31 00:00:00+00:00,34.786002644,36.19880711,34.7084706916,35.9920552369,7728839
2022-06-01 00:00:00+00:00,35.2684236811,35.630239459,34.5534067868,35.2167357129,10623374
2022-06-02 00:00:00+00:00,35.1400652266,35.5399769041,34.8575189327,35.3661022617,9013685
2022-06-03 00:00:00+00:00,35.531283172,35.7616670732,35.1139840303,35.1400652266,7130237
2022-06-06 00:00:00+00:00,35.9138073852,36.2007005452,35.7964420016,35.9051136531,5429031
2022-06-07 00:00:00+00:00,36.4875937051,36.7092838742,35.5486706362,35.7399327429,5811501
2022-06-08 00:00:00+00:00,36.9396677753,37.135276748,36.4615125088,36.5919184906,5173268
2022-06-09 00:00:00+00:00,36.3224127949,36.8701179184,36.2963315985,36.5571435621,5176267
2022-06-10 00:00:00+00:00,35.9138073852,36.3571877233,35.3747959938,35.8442575283,6530676
2022-06-13 00:00:00+00:00,34.4010979965,35.0313935751,33.3404626779,34.5228102461,11112263
2022-06-14 00:00:00+00:00,34.2272233541,35.2096150836,33.8229648105,34.9748843163,7300671
2022-06-15 00:00:00+00:00,33.7316806233,34.3576293359,32.9231635362,34.079429908,7087866
2022-06-16 00:00:00+00:00,32.0450965921,33.1752817676,31.9277312085,32.7492888938,10269262
2022-06-17 00:00:00+00:00,29.8368886338,32.1233401812,29.4369769563,31.5408601292,14299203
2022-06-21 00:00:00+00:00,32.3841521448,32.6982566862,31.8973031461,32.0190153958,9231039
2022-06-22 00:00:00+00:00,30.6193245245,31.1974577105,29.9064384907,29.9064384907,9198185
2022-06-23 00:00:00+00:00,28.6110724049,31.0366236663,28.2720168523,30.8627490239,12325610
2022-06-24 00:00:00+00:00,30.0281507404,30.5541215336,29.0370652788,29.2804897781,7864577
2022-06-27 00:00:00+00:00,31.0018487378,31.1757233802,30.002069544,30.4541436143,6615506
2022-06-28 00:00:00+00:00,31.819059557,32.4102333411,31.3322105583,31.9929341994,9012507
2022-06-29 00:00:00+00:00,30.6975681136,32.5580267872,30.6193245245,32.2972148236,6630486
2022-06-30 00:00:00+00:00,30.4889185427,30.6714869172,29.5239142775,29.8629698301,10131096
2022-07-01 00:00:00+00:00,30.9236051487,31.1148672553,29.8368886338,30.7410367742,4583394
2022-07-05 00:00:00+00:00,28.8892718328,29.8803572944,28.0068580226,29.6977889199,11110502
2022-07-06 00:00:00+00:00,28.2894043165,29.1153088679,27.011425695,28.5502162801,9455477
2022-07-07 00:00:00+00:00,28.9935966182,29.4978330811,28.8805781006,29.271796046,10120611
2022-07-08 00:00:00+00:00,28.4632789589,29.4630581526,28.102489076,29.3848145636,7921928
2022-07-11 00:00:00+00:00,27.7677803894,28.4980538874,27.4374185688,27.9155738354,8574973
2022-07-12 00:00:00+00:00,26.5245766963,27.159219141,26.1855211436,26.7593074635,12221565
2022-07-13 00:00:00+00:00,26.5854328211,27.0027319629,26.142052483,26.1681336794,8392884
2022-07-14 00:00:00+00:00,25.6725909486,25.7812626001,24.9075425221,25.6117348238,9904324
2022-07-15 00:00:00+00:00,26.2463772685,26.4115581787,25.7334470734,26.2029086079,7905633
2022-07-18 00:00:00+00:00,26.6202077496,27.6373744076,26.4550268393,27.5417433543,8898702
2022-07-19 00:00:00+00:00,27.7069242645,27.7590866572,26.576739089,26.6028202854,8329605
2022-07-20 00:00:00+00:00,27.7243117288,27.8807989069,27.0027319629,27.5330496221,5233418
2022-07-21 00:00:00+00:00,27.2722376586,27.2983188549,26.2376835363,26.941875838,5711703
2022-07-22 00:00:00+00:00,26.794082392,27.4721934973,26.6289014817,27.2722376586,5006751
2022-07-25 00:00:00+00:00,27.6982305324,27.9764299602,27.1418316768,27.2113815337,4172289
2022-07-26 00:00:00+00:00,27.3157063192,28.3502604414,27.1722597392,28.2285481917,4523906
2022-07-27 00:00:00+00:00,28.1242234063,28.2155075935,27.3504812476,27.5852120149,4267913
2022-07-28 00:00:00+00:00,28.4198102983,28.5589100122,27.81124905,28.4198102983,4419930
2022-07-29 00:00:00+00:00,29.5065268132,29.6630139914,28.8805781006,28.9414342255,4951116
2022-08-01 00:00:00+00:00,29.0283715467,29.2804897781,28.6588879316,29.0718402073,4682966
2022-08-02 00:00:00+00:00,28.9849028861,29.3500396351,28.4763195571,29.0805339394,5428977
2022-08-03 00:00:00+00:00,27.9677362281,29.489139349,27.9503487639,29.3587333672,6072546
2022-08-04 00:00:00+00:00,26.7158388029,27.7938615857,26.6289014817,27.7677803894,6711474
2022-08-05 00:00:00+00:00,26.3246208575,26.8897134453,25.4552476456,26.142052483,8572660
2022-08-08 00:00:00+00:00,26.4202519109,26.8636322489,26.1942148758,26.3680895181,6101808
2022-08-09 00:00:00+00:00,26.4550268393,27.0896692841,26.285499063,26.8723259811,6990208
2022-08-10 00:00:00+00:00,26.8201635883,27.0418537574,26.1159712867,26.3941707145,4555376
2022-08-11 00:00:00+00:00,27.6895368003,27.8025553178,27.228768998,27.307012587,8853454
2022-08-12 00:00:00+00:00,28.471972691,28.471972691,27.5417433543,27.6634556039,5209244
2022-08-15 00:00:00+00:00,27.81124905,27.8677583087,26.6984513387,27.1679128731,9024576
2022-08-16 00:00:00+00:00,27.6634556039,28.2372419238,27.5026215597,27.9242675675,5219066
2022-08-17 00:00:00+00:00,28.1155296741,28.3806885038,27.3940368456,27.4113373725,5803438
2022-08-18 00:00:00+00:00,28.7153971904,28.7806001813,28.2633231202,28.471972691,4551157
2022-08-19 00:00:00+00:00,28.3589541735,28.5980318068,28.2198544596,28.4980538874,4264996
2022-08-22 00:00:00+00:00,28.5589100122,28.5676037443,27.593905747,27.9503487639,4260424
2022-08-23 00:00:00+00:00,29.8368886338,29.9666860543,29.0283715467,29.0805339394,4897241
2022-08-24 00:00:00+00:00,30.0890068652,30.1802910525,29.6977889199,29.7238701162,4533173
2022-08-25 00:00:00+00:00,30.3498188288,30.6671400512,30.141169258,30.4019812215,5094714
2022-08-26 00:00:00+00:00,29.8281949017,30.6280182566,29.7151763841,30.3411250967,3595956
2022-08-29 00:00:00+00:00,30.2802689719,30.6334083706,29.5369548757,29.7325638483,3658271
2022-08-30 00:00:00+00:00,28.6458473334,29.7238701162,28.5849912086,29.7151763841,5654038
2022-08-31 00:00:00+00:00,28.0981422099,28.7414783867,27.6199869433,28.0546735493,9097690
2022-09-01 00:00:00+00:00,27.3400487691,27.7621530923,27.0190736066,27.6390393314,9020943
2022-09-02 00:00:00+00:00,27.9732052539,28.3953095772,27.8676791731,28.1666697354,4498397
2022-09-06 00:00:00+00:00,27.3136672489,28.4128972573,27.2784918886,28.245814296,3783448
2022-09-07 00:00:00+00:00,26.7948306849,27.2169350081,26.3903140418,26.671716924,4508679
2022-09-08 00:00:00+00:00,27.0410582068,27.1286448539,26.5530000831,26.8915629257,3250844
2022-09-09 00:00:00+00:00,27.8325038129,28.0983415981,27.5774824509,27.5774824509,3679461
2022-09-12 00:00:00+00:00,28.5184233381,28.8877646209,28.2370204559,28.3337526967,2875949
2022-09-13 00:00:00+00:00,27.7709469324,28.3513403768,27.6566270115,27.9292360536,4396505
2022-09-14 00:00:00+00:00,28.3073711765,28.7866354602,27.9907929341,28.1578758953,4252102
2022-09-15 00:00:00+00:00,27.3840179694,28.0523498145,27.2960795688,27.7093900519,3794818
2022-09-16 00:00:00+00:00,27.0322643667,27.2653011285,26.5837785233,27.2521103684,5109287
2022-09-19 00:00:00+00:00,27.4455748499,27.4675594501,26.2056434004,26.2056434004,4084314
2022-09-20 00:00:00+00:00,27.4191933297,27.4807502102,26.9443259661,27.1905534879,3596352
2022-09-21 00:00:00+00:00,26.6893046041,27.8764730132,26.680510764,27.7357715721,4181156
2022-09-22 00:00:00+00:00,26.539809323,27.331254929,26.4606647624,27.1114089273,3584587
2022-09-23 00:00:00+00:00,23.9192449829,25.5900745957,23.7985934972,25.5461053954,8619206
2022-09-26 00:00:00+00:00,23.4355837792,24.3765246664,23.2377223777,23.7081928213,7663116
2022-09-27 00:00:00+00:00,23.7609558617,24.296764537,23.3828207388,24.0423587439,6695763
2022-09-28 00:00:00+00:00,25.0272688314,25.1943517927,23.7609558617,24.0071833836,5864720
2022-09-29 00:00:00+00:00,24.9041550705,25.0008873112,24.1127094644,24.7546597893,4381471
2022-09-30 00:00:00+00:00,24.7546597893,25.233924073,24.3413493062,24.7018967489,4356298
2022-10-03 00:00:00+00:00,26.9443259661,27.1026150873,25.8978589981,25.8978589981,7476230
2022-10-04 00:00:00+00:00,28.1578758953,28.1842574155,27.2696980486,27.586276291,5867148
2022-10-05 00:00:00+00:00,28.5799802186,28.8657800208,27.2960795688,27.9732052539,5923294
2022-10-06 00:00:00+00:00,28.8613831007,29.1339921428,28.1314943751,28.2370204559,5283977
2022-10-07 00:00:00+00:00,28.8437954206,29.4329827051,28.6063617388,28.9669091815,5752812
2022-10-10 00:00:00+00:00,27.9028545334,29.0988167825,27.7005962118,28.8437954206,3182889
2022-10-11 00:00:00+00:00,27.4983378903,28.1314943751,27.2081411681,27.331254929,4668443
2022-10-12 00:00:00+00:00,27.5511009307,27.8632822531,26.8871660056,27.3048734088,3484117
2022-10-13 00:00:00+00:00,28.377721897,28.6686221264,26.8431968053,27.0058828465,5663246
2022-10-14 00:00:00+00:00,27.2433165283,28.4304849374,27.1377904475,28.2721958162,4382008
2022-10-17 00:00:00+00:00,27.6126578112,28.4568664576,27.586276291,27.9907929341,3895133
2022-10-18 00:00:00+00:00,27.3488426092,27.981999094,26.5090308827,27.8061222927,5083050
2022-10-19 00:00:00+00:00,27.8061222927,27.981999094,27.2081411681,27.4191933297,4466092
2022-10-20 00:00:00+00:00,28.0435559745,28.8262077405,27.9160452935,28.2194327758,3704662
2022-10-21 00:00:00+00:00,29.3538381445,29.3758227447,27.9556175738,28.0963190149,4670767
2022-10-24 00:00:00+00:00,29.1251983027,29.3890135048,28.8525892607,29.1427859829,3918897
2022-10-25 00:00:00+00:00,29.4066011849,29.4417765452,28.8350015805,29.1164044627,3180500
2022-10-26 00:00:00+00:00,29.9957884694,30.2420159913,29.4329827051,29.5385087859,3732229
2022-10-27 00:00:00+00:00,29.4417765452,30.6553264744,29.283487424,30.5146250334,5461829
2022-10-28 00:00:00+00:00,29.6440348667,29.7144735256,28.896558461,29.5297149458,4594638
2022-10-31 00:00:00+00:00,30.2420159913,30.5120748197,29.2131367034,29.3010751041,6379359
2022-11-01 00:00:00+00:00,30.8136155957,31.3456429197,30.7872340755,30.9982862371,6726153
2022-11-02 00:00:00+00:00,29.9782007893,31.0246677573,29.9122469888,30.8663786361,5616861
2022-11-03 00:00:00+00:00,31.0246677573,31.3324521596,29.0548475822,29.2615028238,5837585
2022-11-04 00:00:00+00:00,31.7809380031,32.7306727303,31.1653691983,32.2382176865,7263681
2022-11-07 00:00:00+00:00,31.8161133633,32.0887224054,31.512725881,31.8952579239,4941316
2022-11-08 00:00:00+00:00,31.6226488818,32.1942484862,31.4028028802,31.6929996024,4101249
2022-11-09 00:00:00+00:00,30.3123667118,31.4995351209,30.2859851916,31.2796891192,4420812
2022-11-10 00:00:00+00:00,31.4731536007,31.7457626428,30.7067704388,30.989492397,3725410
2022-11-11 00:00:00+00:00,32.3349499273,32.7394665704,32.0095778448,32.1151039256,4040756
2022-11-14 00:00:00+00:00,31.8337010435,32.4888421285,31.8337010435,32.0975162455,5020968
2022-11-15 00:00:00+00:00,32.554795929,32.7306727303,31.7545564829,31.8600825637,4930450
2022-11-16 00:00:00+00:00,31.8952579239,32.5108267286,31.7809380031,32.3525376074,3629689
2022-11-17 00:00:00+00:00,31.904051764,31.9128456041,30.9103478364,31.253307599,3697620
2022-11-18 00:00:00+00:00,31.3148644795,31.4423751605,30.5042483021,31.1038123179,4383603
2022-11-21 00:00:00+00:00,30.9367293566,30.9806985569,29.4066011849,30.5761819138,5339599
2022-11-22 00:00:00+00:00,31.7457626428,31.8864640839,31.2445137589,31.4555659206,3635236
2022-11-23 00:00:00+00:00,31.4291844004,31.6534273221,31.1741630384,31.3060706394,2889597
2022-11-25 00:00:00+00:00,31.1389876781,31.6929996024,31.1301938381,31.5698858414,1304787
2022-11-28 00:00:00+00:00,30.07493303,30.8048217556,29.8418962682,30.2420159913,5159719
2022-11-29 00:00:00+00:00,29.4066011849,30.3827174324,29.1911521032,30.3827174324,9519853
2022-11-30 00:00:00+00:00,28.9053523011,30.1013145502,28.7844370001,29.8902623886,13834854
2022-12-01 00:00:00+00:00,28.5773420666,29.547423127,28.4972436304,29.2270293823,12086867
2022-12-02 00:00:00+00:00,28.4260450204,29.0490328574,28.2124491906,28.2480484956,4541584
2022-12-05 00:00:00+00:00,27.6339604848,29.1291312936,27.6072610061,28.8977358113,5996939
2022-12-06 00:00:00+00:00,26.6727792505,27.936554577,26.5837809881,27.4470641337,7541559
2022-12-07 00:00:00+00:00,26.5036825519,27.1088707364,26.4280340288,26.5214822044,6328134
2022-12-08 00:00:00+00:00,26.6104804668,27.3224665663,26.5348319438,27.0376721265,5203120
2022-12-09 00:00:00+00:00,26.3434856795,26.8240762967,26.3345858533,26.5837809881,3871530
2022-12-12 00:00:00+00:00,27.0020728215,27.0332222134,26.3523855058,26.4235841157,25793525
2022-12-13 00:00:00+00:00,27.6873594422,28.0611521445,27.5004630911,27.5805615273,5363529
2022-12-14 00:00:00+00:00,27.6873594422,28.0967514494,27.055471779,27.8119570096,6358826
2022-12-15 00:00:00+00:00,27.1889691726,27.5182627436,26.7528776867,27.3758655237,3786059
2022-12-16 00:00:00+00:00,26.6282801193,26.8774752541,26.2099882859,26.6816790768,5509424
2022-12-19 00:00:00+00:00,26.4502835945,27.0287723003,26.0942905447,26.7884769917,5533751
2022-12-20 00:00:00+00:00,26.9308742116,27.1355702152,26.4413837682,26.5392818569,4037431
2022-12-21 00:00:00+00:00,27.6606599635,27.7229587472,27.1622696939,27.5004630911,3140339
2022-12-22 00:00:00+00:00,27.0643716052,27.7229587472,26.6994787293,27.6250606585,4014596
2022-12-23 00:00:00+00:00,28.0344526657,28.043352492,27.1711695201,27.3580658712,3163167
2022-12-27 00:00:00+00:00,28.3993455417,28.483893891,28.0255528395,28.2124491906,1864813
2022-12-28 00:00:00+00:00,27.8297566621,28.3281469317,27.6335154935,28.265848148,3732873
2022-12-29 00:00:00+00:00,27.9276547508,28.1234509282,27.5983611798,27.6695597898,2698389
2022-12-30 00:00:00+00:00,28.2391486693,28.3414966711,27.6873594422,27.7318585735,2451749
2023-01-03 00:00:00+00:00,26.8863750804,28.2124491906,26.6015806406,27.8564561409,5358045
2023-01-04 00:00:00+00:00,26.5392818569,26.9931729953,26.3123362877,26.6193802931,4851825
2023-01-05 00:00:00+00:00,26.9575736903,27.1177705627,26.3167862008,26.5036825519,5306385
2023-01-06 00:00:00+00:00,27.9187549246,28.0789517969,27.3224665663,27.3669656975,4079237
2023-01-09 00:00:00+00:00,28.0611521445,28.6574405027,27.9810537083,28.3459465842,5107000
2023-01-10 00:00:00+00:00,27.6250606585,28.1501504069,27.31356674,27.7407583997,5187753
2023-01-11 00:00:00+00:00,27.9187549246,28.3058973661,27.6651098766,27.9632540558,4132150
2023-01-12 00:00:00+00:00,28.7464387652,29.0401330312,28.0211029264,28.1590502331,4680144
2023-01-13 00:00:00+00:00,28.8710363326,29.0846321624,28.4883438041,28.7108394602,2703196
2023-01-17 00:00:00+00:00,29.2715285135,29.3516269497,28.9155354638,29.1825302511,6760660
2023-01-18 00:00:00+00:00,28.8087375489,29.8544671324,28.7909378964,29.5029239958,3653860
2023-01-19 00:00:00+00:00,29.4762245171,29.5207236483,28.6485406765,28.7375389389,3608186
2023-01-20 00:00:00+00:00,29.3961260809,29.618621737,29.2003299036,29.4673246909,3203651
2023-01-23 00:00:00+00:00,29.9746147867,30.3039083577,29.3605267759,29.5296234746,3227542
2023-01-24 00:00:00+00:00,29.8322175668,30.0369135704,29.5563229533,29.9301156555,2122011
2023-01-25 00:00:00+00:00,29.5118238221,29.7610189569,29.1291312936,29.6631208682,2178450
2023-01-26 00:00:00+00:00,30.7933988011,30.8111984536,29.583022432,30.0369135704,3278992
2023-01-27 00:00:00+00:00,30.8111984536,31.5854833367,30.6214541581,30.7044005386,4701551
2023-01-30 00:00:00+00:00,30.2950085315,31.0514937621,30.277208879,30.4463055776,4697020
2023-01-31 00:00:00+00:00,30.900196716,30.935796021,29.9390154817,30.206010269,5132851
2023-02-01 00:00:00+00:00,30.5620033188,31.1226923721,29.9212158293,30.7399998436,4590068
2023-02-02 00:00:00+00:00,29.3605267759,30.7044005386,29.1047457697,30.570903145,4482110
2023-02-03 00:00:00+00:00,29.2982279922,29.8945163505,29.1825302511,29.3160276447,3701147
2023-02-06 00:00:00+00:00,29.0223333787,29.5296234746,28.6752401552,29.2270293823,2417964
2023-02-07 00:00:00+00:00,29.8411173931,29.8945163505,28.7864879833,29.1469309461,3593738
2023-02-08 00:00:00+00:00,29.5741226058,29.9657149605,29.2181295561,29.8856165243,3015023
2023-02-09 00:00:00+00:00,29.3694266022,29.956726136,29.3115777316,29.6364213895,3221417
2023-02-10 00:00:00+00:00,30.4997045351,30.7133003649,29.912316003,29.947915308,4783946
2023-02-13 00:00:00+00:00,30.4997045351,30.7978487142,30.2246999041,30.2594092265,3883859
2023-02-14 00:00:00+00:00,30.9535956735,31.0603935884,30.0369135704,30.1704109641,3487797
2023-02-15 00:00:00+00:00,30.9268961947,31.558783858,30.6955007124,30.8556975848,6114753
2023-02-16 00:00:00+00:00,30.1971104428,31.1226923721,30.1882106166,30.7488996699,4352700
2023-02-17 00:00:00+00:00,29.4584248646,29.7966182619,29.253728861,29.7610189569,4283930
2023-02-21 00:00:00+00:00,29.8856165243,30.2460594871,29.4762245171,29.7254196519,5074612
2023-02-22 00:00:00+00:00,29.1202314674,30.1081121804,28.92443529,29.7966182619,5218768
2023-02-23 00:00:00+00:00,29.7254196519,29.983514613,29.1522708419,29.618621737,4054638
2023-02-24 00:00:00+00:00,30.2149100953,30.2594092265,28.9333351163,29.3516269497,3780820
2023-02-27 00:00:00+00:00,30.3573073152,30.6421017549,30.0280137442,30.2950085315,6333641
2023-02-28 00:00:00+00:00,29.9034161768,30.7044005386,29.8144179143,30.6332019287,3446391
2023-03-01 00:00:00+00:00,30.5976026237,30.6154022762,29.8678168718,30.0547132229,8731206
2023-03-02 00:00:00+00:00,31.3024688622,31.3969431143,30.3307336977,30.5736674888,11266077
2023-03-03 00:00:00+00:00,31.761343801,31.9412947573,30.7806110887,30.9065767582,3251827
2023-03-06 00:00:00+00:00,31.5903903924,31.80633154,31.3159651839,31.6263805837,2886926
2023-03-07 00:00:00+00:00,30.7806110887,31.6308793576,30.717628254,31.4374320795,3685766
2023-03-08 00:00:00+00:00,30.6906356105,31.2079946101,30.4881907846,30.5916625845,3391994
2023-03-09 00:00:00+00:00,30.3307336977,31.5633977489,30.267750863,30.9335694016,4435611
2023-03-10 00:00:00+00:00,30.0877999066,30.8390951495,29.9760503627,30.4297067237,3591118
2023-03-13 00:00:00+00:00,28.7111750903,29.8358685677,28.4552848304,29.2060402204,6599578
2023-03-14 00:00:00+00:00,28.3512731776,29.4759666549,28.1668234473,28.8011505685,5491504
2023-03-15 00:00:00+00:00,26.3358224661,27.1815919611,25.2921968946,27.1006140307,11415830
2023-03-16 00:00:00+00:00,26.2458469879,26.8576802396,25.598023545,25.696996571,6430130
2023-03-17 00:00:00+00:00,25.8859450752,26.3808102052,25.5125468407,26.2368494401,6735787
2023-03-20 00:00:00+00:00,26.740712118,26.8756753353,25.8229622404,26.0748935794,4398498
2023-03-21 00:00:00+00:00,27.3795380131,27.5369950999,26.9926434569,27.0646238395,5489558
2023-03-22 00:00:00+00:00,27.0016410047,27.7754301172,26.9836459091,27.5234987782,4753792
2023-03-23 00:00:00+00:00,26.6507366398,27.6224718042,26.4302967182,27.2265797002,6156059
2023-03-24 00:00:00+00:00,26.0658960315,26.2773384053,25.7779745013,26.2188543445,4490255
2023-03-27 00:00:00+00:00,26.7497096658,26.8666777874,26.0838911272,26.542766066,5058392
2023-03-28 00:00:00+00:00,27.1995870567,27.3795380131,26.5967513529,26.641739092,3559562
2023-03-29 00:00:00+00:00,27.5954791608,27.8159190823,27.4605159435,27.5234987782,3377074
2023-03-30 00:00:00+00:00,27.9013957866,28.0363590039,27.7214448302,27.9463835257,3454199
2023-03-31 00:00:00+00:00,27.9373859779,28.1623246734,27.6899534129,27.8923982388,2934250
2023-04-03 00:00:00+00:00,29.7099028982,29.871858759,28.5672143252,29.1430573856,7044906
2023-04-04 00:00:00+00:00,29.1340598378,29.9888268806,28.9046223684,29.9663330111,5509903
2023-04-05 00:00:00+00:00,28.7921530207,29.2780206029,28.6032045165,29.1520549335,4498340
2023-04-06 00:00:00+00:00,28.4412486558,28.9136199162,28.3332780819,28.7651603772,4029189
2023-04-10 00:00:00+00:00,28.6571898034,28.8641334032,28.2073124125,28.4862363948,2589323
2023-04-11 00:00:00+00:00,29.0710770031,29.3490112552,28.7741579251,28.7921530207,4026744
2023-04-12 00:00:00+00:00,29.3320058898,29.6109298722,29.1160647422,29.2510279595,4489782
2023-04-13 00:00:00+00:00,29.3769936289,29.6019323244,29.2780206029,29.4309789158,5530722
2023-04-14 00:00:00+00:00,29.3410034377,29.6559176113,29.1970426725,29.3679960811,4687380
2023-04-17 00:00:00+00:00,29.0800745509,29.3769936289,28.8911260467,29.2420304116,3624577
2023-04-18 00:00:00+00:00,28.4862363948,29.1295610639,28.477238847,29.0080941683,4940662
2023-04-19 00:00:00+00:00,27.7754301172,28.1263344821,27.6674595433,28.081346743,6818249
2023-04-20 00:00:00+00:00,27.5414938739,27.7709313432,27.0916164829,27.3075576306,5539442
2023-04-21 00:00:00+00:00,27.3885355609,27.7034497346,27.2805649871,27.5774840651,3261965
2023-04-24 00:00:00+00:00,27.5145012304,27.6899534129,27.186090735,27.3255527262,3432165
2023-04-25 00:00:00+00:00,26.8756753353,27.2580711176,26.7587072136,27.1456017698,3023855
2023-04-26 00:00:00+00:00,26.3448200139,26.9476557178,26.2188543445,26.8936704309,5016800
2023-04-27 00:00:00+00:00,27.3435478218,27.5954791608,26.2638420836,26.3088298227,8270687
2023-04-28 00:00:00+00:00,28.180319769,28.2028136386,27.3615429175,27.586481613,4211226
2023-05-01 00:00:00+00:00,27.7484374737,28.3422756297,27.7304423781,27.883400691,3924038
2023-05-02 00:00:00+00:00,26.2818371792,27.3435478218,26.0479009359,27.2445747958,6772970
2023-05-03 00:00:00+00:00,25.7419843101,26.1108837706,25.6700039275,25.8679499795,4283669
2023-05-04 00:00:00+00:00,25.6520088319,26.0119107446,25.6160186406,25.8319597883,4127630
2023-05-05 00:00:00+00:00,26.6777292832,26.8981692048,26.2188543445,26.3718126574,3921159
2023-05-08 00:00:00+00:00,26.9926434569,27.3795380131,26.9116655265,27.2535723437,3263305
2023-05-09 00:00:00+00:00,26.6867268311,27.1456017698,26.2998322748,26.4617881356,4784171
2023-05-10 00:00:00+00:00,26.3628151096,26.9746483613,26.3358224661,26.8936704309,6024867
2023-05-11 00:00:00+00:00,25.9399303621,26.1108837706,25.6340137362,26.0029131968,3943371
2023-05-12 00:00:00+00:00,25.8049671448,26.3178273705,25.6295149623,26.1378764141,2779427
2023-05-15 00:00:00+00:00,26.1558715097,26.2503457618,25.9399303621,25.9399303621,4230671
2023-05-16 00:00:00+00:00,25.3280971104,26.2323506662,25.3146007887,26.0389033881,4869283
2023-05-17 00:00:00+00:00,25.7599794057,25.8904438491,25.1931338931,25.6879990231,3373475
2023-05-18 00:00:00+00:00,25.6520088319,25.7149916666,25.2561167278,25.6070210928,6428186
2023-05-19 00:00:00+00:00,25.8499548839,26.0703948055,25.445065232,25.9669230055,4612390
2023-05-22 00:00:00+00:00,25.9399303621,26.2818371792,25.5260431624,25.8499548839,2942887
2023-05-23 00:00:00+00:00,26.2098567967,26.5337685181,25.9579254577,25.9849181012,4350712
2023-05-24 00:00:00+00:00,26.0119107446,26.4527905878,25.8904438491,26.3718126574,6650078
2023-05-25 00:00:00+00:00,25.598023545,25.7239892144,25.2921069191,25.5530358059,4277696
2023-05-26 00:00:00+00:00,25.6790014753,26.0209082925,24.8242344325,25.8409573361,9016907
2023-05-30 00:00:00+00:00,25.6879990231,25.8049671448,25.3820823973,25.445065232,4499454
2023-05-31 00:00:00+00:00,25.1931338931,25.24711918,24.9951878411,25.1841363453,8953333
2023-06-01 00:00:00+00:00,25.7779745013,25.9084389447,25.1706400236,25.2381216322,6146449
2023-06-02 00:00:00+00:00,26.6480373754,26.6662707229,26.2195537091,26.3471871416,6116735
2023-06-05 00:00:00+00:00,26.7027374179,27.1129877368,26.4292372054,27.103871063,6479100
2023-06-06 00:00:00+00:00,27.0491710205,27.0947543893,26.1375036454,26.1375036454,4165911
2023-06-07 00:00:00+00:00,27.6144047931,27.8149716156,27.1585711055,27.2679711905,4397229
2023-06-08 00:00:00+00:00,27.5870547718,27.8058549419,27.103871063,27.6508714881,4253152
2023-06-09 00:00:00+00:00,27.6326381406,27.8924633425,27.5050047081,27.6599881618,2650598
2023-06-12 00:00:00+00:00,27.103871063,27.4229546443,26.9488876092,27.1585711055,6413722
2023-06-13 00:00:00+00:00,27.3773712755,27.8423216369,27.3500212543,27.5141213818,3179351
2023-06-14 00:00:00+00:00,27.1585711055,27.9061383531,27.0400543467,27.7329215519,3532542
2023-06-15 00:00:00+00:00,27.5688214243,27.8879050056,27.2953212118,27.2953212118,3056746
2023-06-16 00:00:00+00:00,27.4776546868,27.7146882044,27.3864879493,27.6691048356,4200329
2023-06-20 00:00:00+00:00,26.5204039429,27.2690651914,26.4839372479,27.2315044955,4851343
2023-06-21 00:00:00+00:00,27.0127043255,27.103871063,26.4474705529,26.4930539217,3652370
2023-06-22 00:00:00+00:00,26.2651370779,26.6298040279,26.2651370779,26.6206873542,4095487
2023-06-23 00:00:00+00:00,25.9187034753,26.0645702553,25.5905032203,25.9004701278,4254831
2023-06-26 00:00:00+00:00,26.4474705529,26.5933373329,25.8822367803,25.8913534541,3607889
2023-06-27 00:00:00+00:00,26.2924870991,26.3380704679,25.9642868441,26.2651370779,3323426
2023-06-28 00:00:00+00:00,26.4657039004,26.479378911,25.9278201491,26.2651370779,3104791
2023-06-29 00:00:00+00:00,26.5933373329,26.6570628824,26.3654204891,26.5933373329,2741926
2023-06-30 00:00:00+00:00,26.7300874392,26.885070893,26.6024540067,26.7665541342,3512712
2023-07-03 00:00:00+00:00,27.0582876942,27.3454629174,26.7209707654,26.7209707654,1262052
2023-07-05 00:00:00+00:00,26.8303708505,27.213271148,26.7574374605,27.0765210418,3698464
2023-07-06 00:00:00+00:00,25.9187034753,26.5295206167,25.7637200215,26.5204039429,4021043
2023-07-07 00:00:00+00:00,26.6480373754,26.7847874817,25.8184200641,25.8366534116,3008273
2023-07-10 00:00:00+00:00,26.6480373754,26.885070893,26.5204039429,26.6480373754,3303595
2023-07-11 00:00:00+00:00,26.8759542192,27.0022201507,26.7027374179,26.9033042405,4637892
2023-07-12 00:00:00+00:00,27.0765210418,27.3682546018,26.9397709355,27.2315044955,3163375
2023-07-13 00:00:00+00:00,27.1676877793,27.2679711905,26.5295206167,26.9124209142,5602031
2023-07-14 00:00:00+00:00,26.3654204891,27.1175460736,26.3563038154,27.103871063,3606654
2023-07-17 00:00:00+00:00,26.1648536666,26.4657039004,26.1557369929,26.2924870991,3550372
2023-07-18 00:00:00+00:00,26.6662707229,26.8303708505,26.1192702979,26.2742537516,6975183
2023-07-19 00:00:00+00:00,26.5659873117,26.9124209142,26.4474705529,26.8030208292,6123555
2023-07-20 00:00:00+00:00,26.5477539642,26.8030208292,26.2377870566,26.7574374605,3366954
2023-07-21 00:00:00+00:00,26.8759542192,26.885070893,26.4474705529,26.6571540492,5164131
2023-07-24 00:00:00+00:00,27.5505880768,27.8787883319,26.9762376305,27.067404368,4575727
2023-07-25 00:00:00+00:00,27.6782215093,27.7602715731,27.2679711905,27.5597047506,2462776
2023-07-26 00:00:00+00:00,27.7238048781,27.7329215519,27.1221044105,27.3317879068,5010167
2023-07-27 00:00:00+00:00,27.4047212968,28.0793551544,27.3409045805,27.8696716581,3724223
2023-07-28 00:00:00+00:00,28.0793551544,28.0975885019,27.2130888145,27.5323547293,5759363
2023-07-31 00:00:00+00:00,28.5260721682,28.7813390333,28.2890386507,28.2890386507,3659626
2023-08-01 00:00:00+00:00,28.2799219769,28.2890386507,27.8605549844,28.1796385657,3097294
2023-08-02 00:00:00+00:00,27.4958880343,28.0884718282,27.3500212543,28.0793551544,4962053
2023-08-03 00:00:00+00:00,27.6417548143,27.9334883744,27.3044378855,27.6508714881,6597348
2023-08-04 00:00:00+00:00,27.9973050906,28.4166720832,27.7010131937,27.7238048781,4372177
2023-08-07 00:00:00+00:00,28.1522885444,28.3027136613,27.874229995,28.0702384807,1650556
2023-08-08 00:00:00+00:00,28.3619720407,28.3710887145,27.3135545593,27.6144047931,2558384
2023-08-09 00:00:00+00:00,28.9180891395,29.1323309727,28.4531387782,28.5443055157,4498372
2023-08-10 00:00:00+00:00,28.7722223595,29.2645227421,28.5807722107,28.9910225296,5559323
2023-08-11 00:00:00+00:00,28.9180891395,29.1414476465,28.6719389483,28.7266389908,3887182
2023-08-14 00:00:00+00:00,28.7448723383,28.8542724233,28.3300636826,28.7357556645,4132003
2023-08-15 00:00:00+00:00,28.2981553244,29.0730725933,28.1340551969,28.4896054732,6172040
2023-08-16 00:00:00+00:00,29.0366058983,29.1642393308,28.2252219344,28.2616886294,7765318
2023-08-17 00:00:00+00:00,29.7477064509,29.9801816316,29.4012728484,29.5562563021,7497079
2023-08-18 00:00:00+00:00,30.1761901172,30.3949902873,29.3921561746,29.4742062384,6443140
2023-08-21 00:00:00+00:00,29.8388731884,30.5930044412,29.6519813765,30.477040351,6388602
2023-08-22 00:00:00+00:00,29.6747730609,30.1032567272,29.6291896922,29.8115231672,6477630
2023-08-23 00:00:00+00:00,29.9391565997,29.9847399685,29.3100149441,29.5471396284,4693303
2023-08-24 00:00:00+00:00,29.6838897347,29.9710649578,29.5471396284,29.6747730609,3131532
2023-08-25 00:00:00+00:00,30.002973316,30.1468344278,29.5015562596,30.0303233372,3661745
2023-08-28 00:00:00+00:00,30.2764735285,30.5772325956,30.0576733585,30.2126568122,2399824
2023-08-29 00:00:00+00:00,30.9237573649,30.9602240599,30.1670734435,30.3129402235,12536289
2023-08-30 00:00:00+00:00,31.1972575774,31.3704743787,31.0149241024,31.0969741661,3864830
2023-08-31 00:00:00+00:00,31.3613577049,31.6020292812,31.1623408246,31.4909500921,6960013
2023-09-01 00:00:00+00:00,31.6112858803,31.8982404519,31.5187198894,31.8612140556,6286536
2023-09-05 00:00:00+00:00,31.8056744611,32.1481686273,31.5874964206,31.8704706547,6615666
2023-09-06 00:00:00+00:00,31.8889838529,31.9815498437,31.5974009816,31.7131084702,5088081
2023-09-07 00:00:00+00:00,31.6390556775,31.958408346,31.5187198894,31.8334442583,3718625
2023-09-08 00:00:00+00:00,31.7779046638,31.9908064428,31.5742594839,31.8056744611,4479534
2023-09-11 00:00:00+00:00,31.2225087186,32.1898233232,31.1762257232,31.9445234474,3520476
2023-09-12 00:00:00+00:00,32.0648592355,32.1111422309,31.4446670967,31.5372330876,4015686
2023-09-13 00:00:00+00:00,31.8334442583,32.2129648209,31.715052356,32.1666818254,2940749
2023-09-14 00:00:00+00:00,32.1481686273,32.3901361274,32.1018856318,32.2962742127,3676056
2023-09-15 00:00:00+00:00,32.4814061944,32.5739721852,31.8797272538,32.1481686273,7873397
2023-09-18 00:00:00+00:00,32.2870176136,32.6017419825,32.1481686273,32.5832287843,7087081
2023-09-19 00:00:00+00:00,32.22222142,32.870183356,32.060230936,32.7405909688,3510950
2023-09-20 00:00:00+00:00,31.9167536501,32.5598095886,31.8334442583,32.0278328391,7338240
2023-09-21 00:00:00+00:00,31.6483122766,32.0833724337,31.5557462857,32.0833724337,7664036
2023-09-22 00:00:00+00:00,31.3613577049,32.2870176136,31.1114295296,32.1296554291,7845829
2023-09-25 00:00:00+00:00,31.694595272,31.7269933688,31.0558899351,31.370614304,3613567
2023-09-26 00:00:00+00:00,31.6297990784,31.7223650693,31.3335879077,31.4168972994,5690422
2023-09-27 00:00:00+00:00,32.5184325907,32.5739721852,31.9445234474,32.0741158346,5372690
2023-09-28 00:00:00+00:00,32.6017419825,32.7776173652,32.1250271296,32.3703270053,4278731
2023-09-29 00:00:00+00:00,31.8241876592,32.7405909688,31.7686480647,32.657281577,4361404
2023-10-02 00:00:00+00:00,31.0096069396,31.8750989542,30.7980010845,31.8334442583,6046730
2023-10-03 00:00:00+00:00,31.0651465342,31.0651465342,30.5051222894,30.8985277506,4732527
2023-10-04 00:00:00+00:00,29.4915246895,30.5652901835,29.2369682146,30.4819807917,6915456
2023-10-05 00:00:00+00:00,29.5933472794,30.1117168283,29.1120041269,29.1120041269,4408342
2023-10-06 00:00:00+00:00,29.8247622566,30.1117168283,29.232339915,29.6211170767,4718008
2023-10-09 00:00:00+00:00,31.2410219168,31.3409931869,30.6763693725,30.8615013543,3766751
2023-10-10 00:00:00+00:00,31.3983841013,31.4863217926,30.9540673451,31.2502785159,3867026
2023-10-11 00:00:00+00:00,31.2317653177,31.4585519953,30.722652368,31.1391993268,3938139
2023-10-12 00:00:00+00:00,31.3521011058,31.5742594839,31.0281201378,31.5650028848,3719266
2023-10-13 00:00:00+00:00,31.6668254748,31.9537800465,31.4770651935,31.8427008574,3589234
2023-10-16 00:00:00+00:00,31.7501348666,31.8982404519,31.3058181104,31.8519574565,2975270
2023-10-17 00:00:00+00:00,31.8056744611,32.0370894382,31.5002066912,31.583516083,3171949
2023-10-18 00:00:00+00:00,31.9630366455,31.9815498437,31.6020292812,31.907497051,3525416
2023-10-19 00:00:00+00:00,31.907497051,32.1574252264,31.5557462857,31.796417862,2480827
2023-10-20 00:00:00+00:00,31.370614304,32.0000630419,31.3428445068,31.907497051,4730856
2023-10-23 00:00:00+00:00,31.0188635387,31.4307821981,30.782820262,31.157712525,4522489
2023-10-24 00:00:00+00:00,30.4171845981,31.0744031332,30.4171845981,31.0188635387,3366567
2023-10-25 00:00:00+00:00,30.7504221652,30.7596787643,30.0561772337,30.3986713999,4090973
2023-10-26 00:00:00+00:00,30.2413092155,30.5930599807,30.0561772337,30.4912373908,2837696
2023-10-27 00:00:00+00:00,30.0561772337,30.4171845981,29.6257453762,30.2875922109,4151255
2023-10-30 00:00:00+00:00,30.0654338328,30.4819807917,29.6859132703,30.2227960173,3579701
2023-10-31 00:00:00+00:00,29.9913810401,30.2413092155,29.6674000721,30.2042828191,3003356
2023-11-01 00:00:00+00:00,30.2875922109,30.509750589,29.9265848465,30.2042828191,2893154
2023-11-02 00:00:00+00:00,31.6390556775,31.7131084702,30.407927999,30.5652901835,3922977
2023-11-03 00:00:00+00:00,31.2410219168,31.7501348666,31.0188635387,31.5279764885,2932178
2023-11-06 00:00:00+00:00,31.1021729305,31.6992235716,31.0836597323,31.4909500921,3544616
2023-11-07 00:00:00+00:00,29.6766566712,30.6393429762,29.5840906803,30.5467769853,5746278
2023-11-08 00:00:00+00:00,29.0657211315,29.7229396666,28.8019080575,29.4544982931,8979586
2023-11-09 00:00:00+00:00,30.1024602292,30.6763693725,29.4637548922,30.1024602292,9252657
2023-11-10 00:00:00+00:00,30.7133957689,30.7689353634,30.2505658145,30.4634675935,5787447
2023-11-13 00:00:00+00:00,31.1854823223,31.2687917141,30.5838033817,30.722652368,3493684
2023-11-14 00:00:00+00:00,31.0836597323,31.472436894,30.8892711515,31.3983841013,5557867
2023-11-15 00:00:00+00:00,30.8707579533,31.3521011058,30.8522447552,31.0188635387,3871778
2023-11-16 00:00:00+00:00,29.982124441,30.5467769853,29.5794623808,30.3894148008,5206201
2023-11-17 00:00:00+00:00,31.2780483131,31.3937558017,30.225572997,30.2690790127,6812221
2023-11-20 00:00:00+00:00,30.9725805433,31.6112858803,30.9355541469,31.6112858803,3433393
2023-11-21 00:00:00+00:00,30.6948825707,31.0836597323,30.5282637871,30.8429881561,4721013
2023-11-22 00:00:00+00:00,30.4542109945,30.4819807917,29.5933472794,29.9450980447,5024224
2023-11-24 00:00:00+00:00,30.2875922109,30.6300863771,30.1996545196,30.3709016027,1944526
2023-11-27 00:00:00+00:00,29.8803018511,30.3894148008,29.6951698694,30.2505658145,6927898
2023-11-28 00:00:00+00:00,30.3431318054,30.5004939899,29.8617886529,30.0006376392,5966384
2023-11-29 00:00:00+00:00,30.5282637871,30.7041391698,30.2690790127,30.5004939899,8790577
2023-11-30 00:00:00+00:00,30.9087100096,31.4240113283,30.4824152823,30.8993408947,11873236
2023-12-01 00:00:00+00:00,30.8993408947,31.6160781835,30.8193286536,30.9742938138,7204254
2023-12-04 00:00:00+00:00,30.5245762993,30.8759181075,30.3559322313,30.5152071844,4179865
2023-12-05 00:00:00+00:00,29.9999058656,30.5948446609,29.9905367507,30.4496233802,4903221
2023-12-06 00:00:00+00:00,28.3603107605,29.9249529465,28.3322034159,29.7563088786,8505568
2023-12-07 00:00:00+00:00,28.3322034159,28.7069680113,27.9246469183,28.4821092541,5300987
2023-12-08 00:00:00+00:00,28.8006591602,28.8568738495,28.3931026626,28.4540019094,5660587
2023-12-11 00:00:00+00:00,28.3696798754,28.7257062411,28.2010358075,28.6601224369,8922564
2023-12-12 00:00:00+00:00,27.7232109483,28.0979755437,27.5920433399,27.9855461651,4338891
2023-12-13 00:00:00+00:00,28.5476930583,28.6320150922,27.666996259,27.7044727185,5278443
2023-12-14 00:00:00+00:00,29.3065913641,29.4471280873,29.0723634919,29.2691149045,8983508
2023-12-15 00:00:00+00:00,28.9693032282,29.3628060534,28.9411958835,29.2972222492,4719741
2023-12-18 00:00:00+00:00,29.475235432,29.7000941893,29.2035311003,29.5314501213,3785427
2023-12-19 00:00:00+00:00,30.1029661294,30.1170198017,29.5970339255,29.5970339255,2711254
2023-12-20 00:00:00+00:00,29.7563088786,30.5573682014,29.7375706488,30.2622410824,2750178
2023-12-21 00:00:00+00:00,29.9624294061,29.9811676359,29.5876648106,29.8406309126,8013734
2023-12-22 00:00:00+00:00,29.9999058656,30.3653013462,29.9671139635,30.1872881634,2067037
2023-12-26 00:00:00+00:00,30.6370056779,30.7869115161,30.2716101973,30.2716101973,1623000
2023-12-27 00:00:00+00:00,30.3184557718,30.5620527588,30.2716101973,30.5245762993,3558827
2023-12-28 00:00:00+00:00,29.8781073721,30.3745767699,29.8688319484,30.1029661294,2106829
2023-12-29 00:00:00+00:00,30.0186440954,30.1872881634,29.7844162233,30.0186440954,1726449
2024-01-02 00:00:00+00:00,30.0842278996,30.384039576,29.971798521,30.1685499336,5868604
2024-01-03 00:00:00+00:00,31.8175141536,31.8315678259,30.4964689546,30.6557439077,6652652
2024-01-04 00:00:00+00:00,31.5645480516,32.1454331746,31.4254166956,32.0048964513,4862489
2024-01-05 00:00:00+00:00,31.6676083154,32.1165763007,31.5551789367,31.9112053024,3416481
2024-01-08 00:00:00+00:00,30.9836629287,31.0117702733,30.5620527588,30.9087100096,4148086
2024-01-09 00:00:00+00:00,30.6370056779,31.0586158478,30.5245762993,30.9836629287,4586511
2024-01-10 00:00:00+00:00,30.384039576,30.8571798777,30.1779190485,30.6838512523,3702068
2024-01-11 00:00:00+00:00,30.6182674481,30.7494350565,30.1872881634,30.627636563,5133552
2024-01-12 00:00:00+00:00,30.711958597,31.2272599157,30.5901601035,31.1616761115,2867570
2024-01-16 00:00:00+00:00,29.9624294061,30.5339454141,29.9249529465,30.4589924951,3294415
2024-01-17 00:00:00+00:00,29.5033427767,29.6438795,29.1566855259,29.5689265809,3429192
2024-01-18 00:00:00+00:00,29.4564972022,29.6157721553,29.0723634919,29.5408192362,2914987
2024-01-19 00:00:00+00:00,29.5033427767,29.5689265809,29.2456921173,29.4190207427,2563966
2024-01-22 00:00:00+00:00,29.6907250744,29.8312617977,29.1754237556,29.4190207427,3240776
2024-01-23 00:00:00+00:00,29.5408192362,29.8968456019,29.3721751683,29.5408192362,2315580
2024-01-24 00:00:00+00:00,29.8218926828,29.9155838317,29.4377589725,29.7563088786,3048446
2024-01-25 00:00:00+00:00,30.2716101973,30.3184557718,29.9343220614,30.1029661294,2337531
2024-01-26 00:00:00+00:00,30.6744821374,30.6932203672,30.2341337378,30.3090866569,3194874
2024-01-29 00:00:00+00:00,30.711958597,30.7306968268,30.3653013462,30.6370056779,3101503
2024-01-30 00:00:00+00:00,31.452118673,31.4614877879,30.3746704611,30.3934086909,3060203
2024-01-31 00:00:00+00:00,31.0305085031,31.4333804432,30.9930320436,31.3209510646,2289096
2024-02-01 00:00:00+00:00,30.7306968268,31.5832862814,30.4870998397,31.1710452264,3645633
2024-02-02 00:00:00+00:00,30.0842278996,30.6838512523,30.0748587847,30.6744821374,3261740
2024-02-05 00:00:00+00:00,29.8312617977,30.056120555,29.4099327012,29.9249529465,2600112
2024-02-06 00:00:00+00:00,29.9624294061,30.4027778057,29.8125235679,29.9343220614,2437092
2024-02-07 00:00:00+00:00,30.0935970145,30.1029661294,29.7703625509,30.0608051124,1831932
2024-02-08 00:00:00+00:00,30.2060263931,30.2528719676,29.9062147168,30.1498117038,4863776
2024-02-09 00:00:00+00:00,30.1029661294,30.5245762993,29.9999058656,30.3465631164,6014845
2024-02-12 00:00:00+00:00,30.3278248867,30.5526836439,30.0654896698,30.215395508,4690202
2024-02-13 00:00:00+00:00,29.5876648106,30.2903484271,29.2784840194,30.1591808187,6609630
2024-02-14 00:00:00+00:00,29.5314501213,29.9249529465,29.3300141513,29.7656779935,6866822
2024-02-15 00:00:00+00:00,31.0117702733,31.0211393882,29.475235432,29.5970339255,6365324
2024-02-16 00:00:00+00:00,30.9836629287,31.2553672604,30.7309779002,31.0305085031,3780190
2024-02-20 00:00:00+00:00,30.5807909886,31.0960923073,30.5620527588,30.8524953203,3088536
2024-02-21 00:00:00+00:00,31.4708569028,31.5083333623,30.5807909886,30.6557439077,3921440
2024-02-22 00:00:00+00:00,31.4146422135,31.8456214982,31.2366290306,31.4146422135,5808425
2024-02-23 00:00:00+00:00,31.7706685791,31.8456214982,31.2178908008,31.3115819497,4575321
2024-02-26 00:00:00+00:00,31.6769774303,32.0236346811,31.5551789367,31.6676083154,3781329
2024-02-27 00:00:00+00:00,31.5083333623,31.990842779,31.3396892944,31.8175141536,2639685
2024-02-28 00:00:00+00:00,31.7144538898,31.7612994642,31.1616761115,31.367796639,3960424
2024-02-29 00:00:00+00:00,32.192278749,32.3421845872,31.6582392005,31.9205744173,10824084
2024-03-01 00:00:00+00:00,33.1119763628,33.2020060639,32.4770300502,32.5528445353,12607390
2024-03-04 00:00:00+00:00,32.4485996183,33.2920357649,32.3822619439,33.2067444692,4647810
2024-03-05 00:00:00+00:00,32.7234271268,32.9366553661,32.3443547013,32.3633083226,3475166
2024-03-06 00:00:00+00:00,33.0835459309,33.4152343032,32.9413937714,33.159360416,3796255
2024-03-07 00:00:00+00:00,32.950870582,33.3204661968,32.950870582,33.0740691203,7185962
2024-03-08 00:00:00+00:00,32.6476126417,33.0645923097,32.5054604821,32.9793010139,6442315
2024-03-11 00:00:00+00:00,32.9413937714,33.0172082565,32.3348778907,32.4959836715,5798440
2024-03-12 00:00:00+00:00,33.1877908479,33.2162212798,32.7329039374,32.9319169608,4934869
2024-03-13 00:00:00+00:00,33.7090154329,33.9080284563,33.4341879245,33.4815719777,5058028
2024-03-14 00:00:00+00:00,34.1828559647,34.396084204,33.7374458648,33.8322139712,5586202
2024-03-15 00:00:00+00:00,34.1923327754,34.4387298519,34.0596574265,34.1165182903,5917357
2024-03-18 00:00:00+00:00,34.4387298519,34.4766370945,33.9648893201,34.1828559647,2413453
2024-03-19 00:00:00+00:00,34.3534385562,34.5571899849,34.0833494531,34.2302400179,3456616
2024-03-20 00:00:00+00:00,34.4766370945,34.485166224,34.0312269946,34.0501806158,2651963
2024-03-21 00:00:00+00:00,34.3250081243,34.4671602838,34.1923327754,34.4292530413,3761042
2024-03-22 00:00:00+00:00,34.0122733733,34.3723921775,33.9175052669,34.3155313136,3743816
2024-03-25 00:00:00+00:00,34.8462327093,34.8841399518,34.0880878584,34.0880878584,4506429
2024-03-26 00:00:00+00:00,34.5240211476,34.9504776263,34.4955907157,34.9220471944,3835623
2024-03-27 00:00:00+00:00,34.5714052008,34.5714052008,34.0596574265,34.1070414796,2556570
2024-03-28 00:00:00+00:00,34.9789080582,35.0405073273,34.7325109816,34.9030935731,2371282
2024-04-01 00:00:00+00:00,35.3579804836,35.4124721448,34.8178022774,35.1115834071,4729593
2024-04-02 00:00:00+00:00,35.9834499856,36.0308340388,35.23004354,35.661238424,4789440
2024-04-03 00:00:00+00:00,36.5046745706,36.5899658663,35.9455427431,36.0118804175,5506753
2024-04-04 00:00:00+00:00,36.5520586238,36.6610419461,36.2819695207,36.5236281919,3468578
2024-04-05 00:00:00+00:00,36.9595614811,36.9785151024,36.2014166302,36.4857209493,2751641
2024-04-08 00:00:00+00:00,36.6752571621,37.0258991556,36.4004296536,36.8932238067,3732050
2024-04-09 00:00:00+00:00,36.703687594,36.8790085907,36.4288600855,36.703687594,2897576
2024-04-10 00:00:00+00:00,37.2533426109,37.2628194215,36.4383368961,36.5615354344,3508866
2024-04-11 00:00:00+00:00,36.3530456004,37.2533426109,36.2488006834,37.2533426109,4827506
2024-04-12 00:00:00+00:00,35.7180992878,36.8884854014,35.4906558325,36.7889788897,5330623
2024-04-15 00:00:00+00:00,35.2347819454,35.9265891218,35.0973681911,35.7086224772,4531106
2024-04-16 00:00:00+00:00,35.6138543708,35.8128673942,34.9997570416,35.1115834071,5897756
2024-04-17 00:00:00+00:00,35.9076355005,36.2772311153,35.3911493208,35.7086224772,3333686
2024-04-18 00:00:00+00:00,36.0592644707,36.3956912483,35.869728258,36.0403108494,4704931
2024-04-19 00:00:00+00:00,36.5236281919,36.8647933748,35.9550195537,36.0213572282,4912536
2024-04-22 00:00:00+00:00,37.0353759662,37.2817730428,36.1256021452,36.2772311153,2618938
2024-04-23 00:00:00+00:00,37.1017136407,37.2059585577,36.7889788897,36.912177428,2884964
2024-04-24 00:00:00+00:00,37.2154353683,37.2722962321,36.8647933748,37.09223683,3163896
2024-04-25 00:00:00+00:00,37.3765411491,37.5566005512,36.7273796206,36.8742701854,3225873
2024-04-26 00:00:00+00:00,37.3481107172,37.523431714,37.0969752354,37.3954947704,2564634
2024-04-29 00:00:00+00:00,37.613461415,37.6513686576,37.1727897205,37.5281701193,2246058
2024-04-30 00:00:00+00:00,36.1919398196,37.4713092555,36.1729861983,37.3860179598,4335632
2024-05-01 00:00:00+00:00,35.6801920453,36.2156318462,35.3390268624,36.1919398196,5193896
2024-05-02 00:00:00+00:00,36.0592644707,36.3151383579,35.8270826101,35.8886818792,2919686
2024-05-03 00:00:00+00:00,36.2393238728,36.3340919792,35.8413925942,36.286707926,3435852
2024-05-06 00:00:00+00:00,36.8458397535,37.2533426109,36.4762441387,36.4762441387,3860212
2024-05-07 00:00:00+00:00,36.9027006173,37.0448527769,36.5615354344,36.807932511,3819075
2024-05-08 00:00:00+00:00,36.9974687237,37.4950012821,36.5520586238,36.8932238067,5082735
2024-05-09 00:00:00+00:00,38.0399178937,38.2768381596,37.0732832088,37.0732832088,4509631
2024-05-10 00:00:00+00:00,37.9925338405,38.5611424787,37.7650903852,38.3810830766,5304823
2024-05-13 00:00:00+00:00,37.5660773619,38.3242222128,37.509216498,38.2673613489,3916196
2024-05-14 00:00:00+00:00,37.1396208832,37.6892759001,36.912177428,37.404971581,7267200
2024-05-15 00:00:00+00:00,37.3481107172,37.4523556342,36.3246151685,37.09223683,6474854
2024-05-16 00:00:00+00:00,37.6892759001,37.9072425448,37.3860179598,37.5186933087,5705439
2024-05-17 00:00:00+00:00,37.9925338405,38.1536396213,37.5660773619,37.9072425448,3539704
2024-05-20 00:00:00+00:00,37.7650903852,38.1536396213,37.6892759001,37.9830570298,2003337
2024-05-21 00:00:00+00:00,38.9023076616,39.1202743062,37.5850309831,37.6324150363,8185165
2024-05-22 00:00:00+00:00,38.3716062659,38.9875989573,38.1252091894,38.7696323127,4992543
2024-05-23 00:00:00+00:00,38.0209642724,39.3287641402,37.8266896544,38.7696323127,5019427
2024-05-24 00:00:00+00:00,38.1915468638,38.5706192893,37.9972722458,38.3336990234,5251526
2024-05-28 00:00:00+00:00,38.5232352361,38.9875989573,38.2863149702,38.5706192893,6869785
2024-05-29 00:00:00+00:00,37.6324150363,38.4095135085,37.2912498534,38.2199772958,3331863
2024-05-30 00:00:00+00:00,37.7840440065,38.3384374287,37.6324150363,37.6703222789,4142622
2024-05-31 00:00:00+00:00,38.6843410169,38.7506786914,37.9610708292,38.0588715149,12948842
2024-06-03 00:00:00+00:00,36.807932511,38.6796026116,36.7605484578,38.6085265318,7643209
2024-06-04 00:00:00+00:00,36.0592644707,36.6147591159,35.3696849111,36.4902516955,9975659
2024-06-05 00:00:00+00:00,36.1646169034,36.528561671,35.953912038,36.2412368545,7238756
2024-06-06 00:00:00+00:00,36.7584215242,36.8350414753,36.1454619157,36.2412368545,3668864
2024-06-07 00:00:00+00:00,36.3848992627,36.9547601488,36.2699693361,36.5860266343,3753942
2024-06-10 00:00:00+00:00,36.528561671,36.8925064386,36.4232092383,36.5668716465,3672384
2024-06-11 00:00:00+00:00,36.4806742016,36.6051816221,35.8964470747,36.3082793117,3226780
2024-06-12 00:00:00+00:00,36.4519417199,37.4527898307,36.4232092383,37.1127887979,4198165
2024-06-13 00:00:00+00:00,35.3601074172,36.4136317444,35.2355999967,36.3082793117,8790586
2024-06-14 00:00:00+00:00,35.0344726252,35.1877125273,34.7471478087,35.0823600946,6994128
2024-06-17 00:00:00+00:00,34.8333452536,35.1902026757,34.6226403882,35.1685575396,19316847
2024-06-18 00:00:00+00:00,35.4463048622,35.6761647154,34.8908102169,34.967430168,4277899
2024-06-20 00:00:00+00:00,35.5708122827,36.0640532176,35.4079948866,35.5803897765,4113714
2024-06-21 00:00:00+00:00,35.130247564,35.6474322337,35.0009513966,35.4846148377,3676587
2024-06-24 00:00:00+00:00,36.2891243239,36.4327867322,35.2260225029,35.3313749356,6702602
2024-06-25 00:00:00+00:00,36.1358844218,36.2891243239,35.8102496297,36.202926879,5407560
2024-06-26 00:00:00+00:00,35.7240521848,36.0975744462,35.4941923316,35.7527846664,4401553
2024-06-27 00:00:00+00:00,36.4040542505,36.4232092383,35.9060245686,35.9730670258,4583805
2024-06-28 00:00:00+00:00,36.4902516955,36.8733514508,36.202926879,36.6818015731,3880495
2024-07-01 00:00:00+00:00,36.6051816221,37.017013859,36.5381391649,36.6434915976,3028900
2024-07-02 00:00:00+00:00,37.1319437856,37.1415212795,36.691379067,36.8446189691,4205107
2024-07-03 00:00:00+00:00,37.3809586266,37.7688471289,37.2085637367,37.3426486511,1332888
2024-07-05 00:00:00+00:00,36.1837718912,37.3618036388,36.0209544952,37.2947611816,7892807
2024-07-08 00:00:00+00:00,36.3465892872,36.4615192138,35.9826445196,36.0975744462,3074909
2024-07-09 00:00:00+00:00,35.8772920869,36.3322230464,35.8389821114,36.1263069279,3482272
2024-07-10 00:00:00+00:00,36.2891243239,36.5572941526,35.7815171481,36.0401094829,3323462
2024-07-11 00:00:00+00:00,36.6147591159,36.7967314997,35.867714593,36.442364226,2564134
2024-07-12 00:00:00+00:00,36.6530690915,37.0265913529,36.4040542505,37.0074363651,2071243
2024-07-15 00:00:00+00:00,37.2181412306,37.5437760226,36.4701389583,36.8446189691,2721404
2024-07-16 00:00:00+00:00,36.7679990181,37.0505350876,36.6722240792,36.8733514508,5479223
2024-07-17 00:00:00+00:00,37.2085637367,37.5294097818,36.7488440303,36.777576512,3083800
2024-07-18 00:00:00+00:00,37.179831255,37.5677197573,37.0505350876,37.4480010838,3057605
2024-07-19 00:00:00+00:00,36.8925064386,37.4480010838,36.6051816221,37.0361688468,2462625
2024-07-22 00:00:00+00:00,37.1415212795,37.2564512061,36.4663079607,36.8158864875,2885635
2024-07-23 00:00:00+00:00,36.4806742016,36.9212389202,36.2220818667,36.9212389202,3616922
2024-07-24 00:00:00+00:00,36.4327867322,36.9499714019,36.2891243239,36.4040542505,2695326
2024-07-25 00:00:00+00:00,36.854196463,37.0074363651,36.1263069279,36.3465892872,2271550
2024-07-26 00:00:00+00:00,36.8733514508,37.0361688468,36.442364226,36.940393908,1543707
2024-07-29 00:00:00+00:00,36.6722240792,37.0840563162,36.202926879,36.9499714019,2335127
2024-07-30 00:00:00+00:00,36.7871540058,37.0122251121,36.5572941526,36.5956041282,2856188
2024-07-31 00:00:00+00:00,38.2333555822,38.2908205455,37.5725085043,37.6012409859,3201124
2024-08-01 00:00:00+00:00,36.9116614263,38.5877228559,36.4950404424,38.0801156801,3533479
2024-08-02 00:00:00+00:00,35.1877125273,36.4232092383,34.6130628943,36.365744275,6234799
2024-08-05 00:00:00+00:00,34.9195426986,35.1877125273,33.6074260366,34.0527795021,4913270
2024-08-06 00:00:00+00:00,35.4558823561,35.7767284011,34.3832030411,34.7279928209,5213103
2024-08-07 00:00:00+00:00,37.0649013284,38.0992706678,36.854196463,37.0457463407,7220976
2024-08-08 00:00:00+00:00,38.1088481617,38.1902568597,37.2372962183,37.2947611816,4139872
2024-08-09 00:00:00+00:00,37.9939182351,38.3099755333,37.5847676964,38.3099755333,4024951
2024-08-12 00:00:00+00:00,38.8175827091,39.0570200562,38.1758906189,38.2812430516,4889006
2024-08-13 00:00:00+00:00,39.2198374522,39.2629361747,38.5973003498,38.6451878192,3553589
2024-08-14 00:00:00+00:00,39.401809836,39.5502609912,39.1192737664,39.23899244,2905666
2024-08-15 00:00:00+00:00,39.8423745546,40.0435019262,39.6508246769,39.6699796647,3124133
2024-08-16 00:00:00+00:00,39.5933597136,39.9189945057,39.3730773543,39.4496973054,2265379
2024-08-19 00:00:00+00:00,39.6125147014,40.1440656119,39.5263172565,39.5742047259,4042857
2024-08-20 00:00:00+00:00,38.6164553375,39.6508246769,38.5254691457,39.5263172565,4961623
2024-08-21 00:00:00+00:00,38.5398353865,39.0857525378,38.4727929293,38.9612451173,4680383
2024-08-22 00:00:00+00:00,38.6451878192,38.9133576479,38.5111029048,38.6260328314,4375057
2024-08-23 00:00:00+00:00,39.1144850195,39.2294149461,38.7649064927,39.0953300317,3483737
2024-08-26 00:00:00+00:00,39.9381494934,40.1727980936,39.6412471831,39.7561771097,4639706
2024-08-27 00:00:00+00:00,39.0953300317,39.813642073,38.9804001051,39.7465996158,2752873
2024-08-28 00:00:00+00:00,38.8942026602,39.1815274767,38.5494128804,38.7313852641,3677533
2024-08-29 00:00:00+00:00,39.23899244,39.5789934728,38.9612451173,39.1049075256,1953079
2024-08-30 00:00:00+00:00,38.827160203,39.0857525378,38.4382181764,38.9516676235,2311679
2024-09-03 00:00:00+00:00,38.0418057045,38.1615243781,37.2803949408,38.1280031495,16274972
2024-09-04 00:00:00+00:00,37.574424003,38.2517893598,37.5647473551,38.1066396405,3301401
2024-09-05 00:00:00+00:00,36.7712622229,38.1356695843,36.7325556311,37.9227833294,4589516
2024-09-06 00:00:00+00:00,36.1132501621,37.2889628884,35.9390704989,36.8970586463,3978464
2024-09-09 00:00:00+00:00,36.1906633457,36.6115975317,36.0745435703,36.1713100498,5270747
2024-09-10 00:00:00+00:00,34.9133458159,36.2487232334,34.681106265,36.2100166416,3602110
2024-09-11 00:00:00+00:00,34.89399252,35.4358848053,34.3908068264,35.1359087188,3567028
2024-09-12 00:00:00+00:00,35.1165554229,35.2520284942,34.7633577726,34.9326991118,3705563
2024-09-13 00:00:00+00:00,35.2617051422,35.7939207796,35.2326751983,35.3971782135,4291016
2024-09-16 00:00:00+00:00,35.5326512849,35.706830948,34.9617290556,35.5810345246,3182626
2024-09-17 00:00:00+00:00,36.0455136264,36.0551902744,35.5229746369,35.6390944124,2641236
2024-09-18 00:00:00+00:00,35.7745674837,36.3938729527,35.6492548927,35.9584237948,2381359
2024-09-19 00:00:00+00:00,36.5003160802,36.7277173071,36.1955016697,36.4519328404,5492037
2024-09-20 00:00:00+00:00,36.0068070346,36.4761244603,35.5471662568,36.4229028966,5042386
2024-09-23 00:00:00+00:00,36.6357891516,36.9744718299,36.1713100498,36.2874298252,7381770
2024-09-24 00:00:00+00:00,36.9454418861,37.5066874674,36.9454418861,37.2744479165,3222442
2024-09-25 00:00:00+00:00,36.2100166416,37.0422083656,35.9971303866,36.8486754065,3189007
2024-09-26 00:00:00+00:00,35.3294416779,35.9874537387,35.2133219024,35.4358848053,6598613
2024-09-27 00:00:00+00:00,35.6100644685,35.7648908358,35.300411734,35.4165315094,3034141
2024-09-30 00:00:00+00:00,35.7261842439,35.9584237948,35.4503997773,35.5616812287,3366902
2024-10-01 00:00:00+00:00,37.2550946206,37.3373461282,35.4262081574,35.4745913972,4630595
2024-10-02 00:00:00+00:00,37.4195976358,37.9808432171,36.9889868019,37.9131066814,2283273
2024-10-03 00:00:00+00:00,38.2324360639,38.2808193036,37.158328141,37.4776575235,2743576
2024-10-04 00:00:00+00:00,38.6775618697,38.6872385177,37.9227833294,38.3872624311,4133792
2024-10-07 00:00:00+00:00,39.1613942674,39.3646038744,38.6969151656,38.7549750534,2879967
2024-10-08 00:00:00+00:00,38.0098731609,38.4259690229,37.6324838908,38.3388791914,2655901
2024-10-09 00:00:00+00:00,38.2324360639,38.3388791914,37.5357174112,37.6034539469,2544182
2024-10-10 00:00:00+00:00,39.1517176194,39.2678373949,38.3872624311,38.5517654463,3229499
2024-10-11 00:00:00+00:00,39.0839810838,39.1517176194,38.8081966171,39.1226876756,2482992
2024-10-14 00:00:00+00:00,38.7452984054,39.0549511399,38.6485319259,38.7065918136,1516062
2024-10-15 00:00:00+00:00,37.0422083656,37.6711904826,36.9309269141,37.4486275796,3338060
2024-10-16 00:00:00+00:00,37.4002443399,37.4970108194,37.0422083656,37.1292981972,2508867
2024-10-17 00:00:00+00:00,37.7195737223,37.7292503703,37.2454179726,37.3228311563,2088894
2024-10-18 00:00:00+00:00,37.8356934978,37.9518132732,37.2744479165,37.4776575235,2377043
2024-10-21 00:00:00+00:00,37.7195737223,38.2904959516,37.4679808756,38.0582564007,2185242
2024-10-22 00:00:00+00:00,37.8937533855,38.0824480206,37.4776575235,37.8260168498,3254446
2024-10-23 00:00:00+00:00,37.3518611001,37.7454103724,37.0325317177,37.7195737223,1824316
2024-10-24 00:00:00+00:00,37.2647712685,37.5937772989,36.8293221106,37.4776575235,2450944
2024-10-25 00:00:00+00:00,37.7002204264,37.8695617656,37.3566994241,37.5453940592,1690208
2024-10-28 00:00:00+00:00,37.2260646767,37.2647712685,36.4422561925,36.6551424475,2847210
2024-10-29 00:00:00+00:00,36.8389987586,37.158328141,36.5293460241,37.158328141,3044972
2024-10-30 00:00:00+00:00,36.8583520545,37.2163880288,36.6648190954,37.0712383095,2539537
2024-10-31 00:00:00+00:00,36.54869932,37.0615616615,36.12292681,37.0228550697,3602133
2024-11-01 00:00:00+00:00,36.3745196568,37.3421844522,36.1906633457,37.0131784217,2994754
2024-11-04 00:00:00+00:00,36.9357652381,37.168004789,36.761585575,36.8486754065,1840270
2024-11-05 00:00:00+00:00,37.1970347329,37.5647473551,36.9164119422,37.0809149574,2174114
2024-11-06 00:00:00+00:00,37.9421366253,38.0389031048,36.9137024808,36.9938251258,3089624
2024-11-07 00:00:00+00:00,38.3195258955,38.5517654463,37.7631186381,38.1937294721,2342999
2024-11-08 00:00:00+00:00,37.8937533855,38.0582564007,37.584100651,37.990519865,2316667
2024-11-11 00:00:00+00:00,37.574424003,38.1840528241,37.4583042276,37.8356934978,4362978
2024-11-12 00:00:00+00:00,36.8777053504,37.7292503703,36.6744957434,37.4195976358,7317468
2024-11-13 00:00:00+00:00,38.3195258955,38.6872385177,37.4679808756,38.5033822066,9487986
2024-11-14 00:00:00+00:00,39.1323643235,39.461370354,38.5953103621,38.7452984054,8426293
2024-11-15 00:00:00+00:00,39.1710709154,39.5000769458,38.8565798569,39.0743044358,4973967
2024-11-18 00:00:00+00:00,39.4904002978,39.6839332569,39.1517176194,39.5484601855,3850376
2024-11-19 00:00:00+00:00,39.654903313,39.654903313,38.9678613083,39.0549511399,3158307
2024-11-20 00:00:00+00:00,39.5097535937,39.7855380604,39.2291308031,39.6742566089,2995698
2024-11-21 00:00:00+00:00,39.8000530323,40.0226159353,39.5291068896,39.7903763844,4195124
2024-11-22 00:00:00+00:00,40.1871189505,40.1967955984,39.5968434253,39.8968195119,5385695
2024-11-25 00:00:00+00:00,39.3452505785,40.3996181395,38.9920529282,40.1967955984,6298586
2024-11-26 00:00:00+00:00,38.2614660077,39.1710709154,37.9614899212,39.1517176194,7032620
2024-11-27 00:00:00+00:00,38.2711426557,38.62917863,37.990519865,38.1743761762,3771632
2024-11-29 00:00:00+00:00,38.20340612,38.5904720381,38.20340612,38.2904959516,1821328
2024-12-02 00:00:00+00:00,37.9614899212,38.4840289107,37.579262327,38.3679091352,11969420
2024-12-03 00:00:00+00:00,38.0926036626,38.366369808,37.7992827925,38.366369808,6501014
2024-12-04 00:00:00+00:00,37.6135129081,38.219709373,37.3348580816,38.0632715756,4335981
2024-12-05 00:00:00+00:00,38.278373547,38.55018422,37.7210638938,37.8188375172,3600374
2024-12-06 00:00:00+00:00,37.5255166471,38.2294867353,37.3299694004,38.1512678366,4432608
2024-12-09 00:00:00+00:00,37.3397467627,38.366369808,37.3299694004,37.9557205899,6055657
2024-12-10 00:00:00+00:00,36.9975390809,37.5646260965,36.9779843563,37.5450713718,3785584
2024-12-11 00:00:00+00:00,37.3006373134,37.320192038,36.9584296316,37.114867429,3856286
2024-12-12 00:00:00+00:00,36.3620105291,37.1539768783,36.3229010797,37.1539768783,4436167
2024-12-13 00:00:00+00:00,35.9611386733,36.4402294278,35.721593296,36.3424558044,5165694
2024-12-16 00:00:00+00:00,35.4233837448,35.5798215422,35.0567326572,35.4918252811,6721656
2024-12-17 00:00:00+00:00,35.0420666137,35.2601017938,34.7585231059,35.0029571643,4011924
2024-12-18 00:00:00+00:00,34.0741077424,35.1887270487,33.9861114813,35.0713987007,3982888
2024-12-19 00:00:00+00:00,33.8394510463,34.5727532215,33.7221226983,34.4652022358,4119968
2024-12-20 00:00:00+00:00,33.7319000606,34.1865474092,33.5070207269,33.6830132489,3725223
2024-12-23 00:00:00+00:00,34.2501002644,34.3723172936,33.4092471035,33.5852396255,3932839
2024-12-24 00:00:00+00:00,34.3967606995,34.5531984968,34.034998293,34.4554248735,1239351
2024-12-26 00:00:00+00:00,34.3772059748,34.587419265,34.1914360904,34.3967606995,2702665
2024-12-27 00:00:00+00:00,34.4749795982,34.8465193669,34.2501002644,34.3185418008,3771576
2024-12-30 00:00:00+00:00,34.5043116852,34.777197868,34.2305455397,34.4456475111,3354416
2024-12-31 00:00:00+00:00,34.8856288163,34.963847715,34.4163154241,34.5531984968,2316967
2025-01-02 00:00:00+00:00,35.2376138604,35.5407120928,34.993179802,35.198504411,2337507
2025-01-03 00:00:00+00:00,35.6189309915,35.6384857162,35.1447289182,35.4624931941,2714757
2025-01-06 00:00:00+00:00,36.1371311953,36.6259993122,35.9709160356,35.980693398,3419701
2025-01-07 00:00:00+00:00,37.4766298354,37.6980870923,36.5771125005,36.5771125005,5383279
2025-01-08 00:00:00+00:00,37.4766298354,37.5744034588,37.0953127043,37.2419731394,4508496
2025-01-10 00:00:00+00:00,38.5032528808,38.6694680405,37.9068337782,37.9361658652,5907745
2025-01-13 00:00:00+00:00,38.5130302431,39.7352005351,38.3614811269,38.6792454028,6798360
2025-01-14 00:00:00+00:00,38.8845700119,38.9823436352,38.1708225613,38.4152566197,5428636
2025-01-15 00:00:00+00:00,39.2170003313,39.3685494475,38.9530115482,39.1094493456,4162726
2025-01-16 00:00:00+00:00,38.2001546483,39.1192267079,38.0094960828,38.9921209976,6958771
2025-01-17 00:00:00+00:00,38.161045199,38.3565924457,37.7992827925,37.9166111406,4446102
2025-01-21 00:00:00+00:00,38.9139020989,39.0507851716,38.0241621263,38.2881509094,3851518
2025-01-22 00:00:00+00:00,38.3565924457,39.265887143,38.3174829964,38.9139020989,3657677
2025-01-23 00:00:00+00:00,38.5325849678,38.8650152872,38.219709373,38.5619170548,2818903
2025-01-24 00:00:00+00:00,38.0828263003,38.6499133158,38.0437168509,38.5130302431,3015376
2025-01-27 00:00:00+00:00,37.9068337782,38.1268244308,37.261527864,37.8970564159,3283293
2025-01-28 00:00:00+00:00,37.4081882991,38.0241621263,37.1050900666,38.0143847639,2856389
2025-01-29 00:00:00+00:00,37.7406186185,37.8286148795,37.114867429,37.1344221537,3354065
2025-01-30 00:00:00+00:00,37.7797280679,38.1659338801,37.363310206,38.0143847639,4299018
2025-01-31 00:00:00+00:00,36.7237729355,37.8775016912,36.4206747031,37.7797280679,5336162
2025-02-03 00:00:00+00:00,36.7237729355,37.2126410523,35.2082817734,35.3744969331,4678638
2025-02-04 00:00:00+00:00,37.3006373134,37.7601733432,36.6064445875,36.6944408485,8708454
2025-02-05 00:00:00+00:00,37.8286148795,38.0143847639,37.1637542407,37.2224184147,4251926
2025-02-06 00:00:00+00:00,37.5841808211,38.654801997,37.2370844582,38.0094960828,4532722
2025-02-07 00:00:00+00:00,37.8872790536,38.2637075035,37.2713052264,37.9361658652,6711953
2025-02-10 00:00:00+00:00,38.6499133158,38.7770190262,38.1512678366,38.219709373,6417768
2025-02-11 00:00:00+00:00,39.7254231728,39.8378628397,38.8454605625,39.0116757222,8313083
2025-02-12 00:00:00+00:00,38.7574643015,39.7743099845,38.5179189243,39.4907664767,3509527
2025-02-13 00:00:00+00:00,39.0605625339,39.2267776936,38.5814717794,38.6010265041,3236177
2025-02-14 00:00:00+00:00,38.6792454028,39.4907664767,38.5423623301,39.4027702157,3955443
2025-02-18 00:00:00+00:00,38.9530115482,39.236555056,38.3761471704,38.7672416638,6304867
2025-02-19 00:00:00+00:00,39.0018983599,39.2023342878,38.7574643015,39.0605625339,2298291
2025-02-20 00:00:00+00:00,39.2756645053,39.4321023027,38.8161284755,38.8943473742,3052817
2025-02-21 00:00:00+00:00,38.6108038665,39.0752285774,38.3565924457,39.0312304469,2906742
2025-02-24 00:00:00+00:00,38.2588188223,38.9530115482,38.1805999237,38.9432341859,3944148
2025-02-25 00:00:00+00:00,37.7699507055,38.5716944171,37.261527864,38.3565924457,4530905
2025-02-26 00:00:00+00:00,37.3886335744,37.6135129081,37.1637542407,37.5352940094,2993944
2025-02-27 00:00:00+00:00,37.3495241251,37.8872790536,37.3495241251,37.4179656614,2981378
2025-02-28 00:00:00+00:00,37.4277430237,37.4961845601,36.7482163414,37.144199516,3809107
2025-03-03 00:00:00+00:00,35.3842742954,37.6428449951,35.0616213383,37.4961845601,12675103
2025-03-04 00:00:00+00:00,34.6537312919,35.1184175603,34.1494972559,34.9305656645,7566526
2025-03-05 00:00:00+00:00,33.8825498252,34.5449749312,33.4277504987,34.3768969192,12066327
2025-03-06 00:00:00+00:00,34.3571230354,34.6042965825,33.5068460337,33.64526322,5255244
2025-03-07 00:00:00+00:00,35.3359302816,35.6078211833,34.4807098089,34.6042965825,5941401
2025-03-10 00:00:00+00:00,35.2568347466,35.7314079569,35.0393220252,35.3260433397,4697213
2025-03-11 00:00:00+00:00,34.9800003739,35.6028777124,34.6833921175,35.385364991,6380182
2025-03-12 00:00:00+00:00,35.3458172235,35.5732168868,34.6833921175,35.0195481414,6021211
2025-03-13 00:00:00+00:00,35.4150258167,35.7660122534,34.8860744261,35.2469478047,6700546
2025-03-14 00:00:00+00:00,36.2653028184,36.2653028184,35.3158597896,35.5040082936,3156205
2025-03-17 00:00:00+00:00,37.2045622971,37.3429794834,36.4333808304,36.4333808304,6884698
2025-03-18 00:00:00+00:00,37.1847884133,37.5506052629,36.7398760287,37.3924141928,3943172
2025-03-19 00:00:00+00:00,37.0859189945,37.5604922048,36.5569676039,37.2243361808,4414953
2025-03-20 00:00:00+00:00,37.2836578321,37.293544774,36.5322502492,36.7497629706,6812903
2025-03-21 00:00:00+00:00,37.0265973432,37.2045622971,36.7695368543,37.1551275877,3669706
2025-03-24 00:00:00+00:00,37.9757437638,38.0251784732,37.1600710586,37.2342231227,3913056
2025-03-25 00:00:00+00:00,38.0449523569,38.5887341604,37.7434006296,38.2624650783,3054135
2025-03-26 00:00:00+00:00,38.4206561484,38.6876035792,38.1932564852,38.3514475552,3120434
2025-03-27 00:00:00+00:00,38.1833695433,38.623338457,38.0548392988,38.3217867296,2595665
2025-03-28 00:00:00+00:00,37.9065351706,38.3168432587,37.7285702168,38.0152915313,2789152
2025-03-31 00:00:00+00:00,38.2822389621,38.6777166373,37.4813966697,37.6395877398,2995629
2025-04-01 00:00:00+00:00,38.6085080441,38.6134515151,37.9658568219,38.2130303689,2221803
2025-04-02 00:00:00+00:00,38.6876035792,38.7172644048,38.0746131826,38.2328042527,1964323
2025-04-03 00:00:00+00:00,36.3641722372,37.7582310424,36.2257550509,37.3528664253,5465753
2025-04-04 00:00:00+00:00,32.8246470439,34.9948307867,32.4093954849,34.811922362,10312814
2025-04-07 00:00:00+00:00,32.735664567,33.6353762781,30.6890675977,31.5344011285,8070369
2025-04-08 00:00:00+00:00,31.1834146917,33.5315633884,30.9411846157,33.4672982662,9844798
2025-04-09 00:00:00+00:00,33.8232281739,34.3571230354,30.4418940507,30.6594067721,12685531
2025-04-10 00:00:00+00:00,31.8458397977,33.1706900098,31.2773406396,33.0026119978,6354984
2025-04-11 00:00:00+00:00,33.0718205909,33.307426416,31.8062920302,32.1721088798,6236898
2025-04-14 00:00:00+00:00,33.1014814166,33.9122106508,32.6318516773,33.9122106508,3732677
2025-04-15 00:00:00+00:00,32.9136295209,33.5414503303,32.7307210961,33.1014814166,3695662
2025-04-16 00:00:00+00:00,33.4277504987,33.7144718132,33.0124989397,33.0223858815,3752241
2025-04-17 00:00:00+00:00,34.1494972559,34.5449749312,33.6551501619,33.6946979294,3015338
2025-04-21 00:00:00+00:00,34.1692711397,34.2879144423,33.5859415687,33.892436767,4097277
2025-04-22 00:00:00+00:00,35.0195481414,35.3359302816,34.5153141055,34.7921484782,2957610
2025-04-23 00:00:00+00:00,34.6833921175,35.5138952355,34.4263316286,35.1777392115,3011972
2025-04-24 00:00:00+00:00,35.1975130953,35.2074000372,34.722939885,35.0492089671,3467485
2025-04-25 00:00:00+00:00,35.1975130953,35.5237821774,34.7526007107,34.7526007107,2459538
2025-04-28 00:00:00+00:00,35.306269456,35.4595170551,34.9997742577,34.9997742577,2830729
2025-04-29 00:00:00+00:00,35.3458172235,35.5633299449,34.8514701295,34.8811309551,2465010
2025-04-30 00:00:00+00:00,34.891017897,35.2370608628,34.2978013842,34.9107917808,5651701
2025-05-01 00:00:00+00:00,35.2963825141,35.6127646543,34.6339574081,34.7822615363,5175221
2025-05-02 00:00:00+00:00,35.6424254799,35.9291467945,35.2864955722,35.6918601893,4664833
2025-05-05 00:00:00+00:00,34.4955402218,35.1876261534,34.396670803,35.1085306184,5561993
2025-05-06 00:00:00+00:00,34.722939885,35.1085306184,34.5252010474,34.7921484782,9332690
2025-05-07 00:00:00+00:00,33.5760546269,34.9997742577,33.1212553004,34.7624876525,14759390
2025-05-08 00:00:00+00:00,33.8627759414,34.2088189072,33.6551501619,33.7935673482,8713175
2025-05-09 00:00:00+00:00,34.5647488149,34.6141835243,34.0901756047,34.2582536166,4911127
2025-05-12 00:00:00+00:00,35.4644605261,35.7017471312,35.1300099996,35.7017471312,4159862
2025-05-13 00:00:00+00:00,35.9983553876,36.1812638124,35.5435560611,35.7610687825,3370691
2025-05-14 00:00:00+00:00,35.9291467945,36.052733568,35.6720863056,35.6720863056,2597972
2025-05-15 00:00:00+00:00,35.5831038286,35.6226515962,34.9651699611,35.3458172235,2710765
2025-05-16 00:00:00+00:00,35.2469478047,35.7314079569,35.1975130953,35.7314079569,3472504
2025-05-19 00:00:00+00:00,34.9898873158,35.0986436765,34.6735051756,35.0788697927,2243197
2025-05-20 00:00:00+00:00,34.8218093038,35.8599382013,34.6883355884,35.2864955722,2727176
2025-05-21 00:00:00+00:00,34.7427137688,35.2617782175,34.7427137688,34.9503395483,2499242
2025-05-22 00:00:00+00:00,34.970113432,35.2074000372,34.2780275004,34.6042965825,3188773
2025-05-23 00:00:00+00:00,35.306269456,35.4327234426,34.5944096406,34.5944096406,4215935
2025-05-27 00:00:00+00:00,35.3161563979,35.9588076201,35.1629087987,35.8698251432,2617369
2025-05-28 00:00:00+00:00,34.9305656645,35.6523124218,34.9305656645,35.6226515962,4713457
2025-05-29 00:00:00+00:00,35.3557041654,35.4100823457,34.9503395483,34.9503395483,4310435
2025-05-30 00:00:00+00:00,35.1480783859,35.3952519329,34.891017897,35.0887567346,3871144
2025-06-02 00:00:00+00:00,36.2356419928,36.3345114116,35.6226515962,36.047790097,12837185
2025-06-03 00:00:00+00:00,36.5025894236,36.7497629706,35.7610687825,36.0329596842,5032847
2025-06-04 00:00:00+00:00,36.33,37.0,35.93,36.48,6873974
2025-06-05 00:00:00+00:00,36.6,36.925,36.34,36.505,7284857
2025-06-06 00:00:00+00:00,36.78,37.05,36.6,36.7,6282209
2025-06-09 00:00:00+00:00,36.98,37.255,36.669,36.83,7456717
2025-06-10 00:00:00+00:00,37.62,38.005,37.13,37.24,6065950
2025-06-11 00:00:00+00:00,38.86,38.89,37.73,37.96,4127813
2025-06-12 00:00:00+00:00,39.09,39.13,38.6,38.67,3120106
2025-06-13 00:00:00+00:00,40.96,41.0,39.78,40.35,7536676
2025-06-16 00:00:00+00:00,40.67,41.21,40.37,40.66,5648783
2025-06-17 00:00:00+00:00,41.04,41.48,40.845,41.19,4917319
2025-06-18 00:00:00+00:00,40.05,41.2,39.905,41.0,11397281
2025-06-20 00:00:00+00:00,40.15,40.425,39.99,40.3,5454480
2025-06-23 00:00:00+00:00,38.97,40.3985,38.941,40.05,6349528
2025-06-24 00:00:00+00:00,38.28,39.055,38.275,38.29,4703062
2025-06-25 00:00:00+00:00,37.97,38.315,37.925,38.06,5695910
2025-06-26 00:00:00+00:00,37.97,38.29,37.79,38.0,6406506
2025-06-27 00:00:00+00:00,37.59,38.085,37.25,37.97,6585291
2025-06-30 00:00:00+00:00,37.45,37.6,37.335,37.565,3225066
2025-07-01 00:00:00+00:00,37.83,37.935,37.225,37.68,2730161
2025-07-02 00:00:00+00:00,38.3,38.37,37.7599,38.19,5476505
2025-07-03 00:00:00+00:00,38.35,38.39,38.06,38.26,1466755
2025-07-07 00:00:00+00:00,37.83,38.3,37.55,38.2,2795921
2025-07-08 00:00:00+00:00,38.82,38.995,37.76,37.81,4887056
2025-07-09 00:00:00+00:00,39.23,39.45,38.87,38.87,5501365
2025-07-10 00:00:00+00:00,39.41,39.415,38.81,39.09,3551107
2025-07-11 00:00:00+00:00,40.1,40.215,39.32,39.5,4082190
2025-07-14 00:00:00+00:00,39.84,40.17,39.46,40.13,3987387
2025-07-15 00:00:00+00:00,39.42,40.01,39.2901,39.85,3029423
