date,Open,High,Low,Close,Volume
2025-04-11 14:00:00+00:00,251.17,251.17,244.085,246.19,208814.0
2025-04-11 15:00:00+00:00,246.17,249.41,242.17,244.89,154736.0
2025-04-11 16:00:00+00:00,244.935,251.245,241.335,248.995,169322.0
2025-04-11 17:00:00+00:00,249.135,250.445,244.87,249.9,145930.0
2025-04-11 18:00:00+00:00,249.84,250.15,246.615,246.845,105100.0
2025-04-11 19:00:00+00:00,246.845,252.27,246.795,252.25,194071.0
2025-04-14 14:00:00+00:00,256.355,259.49,255.0,255.38,220871.0
2025-04-14 15:00:00+00:00,255.595,255.64,247.725,249.065,199373.0
2025-04-14 16:00:00+00:00,248.89,249.99,245.915,246.28,107144.0
2025-04-14 17:00:00+00:00,246.265,249.325,246.09,249.05,86132.0
2025-04-14 18:00:00+00:00,248.985,252.26,248.32,251.26,147076.0
2025-04-14 19:00:00+00:00,251.255,256.28,250.86,252.3,169229.0
2025-04-15 14:00:00+00:00,254.72,258.755,253.21,255.8,121504.0
2025-04-15 15:00:00+00:00,255.815,257.825,254.08,255.52,58087.0
2025-04-15 16:00:00+00:00,255.52,256.26,252.245,252.68,39389.0
2025-04-15 17:00:00+00:00,252.68,253.86,251.675,252.65,50142.0
2025-04-15 18:00:00+00:00,252.555,252.97,250.66,252.455,50172.0
2025-04-15 19:00:00+00:00,252.365,254.5,251.705,254.155,52302.0
2025-04-16 14:00:00+00:00,247.53,250.57,247.3,248.79,148010.0
2025-04-16 15:00:00+00:00,248.885,251.94,248.2,248.565,117109.0
2025-04-16 16:00:00+00:00,248.7,249.13,245.26,245.535,127961.0
2025-04-16 17:00:00+00:00,245.55,246.84,240.04,240.39,136978.0
2025-04-16 18:00:00+00:00,240.48,241.99,236.94,237.055,150969.0
2025-04-16 19:00:00+00:00,237.24,241.73,233.905,241.545,358511.0
2025-04-17 14:00:00+00:00,242.66,243.385,237.705,240.03,140361.0
2025-04-17 15:00:00+00:00,240.145,242.22,239.285,239.59,93172.0
2025-04-17 16:00:00+00:00,239.6,242.615,238.48,240.58,131903.0
2025-04-17 17:00:00+00:00,240.59,241.76,238.735,240.815,93386.0
2025-04-17 18:00:00+00:00,240.815,242.165,239.855,239.885,69479.0
2025-04-17 19:00:00+00:00,239.885,241.78,238.91,241.495,168092.0
2025-04-18 14:00:00+00:00,241.495,241.495,241.495,241.495,0.0
2025-04-18 15:00:00+00:00,241.495,241.495,241.495,241.495,0.0
2025-04-18 16:00:00+00:00,241.495,241.495,241.495,241.495,0.0
2025-04-18 17:00:00+00:00,241.495,241.495,241.495,241.495,0.0
2025-04-18 18:00:00+00:00,241.495,241.495,241.495,241.495,0.0
2025-04-18 19:00:00+00:00,241.495,241.495,241.495,241.495,0.0
2025-04-21 14:00:00+00:00,225.69,226.79,223.64,225.54,241732.0
2025-04-21 15:00:00+00:00,225.54,226.225,223.445,223.74,114757.0
2025-04-21 16:00:00+00:00,223.805,226.105,223.695,224.64,84921.0
2025-04-21 17:00:00+00:00,224.645,225.13,222.755,222.985,101522.0
2025-04-21 18:00:00+00:00,222.98,225.155,222.895,223.425,90611.0
2025-04-21 19:00:00+00:00,223.425,227.86,223.32,227.48,258523.0
2025-04-22 14:00:00+00:00,236.925,237.8,234.6,236.845,159143.0
2025-04-22 15:00:00+00:00,236.87,239.51,236.81,239.31,152294.0
2025-04-22 16:00:00+00:00,239.31,242.835,239.19,240.685,143657.0
2025-04-22 17:00:00+00:00,240.75,241.43,234.465,235.15,128871.0
2025-04-22 18:00:00+00:00,235.125,238.52,235.125,237.805,133503.0
2025-04-22 19:00:00+00:00,237.805,238.32,235.13,237.935,323405.0
2025-04-23 14:00:00+00:00,246.695,258.07,244.84,257.16,262777.0
2025-04-23 15:00:00+00:00,257.26,259.43,252.235,254.69,138970.0
2025-04-23 16:00:00+00:00,254.61,256.75,250.955,256.28,77178.0
2025-04-23 17:00:00+00:00,256.35,258.245,254.39,257.5,64190.0
2025-04-23 18:00:00+00:00,257.5,258.165,255.675,256.72,68333.0
2025-04-23 19:00:00+00:00,256.66,257.0,250.36,250.64,185571.0
2025-04-24 14:00:00+00:00,253.55,258.14,252.995,254.97,197566.0
2025-04-24 15:00:00+00:00,254.925,256.715,253.25,253.38,127558.0
2025-04-24 16:00:00+00:00,253.425,256.055,252.425,255.775,70788.0
2025-04-24 17:00:00+00:00,255.775,255.81,253.305,255.49,59368.0
2025-04-24 18:00:00+00:00,255.445,257.97,255.11,256.56,48568.0
2025-04-24 19:00:00+00:00,256.56,259.52,254.73,259.51,123265.0
2025-04-25 14:00:00+00:00,262.12,278.13,261.6,275.215,476837.0
2025-04-25 15:00:00+00:00,275.325,283.48,274.59,281.435,293910.0
2025-04-25 16:00:00+00:00,281.395,286.37,280.005,286.185,249749.0
2025-04-25 17:00:00+00:00,286.12,287.205,280.955,282.92,149370.0
2025-04-25 18:00:00+00:00,282.725,286.455,282.695,285.395,101272.0
2025-04-25 19:00:00+00:00,285.395,285.605,281.23,284.88,241478.0
2025-04-28 14:00:00+00:00,285.695,289.145,281.4,281.73,212022.0
2025-04-28 15:00:00+00:00,281.83,282.62,273.74,276.445,278433.0
2025-04-28 16:00:00+00:00,276.445,278.44,272.48,277.36,119972.0
2025-04-28 17:00:00+00:00,277.38,280.12,275.325,279.81,81578.0
2025-04-28 18:00:00+00:00,280.0,281.935,278.895,281.165,88382.0
2025-04-28 19:00:00+00:00,281.165,286.73,281.045,285.975,175643.0
2025-04-29 14:00:00+00:00,282.895,289.2,279.48,281.945,144822.0
2025-04-29 15:00:00+00:00,281.84,284.98,280.33,283.43,66885.0
2025-04-29 16:00:00+00:00,283.5,285.62,282.48,283.62,76970.0
2025-04-29 17:00:00+00:00,283.62,286.465,283.29,285.61,49547.0
2025-04-29 18:00:00+00:00,285.59,286.855,284.645,285.755,53781.0
2025-04-29 19:00:00+00:00,285.79,293.27,285.52,291.995,204469.0
2025-04-30 14:00:00+00:00,271.39,277.645,271.005,276.815,216338.0
2025-04-30 15:00:00+00:00,276.685,281.465,276.57,278.53,92134.0
2025-04-30 16:00:00+00:00,278.53,279.475,275.125,277.475,66630.0
2025-04-30 17:00:00+00:00,277.495,280.375,275.31,279.135,61655.0
2025-04-30 18:00:00+00:00,279.22,281.135,277.805,278.46,52874.0
2025-04-30 19:00:00+00:00,278.45,284.45,278.45,282.07,183952.0
2025-05-01 14:00:00+00:00,282.13,289.74,280.85,289.065,167965.0
2025-05-01 15:00:00+00:00,289.025,290.885,283.62,284.38,101748.0
2025-05-01 16:00:00+00:00,284.4,285.7,282.01,283.005,70698.0
2025-05-01 17:00:00+00:00,283.01,285.74,281.73,282.45,80875.0
2025-05-01 18:00:00+00:00,282.405,284.18,282.125,282.775,57689.0
2025-05-01 19:00:00+00:00,282.965,284.615,279.87,280.34,108204.0
2025-05-02 14:00:00+00:00,282.44,286.925,279.82,286.535,159844.0
2025-05-02 15:00:00+00:00,286.535,288.24,284.875,286.905,88444.0
2025-05-02 16:00:00+00:00,286.855,292.53,286.12,291.985,112875.0
2025-05-02 17:00:00+00:00,292.095,294.515,290.7,293.785,152505.0
2025-05-02 18:00:00+00:00,293.74,294.78,290.61,290.99,106382.0
2025-05-02 19:00:00+00:00,291.0,291.03,285.78,287.11,182078.0
2025-05-05 14:00:00+00:00,280.03,281.55,274.4,276.97,214284.0
2025-05-05 15:00:00+00:00,276.945,277.515,274.795,276.48,93143.0
2025-05-05 16:00:00+00:00,276.58,280.99,276.035,279.91,59576.0
2025-05-05 17:00:00+00:00,279.915,280.95,279.34,280.22,67184.0
2025-05-05 18:00:00+00:00,280.22,283.485,278.89,281.345,75192.0
2025-05-05 19:00:00+00:00,281.345,283.07,279.42,280.535,108158.0
2025-05-06 14:00:00+00:00,272.365,275.77,271.87,274.16,134624.0
2025-05-06 15:00:00+00:00,274.19,276.14,272.63,272.805,90777.0
2025-05-06 16:00:00+00:00,272.77,275.105,272.26,273.06,83117.0
2025-05-06 17:00:00+00:00,273.105,274.58,272.76,273.075,70355.0
2025-05-06 18:00:00+00:00,273.025,275.54,272.81,275.53,59046.0
2025-05-06 19:00:00+00:00,275.47,276.67,274.75,275.23,94735.0
2025-05-07 14:00:00+00:00,275.9,277.195,273.77,274.175,80051.0
2025-05-07 15:00:00+00:00,274.14,274.55,272.12,273.215,57428.0
2025-05-07 16:00:00+00:00,273.16,274.695,272.245,274.455,28535.0
2025-05-07 17:00:00+00:00,274.46,276.145,273.675,274.13,37688.0
2025-05-07 18:00:00+00:00,274.03,275.88,271.0,275.675,65349.0
2025-05-07 19:00:00+00:00,275.605,277.235,272.54,276.19,76102.0
2025-05-08 14:00:00+00:00,284.205,285.38,279.465,281.18,134746.0
2025-05-08 15:00:00+00:00,281.19,289.835,280.89,288.78,119743.0
2025-05-08 16:00:00+00:00,288.78,289.76,286.76,287.87,55908.0
2025-05-08 17:00:00+00:00,287.855,288.395,286.12,287.77,52555.0
2025-05-08 18:00:00+00:00,287.8,289.11,286.95,287.91,65860.0
2025-05-08 19:00:00+00:00,287.87,289.81,284.68,284.88,193600.0
2025-05-09 14:00:00+00:00,302.855,307.0,298.49,300.8,307938.0
2025-05-09 15:00:00+00:00,300.79,303.22,296.5,299.01,97036.0
2025-05-09 16:00:00+00:00,298.895,298.95,295.835,297.015,63268.0
2025-05-09 17:00:00+00:00,297.14,301.055,296.4,300.99,63387.0
2025-05-09 18:00:00+00:00,300.945,301.005,296.105,297.13,63264.0
2025-05-09 19:00:00+00:00,297.13,299.565,296.525,298.215,100804.0
2025-05-12 14:00:00+00:00,315.28,319.605,313.93,317.46,204209.0
2025-05-12 15:00:00+00:00,317.54,320.865,316.915,318.315,98725.0
2025-05-12 16:00:00+00:00,318.34,319.49,316.835,317.9,53294.0
2025-05-12 17:00:00+00:00,318.0,319.885,316.71,319.08,66177.0
2025-05-12 18:00:00+00:00,319.12,319.37,316.145,316.59,85904.0
2025-05-12 19:00:00+00:00,316.66,318.73,316.125,318.47,132664.0
2025-05-13 14:00:00+00:00,321.23,326.015,320.71,322.51,197404.0
2025-05-13 15:00:00+00:00,322.305,323.9,318.84,322.545,154441.0
2025-05-13 16:00:00+00:00,322.52,327.23,320.48,326.055,68990.0
2025-05-13 17:00:00+00:00,326.07,336.725,325.2,334.9,372205.0
2025-05-13 18:00:00+00:00,334.94,337.58,332.905,335.79,112125.0
2025-05-13 19:00:00+00:00,335.92,337.145,331.86,333.91,145575.0
2025-05-14 14:00:00+00:00,340.87,344.595,338.54,339.385,149964.0
2025-05-14 15:00:00+00:00,339.425,350.0,337.465,346.355,390205.0
2025-05-14 16:00:00+00:00,346.34,349.155,344.86,346.18,114077.0
2025-05-14 17:00:00+00:00,346.135,347.83,343.26,347.595,153946.0
2025-05-14 18:00:00+00:00,347.83,350.0,346.285,348.265,201484.0
2025-05-14 19:00:00+00:00,348.39,348.9,345.49,347.62,140962.0
2025-05-15 14:00:00+00:00,337.16,341.79,334.79,337.44,195627.0
2025-05-15 15:00:00+00:00,337.42,341.25,337.26,340.225,99885.0
2025-05-15 16:00:00+00:00,340.225,345.35,339.975,344.59,84564.0
2025-05-15 17:00:00+00:00,344.53,346.07,342.915,344.535,73730.0
2025-05-15 18:00:00+00:00,344.47,344.65,340.77,341.465,85352.0
2025-05-15 19:00:00+00:00,341.485,344.085,339.61,342.81,132728.0
2025-05-16 14:00:00+00:00,347.7,347.7,342.48,345.8,225559.0
2025-05-16 15:00:00+00:00,345.8,349.405,345.37,347.535,112690.0
2025-05-16 16:00:00+00:00,347.395,348.95,346.825,347.57,63440.0
2025-05-16 17:00:00+00:00,347.44,348.86,346.23,347.71,58302.0
2025-05-16 18:00:00+00:00,347.8,348.19,346.58,347.62,50966.0
2025-05-16 19:00:00+00:00,347.605,349.93,347.255,349.93,149277.0
2025-05-19 14:00:00+00:00,338.215,343.025,337.735,338.885,79853.0
2025-05-19 15:00:00+00:00,338.93,339.655,336.7,337.43,43463.0
2025-05-19 16:00:00+00:00,337.475,340.26,337.04,340.04,46125.0
2025-05-19 17:00:00+00:00,339.99,342.88,339.765,340.585,84872.0
2025-05-19 18:00:00+00:00,340.5,341.44,339.275,341.155,41035.0
2025-05-19 19:00:00+00:00,341.155,342.795,340.655,341.995,81080.0
2025-05-20 14:00:00+00:00,344.22,347.62,343.015,345.59,125583.0
2025-05-20 15:00:00+00:00,345.3,350.075,344.865,349.285,84076.0
2025-05-20 16:00:00+00:00,349.245,351.9,347.42,350.85,116624.0
2025-05-20 17:00:00+00:00,350.855,352.21,348.395,351.12,87485.0
2025-05-20 18:00:00+00:00,351.095,354.97,344.605,345.61,162832.0
2025-05-20 19:00:00+00:00,345.64,345.86,341.71,343.79,153455.0
2025-05-21 14:00:00+00:00,344.29,347.22,341.58,344.79,118867.0
2025-05-21 15:00:00+00:00,344.815,346.16,343.145,345.19,87754.0
2025-05-21 16:00:00+00:00,345.19,347.305,344.44,346.26,81475.0
2025-05-21 17:00:00+00:00,346.47,347.46,334.62,338.5,115053.0
2025-05-21 18:00:00+00:00,338.315,338.85,334.15,335.64,60560.0
2025-05-21 19:00:00+00:00,335.755,336.64,332.195,334.56,125659.0
2025-05-22 14:00:00+00:00,339.54,342.55,337.87,340.64,89537.0
2025-05-22 15:00:00+00:00,340.6,344.54,339.6,343.87,70866.0
2025-05-22 16:00:00+00:00,343.87,344.0,341.2,343.23,49363.0
2025-05-22 17:00:00+00:00,343.24,346.02,341.88,344.9,54771.0
2025-05-22 18:00:00+00:00,344.93,347.135,343.98,346.965,179770.0
2025-05-22 19:00:00+00:00,346.97,347.415,340.715,340.79,123971.0
2025-05-23 14:00:00+00:00,336.92,338.9,334.365,336.86,102138.0
2025-05-23 15:00:00+00:00,336.87,338.05,335.115,337.31,97273.0
2025-05-23 16:00:00+00:00,337.31,340.59,336.3,339.98,80151.0
2025-05-23 17:00:00+00:00,339.79,343.41,339.47,342.125,75233.0
2025-05-23 18:00:00+00:00,342.185,342.62,339.18,341.005,63603.0
2025-05-23 19:00:00+00:00,341.01,342.055,339.08,339.49,101052.0
2025-05-26 14:00:00+00:00,339.49,339.49,339.49,339.49,0.0
2025-05-26 15:00:00+00:00,339.49,339.49,339.49,339.49,0.0
2025-05-26 16:00:00+00:00,339.49,339.49,339.49,339.49,0.0
2025-05-26 17:00:00+00:00,339.49,339.49,339.49,339.49,0.0
2025-05-26 18:00:00+00:00,339.49,339.49,339.49,339.49,0.0
2025-05-26 19:00:00+00:00,339.49,339.49,339.49,339.49,0.0
2025-05-27 14:00:00+00:00,353.205,357.65,353.01,354.72,182949.0
2025-05-27 15:00:00+00:00,354.72,357.67,354.63,356.895,95064.0
2025-05-27 16:00:00+00:00,356.9,361.235,356.075,360.57,108674.0
2025-05-27 17:00:00+00:00,360.56,363.46,360.15,363.055,123191.0
2025-05-27 18:00:00+00:00,363.015,363.86,359.4,359.685,107016.0
2025-05-27 19:00:00+00:00,359.68,362.97,357.635,362.89,181255.0
2025-05-28 14:00:00+00:00,361.04,364.625,360.625,361.075,111103.0
2025-05-28 15:00:00+00:00,361.095,363.37,360.475,361.04,80983.0
2025-05-28 16:00:00+00:00,361.04,362.31,360.49,361.33,72748.0
2025-05-28 17:00:00+00:00,361.545,363.18,361.065,362.68,65597.0
2025-05-28 18:00:00+00:00,362.77,363.97,357.42,358.925,88531.0
2025-05-28 19:00:00+00:00,358.75,360.61,355.815,356.785,112996.0
2025-05-29 14:00:00+00:00,364.19,364.69,359.52,363.47,125085.0
2025-05-29 15:00:00+00:00,363.635,364.42,360.685,361.31,63053.0
2025-05-29 16:00:00+00:00,361.4,363.58,360.47,362.61,48590.0
2025-05-29 17:00:00+00:00,362.355,362.885,354.75,356.805,61738.0
2025-05-29 18:00:00+00:00,356.83,359.94,355.61,358.77,50462.0
2025-05-29 19:00:00+00:00,358.795,359.535,357.09,358.26,73176.0
2025-05-30 14:00:00+00:00,355.85,363.21,355.85,361.685,101843.0
2025-05-30 15:00:00+00:00,361.8,363.755,358.305,358.305,76257.0
2025-05-30 16:00:00+00:00,358.52,358.595,344.265,346.47,114426.0
2025-05-30 17:00:00+00:00,346.39,350.735,345.31,347.955,68151.0
2025-05-30 18:00:00+00:00,347.955,351.92,347.95,350.0,66144.0
2025-05-30 19:00:00+00:00,349.95,352.395,345.55,345.76,141807.0
2025-06-02 14:00:00+00:00,337.0,340.405,335.145,336.955,117359.0
2025-06-02 15:00:00+00:00,337.185,337.69,333.35,336.45,79920.0
2025-06-02 16:00:00+00:00,336.58,339.075,335.925,337.945,57913.0
2025-06-02 17:00:00+00:00,337.945,340.58,336.965,338.595,47784.0
2025-06-02 18:00:00+00:00,338.55,341.2,337.3,340.815,49056.0
2025-06-02 19:00:00+00:00,340.95,343.0,340.7,342.695,93803.0
2025-06-03 14:00:00+00:00,346.795,350.11,345.41,349.16,116286.0
2025-06-03 15:00:00+00:00,349.23,351.91,348.64,350.435,84803.0
2025-06-03 16:00:00+00:00,350.365,355.29,350.155,353.84,128259.0
2025-06-03 17:00:00+00:00,353.89,355.305,350.88,351.0,96287.0
2025-06-03 18:00:00+00:00,351.04,351.785,344.82,349.31,117372.0
2025-06-03 19:00:00+00:00,349.24,350.23,342.955,344.305,180554.0
2025-06-04 14:00:00+00:00,336.21,336.21,327.38,332.54,287281.0
2025-06-04 15:00:00+00:00,332.44,334.96,331.75,334.11,101644.0
2025-06-04 16:00:00+00:00,334.075,334.88,330.82,332.625,65470.0
2025-06-04 17:00:00+00:00,332.7,335.585,331.94,335.35,68404.0
2025-06-04 18:00:00+00:00,335.38,335.38,332.0,334.38,72367.0
2025-06-04 19:00:00+00:00,334.285,335.3,332.205,332.205,129650.0
2025-06-05 14:00:00+00:00,314.105,319.52,313.59,319.28,229121.0
2025-06-05 15:00:00+00:00,319.3,323.04,317.93,322.55,114225.0
2025-06-05 16:00:00+00:00,322.52,322.52,301.95,302.06,463646.0
2025-06-05 17:00:00+00:00,302.13,306.265,301.64,302.68,291746.0
2025-06-05 18:00:00+00:00,302.62,303.21,287.6,288.24,580858.0
2025-06-05 19:00:00+00:00,288.625,289.36,273.33,284.84,1206518.0
2025-06-06 14:00:00+00:00,294.995,303.45,293.07,303.42,277492.0
2025-06-06 15:00:00+00:00,303.235,305.5,299.02,300.35,170895.0
2025-06-06 16:00:00+00:00,300.415,302.45,300.02,300.45,88651.0
2025-06-06 17:00:00+00:00,300.52,302.19,298.695,300.925,110293.0
2025-06-06 18:00:00+00:00,300.92,301.885,299.115,300.635,105216.0
2025-06-06 19:00:00+00:00,300.63,302.49,293.23,295.17,351120.0
2025-06-09 14:00:00+00:00,292.425,296.24,291.99,293.89,217517.0
2025-06-09 15:00:00+00:00,294.02,297.71,293.015,294.87,109521.0
2025-06-09 16:00:00+00:00,294.885,297.42,293.5,296.97,67918.0
2025-06-09 17:00:00+00:00,296.9,300.94,295.87,299.235,91778.0
2025-06-09 18:00:00+00:00,299.23,300.875,297.86,300.475,85103.0
2025-06-09 19:00:00+00:00,300.49,309.79,300.26,308.71,356434.0
2025-06-10 14:00:00+00:00,315.53,317.6,312.36,316.21,136217.0
2025-06-10 15:00:00+00:00,316.24,321.12,315.59,319.03,104832.0
2025-06-10 16:00:00+00:00,318.915,319.685,316.885,317.28,53077.0
2025-06-10 17:00:00+00:00,316.94,322.23,315.8,320.88,76277.0
2025-06-10 18:00:00+00:00,320.71,324.63,318.09,324.31,87727.0
2025-06-10 19:00:00+00:00,324.24,327.87,323.51,326.105,206156.0
2025-06-11 14:00:00+00:00,329.83,334.4,329.83,331.785,139278.0
2025-06-11 15:00:00+00:00,331.8,333.51,329.56,329.85,77812.0
2025-06-11 16:00:00+00:00,329.87,330.68,326.065,329.715,92857.0
2025-06-11 17:00:00+00:00,329.71,331.31,325.345,325.585,108114.0
2025-06-11 18:00:00+00:00,325.79,326.985,322.76,325.51,86946.0
2025-06-11 19:00:00+00:00,325.34,326.725,323.23,326.53,122377.0
2025-06-12 14:00:00+00:00,326.49,328.2,323.405,326.09,120371.0
2025-06-12 15:00:00+00:00,326.12,328.855,325.04,326.74,88810.0
2025-06-12 16:00:00+00:00,327.05,332.45,323.0,324.21,120095.0
2025-06-12 17:00:00+00:00,324.22,325.755,321.86,322.8,59712.0
2025-06-12 18:00:00+00:00,322.64,323.34,318.69,319.39,76017.0
2025-06-12 19:00:00+00:00,319.605,319.845,316.88,319.13,186407.0
2025-06-13 14:00:00+00:00,316.32,319.0,314.05,316.97,182631.0
2025-06-13 15:00:00+00:00,317.1,321.4,316.965,320.515,84150.0
2025-06-13 16:00:00+00:00,320.62,330.305,319.5,329.68,166852.0
2025-06-13 17:00:00+00:00,329.63,332.965,329.605,332.285,163829.0
2025-06-13 18:00:00+00:00,332.31,332.405,323.3,325.85,124480.0
2025-06-13 19:00:00+00:00,325.76,329.59,324.12,325.35,137909.0
2025-06-16 14:00:00+00:00,327.46,331.75,326.52,330.19,117640.0
2025-06-16 15:00:00+00:00,330.235,331.355,328.36,330.64,112649.0
2025-06-16 16:00:00+00:00,330.65,332.105,329.105,330.475,65226.0
2025-06-16 17:00:00+00:00,330.485,330.655,326.98,327.87,69828.0
2025-06-16 18:00:00+00:00,327.86,330.66,326.825,328.89,64707.0
2025-06-16 19:00:00+00:00,328.805,329.975,327.675,329.09,98631.0
2025-06-17 14:00:00+00:00,323.215,324.69,321.89,322.105,158220.0
2025-06-17 15:00:00+00:00,322.09,323.495,317.53,318.72,169776.0
2025-06-17 16:00:00+00:00,318.725,321.685,317.8,318.46,69921.0
2025-06-17 17:00:00+00:00,318.37,320.595,316.63,317.15,72387.0
2025-06-17 18:00:00+00:00,317.1,317.455,314.78,317.455,75186.0
2025-06-17 19:00:00+00:00,317.38,318.505,316.07,316.29,125740.0
2025-06-18 14:00:00+00:00,323.87,325.08,322.235,323.99,100531.0
2025-06-18 15:00:00+00:00,324.22,329.3,323.41,326.86,88913.0
2025-06-18 16:00:00+00:00,326.835,326.835,322.365,322.515,75401.0
2025-06-18 17:00:00+00:00,322.64,324.2,320.345,323.3,74307.0
2025-06-18 18:00:00+00:00,323.87,325.18,320.57,321.16,44615.0
2025-06-18 19:00:00+00:00,320.83,324.28,320.205,322.055,58819.0
2025-06-19 14:00:00+00:00,322.055,322.055,322.055,322.055,0.0
2025-06-19 15:00:00+00:00,322.055,322.055,322.055,322.055,0.0
2025-06-19 16:00:00+00:00,322.055,322.055,322.055,322.055,0.0
2025-06-19 17:00:00+00:00,322.055,322.055,322.055,322.055,0.0
2025-06-19 18:00:00+00:00,322.055,322.055,322.055,322.055,0.0
2025-06-19 19:00:00+00:00,322.055,322.055,322.055,322.055,0.0
2025-06-20 14:00:00+00:00,324.435,324.92,317.635,319.46,179469.0
2025-06-20 15:00:00+00:00,319.09,322.48,317.735,321.03,58796.0
2025-06-20 16:00:00+00:00,320.91,325.9,319.625,324.95,78490.0
2025-06-20 17:00:00+00:00,324.905,324.905,319.77,322.43,58644.0
2025-06-20 18:00:00+00:00,322.42,324.715,321.34,322.2,49659.0
2025-06-20 19:00:00+00:00,322.19,323.095,319.64,322.0,91041.0
2025-06-23 14:00:00+00:00,343.28,356.85,342.68,354.055,383403.0
2025-06-23 15:00:00+00:00,354.055,357.53,352.43,354.63,183715.0
2025-06-23 16:00:00+00:00,354.62,356.215,344.51,347.9,156004.0
2025-06-23 17:00:00+00:00,347.79,354.865,346.83,352.48,82834.0
2025-06-23 18:00:00+00:00,352.4,353.465,349.925,351.27,109939.0
2025-06-23 19:00:00+00:00,351.145,351.43,346.165,348.58,203898.0
2025-06-24 14:00:00+00:00,347.61,348.145,340.51,341.34,136505.0
2025-06-24 15:00:00+00:00,341.635,344.75,341.26,341.86,63540.0
2025-06-24 16:00:00+00:00,341.95,344.4,341.56,344.07,89842.0
2025-06-24 17:00:00+00:00,344.095,344.21,341.115,341.465,89199.0
2025-06-24 18:00:00+00:00,341.46,343.37,341.16,343.16,72500.0
2025-06-24 19:00:00+00:00,343.14,343.69,340.48,340.48,157725.0
2025-06-25 14:00:00+00:00,332.1,332.21,320.41,324.55,424846.0
2025-06-25 15:00:00+00:00,324.43,327.26,323.91,325.935,130387.0
2025-06-25 16:00:00+00:00,325.98,326.725,324.685,326.11,56166.0
2025-06-25 17:00:00+00:00,326.13,327.565,324.79,325.285,75687.0
2025-06-25 18:00:00+00:00,325.34,325.92,322.585,324.29,108117.0
2025-06-25 19:00:00+00:00,324.295,328.85,323.83,327.6,174382.0
2025-06-26 14:00:00+00:00,327.58,329.31,325.41,328.46,103458.0
2025-06-26 15:00:00+00:00,328.51,330.17,323.68,328.465,120188.0
2025-06-26 16:00:00+00:00,328.455,329.505,326.34,328.245,45646.0
2025-06-26 17:00:00+00:00,328.26,329.645,326.61,327.13,29740.0
2025-06-26 18:00:00+00:00,327.165,328.72,325.785,327.61,44113.0
2025-06-26 19:00:00+00:00,327.59,328.605,324.83,325.9,94755.0
2025-06-27 14:00:00+00:00,326.22,329.365,324.34,325.635,103507.0
2025-06-27 15:00:00+00:00,325.64,326.385,323.94,325.235,46168.0
2025-06-27 16:00:00+00:00,325.06,325.71,323.145,325.055,53981.0
2025-06-27 17:00:00+00:00,324.91,326.05,322.115,323.05,52607.0
2025-06-27 18:00:00+00:00,323.005,323.59,317.55,318.56,87264.0
2025-06-27 19:00:00+00:00,318.61,324.615,318.61,323.72,136290.0
2025-06-30 14:00:00+00:00,320.61,322.67,317.85,321.34,134121.0
2025-06-30 15:00:00+00:00,321.345,322.35,319.51,320.975,52770.0
2025-06-30 16:00:00+00:00,320.94,322.725,319.255,320.21,55761.0
2025-06-30 17:00:00+00:00,320.275,321.11,318.475,319.42,51966.0
2025-06-30 18:00:00+00:00,319.435,320.11,317.075,318.61,65177.0
2025-06-30 19:00:00+00:00,318.605,319.28,316.72,317.73,130335.0
2025-07-01 14:00:00+00:00,301.96,305.885,297.13,298.55,289421.0
2025-07-01 15:00:00+00:00,298.495,303.0,298.455,302.1,118519.0
2025-07-01 16:00:00+00:00,302.02,304.865,300.34,302.99,94633.0
2025-07-01 17:00:00+00:00,303.0,304.98,298.36,298.86,107989.0
2025-07-01 18:00:00+00:00,298.86,303.15,298.75,301.41,102476.0
2025-07-01 19:00:00+00:00,301.27,304.95,300.225,300.665,201367.0
2025-07-02 14:00:00+00:00,305.735,315.625,303.87,311.93,241475.0
2025-07-02 15:00:00+00:00,311.835,316.715,310.23,313.665,139494.0
2025-07-02 16:00:00+00:00,313.65,314.715,311.95,314.46,77038.0
2025-07-02 17:00:00+00:00,314.445,316.785,313.675,314.65,83562.0
2025-07-02 18:00:00+00:00,314.71,316.375,313.985,315.19,79294.0
2025-07-02 19:00:00+00:00,314.85,316.18,312.155,315.655,158743.0
2025-07-03 14:00:00+00:00,315.1,317.485,312.79,316.145,147251.0
2025-07-03 15:00:00+00:00,316.01,318.44,315.525,317.95,110955.0
2025-07-03 16:00:00+00:00,317.97,318.275,315.0,315.23,94709.0
2025-07-03 17:00:00+00:00,315.49,315.49,314.9,315.05,1774.0
2025-07-03 18:00:00+00:00,315.05,315.05,315.05,315.05,0.0
2025-07-03 19:00:00+00:00,315.05,315.05,315.05,315.05,0.0
2025-07-04 14:00:00+00:00,315.05,315.05,315.05,315.05,0.0
2025-07-04 15:00:00+00:00,315.05,315.05,315.05,315.05,0.0
2025-07-04 16:00:00+00:00,315.05,315.05,315.05,315.05,0.0
2025-07-04 17:00:00+00:00,315.05,315.05,315.05,315.05,0.0
2025-07-04 18:00:00+00:00,315.05,315.05,315.05,315.05,0.0
2025-07-04 19:00:00+00:00,315.05,315.05,315.05,315.05,0.0
2025-07-07 14:00:00+00:00,291.545,296.185,290.42,292.11,300080.0
2025-07-07 15:00:00+00:00,292.155,293.79,290.54,293.46,243077.0
2025-07-07 16:00:00+00:00,293.515,294.575,291.085,291.975,167627.0
2025-07-07 17:00:00+00:00,291.935,293.635,291.14,293.405,145101.0
2025-07-07 18:00:00+00:00,293.365,294.195,291.17,293.085,176086.0
2025-07-07 19:00:00+00:00,293.095,295.535,292.805,294.025,363445.0
2025-07-08 14:00:00+00:00,297.32,304.015,296.45,302.26,169782.0
2025-07-08 15:00:00+00:00,302.22,303.12,300.8,301.54,125772.0
2025-07-08 16:00:00+00:00,301.555,302.97,300.76,301.365,90402.0
2025-07-08 17:00:00+00:00,301.37,302.39,300.395,301.475,80656.0
2025-07-08 18:00:00+00:00,301.475,303.58,301.01,301.825,106924.0
2025-07-08 19:00:00+00:00,301.82,301.925,294.39,297.85,381242.0
2025-07-09 14:00:00+00:00,298.49,298.93,293.69,294.14,129031.0
2025-07-09 15:00:00+00:00,294.0,296.39,293.525,294.745,73384.0
2025-07-09 16:00:00+00:00,294.76,296.14,293.875,295.6,65152.0
2025-07-09 17:00:00+00:00,295.59,295.59,293.83,295.1,58562.0
2025-07-09 18:00:00+00:00,294.93,297.425,294.63,296.56,55935.0
2025-07-09 19:00:00+00:00,296.6,297.865,295.115,295.995,87300.0
2025-07-10 14:00:00+00:00,303.27,306.39,302.575,304.82,119052.0
2025-07-10 15:00:00+00:00,305.005,306.745,303.34,303.695,46195.0
2025-07-10 16:00:00+00:00,303.89,304.86,302.51,303.56,109221.0
2025-07-10 17:00:00+00:00,303.565,305.565,301.57,305.285,136220.0
2025-07-10 18:00:00+00:00,305.32,309.305,305.0,309.215,102959.0
2025-07-10 19:00:00+00:00,309.24,310.45,308.425,309.9,210827.0
2025-07-11 14:00:00+00:00,309.91,311.885,307.65,308.3,110308.0
2025-07-11 15:00:00+00:00,308.24,309.425,306.0,308.95,109805.0
2025-07-11 16:00:00+00:00,308.935,311.17,307.555,311.14,76267.0
2025-07-11 17:00:00+00:00,311.04,311.61,309.685,309.905,47293.0
2025-07-11 18:00:00+00:00,309.88,312.875,309.88,311.15,64491.0
2025-07-11 19:00:00+00:00,311.17,314.07,310.41,313.46,104782.0
2025-07-14 14:00:00+00:00,315.6,316.97,312.76,314.985,102789.0
2025-07-14 15:00:00+00:00,314.995,315.74,313.725,314.75,75983.0
2025-07-14 16:00:00+00:00,314.78,315.955,313.875,315.845,62884.0
2025-07-14 17:00:00+00:00,315.845,316.665,312.885,314.155,86673.0
2025-07-14 18:00:00+00:00,314.14,316.545,313.14,316.19,70647.0
2025-07-14 19:00:00+00:00,316.205,317.23,314.835,316.94,109277.0
2025-07-15 14:00:00+00:00,318.135,319.3,312.985,313.4,112966.0
2025-07-15 15:00:00+00:00,313.605,314.915,312.465,314.14,70436.0
2025-07-15 16:00:00+00:00,314.17,316.6,312.555,313.53,70264.0
2025-07-15 17:00:00+00:00,313.48,315.595,313.48,313.88,36776.0
2025-07-15 18:00:00+00:00,313.86,315.21,311.915,311.96,56515.0
2025-07-15 19:00:00+00:00,311.765,313.645,310.52,310.7,124540.0
2025-07-16 14:00:00+00:00,318.19,321.08,314.44,318.905,128161.0
2025-07-16 15:00:00+00:00,318.88,321.08,315.34,319.245,92136.0
2025-07-16 16:00:00+00:00,319.27,321.64,318.66,320.12,104738.0
2025-07-16 17:00:00+00:00,320.18,321.65,318.885,319.86,69964.0
2025-07-16 18:00:00+00:00,319.83,321.83,318.685,321.11,94989.0
2025-07-16 19:00:00+00:00,321.09,323.42,320.775,321.71,169700.0
2025-07-17 14:00:00+00:00,321.22,324.39,320.48,322.375,125774.0
2025-07-17 15:00:00+00:00,322.4,323.455,320.63,321.76,86256.0
2025-07-17 16:00:00+00:00,321.78,322.145,319.08,321.515,41760.0
2025-07-17 17:00:00+00:00,321.49,321.905,317.08,319.25,97979.0
2025-07-17 18:00:00+00:00,319.28,320.79,318.25,318.665,68905.0
2025-07-17 19:00:00+00:00,318.605,319.75,318.095,319.34,63825.0
2025-07-18 14:00:00+00:00,328.75,330.66,324.92,327.06,159446.0
2025-07-18 15:00:00+00:00,327.125,329.1,326.47,328.435,123091.0
2025-07-18 16:00:00+00:00,328.45,328.86,325.15,325.36,66810.0
2025-07-18 17:00:00+00:00,325.29,328.245,324.88,328.17,75481.0
2025-07-18 18:00:00+00:00,328.19,330.885,327.99,330.05,83023.0
2025-07-18 19:00:00+00:00,330.1,330.92,327.975,329.57,112104.0
2025-07-21 14:00:00+00:00,329.33,331.13,327.835,329.795,122893.0
2025-07-21 15:00:00+00:00,329.785,330.1,327.94,328.055,73378.0
2025-07-21 16:00:00+00:00,328.16,329.95,326.93,329.185,46549.0
2025-07-21 17:00:00+00:00,329.185,330.43,328.615,329.39,50447.0
2025-07-21 18:00:00+00:00,329.42,330.795,328.85,329.365,52976.0
2025-07-21 19:00:00+00:00,329.405,330.575,327.93,328.47,78581.0
2025-07-22 14:00:00+00:00,323.92,331.55,323.25,329.465,109547.0
2025-07-22 15:00:00+00:00,329.49,332.4,327.41,331.36,85310.0
2025-07-22 16:00:00+00:00,331.57,331.95,328.865,330.66,59687.0
2025-07-22 17:00:00+00:00,330.49,333.69,330.19,331.7,67498.0
2025-07-22 18:00:00+00:00,331.68,335.23,329.87,335.2,130262.0
2025-07-22 19:00:00+00:00,335.185,335.57,332.175,332.175,130621.0
2025-07-23 14:00:00+00:00,332.88,334.615,331.44,333.71,109745.0
2025-07-23 15:00:00+00:00,333.74,336.195,332.08,333.73,95081.0
2025-07-23 16:00:00+00:00,333.695,334.95,331.91,332.09,89961.0
2025-07-23 17:00:00+00:00,332.045,332.585,328.655,330.945,107975.0
2025-07-23 18:00:00+00:00,330.98,335.62,330.815,333.11,138052.0
2025-07-23 19:00:00+00:00,333.09,334.36,332.055,332.665,172370.0
2025-07-24 14:00:00+00:00,306.935,307.72,302.64,303.54,371609.0
2025-07-24 15:00:00+00:00,303.535,303.935,301.32,302.87,230961.0
2025-07-24 16:00:00+00:00,302.865,303.015,300.42,302.745,175231.0
2025-07-24 17:00:00+00:00,302.75,306.57,302.05,303.015,113582.0
2025-07-24 18:00:00+00:00,303.03,304.85,302.185,304.47,130778.0
2025-07-24 19:00:00+00:00,304.47,307.5,304.1,305.16,293768.0
2025-07-25 14:00:00+00:00,311.93,315.225,311.875,315.045,109910.0
2025-07-25 15:00:00+00:00,315.125,320.86,313.825,319.74,121778.0
2025-07-25 16:00:00+00:00,319.69,324.555,319.65,320.565,179076.0
2025-07-25 17:00:00+00:00,320.545,320.935,316.54,316.87,110216.0
2025-07-25 18:00:00+00:00,316.785,318.54,314.425,314.88,120708.0
2025-07-25 19:00:00+00:00,315.11,316.66,312.78,316.07,196524.0
2025-07-28 14:00:00+00:00,321.99,328.16,319.96,328.1,129554.0
2025-07-28 15:00:00+00:00,328.02,329.485,326.73,328.77,165374.0
2025-07-28 16:00:00+00:00,328.64,330.46,327.04,328.61,76065.0
2025-07-28 17:00:00+00:00,328.52,329.42,326.605,327.35,78294.0
2025-07-28 18:00:00+00:00,327.405,328.35,326.175,327.88,71510.0
2025-07-28 19:00:00+00:00,327.84,328.135,325.47,325.48,141201.0
2025-07-29 14:00:00+00:00,320.37,322.42,318.245,322.21,116747.0
2025-07-29 15:00:00+00:00,322.21,322.61,318.25,320.09,122888.0
2025-07-29 16:00:00+00:00,320.08,322.23,319.125,321.0,77916.0
2025-07-29 17:00:00+00:00,321.05,321.875,319.295,321.78,52359.0
2025-07-29 18:00:00+00:00,321.78,324.28,321.32,322.75,94470.0
2025-07-29 19:00:00+00:00,322.8,324.34,320.1,321.285,73999.0
2025-07-30 14:00:00+00:00,321.425,323.385,318.825,319.13,80842.0
2025-07-30 15:00:00+00:00,319.0,319.75,316.955,319.14,118584.0
2025-07-30 16:00:00+00:00,318.95,319.245,317.36,318.26,56655.0
2025-07-30 17:00:00+00:00,318.245,318.84,317.59,318.43,40469.0
2025-07-30 18:00:00+00:00,318.29,319.4,312.43,312.715,96012.0
2025-07-30 19:00:00+00:00,312.54,319.15,311.7,318.94,151572.0
2025-07-31 14:00:00+00:00,318.15,319.75,313.075,313.115,131143.0
2025-07-31 15:00:00+00:00,313.09,314.85,311.5,312.23,107376.0
2025-07-31 16:00:00+00:00,312.27,314.4,311.85,312.85,89304.0
2025-07-31 17:00:00+00:00,312.825,312.865,307.86,308.295,134841.0
2025-07-31 18:00:00+00:00,308.25,310.07,306.005,309.395,141958.0
2025-07-31 19:00:00+00:00,309.56,310.95,307.97,308.695,142406.0
2025-08-01 14:00:00+00:00,300.22,307.405,297.85,305.445,122251.0
2025-08-01 15:00:00+00:00,305.505,309.53,303.9,307.89,90153.0
2025-08-01 16:00:00+00:00,307.84,309.28,303.245,304.16,60134.0
2025-08-01 17:00:00+00:00,304.095,305.385,302.485,303.68,69940.0
2025-08-01 18:00:00+00:00,303.75,304.6,301.1,302.565,73785.0
2025-08-01 19:00:00+00:00,302.57,303.61,300.975,302.64,145833.0
2025-08-04 14:00:00+00:00,308.945,312.11,303.135,304.375,202444.0
2025-08-04 15:00:00+00:00,304.425,308.835,303.61,308.52,87179.0
2025-08-04 16:00:00+00:00,308.465,309.93,306.82,308.48,64696.0
2025-08-04 17:00:00+00:00,308.465,308.71,306.83,308.58,67615.0
2025-08-04 18:00:00+00:00,308.54,311.01,308.395,309.63,55433.0
2025-08-04 19:00:00+00:00,309.56,310.83,308.085,309.19,157372.0
2025-08-05 14:00:00+00:00,310.89,311.25,305.595,307.17,104368.0
2025-08-05 15:00:00+00:00,307.17,308.78,306.03,307.23,40942.0
2025-08-05 16:00:00+00:00,307.225,308.755,306.04,306.34,49788.0
2025-08-05 17:00:00+00:00,306.275,310.855,306.13,309.915,50190.0
2025-08-05 18:00:00+00:00,309.915,311.145,308.8,309.51,35530.0
2025-08-05 19:00:00+00:00,309.54,310.8,308.635,308.84,86777.0
2025-08-06 14:00:00+00:00,313.3,318.48,313.24,316.94,85430.0
2025-08-06 15:00:00+00:00,316.9,319.555,315.98,318.84,94820.0
2025-08-06 16:00:00+00:00,318.76,318.86,316.665,317.22,72143.0
2025-08-06 17:00:00+00:00,317.33,319.86,316.135,318.84,55391.0
2025-08-06 18:00:00+00:00,318.72,319.99,317.85,319.59,81133.0
2025-08-06 19:00:00+00:00,319.57,320.455,317.555,319.95,125278.0
2025-08-07 14:00:00+00:00,321.43,322.4,317.345,318.07,83980.0
2025-08-07 15:00:00+00:00,318.23,319.9,317.36,318.81,72652.0
2025-08-07 16:00:00+00:00,318.76,321.085,317.47,318.65,49368.0
2025-08-07 17:00:00+00:00,318.85,320.4,317.06,318.42,37585.0
2025-08-07 18:00:00+00:00,318.4,318.86,316.195,318.45,49880.0
2025-08-07 19:00:00+00:00,318.55,322.32,318.07,322.15,70336.0
2025-08-08 14:00:00+00:00,332.92,335.0,329.42,333.14,157771.0
2025-08-08 15:00:00+00:00,333.12,334.13,330.505,330.915,97708.0
2025-08-08 16:00:00+00:00,330.91,332.28,328.355,329.64,75549.0
2025-08-08 17:00:00+00:00,329.62,330.47,328.13,329.625,78622.0
2025-08-08 18:00:00+00:00,329.62,331.17,328.695,330.51,51485.0
2025-08-08 19:00:00+00:00,330.275,331.325,327.23,329.665,122590.0
2025-08-11 14:00:00+00:00,340.175,343.825,338.88,342.635,98947.0
2025-08-11 15:00:00+00:00,342.51,346.245,341.9,345.12,104074.0
2025-08-11 16:00:00+00:00,345.26,346.59,344.0,344.325,60866.0
2025-08-11 17:00:00+00:00,344.35,344.895,341.96,342.36,52849.0
2025-08-11 18:00:00+00:00,342.82,344.04,340.585,343.765,85360.0
2025-08-11 19:00:00+00:00,343.85,343.85,338.825,339.185,166755.0
2025-08-12 14:00:00+00:00,335.935,336.27,333.04,334.79,105884.0
2025-08-12 15:00:00+00:00,334.815,338.97,334.7,338.02,94334.0
2025-08-12 16:00:00+00:00,337.9,340.655,336.97,339.46,35456.0
2025-08-12 17:00:00+00:00,339.49,340.675,337.815,338.28,37675.0
2025-08-12 18:00:00+00:00,338.21,341.195,337.06,340.535,37818.0
2025-08-12 19:00:00+00:00,340.66,342.37,340.38,340.795,67503.0
2025-08-13 14:00:00+00:00,345.96,346.78,342.67,343.425,67320.0
2025-08-13 15:00:00+00:00,343.395,344.67,338.56,341.28,63311.0
2025-08-13 16:00:00+00:00,341.38,342.15,339.26,339.82,33077.0
2025-08-13 17:00:00+00:00,339.815,341.9,339.34,340.94,40632.0
2025-08-13 18:00:00+00:00,340.99,341.58,338.275,339.9,38267.0
2025-08-13 19:00:00+00:00,339.75,341.455,339.24,339.35,40969.0
2025-08-14 14:00:00+00:00,338.19,340.51,335.785,338.19,72532.0
2025-08-14 15:00:00+00:00,338.18,338.425,330.45,332.14,131674.0
2025-08-14 16:00:00+00:00,331.855,333.275,330.805,332.345,44926.0
2025-08-14 17:00:00+00:00,332.3,334.54,331.8,334.47,58411.0
2025-08-14 18:00:00+00:00,334.44,334.44,332.175,334.27,40189.0
2025-08-14 19:00:00+00:00,334.245,336.015,333.795,335.6,92094.0
2025-08-15 14:00:00+00:00,332.88,335.34,331.005,332.1,83539.0
2025-08-15 15:00:00+00:00,332.16,333.745,329.43,329.62,61094.0
2025-08-15 16:00:00+00:00,329.59,331.0,327.04,329.98,101248.0
2025-08-15 17:00:00+00:00,330.06,331.71,329.79,331.37,60981.0
2025-08-15 18:00:00+00:00,331.37,331.7,328.56,328.75,44436.0
2025-08-15 19:00:00+00:00,328.645,330.65,327.495,330.595,113262.0
2025-08-18 14:00:00+00:00,332.22,334.525,330.65,333.41,76414.0
2025-08-18 15:00:00+00:00,333.3,334.41,332.675,333.2,27902.0
2025-08-18 16:00:00+00:00,333.19,336.645,332.43,333.42,63367.0
2025-08-18 17:00:00+00:00,333.38,336.2,332.49,334.63,29839.0
2025-08-18 18:00:00+00:00,334.595,336.155,333.665,335.375,24307.0
2025-08-18 19:00:00+00:00,335.41,336.47,333.88,335.07,73312.0
2025-08-19 14:00:00+00:00,338.93,340.5,331.38,332.31,134064.0
2025-08-19 15:00:00+00:00,332.145,334.725,330.725,332.94,69251.0
2025-08-19 16:00:00+00:00,332.965,334.685,330.085,330.35,54339.0
2025-08-19 17:00:00+00:00,330.42,330.98,327.85,330.41,95505.0
2025-08-19 18:00:00+00:00,330.37,330.5,328.0,329.13,45292.0
2025-08-19 19:00:00+00:00,328.97,330.56,328.01,329.3,60117.0
2025-08-20 14:00:00+00:00,321.295,322.81,314.61,315.96,117819.0
2025-08-20 15:00:00+00:00,315.86,321.58,315.465,318.2,88590.0
2025-08-20 16:00:00+00:00,318.25,322.74,317.995,320.38,47723.0
2025-08-20 17:00:00+00:00,320.3,324.875,320.15,322.7,46441.0
2025-08-20 18:00:00+00:00,322.67,322.98,319.44,321.19,40618.0
2025-08-20 19:00:00+00:00,321.39,324.74,321.27,323.94,92849.0
2025-08-21 14:00:00+00:00,320.525,324.44,319.82,323.28,47322.0
2025-08-21 15:00:00+00:00,323.25,323.61,320.09,321.28,51481.0
2025-08-21 16:00:00+00:00,321.17,322.56,319.32,319.65,35662.0
2025-08-21 17:00:00+00:00,319.64,321.28,318.18,320.825,35880.0
2025-08-21 18:00:00+00:00,320.785,322.655,319.91,321.94,28739.0
2025-08-21 19:00:00+00:00,321.82,322.55,320.04,320.07,52194.0
2025-08-22 14:00:00+00:00,326.0,337.705,326.0,336.16,126875.0
2025-08-22 15:00:00+00:00,335.96,337.205,334.1,335.11,42996.0
2025-08-22 16:00:00+00:00,335.125,338.285,333.285,336.46,53040.0
2025-08-22 17:00:00+00:00,336.675,338.76,336.51,337.945,52975.0
2025-08-22 18:00:00+00:00,337.97,339.16,337.155,338.74,57170.0
2025-08-22 19:00:00+00:00,338.775,340.145,337.36,340.115,133490.0
2025-08-25 14:00:00+00:00,339.265,342.545,338.145,340.8,64765.0
2025-08-25 15:00:00+00:00,340.78,345.955,339.09,345.065,83182.0
2025-08-25 16:00:00+00:00,345.075,347.315,343.645,346.89,51729.0
2025-08-25 17:00:00+00:00,346.895,348.815,346.21,347.825,58720.0
2025-08-25 18:00:00+00:00,347.78,348.345,346.19,347.215,44176.0
2025-08-25 19:00:00+00:00,347.2,349.58,346.51,346.635,139199.0
2025-08-26 14:00:00+00:00,347.69,348.515,345.145,345.525,84437.0
2025-08-26 15:00:00+00:00,345.51,347.87,343.73,345.025,50162.0
2025-08-26 16:00:00+00:00,345.115,346.95,344.34,346.46,35923.0
2025-08-26 17:00:00+00:00,346.37,347.265,344.86,345.76,25867.0
2025-08-26 18:00:00+00:00,345.77,348.64,345.56,348.28,43995.0
2025-08-26 19:00:00+00:00,348.27,351.93,347.74,351.725,112885.0
2025-08-27 14:00:00+00:00,350.755,353.595,350.04,352.33,64151.0
2025-08-27 15:00:00+00:00,352.405,354.29,351.42,352.66,46203.0
2025-08-27 16:00:00+00:00,352.59,352.805,348.425,350.885,32991.0
2025-08-27 17:00:00+00:00,350.795,351.47,350.07,350.635,18609.0
2025-08-27 18:00:00+00:00,350.565,352.0,350.385,350.75,27103.0
2025-08-27 19:00:00+00:00,350.75,351.85,348.42,349.525,91232.0
2025-08-28 14:00:00+00:00,350.76,351.43,343.56,345.48,70089.0
2025-08-28 15:00:00+00:00,345.5,345.79,339.3,341.25,82574.0
2025-08-28 16:00:00+00:00,341.29,344.15,341.195,343.585,50471.0
2025-08-28 17:00:00+00:00,343.44,345.72,341.875,344.81,31184.0
2025-08-28 18:00:00+00:00,344.79,345.66,343.7,344.265,32860.0
2025-08-28 19:00:00+00:00,344.205,347.815,344.205,345.94,80523.0
2025-08-29 14:00:00+00:00,343.36,344.5,337.52,338.11,153653.0
2025-08-29 15:00:00+00:00,338.115,340.16,334.615,335.65,104188.0
2025-08-29 16:00:00+00:00,335.64,336.91,335.2,335.585,65860.0
2025-08-29 17:00:00+00:00,335.505,335.505,332.43,333.55,82443.0
2025-08-29 18:00:00+00:00,333.55,334.355,331.565,332.48,58335.0
2025-08-29 19:00:00+00:00,332.595,334.52,331.595,333.93,149118.0
2025-09-01 14:00:00+00:00,333.93,333.93,333.93,333.93,0.0
2025-09-01 15:00:00+00:00,333.93,333.93,333.93,333.93,0.0
2025-09-01 16:00:00+00:00,333.93,333.93,333.93,333.93,0.0
2025-09-01 17:00:00+00:00,333.93,333.93,333.93,333.93,0.0
2025-09-01 18:00:00+00:00,333.93,333.93,333.93,333.93,0.0
2025-09-01 19:00:00+00:00,333.93,333.93,333.93,333.93,0.0
2025-09-02 14:00:00+00:00,332.03,333.36,330.365,330.765,75711.0
2025-09-02 15:00:00+00:00,330.7,331.72,327.03,328.49,133135.0
2025-09-02 16:00:00+00:00,328.44,330.885,328.06,329.495,80691.0
2025-09-02 17:00:00+00:00,329.395,331.215,328.5,328.775,54097.0
2025-09-02 18:00:00+00:00,328.735,330.66,327.64,328.58,50212.0
2025-09-02 19:00:00+00:00,328.525,330.825,328.215,329.31,104416.0
2025-09-03 14:00:00+00:00,331.0,341.44,330.7,341.31,183555.0
2025-09-03 15:00:00+00:00,341.275,342.5,339.37,341.52,147950.0
2025-09-03 16:00:00+00:00,341.44,343.33,340.535,341.26,96226.0
2025-09-03 17:00:00+00:00,341.26,342.61,339.13,339.29,72220.0
2025-09-03 18:00:00+00:00,339.29,339.89,333.695,335.05,94289.0
2025-09-03 19:00:00+00:00,334.965,337.995,333.61,334.14,130350.0
2025-09-04 14:00:00+00:00,334.2,334.97,330.985,333.065,119835.0
2025-09-04 15:00:00+00:00,333.065,336.14,332.63,334.42,88154.0
2025-09-04 16:00:00+00:00,334.5,335.54,332.71,333.575,51715.0
2025-09-04 17:00:00+00:00,333.58,335.63,333.175,334.94,52696.0
2025-09-04 18:00:00+00:00,334.945,336.865,334.835,336.34,48368.0
2025-09-04 19:00:00+00:00,336.345,339.245,336.01,338.55,96187.0
2025-09-05 14:00:00+00:00,354.525,354.69,344.62,346.64,206599.0
2025-09-05 15:00:00+00:00,346.62,349.635,345.03,346.96,104427.0
2025-09-05 16:00:00+00:00,346.95,349.06,345.83,349.055,91913.0
2025-09-05 17:00:00+00:00,349.04,352.975,348.55,350.12,171978.0
2025-09-05 18:00:00+00:00,350.11,352.295,347.865,348.745,168111.0
2025-09-05 19:00:00+00:00,348.74,351.88,347.9,350.78,205797.0
2025-09-08 14:00:00+00:00,353.82,353.92,347.81,347.96,170278.0
2025-09-08 15:00:00+00:00,347.89,350.345,346.02,348.515,144070.0
2025-09-08 16:00:00+00:00,348.38,349.385,345.61,346.215,83300.0
2025-09-08 17:00:00+00:00,346.105,347.795,344.91,345.65,97131.0
2025-09-08 18:00:00+00:00,345.685,347.625,344.9,346.48,75785.0
2025-09-08 19:00:00+00:00,346.485,347.49,345.495,346.3,111127.0
2025-09-09 14:00:00+00:00,348.58,348.97,343.86,345.89,95767.0
2025-09-09 15:00:00+00:00,345.93,347.93,344.98,347.67,77679.0
2025-09-09 16:00:00+00:00,347.92,349.25,346.16,346.28,71009.0
2025-09-09 17:00:00+00:00,346.31,348.13,346.31,347.25,68069.0
2025-09-09 18:00:00+00:00,347.33,347.42,345.415,346.92,51149.0
2025-09-09 19:00:00+00:00,346.91,347.875,345.495,346.89,83395.0
2025-09-10 14:00:00+00:00,347.665,355.45,347.63,355.39,129409.0
2025-09-10 15:00:00+00:00,355.48,356.765,353.52,354.86,103160.0
2025-09-10 16:00:00+00:00,354.78,355.33,352.73,354.215,72609.0
2025-09-10 17:00:00+00:00,354.25,356.25,353.83,354.69,59349.0
2025-09-10 18:00:00+00:00,354.56,355.51,350.635,351.33,73306.0
2025-09-10 19:00:00+00:00,351.335,351.54,347.085,347.8,144298.0
2025-09-11 14:00:00+00:00,351.68,360.525,350.02,358.75,165258.0
2025-09-11 15:00:00+00:00,358.82,363.77,358.48,362.44,123905.0
2025-09-11 16:00:00+00:00,362.42,362.92,360.195,361.84,81213.0
2025-09-11 17:00:00+00:00,361.68,366.65,361.26,366.07,105221.0
2025-09-11 18:00:00+00:00,366.06,367.63,364.82,367.34,112795.0
2025-09-11 19:00:00+00:00,367.33,368.86,365.8,368.85,141359.0
2025-09-12 14:00:00+00:00,384.33,394.09,384.03,389.865,505869.0
2025-09-12 15:00:00+00:00,389.605,392.81,387.24,391.75,193002.0
2025-09-12 16:00:00+00:00,391.725,395.975,389.465,393.58,201960.0
2025-09-12 17:00:00+00:00,393.51,395.77,391.2,394.94,133845.0
2025-09-12 18:00:00+00:00,394.88,396.44,392.595,393.72,136184.0
2025-09-12 19:00:00+00:00,393.74,397.12,391.98,396.0,338085.0
2025-09-15 14:00:00+00:00,418.885,423.0,414.44,421.605,248804.0
2025-09-15 15:00:00+00:00,421.64,424.11,418.91,419.575,155105.0
2025-09-15 16:00:00+00:00,419.575,421.2,415.77,416.39,174948.0
2025-09-15 17:00:00+00:00,416.33,418.42,415.615,416.27,127846.0
2025-09-15 18:00:00+00:00,416.135,416.46,402.46,407.155,307259.0
2025-09-15 19:00:00+00:00,407.12,411.19,406.42,410.21,267156.0
2025-09-16 14:00:00+00:00,415.94,421.045,413.42,418.5,115680.0
2025-09-16 15:00:00+00:00,418.49,420.94,416.63,419.23,108054.0
2025-09-16 16:00:00+00:00,419.59,422.115,418.1,418.61,85907.0
2025-09-16 17:00:00+00:00,418.69,420.76,417.57,417.935,54953.0
2025-09-16 18:00:00+00:00,417.915,420.245,417.76,420.14,63657.0
2025-09-16 19:00:00+00:00,420.18,423.84,419.52,421.555,170610.0
2025-09-17 14:00:00+00:00,415.905,416.385,411.935,414.09,82154.0
2025-09-17 15:00:00+00:00,414.235,419.485,412.895,418.08,60279.0
2025-09-17 16:00:00+00:00,418.11,421.1,416.53,419.0,66614.0
2025-09-17 17:00:00+00:00,419.02,421.07,417.68,420.5,37201.0
2025-09-17 18:00:00+00:00,420.6,424.595,411.89,419.675,71833.0
2025-09-17 19:00:00+00:00,419.63,428.73,419.585,425.925,105337.0
2025-09-18 14:00:00+00:00,427.905,432.17,426.47,429.045,93962.0
2025-09-18 15:00:00+00:00,429.32,430.25,423.76,425.135,74669.0
2025-09-18 16:00:00+00:00,425.04,425.795,420.85,425.06,56418.0
2025-09-18 17:00:00+00:00,425.07,426.335,421.475,423.525,67148.0
2025-09-18 18:00:00+00:00,423.55,424.9,422.525,424.315,48943.0
2025-09-18 19:00:00+00:00,424.365,424.4,415.775,416.685,138832.0
2025-09-19 14:00:00+00:00,427.75,429.4,423.305,424.62,80079.0
2025-09-19 15:00:00+00:00,424.61,426.395,422.6,423.805,83511.0
2025-09-19 16:00:00+00:00,423.805,425.19,421.625,423.84,53188.0
2025-09-19 17:00:00+00:00,423.895,425.1,422.425,424.0,43723.0
2025-09-19 18:00:00+00:00,424.01,426.48,422.79,424.25,82458.0
2025-09-19 19:00:00+00:00,424.15,426.955,422.44,425.93,91584.0
2025-09-22 14:00:00+00:00,441.02,444.975,439.99,441.395,159885.0
2025-09-22 15:00:00+00:00,441.36,443.16,439.585,440.69,83774.0
2025-09-22 16:00:00+00:00,440.695,442.955,433.19,433.25,120570.0
2025-09-22 17:00:00+00:00,433.275,435.015,429.91,433.76,97562.0
2025-09-22 18:00:00+00:00,433.37,434.61,431.59,433.49,53422.0
2025-09-22 19:00:00+00:00,433.265,436.39,433.24,434.04,98718.0
2025-09-23 14:00:00+00:00,437.37,438.185,430.745,432.085,67316.0
2025-09-23 15:00:00+00:00,432.2,434.845,430.92,433.24,54960.0
2025-09-23 16:00:00+00:00,433.145,436.745,431.63,435.09,56900.0
2025-09-23 17:00:00+00:00,435.03,436.655,424.81,428.27,102267.0
2025-09-23 18:00:00+00:00,428.435,429.2,423.73,425.75,90664.0
2025-09-23 19:00:00+00:00,425.715,429.595,424.985,425.75,101125.0
2025-09-24 14:00:00+00:00,437.0,440.425,434.48,438.21,115796.0
2025-09-24 15:00:00+00:00,438.32,440.5,434.57,435.05,89397.0
2025-09-24 16:00:00+00:00,435.15,439.19,433.15,438.305,69136.0
2025-09-24 17:00:00+00:00,438.37,440.5,438.195,439.39,66165.0
2025-09-24 18:00:00+00:00,439.325,443.55,437.765,442.72,90422.0
2025-09-24 19:00:00+00:00,442.5,444.18,440.785,442.92,183298.0
2025-09-25 14:00:00+00:00,425.175,431.19,425.175,429.04,130372.0
2025-09-25 15:00:00+00:00,429.01,429.66,425.685,429.41,114324.0
2025-09-25 16:00:00+00:00,429.32,430.255,426.655,428.88,70998.0
2025-09-25 17:00:00+00:00,428.83,430.29,420.825,421.81,83815.0
2025-09-25 18:00:00+00:00,421.87,427.02,418.9,426.445,115888.0
2025-09-25 19:00:00+00:00,426.33,426.74,423.12,423.22,135921.0
2025-09-26 14:00:00+00:00,426.725,428.155,421.05,426.48,97153.0
2025-09-26 15:00:00+00:00,426.4,430.9,425.71,428.4,51343.0
2025-09-26 16:00:00+00:00,428.44,432.05,426.895,431.48,71504.0
2025-09-26 17:00:00+00:00,431.41,436.08,430.88,436.0,82646.0
2025-09-26 18:00:00+00:00,435.955,440.2,435.67,438.54,149272.0
2025-09-26 19:00:00+00:00,438.65,440.44,437.325,440.4,145309.0
2025-09-29 14:00:00+00:00,444.49,446.46,441.0,442.69,142622.0
2025-09-29 15:00:00+00:00,442.67,444.95,439.56,440.655,85354.0
2025-09-29 16:00:00+00:00,440.655,443.505,439.89,441.615,74822.0
2025-09-29 17:00:00+00:00,441.705,443.495,439.7,442.485,80406.0
2025-09-29 18:00:00+00:00,442.425,444.35,441.77,442.4,85941.0
2025-09-29 19:00:00+00:00,442.4,443.68,440.215,443.21,100789.0
2025-09-30 14:00:00+00:00,438.36,440.28,436.725,439.97,109301.0
2025-09-30 15:00:00+00:00,439.965,440.85,433.09,435.36,127497.0
2025-09-30 16:00:00+00:00,435.46,437.29,434.07,436.91,105589.0
2025-09-30 17:00:00+00:00,436.91,439.845,436.105,438.4,60034.0
2025-09-30 18:00:00+00:00,438.295,446.025,438.155,441.955,151733.0
2025-09-30 19:00:00+00:00,441.86,445.09,441.15,444.74,180843.0
2025-10-01 14:00:00+00:00,445.655,458.75,445.32,458.73,226922.0
2025-10-01 15:00:00+00:00,458.675,458.78,452.495,455.54,108943.0
2025-10-01 16:00:00+00:00,455.47,458.465,454.03,456.95,72026.0
2025-10-01 17:00:00+00:00,456.93,460.25,456.9,458.36,72026.0
2025-10-01 18:00:00+00:00,458.26,461.575,457.915,460.105,82999.0
2025-10-01 19:00:00+00:00,460.14,462.19,459.015,459.44,154915.0
2025-10-02 14:00:00+00:00,456.735,460.01,451.71,452.81,157228.0
2025-10-02 15:00:00+00:00,452.95,454.77,444.445,447.59,190115.0
2025-10-02 16:00:00+00:00,447.535,449.47,441.3,443.965,155979.0
2025-10-02 17:00:00+00:00,444.04,446.73,439.61,440.905,153169.0
2025-10-02 18:00:00+00:00,441.03,443.43,438.5,441.04,128025.0
2025-10-02 19:00:00+00:00,441.085,444.19,435.78,435.975,274766.0
2025-10-03 14:00:00+00:00,438.13,438.13,424.95,427.38,152845.0
2025-10-03 15:00:00+00:00,427.465,431.775,426.055,430.25,124887.0
2025-10-03 16:00:00+00:00,430.25,430.5,423.765,424.33,96349.0
2025-10-03 17:00:00+00:00,423.92,423.93,416.82,419.52,134431.0
2025-10-03 18:00:00+00:00,419.62,424.48,417.655,423.21,110346.0
2025-10-03 19:00:00+00:00,423.17,430.385,422.95,429.86,215056.0
2025-10-06 14:00:00+00:00,439.955,447.965,439.49,444.72,140025.0
2025-10-06 15:00:00+00:00,444.65,448.405,444.31,446.85,120231.0
2025-10-06 16:00:00+00:00,446.88,449.315,444.71,448.565,96137.0
2025-10-06 17:00:00+00:00,448.56,449.99,446.52,448.135,89616.0
2025-10-06 18:00:00+00:00,448.29,450.86,446.89,450.6,98621.0
2025-10-06 19:00:00+00:00,450.595,453.535,449.755,453.22,170309.0
2025-10-07 14:00:00+00:00,450.71,452.54,445.78,447.64,81501.0
2025-10-07 15:00:00+00:00,447.76,448.07,436.35,441.08,99280.0
2025-10-07 16:00:00+00:00,441.11,447.075,440.23,446.195,65223.0
2025-10-07 17:00:00+00:00,446.03,450.17,445.85,447.23,67483.0
2025-10-07 18:00:00+00:00,447.575,449.98,437.81,440.91,179671.0
2025-10-07 19:00:00+00:00,440.735,442.08,432.345,433.09,267018.0
2025-10-08 14:00:00+00:00,432.455,435.58,430.62,432.37,121601.0
2025-10-08 15:00:00+00:00,432.195,436.145,431.55,434.675,85024.0
2025-10-08 16:00:00+00:00,434.82,435.97,432.705,435.77,52974.0
2025-10-08 17:00:00+00:00,435.635,437.335,434.16,436.25,64171.0
2025-10-08 18:00:00+00:00,436.43,441.29,435.32,437.265,72188.0
2025-10-08 19:00:00+00:00,437.285,440.585,435.56,438.62,114677.0
2025-10-09 14:00:00+00:00,430.655,433.47,426.105,430.045,189946.0
2025-10-09 15:00:00+00:00,430.055,431.445,428.64,429.65,152001.0
2025-10-09 16:00:00+00:00,429.745,434.115,429.26,431.865,127905.0
2025-10-09 17:00:00+00:00,431.86,432.445,427.38,430.895,147504.0
2025-10-09 18:00:00+00:00,430.795,434.2,429.23,433.94,126732.0
2025-10-09 19:00:00+00:00,433.88,436.985,433.455,435.465,149050.0
2025-10-10 14:00:00+00:00,437.86,440.855,433.335,435.04,158918.0
2025-10-10 15:00:00+00:00,434.71,434.71,416.25,424.675,144448.0
2025-10-10 16:00:00+00:00,424.09,425.37,417.26,418.51,139014.0
2025-10-10 17:00:00+00:00,418.42,420.43,415.385,418.46,228753.0
2025-10-10 18:00:00+00:00,418.285,419.995,415.71,416.555,145688.0
2025-10-10 19:00:00+00:00,416.545,418.645,411.37,413.41,240230.0
2025-10-13 14:00:00+00:00,413.41,413.41,413.41,413.41,0.0
2025-10-13 15:00:00+00:00,413.41,413.41,413.41,413.41,0.0
2025-10-13 16:00:00+00:00,413.41,413.41,413.41,413.41,0.0
2025-10-13 17:00:00+00:00,413.41,431.635,413.41,431.44,31890.0
2025-10-13 18:00:00+00:00,431.44,436.925,429.92,432.955,228225.0
2025-10-13 19:00:00+00:00,432.955,436.595,431.665,435.88,196647.0
2025-10-14 14:00:00+00:00,419.925,425.32,418.595,423.65,162548.0
2025-10-14 15:00:00+00:00,423.71,429.45,422.085,427.37,149473.0
2025-10-14 16:00:00+00:00,427.495,434.185,426.225,430.165,205231.0
2025-10-14 17:00:00+00:00,430.07,433.765,428.94,431.96,94965.0
2025-10-14 18:00:00+00:00,431.95,434.105,430.53,430.705,95986.0
2025-10-14 19:00:00+00:00,430.705,433.76,426.01,429.18,151425.0
2025-10-15 14:00:00+00:00,435.61,440.535,434.11,436.875,186505.0
2025-10-15 15:00:00+00:00,436.885,438.15,431.295,433.445,135323.0
2025-10-15 16:00:00+00:00,433.45,436.825,431.445,433.28,50124.0
2025-10-15 17:00:00+00:00,433.07,433.525,426.26,432.735,92473.0
2025-10-15 18:00:00+00:00,432.83,435.985,430.56,434.44,84930.0
2025-10-15 19:00:00+00:00,434.41,435.9,431.865,435.19,142201.0
2025-10-16 14:00:00+00:00,435.31,439.55,434.37,436.51,72702.0
2025-10-16 15:00:00+00:00,436.47,438.36,432.34,432.92,59806.0
2025-10-16 16:00:00+00:00,432.85,434.15,425.91,431.44,68164.0
2025-10-16 17:00:00+00:00,431.48,433.095,427.36,428.2,60369.0
2025-10-16 18:00:00+00:00,428.34,428.805,421.34,426.81,115165.0
2025-10-16 19:00:00+00:00,426.99,430.38,423.81,428.71,123045.0
2025-10-17 14:00:00+00:00,433.08,440.54,431.31,434.04,125574.0
2025-10-17 15:00:00+00:00,434.165,437.005,430.725,435.365,65171.0
2025-10-17 16:00:00+00:00,435.24,439.335,435.19,436.33,57380.0
2025-10-17 17:00:00+00:00,436.225,439.875,434.455,438.82,51314.0
2025-10-17 18:00:00+00:00,438.94,440.53,437.22,437.65,71735.0
2025-10-17 19:00:00+00:00,437.79,441.545,437.09,439.37,159263.0
2025-10-20 14:00:00+00:00,447.945,449.835,442.225,443.455,209737.0
2025-10-20 15:00:00+00:00,443.575,445.46,440.65,444.16,139422.0
2025-10-20 16:00:00+00:00,444.185,447.22,442.885,443.83,116244.0
2025-10-20 17:00:00+00:00,443.83,445.405,441.76,443.59,159425.0
2025-10-20 18:00:00+00:00,443.58,446.82,441.975,446.37,222184.0
2025-10-20 19:00:00+00:00,446.375,447.97,445.0,447.33,197989.0
2025-10-21 14:00:00+00:00,443.055,447.15,442.105,445.595,147745.0
2025-10-21 15:00:00+00:00,445.62,448.515,444.655,448.285,161712.0
2025-10-21 16:00:00+00:00,448.285,449.29,445.405,446.13,134665.0
2025-10-21 17:00:00+00:00,446.13,447.455,444.575,446.35,89088.0
2025-10-21 18:00:00+00:00,446.35,447.36,444.345,445.79,95190.0
2025-10-21 19:00:00+00:00,445.76,446.73,442.53,442.53,173281.0
2025-10-22 14:00:00+00:00,441.69,441.815,432.38,437.58,113336.0
2025-10-22 15:00:00+00:00,437.57,437.99,431.94,435.13,74588.0
2025-10-22 16:00:00+00:00,435.325,437.055,429.0,434.29,83893.0
2025-10-22 17:00:00+00:00,434.06,434.99,429.59,431.31,45727.0
2025-10-22 18:00:00+00:00,431.37,437.1,430.315,436.295,72208.0
2025-10-22 19:00:00+00:00,436.29,439.56,435.365,438.845,158416.0
2025-10-23 14:00:00+00:00,422.51,426.17,420.53,424.865,188328.0
2025-10-23 15:00:00+00:00,424.82,433.97,424.555,433.86,222330.0
2025-10-23 16:00:00+00:00,433.94,445.29,432.92,445.03,196372.0
2025-10-23 17:00:00+00:00,445.02,449.39,442.64,446.84,188995.0
2025-10-23 18:00:00+00:00,446.82,448.7,441.55,443.32,155032.0
2025-10-23 19:00:00+00:00,443.27,449.485,443.02,449.05,214643.0
2025-10-24 14:00:00+00:00,440.96,444.13,437.92,438.5,139317.0
2025-10-24 15:00:00+00:00,438.65,441.625,437.135,438.26,102376.0
2025-10-24 16:00:00+00:00,438.125,439.93,435.63,436.71,95662.0
2025-10-24 17:00:00+00:00,436.78,437.315,433.685,435.205,118705.0
2025-10-24 18:00:00+00:00,435.2,435.755,430.56,432.51,181033.0
2025-10-24 19:00:00+00:00,432.525,434.1,430.21,433.66,161723.0
2025-10-27 14:00:00+00:00,446.1,450.48,445.285,447.09,255327.0
2025-10-27 15:00:00+00:00,447.09,457.33,445.89,455.945,408177.0
2025-10-27 16:00:00+00:00,455.94,459.18,454.935,457.735,292109.0
2025-10-27 17:00:00+00:00,457.735,459.985,456.93,459.655,229660.0
2025-10-27 18:00:00+00:00,459.655,460.16,454.53,455.17,337748.0
2025-10-27 19:00:00+00:00,455.175,456.555,446.665,452.37,457295.0
2025-10-28 14:00:00+00:00,458.405,464.86,458.25,461.05,179480.0
2025-10-28 15:00:00+00:00,461.055,466.27,460.845,465.53,226320.0
2025-10-28 16:00:00+00:00,465.46,466.97,462.97,465.335,178556.0
2025-10-28 17:00:00+00:00,465.335,466.15,458.56,460.355,291809.0
2025-10-28 18:00:00+00:00,460.36,464.185,459.0,461.615,201068.0
2025-10-28 19:00:00+00:00,461.61,463.135,458.7,460.59,206116.0
2025-10-29 14:00:00+00:00,464.2,465.83,458.06,458.68,89265.0
2025-10-29 15:00:00+00:00,458.87,460.315,456.8,459.12,60576.0
2025-10-29 16:00:00+00:00,459.05,460.405,456.71,459.99,43981.0
2025-10-29 17:00:00+00:00,459.995,462.4,458.395,461.295,87977.0
2025-10-29 18:00:00+00:00,461.3,462.92,452.625,459.495,69469.0
2025-10-29 19:00:00+00:00,459.65,463.1,458.13,461.87,54834.0
2025-10-30 14:00:00+00:00,451.705,452.87,441.81,442.56,103919.0
2025-10-30 15:00:00+00:00,442.53,444.64,439.0,441.1,93903.0
2025-10-30 16:00:00+00:00,441.305,447.17,440.58,446.35,72470.0
2025-10-30 17:00:00+00:00,446.315,447.145,443.46,444.7,61758.0
2025-10-30 18:00:00+00:00,444.75,444.89,441.585,443.0,69074.0
2025-10-30 19:00:00+00:00,443.08,443.76,440.09,440.09,119262.0
2025-10-31 14:00:00+00:00,449.815,457.165,448.845,456.74,219460.0
2025-10-31 15:00:00+00:00,456.74,457.845,453.395,453.885,219580.0
2025-10-31 16:00:00+00:00,453.815,454.525,448.62,449.345,175128.0
2025-10-31 17:00:00+00:00,449.3,449.55,443.615,448.57,206114.0
2025-10-31 18:00:00+00:00,448.45,453.825,448.27,451.77,215831.0
2025-10-31 19:00:00+00:00,451.77,458.0,449.975,456.51,263646.0
2025-11-03 15:00:00+00:00,473.55,473.99,466.82,470.87,139536.0
2025-11-03 16:00:00+00:00,470.85,471.57,465.175,466.84,90578.0
2025-11-03 17:00:00+00:00,467.04,470.255,466.215,469.105,72234.0
2025-11-03 18:00:00+00:00,469.105,470.755,466.735,467.43,73970.0
2025-11-03 19:00:00+00:00,467.41,469.88,464.68,469.195,94767.0
2025-11-03 20:00:00+00:00,469.34,470.84,468.195,468.43,152201.0
2025-11-04 15:00:00+00:00,457.44,460.17,453.11,453.595,92219.0
2025-11-04 16:00:00+00:00,453.615,455.59,451.165,452.72,72532.0
2025-11-04 17:00:00+00:00,452.775,453.95,448.11,450.585,89536.0
2025-11-04 18:00:00+00:00,450.545,451.57,446.155,450.35,134255.0
2025-11-04 19:00:00+00:00,450.14,450.97,443.88,446.5,120734.0
2025-11-04 20:00:00+00:00,446.22,449.41,443.95,443.97,152249.0
2025-11-05 15:00:00+00:00,447.31,447.67,440.73,446.83,101277.0
2025-11-05 16:00:00+00:00,446.83,453.06,445.865,451.195,78867.0
2025-11-05 17:00:00+00:00,451.255,454.47,450.07,453.775,68831.0
2025-11-05 18:00:00+00:00,453.77,464.805,453.345,463.88,143927.0
2025-11-05 19:00:00+00:00,463.915,466.39,460.575,465.77,139177.0
2025-11-05 20:00:00+00:00,465.65,466.15,459.665,462.11,189592.0
