date,Close,High,Low,Open,Volume,aVWAP_peak_37,aVWAP_valley_66,aVWAP_valley_50,aVWAP_valley_25,aVWAP_valley_24,aVWAP_OB_bull_25,Peaks_avg,Valleys_avg,color,StDev,StDev_Mean,StdDev_ZScore,QQEMOD,QQE1_Value,QQE1_Above_Upper,QQE1_Below_Lower,QQE2_Above_Threshold,QQE2_Below_Threshold,QQE2_Above_TL,banker_RSI,OB,OB_High,OB_Low,OB_Mitigated_Index,TTM_squeeze_Active,VI_plus,VI_minus,VI_Regular_Bullish,VI_Regular_Bearish,VI_Hidden_Bullish,VI_Hidden_Bearish,Fisher,Fisher_Signal,Fisher_Regular_Bullish,Fisher_Regular_Bearish,Fisher_Hidden_Bullish,Fisher_Hidden_Bearish,OBV,OBV_Smoothed,OBV_Regular_Bullish,OBV_Regular_Bearish,OBV_Hidden_Bullish,OBV_Hidden_Bearish,Volume_MA,Vol_Regular_Bullish,Vol_Regular_Bearish,Vol_Hidden_Bullish,Vol_Hidden_Bearish
2025-05-08 00:00:00+00:00,16.9,19.45,16.7,18.5,3693277,,,,,,,,,#000000,,,,,,False,False,False,False,False,,0.0,0.0,0.0,0.0,0,,,False,False,False,False,,,False,False,False,False,0,0.0,False,False,False,False,3693277.0,False,False,False,False
2025-05-09 00:00:00+00:00,17.25,18.06,16.11,17.59,824850,,,,,,,,,#000000,,,,100.0,,False,False,True,False,False,,0.0,0.0,0.0,0.0,0,,,False,False,False,False,,,False,False,False,False,824850,32347.058823529413,False,False,False,False,3580789.666666667,False,False,False,False
2025-05-12 00:00:00+00:00,17.25,17.56,16.81,17.56,143210,,,,,,,,,#000000,,,,100.0,50.0,False,False,True,False,True,,0.0,0.0,0.0,0.0,0,,,False,False,False,False,,,False,False,False,False,824850,63425.60553633218,False,False,False,False,3445982.620915033,False,False,False,False
2025-05-13 00:00:00+00:00,17.41,17.48,16.93,17.2,86331,,,,,,,,,#000000,,,,100.0,50.0,False,False,True,False,True,,0.0,0.0,0.0,0.0,0,,,False,False,False,False,,,False,False,False,False,911181,96670.91512314268,False,False,False,False,3314231.5769575806,False,False,False,False
2025-05-14 00:00:00+00:00,17.25,17.325,17.0,17.24,75658,,,,,,,,,#000000,,,,90.61717951429279,41.399081221435054,False,False,True,False,False,,0.0,0.0,0.0,0.0,0,,,False,False,False,False,,,False,False,False,False,835523,125645.50668694101,False,False,False,False,3187228.691586695,False,False,False,False
2025-05-15 00:00:00+00:00,16.7,17.25,16.445,17.25,188892,,,,,,,,,#000000,,,,72.01333927646797,24.86682880819049,False,False,True,False,False,,0.0,0.0,0.0,0.0,0,,,False,False,False,False,,,False,False,False,False,646631,146076.31034627667,False,False,False,False,3069646.86054408,False,False,False,False
2025-05-16 00:00:00+00:00,16.43,16.72,16.3927,16.54,51798,,,,,,,,,#000000,,,,57.08408154052893,12.541014941434796,False,False,True,False,False,,0.0,0.0,0.0,0.0,0,,,False,False,False,False,,,False,False,False,False,594833,163674.61190132465,False,False,False,False,2951299.846405097,False,False,False,False
2025-05-19 00:00:00+00:00,16.43,16.44,16.02,16.34,106654,,,,,,,,,#000000,,,,47.131243049902906,5.073945306379777,False,False,False,True,False,,0.0,0.0,0.0,0.0,0,,,False,False,False,False,,,False,False,False,False,594833,180582.78398362565,False,False,False,False,2839745.107330387,False,False,False,False
2025-05-20 00:00:00+00:00,16.89,16.95,16.15,16.59,103077,,,,,,,,,#000000,,,,48.01235680263815,5.073945306379777,False,False,False,False,False,,0.0,0.0,0.0,0.0,0,,,False,False,False,False,,,False,False,False,False,697910,200870.12578818935,False,False,False,False,2732424.7893958623,False,False,False,False
2025-05-21 00:00:00+00:00,16.67,16.9,16.34,16.61,31730,,,,,,,,,#000000,,,,46.274297888939685,5.073945306379777,False,False,False,True,False,,0.0,0.0,0.0,0.0,0,,,False,False,False,False,,,False,False,False,False,666180,219117.57183571137,False,False,False,False,2626515.1898117107,False,False,False,False
2025-05-22 00:00:00+00:00,16.54,16.8425,16.5,16.82,45633,,,,,,,,,#000000,,,,43.92441779837132,5.005625276260709,False,False,False,True,False,,0.0,0.0,0.0,0.0,0,,,False,False,False,False,,,False,False,False,False,620547,234859.90235195798,False,False,False,False,2525304.123544585,False,False,False,False
2025-05-23 00:00:00+00:00,16.54,16.674,16.3,16.3,63381,,,,,,,,,#000000,,,,42.35783107132575,3.666353275177748,False,False,False,True,False,,0.0,0.0,0.0,0.0,0,,,False,False,False,False,,,False,False,False,False,620547,249984.88657344982,False,False,False,False,2428758.1186996996,False,False,False,False
2025-05-27 00:00:00+00:00,16.49,16.65,16.39,16.61,76035,,,,,,,,,#000000,,,,40.82437687367638,2.104418759143968,False,False,False,True,False,,0.0,0.0,0.0,0.0,0,,,False,False,False,False,,,False,False,False,False,544512,261534.96945292238,False,False,False,False,2336494.466985986,False,False,False,False
2025-05-28 00:00:00+00:00,16.8,16.8,16.3,16.3,68582,,,,,,,,,#000000,,,,44.019027514514775,2.104418759143968,False,False,False,True,False,,0.0,0.0,0.0,0.0,0,,,False,False,False,False,,,False,False,False,False,613094,275321.5981018274,False,False,False,False,2247556.7231826144,False,False,False,False
2025-05-29 00:00:00+00:00,16.75,16.9,16.58,16.74,25499,,,,,,,,,#000000,,,,45.56396457857061,2.104418759143968,False,False,False,True,False,,0.0,0.0,0.0,0.0,0,,,False,False,False,False,,,False,False,False,False,587595,287567.61386254005,False,False,False,False,2160417.2046264336,False,False,False,False
2025-05-30 00:00:00+00:00,16.57,16.95,16.46,16.46,105901,,,,,,,,,#000000,,,,44.629376287588116,2.104418759143968,False,False,False,True,False,,0.0,0.0,0.0,0.0,0,,,False,False,False,False,,,False,False,False,False,481694,295180.41331891104,False,False,False,False,2079847.9416999067,False,False,False,False
2025-06-02 00:00:00+00:00,16.6,16.63,16.285,16.48,353650,,,,,,,,,#000000,,,,44.42083740717291,2.104418759143968,False,False,False,True,False,,0.0,0.0,0.0,0.0,0,,,False,False,False,False,,,False,False,False,False,835344,316363.2990711106,False,False,False,False,2012153.9047704989,False,False,False,False
2025-06-03 00:00:00+00:00,16.68,16.73,16.305,16.54,177541,,,,,,,,,#000000,,,,45.40005675645605,2.104418759143968,False,False,False,True,False,,0.0,0.0,0.0,0.0,1,,,False,False,False,False,,,False,False,False,False,1012885,343677.8755781259,False,False,False,False,1940208.300661852,False,False,False,False
2025-06-04 00:00:00+00:00,16.49,16.96,16.34,16.65,107581,,,,,,,,,#000000,,,,43.91647661258038,2.104418759143968,False,False,False,True,False,,0.0,0.0,0.0,0.0,1,,,False,False,False,False,,,False,False,False,False,905304,365702.42947702296,False,False,False,False,1868340.563380995,False,False,False,False
2025-06-05 00:00:00+00:00,16.57,16.7,16.319,16.5,87731,,,,,,,,,#000000,,,,44.08842922985573,2.104418759143968,False,False,False,True,False,,0.0,0.0,0.0,0.0,1,,,False,False,False,False,,,False,False,False,False,993035,390303.70675243385,False,False,False,False,1798512.737366054,False,False,False,False
2025-06-06 00:00:00+00:00,17.0,17.45,16.68,16.87,90634,,,,,,,,,#000000,,,,48.99239217088358,2.104418759143968,False,False,False,False,True,,0.0,0.0,0.0,0.0,1,,,False,False,False,False,,,False,False,False,False,1083669,417494.5025660639,False,False,False,False,1731537.1006066008,False,False,False,False
2025-06-09 00:00:00+00:00,17.0,17.4,16.5977,17.21,181805,,,,,,,,,#000000,,,,52.261700798235495,-5.697774341782754,False,False,True,False,True,,0.0,0.0,0.0,0.0,1,,,False,False,False,False,,,False,False,False,False,1083669,443618.99266151234,False,False,False,False,1670763.2927396754,False,False,False,False
2025-06-10 00:00:00+00:00,16.41,17.53,16.39,17.53,134770,,,,,,,,,#000000,,,,48.554387873680284,-5.697774341782754,False,False,False,False,False,,0.0,0.0,0.0,0.0,1,,,False,False,False,False,,,False,False,False,False,948899,463433.8949100805,False,False,False,False,1610528.261651845,False,False,False,False
2025-06-11 00:00:00+00:00,16.11,17.03,16.09,17.03,107600,,,,,,,,,#000000,,,,44.110479675378045,2.223837978011616,False,False,False,True,False,,0.0,0.0,0.0,0.0,1,,,False,False,False,False,,,False,False,False,False,841299,478252.1343253715,False,False,False,False,1551589.8984498119,False,False,False,False
2025-06-12 00:00:00+00:00,16.0,16.105,15.775,16.0,253614,,,,,15.959999999999999,,,15.959999999999999,#000000,,15.959999999999999,,40.504117355046844,-1.2024410768367062,False,False,False,True,False,,0.0,0.0,0.0,0.0,1,,,False,False,False,False,,,False,False,False,False,587685,482543.6192537883,False,False,False,False,1500688.8828243292,False,False,False,False
2025-06-13 00:00:00+00:00,16.46,16.62,15.775,15.93,191483,,,,16.285,16.099816657941975,16.285,,16.192408328970988,#000000,,16.192408328970988,,42.57864722539713,-1.2024410768367062,False,False,False,True,False,,1.0,16.62,15.775,0.0,1,,,False,False,False,False,,,False,False,False,False,779168,494175.9479105025,False,False,False,False,1449347.4756547476,False,False,False,False
2025-06-16 00:00:00+00:00,16.54,16.68,16.14,16.62,198191,,,,16.370615544446554,16.208731830325867,16.370615544446554,,16.289673687386212,#000000,,16.289673687386212,,44.62051223005819,-1.2024410768367062,False,False,False,True,False,,0.0,0.0,0.0,0.0,1,,,False,False,False,False,,,False,False,False,False,977359,513124.30289440433,False,False,False,False,1400282.5158251496,False,False,False,False
2025-06-17 00:00:00+00:00,16.49,16.77,16.16,16.59,146512,,,,16.39868302230942,16.257816782729805,16.39868302230942,,16.328249902519612,#000000,,16.328249902519612,,45.57794063128023,-1.2024410768367062,False,False,False,True,True,,0.0,0.0,0.0,0.0,1,,,False,False,False,False,,,False,False,False,False,830847,525584.0165063884,False,False,False,False,1351115.0446163204,False,False,False,False
2025-06-18 00:00:00+00:00,16.72,16.85,16.33,16.33,135403,,,,16.445992248731493,16.312773443593823,16.445992248731493,,16.379382846162656,#000000,,16.379382846162656,,48.172819865561436,-1.2024410768367062,False,False,False,False,True,,0.0,0.0,0.0,0.0,1,,,False,False,False,False,,,False,False,False,False,966250,542865.0354669222,False,False,False,False,1303440.0624745039,False,False,False,False
2025-06-20 00:00:00+00:00,16.63,16.94,16.42,16.87,618329,,,,16.55017584451105,16.45320548262038,16.55017584451105,,16.501690663565714,#000000,,16.501690663565714,,49.086127630617334,-8.739285814061034,False,False,False,False,True,,0.0,0.0,0.0,0.0,1,,,False,False,False,False,,,False,False,False,False,347921,535220.1713309644,False,False,False,False,1276572.9619853077,False,False,False,False
2025-06-23 00:00:00+00:00,17.01,17.01,16.425,16.55,175846,,,,16.58194649002159,16.4902073046183,16.58194649002159,,16.536076897319944,#000000,,16.536076897319944,,52.57068071284523,-5.165340595939497,False,False,True,False,True,,0.0,0.0,0.0,0.0,1,,,False,False,False,False,,,False,False,False,False,523767,534771.0273572011,False,False,False,False,1233407.1987701978,False,False,False,False
2025-06-24 00:00:00+00:00,17.86,17.99,16.95,17.04,407739,,,,16.803510117144196,16.702939262391304,16.803510117144196,,16.753224689767748,#000000,,16.753224689767748,,58.96520366684015,0.9732727981704414,False,False,True,False,True,,0.0,0.0,0.0,0.0,1,,,False,False,False,False,,,False,False,False,False,931506,550329.2615784873,False,False,False,False,1201028.0537203862,False,False,False,False
2025-06-25 00:00:00+00:00,17.65,18.0,17.3019,17.85,148455,,,,16.86570709505341,16.76476544205149,16.86570709505341,,16.81523626855245,#000000,,16.81523626855245,,61.41470343297951,3.2629306913411185,False,False,True,False,True,,0.0,0.0,0.0,0.0,1,,,False,False,False,False,,,False,False,False,False,783051,559455.604261684,False,False,False,False,1159750.679064685,False,False,False,False
2025-06-26 00:00:00+00:00,17.98,18.0,17.59,17.64,100868,,,,16.912793436595052,16.811111191460054,16.912793436595052,,16.861952314027555,#000000,,16.861952314027555,,64.34885282394734,6.068004464101108,False,False,True,False,True,,0.0,0.0,0.0,0.0,0,,,False,False,False,False,,,False,False,False,False,883919,572179.65899652,False,False,False,False,1118225.868120972,False,False,False,False
2025-06-27 00:00:00+00:00,17.82,17.99,17.55,17.88,112823,,,,16.956893829562095,16.85532712821693,16.956893829562095,,16.906110478889513,#000000,,16.906110478889513,,64.94265215971224,6.752708241459217,False,False,True,False,True,,0.0,0.0,0.0,0.0,0,,,False,False,False,False,,,False,False,False,False,771096,579980.2998201859,False,False,False,False,1078798.3046652477,False,False,False,False
2025-06-30 00:00:00+00:00,18.39,18.5,17.615,17.92,478323,,,,17.17040354070221,17.066960781647662,17.17040354070221,,17.118682161174938,#000000,,17.118682161174938,,67.43533487307865,9.328293921991843,False,False,True,False,True,,0.0,0.0,0.0,0.0,0,,,False,False,False,False,,,False,False,False,False,1249419,606232.7978664532,False,False,False,False,1055250.2535019047,False,False,False,False
2025-07-01 00:00:00+00:00,18.43,19.0,18.14,18.39,395357,,,,17.34243109520843,17.238176018693547,17.34243109520843,,17.290303556950988,#000000,,17.290303556950988,,69.22705871721344,11.25347453273325,False,False,True,False,True,,0.0,0.0,0.0,0.0,0,,,False,False,False,False,,,False,False,False,False,1644776,646959.9822638471,False,False,False,False,1029372.0866979084,False,False,False,False
2025-07-02 00:00:00+00:00,17.85,19.17,17.745,18.57,280651,18.255000000000003,,,17.417981209279503,17.316497771110978,17.417981209279503,18.255000000000003,17.36723949019524,#000000,,17.663159660130162,,65.95668242929963,11.25347453273325,False,False,True,False,True,,0.0,0.0,0.0,0.0,0,,,False,False,False,False,,,False,False,False,False,1364125,675084.1006064414,False,False,False,False,1000010.4754548531,False,False,False,False
2025-07-03 00:00:00+00:00,17.81,18.5,17.765,18.37,27752,18.234303184469674,,,17.42291020473031,17.321853396501808,17.42291020473031,18.234303184469674,17.37238180061606,#000000,,17.659688928567263,,63.50383388000428,11.25347453273325,False,False,True,False,False,,0.0,0.0,0.0,0.0,0,,,False,False,False,False,,,False,False,False,False,1336373,701016.9986218751,False,False,False,False,961882.6921036826,False,False,False,False
2025-07-07 00:00:00+00:00,17.53,18.48,17.29,17.81,95888,18.123391167088393,,,17.432291446760512,17.3331752986851,17.432291446760512,18.123391167088393,17.382733372722804,#000000,,17.629619304178,,59.99686018512897,17.925989299984778,False,False,True,False,False,,0.0,0.0,0.0,0.0,0,,,False,False,False,False,,,False,False,False,False,1240485,722172.6065190565,False,False,False,False,927922.1159427539,False,False,False,False
2025-07-08 00:00:00+00:00,17.78,17.99,17.4,17.52,132301,18.024753745241576,,,17.44285260061861,17.34641233800953,17.44285260061861,18.024753745241576,17.394632469314068,#000000,,17.60467289462324,,59.00700070056787,16.827546235585743,False,False,True,False,False,,0.0,0.0,0.0,0.0,0,,,False,False,False,False,,,False,False,False,False,1372786,747686.8572437994,False,False,False,False,896721.2878665675,False,False,False,False
2025-07-09 00:00:00+00:00,17.76,17.89,17.465,17.8,278956,17.915382836652984,,,17.461484417600857,17.37035164524705,17.461484417600857,17.915382836652984,17.415918031423956,#000000,,17.582406299833632,,58.20428259414966,15.799078664953313,False,False,True,False,False,,0.0,0.0,0.0,0.0,0,,,False,False,False,False,,,False,False,False,False,1093830,761261.0981361995,False,False,False,False,872495.1981463099,False,False,False,False
2025-07-10 00:00:00+00:00,17.24,18.02,17.2,17.93,69095,17.881897980315227,,,17.46192006599779,17.372243728516228,17.46192006599779,17.881897980315227,17.41708189725701,#000000,,17.572020591609746,,54.332365929025315,11.882084703140464,False,False,True,False,False,,0.0,0.0,0.0,0.0,0,,,False,False,False,False,,,False,False,False,False,1024735,771593.4080132113,False,False,False,False,840989.3080229253,False,False,False,False
2025-07-11 00:00:00+00:00,17.34,17.67,17.03,17.05,31888,17.86327618123846,,,17.461007167785265,17.372053144031252,17.461007167785265,17.86327618123846,17.41653015590826,#000000,,17.565445497684994,,52.39317056277356,9.863470862095042,False,False,False,False,False,,0.0,0.0,0.0,0.0,1,,,False,False,False,False,,,False,False,False,False,1056623,782771.0390715167,False,False,False,False,809259.8449632027,False,False,False,False
2025-07-14 00:00:00+00:00,18.07,18.07,17.28,17.28,48100,17.860453425541305,,,17.46508826379411,17.376883774411866,17.46508826379411,17.860453425541305,17.42098601910299,#000000,,17.56747515458243,,54.95427498780634,9.863470862095042,False,False,True,False,False,,0.0,0.0,0.0,0.0,1,,,False,False,False,False,,,False,False,False,False,1104723,795396.6061667514,False,False,False,False,779410.4392783713,False,False,False,False
2025-07-15 00:00:00+00:00,17.67,18.43,17.66,18.07,172986,17.869508075506374,,,17.48361766388522,17.3977592884367,17.48361766388522,17.869508075506374,17.440688476160958,#000000,,17.58362834260943,,54.274299400649454,9.863470862095042,False,False,True,False,False,,0.0,0.0,0.0,0.0,1,,,False,False,False,False,,,False,False,False,False,931737,800743.2882778591,False,False,False,False,755629.0887184353,False,False,False,False
2025-07-16 00:00:00+00:00,17.73,18.19,17.65,17.75,105362,17.868419564342332,,,17.492648547965814,17.408256947577488,17.492648547965814,17.868419564342332,17.45045274777165,#000000,,17.589775019961877,,54.12376383661372,9.863470862095042,False,False,True,False,False,,0.0,0.0,0.0,0.0,1,,,False,False,False,False,,,False,False,False,False,1037099,810012.139717943,False,False,False,False,730128.4185726143,False,False,False,False
2025-07-17 00:00:00+00:00,17.83,17.99,17.51,17.69,99652,17.86160953257696,,,17.499005966622942,17.416058921433745,17.499005966622942,17.86160953257696,17.457532444028345,#000000,,17.592224806877883,,54.54920159060544,9.863470862095042,False,False,True,False,False,,0.0,0.0,0.0,0.0,1,,,False,False,False,False,,,False,False,False,False,1136751,822825.428356455,False,False,False,False,705403.8531383942,False,False,False,False
2025-07-18 00:00:00+00:00,17.66,18.0,17.51,17.82,57660,17.855915712043664,,,17.50187421626804,17.41977854608165,17.50187421626804,17.855915712043664,17.460826381174844,#000000,,17.592522824797783,,53.724040404153016,9.863470862095042,False,False,True,False,False,,0.0,0.0,0.0,0.0,1,,,False,False,False,False,,,False,False,False,False,1079091,832875.0586169863,False,False,False,False,680002.1334074767,False,False,False,False
2025-07-21 00:00:00+00:00,16.89,17.8,16.88,17.8,72868,17.822977009496828,,,17.49691497788247,17.416316356265163,17.49691497788247,17.822977009496828,17.456615667073816,#000000,,17.578736114548153,,49.17696830879553,5.295246082360229,False,False,False,False,False,0.0,0.0,0.0,0.0,0.0,1,,,False,False,False,False,0.021334021190097443,0.021334021190097443,False,False,False,False,1006223,839673.0171025946,False,False,False,False,656192.9517052227,False,False,False,False
2025-07-22 00:00:00+00:00,17.5,17.59,16.8,16.8,89726,17.79276127268908,,17.296666666666663,17.493069374925895,17.414136887544593,17.493069374925895,17.79276127268908,17.40129097637905,#000000,,17.499158550456556,,49.48349323944668,5.295246082360229,False,False,False,False,False,3.5040166351052378,0.0,0.0,0.0,0.0,1,0.9969956617355461,1.0498720151899343,False,False,False,False,-0.015058184234629705,0.003137918477733869,False,False,False,False,1095949,849723.0556475909,False,False,False,False,633978.5614422727,False,False,False,False
2025-07-23 00:00:00+00:00,17.55,17.75,17.37,17.51,90300,17.779865351830964,,17.42708116235062,17.494275216093857,17.41670269907387,17.494275216093857,17.779865351830964,17.446019692506116,#000000,,17.529481107337325,,49.9347828509441,5.295246082360229,False,True,False,False,False,3.920362678806086,0.0,0.0,0.0,0.0,1,1.0334224598930482,1.0034683684794672,False,False,False,False,0.07668990213180915,0.03991391030477151,False,False,False,False,1186249,862920.1515045482,False,False,False,False,612657.8335425757,False,False,False,False
2025-07-24 00:00:00+00:00,17.51,17.95,17.35,17.55,81636,17.771558230887607,,17.48207012609142,17.49611311716194,17.41969141696242,17.49611311716194,17.771558230887607,17.465958220071926,#000000,,17.542358222775846,,50.0171236129341,5.295246082360229,False,True,False,False,False,3.546969702469273,0.0,0.0,0.0,0.0,1,1.0107713557968903,0.9813085296465728,False,False,False,False,0.09945205075038421,0.06968298052757786,False,False,False,False,1104613,872398.3024259384,False,False,False,False,591833.4479134551,False,False,False,False
2025-07-25 00:00:00+00:00,17.33,17.51,17.22,17.38,41427,17.761804073342613,,17.464474043377795,17.494902423296168,17.419156504691113,17.494902423296168,17.761804073342613,17.459510990455026,#000000,,17.535084261176923,,49.06836133920596,4.129620082262647,False,True,False,False,False,1.876806750586038,0.0,0.0,0.0,0.0,1,1.0028749217382416,0.9926529777800494,False,False,False,False,0.027611564005959047,0.04864727226676845,False,False,False,False,1063186,879880.1729190389,False,False,False,False,570248.8813286137,False,False,False,False
2025-07-28 00:00:00+00:00,17.18,17.57,17.1,17.44,36275,17.752228180460794,,17.44511170896147,17.49334311823409,17.418204515915416,17.49334311823409,17.752228180460794,17.45221978103699,#000000,,17.527221880892945,,47.616123280464436,2.4518261307231555,False,True,False,True,False,0.5114847177407249,0.0,0.0,0.0,0.0,1,0.9995217629729766,0.9885223113514341,False,False,False,False,0.020078730164304684,0.034363001215536565,False,False,False,False,1026911,885646.0877065276,False,False,False,False,549308.7291196485,False,False,False,False
2025-07-29 00:00:00+00:00,17.6,17.68,16.9605,17.06,123737,17.730581702784406,,17.4366653051926,17.491385061816707,17.418094664927292,17.491385061816707,17.730581702784406,17.448715010645532,#000000,,17.51918168368025,,49.197784757682825,2.4518261307231555,False,True,False,False,False,4.108686042615506,0.0,0.0,0.0,0.0,1,1.0128038312387906,0.9825765592381002,False,False,False,False,0.016375975250116793,0.025369488232826677,False,False,False,False,1150648,896038.3195611736,False,False,False,False,532619.6417031917,False,False,False,False
2025-07-30 00:00:00+00:00,18.6,18.78,17.69,17.77,66682,17.75142534057402,,17.5524627746958,17.502671378206156,17.42975832492373,17.502671378206156,17.75142534057402,17.494964159275227,#000000,,17.559079454599924,,54.4758861071919,-0.40007345512276515,False,False,True,False,True,11.552792463709999,0.0,0.0,0.0,0.0,1,1.0339937259588454,0.9301328254347637,False,False,False,False,0.25107779403380015,0.13822364113331342,False,False,False,False,1217330,908637.9933038726,False,False,False,False,514347.5773226744,False,False,False,False
2025-07-31 00:00:00+00:00,18.66,18.865,18.5212,18.68,40226,17.769747856384466,,17.632179842598976,17.511879021582487,17.439076549309977,17.511879021582487,17.769747856384466,17.527711804497144,#000000,,17.588220817468976,,58.195706976930346,3.006724618317392,True,False,True,False,True,11.958090111960328,0.0,0.0,0.0,0.0,1,1.071630449023902,0.918580493009153,False,False,False,False,0.3428282275127176,0.2405259343230155,False,False,False,False,1257556,922321.0523899953,False,False,False,False,495754.57429041265,False,False,False,False
2025-08-01 00:00:00+00:00,18.48,18.77,18.13,18.56,52060,17.786898508531454,,17.701458841221793,17.521362860098698,17.448814110636455,17.521362860098698,17.786898508531454,17.557211937318982,#000000,,17.6146335801221,,59.49711729987179,4.126445537990257,True,False,True,False,True,10.290243509424336,0.0,0.0,0.0,0.0,1,1.0556492622945681,0.9371398473799388,False,False,False,False,0.27872180923343626,0.2596238717782259,False,False,False,False,1205496,933425.95229627,False,False,False,False,478354.78706333763,False,False,False,False
2025-08-04 00:00:00+00:00,18.58,18.995,18.4,18.595,60064,17.811183784641095,,17.785714711402807,17.534334543056385,17.461979291639455,17.534334543056385,17.811183784641095,17.594009515366213,#000000,,17.648303082684937,,60.76732573002419,5.313815395634599,True,False,True,False,True,10.986261907829277,0.0,0.0,0.0,0.0,0,1.0580936513504033,0.9285964824372401,False,False,False,False,0.3428282275556448,0.30122604966693534,False,False,False,False,1265560,946450.8169121026,False,False,False,False,461951.226786344,False,False,False,False
2025-08-05 00:00:00+00:00,18.72,18.8789,18.55,18.66,48850,17.83124371141545,,17.847903697122,17.54520107692317,17.472985692045306,17.54520107692317,17.83124371141545,17.622030155363493,#000000,,17.67433354437648,,62.18629904080213,6.708500542227938,True,False,True,False,True,11.954993818477654,0.0,0.0,0.0,0.0,0,1.057805098127679,0.930402035240745,False,False,False,False,0.34282822771973964,0.3220271386933375,False,False,False,False,1314410,960880.5887979026,False,False,False,False,445751.17867707566,False,False,False,False
2025-08-06 00:00:00+00:00,18.19,19.0,18.13,18.725,52600,17.845432564540687,,17.88764966600007,17.553972191460016,17.482036902673375,17.553972191460016,17.845432564540687,17.641219586711156,#000000,,17.692272831168538,,59.59828580403259,6.708500542227938,True,False,True,False,True,7.152435799652228,0.0,0.0,0.0,0.0,0,1.0501332773897374,0.9225325172149962,False,False,False,False,0.30342964923109056,0.312728393962214,False,False,False,False,1261810,972681.742178377,False,False,False,False,430333.48539562174,False,False,False,False
2025-08-07 00:00:00+00:00,17.65,18.315,17.6,18.22,40068,17.84559946907523,,17.886061363651997,17.556203281380675,17.484677280333617,17.556203281380675,17.84559946907523,17.642313975122097,#000000,,17.69313534861038,,55.070155707375264,10.907093112948907,False,False,True,False,False,2.6913305897827335,0.0,0.0,0.0,0.0,0,1.0305762947007175,0.9437152784116148,False,False,False,False,0.1510718355040545,0.23190011473313427,False,False,False,False,1221742,982448.8111125584,False,False,False,False,415028.95655657776,False,False,False,False
2025-08-08 00:00:00+00:00,17.57,18.095,17.15,17.78,45364,17.840939459052432,,17.871389502175834,17.556609337168123,17.48563402142323,17.556609337168123,17.840939459052432,17.63787762025573,#000000,,17.688643079954907,,51.67470523730256,7.826046799942546,False,True,False,False,False,2.058752498576741,0.0,0.0,0.0,0.0,0,1.0193614619854954,0.9555736996301812,False,False,False,False,0.0703573387126383,0.1511287267228863,False,False,False,False,1176378,990053.8773434384,False,False,False,False,400532.29159357474,False,False,False,False
2025-08-11 00:00:00+00:00,17.79,17.8,17.02,17.67,72613,17.83178993146532,,17.84557757936255,17.55634719619695,17.4862753863657,17.55634719619695,17.83178993146532,17.629400053975065,#000000,,17.67999752334763,,50.68160173205519,6.96316754135519,False,True,False,False,False,3.688087139737302,0.0,0.0,0.0,0.0,0,1.006958097448895,0.9678743160338255,False,False,False,False,0.019693462656384893,0.08541109468963559,False,False,False,False,1248991,1000208.2743103624,False,False,False,False,387672.7115310816,False,False,False,False
2025-08-12 00:00:00+00:00,17.77,18.06,17.55,18.06,47797,17.83104351630916,,17.843053771870867,17.558380111354943,17.488794720443327,17.558380111354943,17.83104351630916,17.630076201223044,#000000,,17.680318029994574,,49.90805179936965,6.170025668537896,False,True,False,False,False,3.5253718569765624,0.0,0.0,0.0,0.0,1,1.0261883907011977,0.9616791345106768,False,False,False,False,0.11414869582054402,0.0997798952550898,False,False,False,False,1201194,1008090.0674746619,False,False,False,False,374344.2522553529,False,False,False,False
2025-08-13 00:00:00+00:00,17.59,18.73,16.9,17.89,75827,17.82832387921683,17.74,17.83571817582444,17.560818554218155,17.49202247846851,17.560818554218155,17.82832387921683,17.657139802127777,#000000,,17.691376617545586,,48.36605261096252,4.5689771799296395,False,True,False,True,False,2.0619293380917014,0.0,0.0,0.0,0.0,1,1.0116217763743462,0.935229856060048,False,False,False,False,0.11655934165321075,0.10816961845415027,False,False,False,False,1125367,1012689.1628678124,False,False,False,False,362637.69334337825,False,False,False,False
2025-08-14 00:00:00+00:00,18.66,18.82,17.38,17.44,91410,17.84425542520448,18.038802298534414,17.871356246019438,17.572379460617,17.504143500628434,17.572379460617,17.84425542520448,17.74667037644982,#000000,,17.76618738620075,,52.69920673618877,4.5689771799296395,False,True,False,False,True,9.469784159875068,0.0,0.0,0.0,0.0,1,1.023971168470474,0.9373167721030707,False,False,False,False,0.1859453847003814,0.14705750157726583,False,False,False,False,1216777,1020692.6074612315,False,False,False,False,352001.3132122654,False,False,False,False
2025-08-15 00:00:00+00:00,19.07,19.61,18.415,18.71,116736,17.894723570844032,18.446950308656106,17.977725187438125,17.60147008008695,17.53333033168018,17.60147008008695,17.894723570844032,17.88986897696534,#000000,,17.890839895741077,,57.00759534584161,0.37163142235235114,False,False,True,False,True,11.972670348757973,0.0,0.0,0.0,0.0,1,1.0507206674514356,0.9231052982754973,False,False,False,False,0.3428282303093699,0.24494286594331785,False,False,False,False,1333513,1032960.0738353009,False,False,False,False,342775.2224980589,False,False,False,False
2025-08-18 00:00:00+00:00,18.76,19.46,18.56,19.14,58475,17.916235935953676,18.528864684078556,18.01938783319931,17.614572234385655,17.54653974679427,17.614572234385655,17.916235935953676,17.927341124614447,#000000,,17.92512008688229,,58.042741297091,1.3067551143292349,True,False,True,False,True,9.483118356585294,0.0,0.0,0.0,0.0,1,1.0544565577892135,0.9212305684237556,False,False,False,False,0.34222569947197795,0.2935842827076479,False,False,False,False,1275038,1042453.3258417597,False,False,False,False,331626.19416480174,False,False,False,False
2025-08-19 00:00:00+00:00,18.32,19.09,18.15,18.84,31995,17.9230449762727,18.528107224152496,18.03113170157718,17.61944398464091,17.551563297037468,17.61944398464091,17.9230449762727,17.93256155185201,#000000,,17.93065823673615,,56.410029143717836,1.3067551143292349,False,False,True,False,True,6.120081095620765,0.0,0.0,0.0,0.0,1,1.0367179739155514,0.9542026725344217,False,False,False,False,0.2508180976532277,0.2722011901804378,False,False,False,False,1243043,1050319.5875734554,False,False,False,False,319875.95125637815,False,False,False,False
2025-08-20 00:00:00+00:00,17.95,18.519,17.6939,18.33,46802,17.925175129489304,18.475465351359265,18.031900359521835,17.62283987896421,17.555329895717882,17.62283987896421,17.925175129489304,17.921383871390802,#000000,,17.922142123010502,,53.60598286861773,1.3067551143292349,False,False,True,False,False,3.440749592393974,0.0,0.0,0.0,0.0,1,1.02671975746189,0.9681348477731759,False,False,False,False,0.13620862827912325,0.20420490922978052,False,False,False,False,1196241,1056041.995903908,False,False,False,False,309167.1688541672,False,False,False,False
2025-08-21 00:00:00+00:00,18.09,18.42,17.95,17.95,59370,17.92977752048027,18.435672631801616,18.03680463127987,17.628043555243924,17.560959877423215,17.628043555243924,17.92977752048027,17.915370173937156,#000000,,17.918251643245778,,52.408245019447236,1.3067551143292349,False,True,False,False,False,4.34182415866238,0.0,0.0,0.0,0.0,1,1.0398093498983707,0.973777458940664,False,False,False,False,0.15343863609715244,0.1788217726634665,False,False,False,False,1255611,1063868.231358657,False,False,False,False,299371.20144812146,False,False,False,False
2025-08-22 00:00:00+00:00,18.4,18.5,17.97,18.12,160042,17.948355106322715,18.399282271064443,18.061663437892488,17.645096213536974,17.57900406535499,17.645096213536974,17.948355106322715,17.921261496962224,#000000,,17.926680218834324,,53.04665209797146,1.3067551143292349,False,True,False,False,False,6.296529094091664,0.0,0.0,0.0,0.0,1,1.0490513981709462,0.957543747801618,False,False,False,False,0.16445281463691117,0.17163729365018882,False,False,False,False,1415653,1077663.7124818468,False,False,False,False,293907.311195254,False,False,False,False
2025-08-25 00:00:00+00:00,19.57,19.78,18.37,18.64,180264,18.019266243998413,18.583893385518625,18.178995518075915,17.690069027810416,17.62405335651966,17.690069027810416,18.019266243998413,18.019252821981155,"rgba(0, 255, 255, 0.75)",0.7809538404418678,18.019255506384603,1.9857057015533441,57.48620274601592,1.3067551143292349,True,False,True,False,True,12.911501513400967,0.0,0.0,0.0,0.0,1,1.0668616910536122,0.9000411045925041,False,False,False,False,0.3428282286757733,0.25723276116298105,False,False,False,False,1595917,1097987.370815892,False,False,False,False,289450.7107562244,False,False,False,False
2025-08-26 00:00:00+00:00,18.93,19.61,18.76,19.61,113317,18.05531920969071,18.646493764900736,18.23324902551365,17.71462565860113,17.648795318081824,17.71462565860113,18.05531920969071,18.060790941774336,"rgba(38, 166, 154, 1.0)",0.7970172322280553,18.05969659535761,1.0919505494372594,57.41716770818912,1.3067551143292349,True,False,True,False,True,8.427883335486072,0.0,0.0,0.0,0.0,1,1.0772609846705665,0.9183355395191938,False,False,False,False,0.34282822772503063,0.30003049444400587,False,False,False,False,1482600,1113070.2190191904,False,False,False,False,282543.50641284307,False,False,False,False
2025-08-27 00:00:00+00:00,19.47,19.88,18.9,18.9,68041,18.08205257326673,18.69877794366639,18.273677181364967,17.732241294443494,17.66641265144324,17.732241294443494,18.08205257326673,18.092777267729524,"rgba(0, 255, 255, 0.75)",0.8294314127572393,18.090632328836964,1.6630280092451146,58.97666425921947,2.5842084129885308,True,False,True,False,True,11.228151600348546,0.0,0.0,0.0,0.0,1,1.0704292225879968,0.9137439858191949,False,False,False,False,0.3428282290937672,0.32142936176888653,False,False,False,False,1550641,1130229.857489026,False,False,False,False,274131.643416261,False,False,False,False
2025-08-28 00:00:00+00:00,19.5,19.715,19.26,19.57,102202,18.122440225180462,18.772147076560547,18.333126345451994,17.759174514965224,17.693331034634696,17.759174514965224,18.122440225180462,18.139444742903116,"rgba(0, 255, 255, 0.75)",0.8605166476605216,18.136043839358585,1.5850433159539556,60.10278607550951,3.893027464692885,True,False,True,False,True,11.379857799515694,0.0,0.0,0.0,0.0,1,1.0797236951535412,0.9201438734591608,False,False,False,False,0.3428282288534411,0.3321287953111638,False,False,False,False,1652843,1150724.490528672,False,False,False,False,267389.3044587606,False,False,False,False
2025-08-29 00:00:00+00:00,19.99,20.32,19.37,19.44,104380,18.172787111114747,18.868956735803373,18.40720879213775,17.792026737655622,17.725975841821644,17.792026737655622,18.172787111114747,18.198542026854597,"rgba(0, 255, 255, 0.75)",0.9061693853551642,18.19339104370663,1.9826414192852098,62.227355675515994,6.139915972925891,True,False,True,False,True,13.806084161407327,0.0,0.0,0.0,0.0,0,1.0772546575392692,0.9072944109528774,False,False,False,False,0.3428282310138904,0.3374785131625271,False,False,False,False,1757223,1174508.7458020574,False,False,False,False,260996.7827152798,False,False,False,False
2025-09-02 00:00:00+00:00,19.74,20.11,19.57,19.85,71201,18.203870429770813,18.92111505687485,18.451114221040555,17.812961486773286,17.74682524183898,17.812961486773286,18.203870429770813,18.23300400163192,"rgba(0, 255, 255, 0.75)",0.9396344506779761,18.2271772872597,1.6100119697066757,62.361018099811204,6.516479095425751,True,False,True,False,True,12.077226954045667,0.0,0.0,0.0,0.0,0,1.0800933899396417,0.9151952341815552,False,False,False,False,0.34164458785177704,0.3395615505071521,False,False,False,False,1686022,1194568.0891039376,False,False,False,False,253553.8108440924,False,False,False,False
2025-09-03 00:00:00+00:00,19.69,20.185,19.52,19.8,44669,18.22267611755734,18.950694241774368,18.477118920173634,17.825820578095673,17.759641396855898,17.825820578095673,18.22267611755734,18.253318784224895,"rgba(38, 166, 154, 1.0)",0.9643085185348723,18.247190250891386,1.4962117635347212,62.18760751218825,6.659646971598157,True,False,True,False,True,11.732636792308103,0.0,0.0,0.0,0.0,0,1.0784894502865323,0.9152418415375054,False,False,False,False,0.34282822654493,0.3411948885260411,False,False,False,False,1641353,1212089.0660018225,False,False,False,False,245362.24963452015,False,False,False,False
2025-09-04 00:00:00+00:00,19.63,20.1,19.39,19.82,68294,18.24896188734387,18.98775630511537,18.512364458925337,17.844263025504805,17.778062008604135,17.844263025504805,18.24896188734387,18.28061144953741,"rgba(38, 166, 154, 1.0)",0.9809837496702575,18.2742815370987,1.381998899937946,61.73542005908008,6.659646971598157,True,False,True,False,True,11.31438612715905,0.0,0.0,0.0,0.0,0,1.0619147736553953,0.9425641674175478,False,False,False,False,0.3131520926906881,0.3271734906083646,False,False,False,False,1573059,1226244.7496880256,False,False,False,False,238418.39670767623,False,False,False,False
2025-09-05 00:00:00+00:00,19.67,19.86,19.2,19.59,105433,18.28430205743001,19.029192625752607,18.557468097106387,17.870096537367,17.80395396290408,17.870096537367,18.28430205743001,18.31517780578252,"rgba(38, 166, 154, 1.0)",0.9965764278652077,18.309002656112018,1.365672823311115,61.58844731991312,6.761324055712066,True,False,True,False,True,11.522622089675327,0.0,0.0,0.0,0.0,0,1.047685357343482,0.9490997513008576,False,False,False,False,0.2553124461890754,0.29124296839872,False,False,False,False,1678492,1243979.9359747698,False,False,False,False,233203.28311129677,False,False,False,False
2025-09-08 00:00:00+00:00,19.57,20.085,19.32,19.66,97259,18.317231331986797,19.06753877113966,18.598885184450218,17.894361478852385,17.82825650344696,17.894361478852385,18.317231331986797,18.347260484472308,"rgba(38, 166, 154, 1.0)",1.0143222474251576,18.341254653975206,1.2113954407920628,60.846601999486666,6.761324055712066,True,False,True,False,True,10.806889998812697,0.0,0.0,0.0,0.0,1,1.0428508346767769,0.9436929580924064,False,False,False,False,0.30156803094881734,0.29640549967376867,False,False,False,False,1581233,1257205.5463287004,False,False,False,False,227872.13475399103,False,False,False,False
2025-09-09 00:00:00+00:00,19.54,20.61,19.31,19.46,74004,18.344143888661016,19.1008887384579,18.632868794530275,17.91404004215992,17.847921894868154,17.91404004215992,18.344143888661016,18.373929867504064,"rgba(38, 166, 154, 1.0)",1.0268878374148909,18.36797267173545,1.1413391858014739,60.14837723157716,6.761324055712066,True,False,True,False,True,10.59014964289699,0.0,0.0,0.0,0.0,1,1.0426757435673346,0.931258832217887,False,False,False,False,0.34282822762850124,0.31961686365113495,False,False,False,False,1507229,1267010.3876491436,False,False,False,False,221838.09025383453,False,False,False,False
2025-09-10 00:00:00+00:00,19.39,19.75,19.09,19.41,62950,18.360137110100187,19.112119118555494,18.650840390456473,17.926932039752945,17.860931982288204,17.926932039752945,18.360137110100187,18.387705882763278,"rgba(38, 166, 154, 0.5)",1.0325927657212306,18.38219212823066,0.9759974166247636,58.633679985116494,6.761324055712066,True,False,True,False,False,9.501158834621236,0.0,0.0,0.0,0.0,1,1.0355974328724944,0.9660732047713413,False,False,False,False,0.20388183422332049,0.26174934893722773,False,False,False,False,1444279,1273962.0979374123,False,False,False,False,215607.18475368415,False,False,False,False
2025-09-11 00:00:00+00:00,20.05,20.21,19.4,19.4,107605,18.398312233839825,19.15740862345286,18.697835138824445,17.955382102821904,17.889367252632688,17.955382102821904,18.398312233839825,18.424998279432977,"rgba(0, 255, 255, 0.75)",1.052616268641621,18.419661070314344,1.5488445108202389,60.67106063207756,6.761324055712066,True,False,True,False,True,13.040596415498388,0.0,0.0,0.0,0.0,1,1.029845139744721,0.9668101463183707,False,False,False,False,0.3018468099306384,0.2817980794339331,False,False,False,False,1551884,1284860.9960575139,False,False,False,False,211371.80495942204,False,False,False,False
2025-09-12 00:00:00+00:00,19.94,20.34,19.72,19.84,58020,18.419622135555215,19.183161799810637,18.723998194481624,17.971262345315022,17.905221954637415,17.971262345315022,18.419622135555215,18.445911073561174,"rgba(38, 166, 154, 1.0)",1.0664213625591539,18.440653285959982,1.4059608768919905,61.24422839187159,7.421654282993842,True,False,True,False,True,12.238856913799271,0.0,0.0,0.0,0.0,1,1.0492613425883355,0.9671591049411099,False,False,False,False,0.342828228289906,0.31231315386191955,False,False,False,False,1493864,1293057.1922905527,False,False,False,False,205358.0086865035,False,False,False,False
2025-09-15 00:00:00+00:00,20.27,20.53,19.545,19.82,188045,18.489706239056485,19.267149754969743,18.809040728445098,18.023900864130834,17.957742764203527,18.023900864130834,18.489706239056485,18.5144585279373,"rgba(0, 255, 255, 0.75)",1.0919532379520076,18.50950807016114,1.6122411369379863,62.969974714146815,9.189491423349878,True,False,True,False,True,13.940996595354246,0.0,0.0,0.0,0.0,1,1.0438501473417154,0.94492630304106,False,False,False,False,0.3428282283588387,0.3275706911103791,False,False,False,False,1681909,1308306.2827889624,False,False,False,False,204679.06716938573,False,False,False,False
2025-09-16 00:00:00+00:00,20.5,20.64,19.81,20.47,129286,18.540195711601438,19.32839103946648,18.869855631619497,18.061964555559275,17.995669638337993,18.061964555559275,18.540195711601438,18.563970216245814,"rgba(0, 255, 255, 0.75)",1.1207850691239472,18.559215315316937,1.7316296747243984,64.97035148108358,11.157413285897952,True,False,True,False,True,15.096429890378399,0.0,0.0,0.0,0.0,1,1.0637642514419416,0.9409785441198558,False,False,False,False,0.3428282299712493,0.3351994605408142,False,False,False,False,1811195,1328027.4089541011,False,False,False,False,201722.47629999806,False,False,False,False
2025-09-17 00:00:00+00:00,21.11,21.44,19.9277,20.095,116615,18.595786343167966,19.403268349553777,18.938527209480462,18.102742644027106,18.036127674551718,18.102742644027106,18.595786343167966,18.620166469403266,"rgba(0, 255, 0, 1.0)",1.1631836244308735,18.61529044415621,2.14472547880341,68.17960490818655,14.182605749227562,True,False,True,False,True,18.01475396269448,0.0,0.0,0.0,0.0,1,1.0624495171654504,0.9091952071532572,False,False,False,False,0.3428282331861182,0.3390138468634662,False,False,False,False,1927810,1351548.2948774698,False,False,False,False,198384.92820980205,False,False,False,False
2025-09-18 00:00:00+00:00,21.0,21.37,20.71,21.34,136310,18.662982481521503,19.49291014142434,19.02083958154339,18.152311926839232,18.0852760332803,18.152311926839232,18.662982481521503,18.687834420771814,"rgba(0, 255, 255, 0.75)",1.197915953074601,18.682864032921753,1.9343059595550323,69.45568113387483,15.335549930125865,True,False,True,False,True,17.188347667311568,0.0,0.0,0.0,0.0,1,1.0804150387628613,0.9089737558042017,False,False,False,False,0.34282823515251776,0.340921041007992,False,False,False,False,1791500,1368801.3029214905,False,False,False,False,195950.61729961375,False,False,False,False
2025-09-19 00:00:00+00:00,21.51,22.06,20.05,21.12,1045010,19.10778008357449,20.002618723895203,19.528105350293043,18.50362336038201,18.434548261630955,18.50362336038201,19.10778008357449,19.1172239240503,"rgba(0, 255, 255, 0.75)",1.2471969580833058,19.11533515595514,1.9200374315577116,71.71016594639525,17.431100732825115,True,False,True,False,True,19.520339295114024,0.0,0.0,0.0,0.0,1,1.068238890708593,0.8977657346474903,False,False,False,False,0.3428282352273734,0.3418746381176827,False,False,False,False,2836510,1426358.506728491,False,False,False,False,229247.06368002103,False,False,False,False
2025-09-22 00:00:00+00:00,22.46,22.79,21.48,21.54,147575,19.18334349850361,20.092938604983463,19.614266930247716,18.563396425540144,18.49379790480968,18.563396425540144,19.18334349850361,19.191099966395253,"rgba(0, 255, 0, 1.0)",1.324437436243223,19.189548672816922,2.4693135649047635,75.08098102194091,20.529506634520885,True,False,True,False,True,20.0,0.0,0.0,0.0,0.0,0,1.1061762868077796,0.8730766226665628,False,False,False,False,0.34282823942232504,0.34235143877000385,False,False,False,False,2984085,1487445.8201901189,False,False,False,False,226044.23765335354,False,False,False,False
2025-09-23 00:00:00+00:00,21.99,22.8818,21.71,22.38,107437,19.235251785869234,20.152835152226462,19.672516547229208,18.60515591771251,18.53523289179119,18.60515591771251,19.235251785869234,19.24143512723984,"rgba(0, 255, 255, 0.75)",1.3765104725649855,19.240198458965722,1.9976611844516552,74.22827161078038,20.529506634520885,True,False,True,False,True,20.0,0.0,0.0,0.0,0.0,0,1.1047122951097181,0.8817017078019126,False,False,False,False,0.3428282398952581,0.342589839332631,False,False,False,False,2876648,1541924.3370454083,False,False,False,False,221392.97343165343,False,False,False,False
2025-09-24 00:00:00+00:00,21.41,21.995,21.16,21.6606,77164,19.26321943207719,20.180300495674263,19.702026993891764,18.629052496108997,18.559060713260717,18.629052496108997,19.26321943207719,19.267610174733935,"rgba(0, 255, 255, 0.75)",1.4115482777930548,19.266732026202586,1.5183809208059094,70.42861187570703,25.393298581783952,True,False,True,False,False,16.074128307092472,0.0,0.0,0.0,0.0,0,1.0820930838991316,0.9119913850551955,False,False,False,False,0.24164294762747038,0.2921163934800507,False,False,False,False,2799484,1591240.402259314,False,False,False,False,215736.9352578631,False,False,False,False
2025-09-25 00:00:00+00:00,21.37,21.52,21.1,21.36,58417,19.282182848111102,20.197503192786492,19.72146088464206,18.645702994009056,18.575697429683046,18.645702994009056,19.282182848111102,19.285091125280164,"rgba(38, 166, 154, 1.0)",1.4422186112107003,19.284509469846352,1.4460294118676924,67.68527643764449,22.93470119377963,True,False,True,False,False,15.806571062262538,0.0,0.0,0.0,0.0,0,1.0811208725215757,0.9174262163287844,False,False,False,False,0.20527076623431945,0.24869357985718507,False,False,False,False,2741067,1636331.6413863997,False,False,False,False,209567.52603206458,False,False,False,False
2025-09-26 00:00:00+00:00,21.98,22.25,21.48,21.53,151076,19.34293832072047,20.261053208633495,19.786803013433097,18.69682404934424,18.626576716654743,18.69682404934424,19.34293832072047,19.342814247016392,"rgba(0, 255, 255, 0.75)",1.4775265428020852,19.34283906175721,1.7848484354409584,67.67237499971898,22.93470119377963,True,False,True,False,False,18.39433899091552,0.0,0.0,0.0,0.0,0,1.0901756506556923,0.8932761581335562,False,False,False,False,0.2814497196766205,0.2650716497669028,False,False,False,False,2892143,1685579.1456457565,False,False,False,False,207273.7406974738,False,False,False,False
2025-09-29 00:00:00+00:00,21.82,22.115,21.43,21.93,112217,19.384327999100663,20.30217832735206,19.830357649723005,18.732444445520272,18.662081943301846,18.732444445520272,19.384327999100663,19.381765591474295,"rgba(0, 255, 255, 0.75)",1.4972194889855646,19.38227807299957,1.6281660404060738,66.7635712470547,22.031233165699646,True,False,True,False,False,17.314188281930424,0.0,0.0,0.0,0.0,0,1.0885623302157483,0.8972342772024808,False,False,False,False,0.26855293066034575,0.2668122902136243,False,False,False,False,2779926,1728494.7085616093,False,False,False,False,203546.02537600425,False,False,False,False
2025-09-30 00:00:00+00:00,22.31,22.49,21.43,21.71,118913,19.431765645721917,20.35140650292871,19.880988085478325,18.77278330169156,18.702236513171435,18.77278330169156,19.431765645721917,19.42685360081751,"rgba(0, 255, 255, 0.75)",1.524841010764107,19.42783600979839,1.8901406571937216,67.54286654990145,22.031233165699646,True,False,True,False,False,19.326352847177652,0.0,0.0,0.0,0.0,0,1.10325613707847,0.8838963251283564,False,False,False,False,0.2947907637981693,0.2808015270058968,False,False,False,False,2898839,1774390.5631278206,False,False,False,False,200227.08320439624,False,False,False,False
2025-10-01 00:00:00+00:00,22.26,22.9939,22.07,22.32,96099,19.474017126050132,20.397233886447342,19.92679014838057,18.808198971386755,18.737436426927278,18.808198971386755,19.474017126050132,19.467414858285487,"rgba(0, 255, 255, 0.75)",1.5560677861053964,19.468735311838415,1.7937937621263287,67.75993082016426,22.031233165699646,True,False,True,False,False,18.98500207272064,0.0,0.0,0.0,0.0,0,1.1200038894541247,0.8673340400756075,False,False,False,False,0.3428282402039542,0.3118148836049255,False,False,False,False,2802740,1814717.9920247688,False,False,False,False,196143.6289610866,False,False,False,False
2025-10-02 00:00:00+00:00,22.61,22.64,21.95,22.37,120027,19.5244397199349,20.450623492749678,19.980842718571118,18.850991902187733,18.780000904278413,18.850991902187733,19.5244397199349,19.515614754446734,"rgba(0, 255, 255, 0.75)",1.5950930611954488,19.517379747544368,1.9388337443696577,68.87818720879758,22.031233165699646,True,False,True,False,False,20.0,0.0,0.0,0.0,0.0,0,1.1028833227781794,0.8804010801571738,False,False,False,False,0.3095120002391139,0.31066344192201967,False,False,False,False,2922767,1858170.8942983074,False,False,False,False,193158.6631194754,False,False,False,False
2025-10-03 00:00:00+00:00,22.73,23.03,22.325,22.41,125388,19.5805080523795,20.511432801879913,20.04142747516304,18.89824704978183,18.82696110982818,18.89824704978183,19.5805080523795,19.56951710916324,"rgba(0, 255, 255, 0.75)",1.631809784003995,19.57171529780649,1.9354490536537785,69.94598051511636,22.031233165699646,True,False,True,False,True,20.0,0.0,0.0,0.0,0.0,0,1.1119062101488246,0.8762338452288969,False,False,False,False,0.3428282405900619,0.3267458412560408,False,False,False,False,3048155,1904836.937659158,False,False,False,False,190500.99005596654,False,False,False,False
2025-10-06 00:00:00+00:00,22.99,23.665,22.93,23.05,95355,19.628471982376205,20.565610038681157,20.09406655595924,18.93804415386946,18.866445794931106,18.93804415386946,19.628471982376205,19.616041635860242,"rgba(0, 255, 0, 1.0)",1.6760783808458155,19.618527705163437,2.011524242162937,71.34540277245863,22.031233165699646,True,False,True,False,True,20.0,0.0,0.0,0.0,0.0,0,1.1226133768880726,0.848584046842937,False,False,False,False,0.34282824202411694,0.3347870416400789,False,False,False,False,3143510,1953412.3518686027,False,False,False,False,186769.77475965413,False,False,False,False
2025-10-07 00:00:00+00:00,23.64,23.79,22.41,22.705,167512,19.711655396424245,20.65858016288735,20.184826237287705,19.007560897726258,18.93543653153911,19.007560897726258,19.711655396424245,19.696600957360104,"rgba(0, 255, 0, 1.0)",1.7347138507961866,19.699611845172935,2.271491723559211,73.73374342146846,19.26898859019076,True,False,True,False,True,20.0,0.0,0.0,0.0,0.0,0,1.1110222429665144,0.8502332599982327,False,False,False,False,0.31854675840152014,0.3266669000207995,False,False,False,False,3311022,2006651.9459129712,False,False,False,False,186014.56790633439,False,False,False,False
2025-10-08 00:00:00+00:00,23.91,24.15,23.3,23.76,108647,19.770987928112316,20.72655991288802,20.250169585257893,19.056678357853503,18.98412712650458,19.056678357853503,19.770987928112316,19.754383745625997,"rgba(0, 255, 0, 1.0)",1.8026097397589593,19.75770458212326,2.3034910587091217,75.83908468212095,21.333780484016444,True,False,True,False,True,20.0,0.0,0.0,0.0,0.0,0,1.133952170750331,0.8450270863736792,False,False,False,False,0.34282824268684914,0.3347475713538243,False,False,False,False,3419669,2062064.3794065802,False,False,False,False,182980.54563549775,False,False,False,False
2025-10-09 00:00:00+00:00,23.56,24.03,23.215,23.77,111558,19.827413769468958,20.78931563296065,20.31145868556322,19.104140348907823,19.03122854840906,19.104140348907823,19.827413769468958,19.80903580396019,"rgba(0, 255, 0, 1.0)",1.8636995272650352,19.812711397061943,2.010672078903821,74.76975066353332,21.333780484016444,True,False,True,False,True,20.0,0.0,0.0,0.0,0.0,0,1.1185627596763614,0.8731230410379769,False,False,False,False,0.33085341606054736,0.33280049370718584,False,False,False,False,3308111,2110928.952763185,False,False,False,False,180179.66149292924,False,False,False,False
2025-10-10 00:00:00+00:00,23.26,23.84,23.1,23.52,71573,19.860860105094712,20.825370392460297,20.347274974836406,19.132730193003518,19.059633775885352,19.132730193003518,19.860860105094712,19.841252334046395,"rgba(0, 255, 255, 0.75)",1.908852473546804,19.845173888256056,1.788941869037642,72.11135522362642,21.333780484016444,True,False,True,False,False,20.0,0.0,0.0,0.0,0.0,0,1.0961419509221846,0.8804659457751088,False,False,False,False,0.31320408304198205,0.32300228837458395,False,False,False,False,3236538,2155070.484027374,False,False,False,False,175920.57672850063,False,False,False,False
2025-10-13 00:00:00+00:00,23.18,23.698,22.96,23.29,69989,19.89187146461704,20.858069129819675,20.380151296895058,19.159541472828764,19.086293063896893,19.159541472828764,19.89187146461704,19.871013740860096,"rgba(0, 255, 255, 0.75)",1.9516786768465864,19.875185285611487,1.693319066091478,69.82635501444233,24.541161065079052,True,False,True,False,False,20.0,0.0,0.0,0.0,0.0,0,1.101588016668544,0.8817884896947855,False,False,False,False,0.29705236996167145,0.3100273291681277,False,False,False,False,3166549,2194736.3081831634,False,False,False,False,171766.39724895157,False,False,False,False
2025-10-14 00:00:00+00:00,23.85,23.915,22.15,23.15,71891,19.92338215264943,20.891108027571182,20.41345445276569,19.18689211510353,19.113493875197577,19.18689211510353,19.92338215264943,19.901237117659495,"rgba(0, 255, 255, 0.75)",2.007517852455592,19.90566612465748,1.9647814690752667,70.3299953816881,24.541161065079052,True,False,True,False,False,20.0,0.0,0.0,0.0,0.0,1,1.0752770767036104,0.8849994513332603,False,False,False,False,0.26356256915214865,0.28679494916013815,False,False,False,False,3238440,2235665.864725,False,False,False,False,167849.71500389464,False,False,False,False
2025-10-15 00:00:00+00:00,23.84,24.4999,23.42,24.13,64742,19.95633629223689,20.92749496374995,20.44904530158054,19.214848248214555,19.14124152084501,19.214848248214555,19.95633629223689,19.933157508597514,"rgba(0, 255, 255, 0.75)",2.063955356036485,19.93779326532539,1.8906449324408885,70.59762207817964,24.541161065079052,True,False,True,False,False,20.0,0.0,0.0,0.0,0.0,0,1.09823818982641,0.8717289921409449,False,False,False,False,0.342828243107558,0.31481159613384807,False,False,False,False,3173698,2272451.438657353,False,False,False,False,163806.27519982035,False,False,False,False
2025-10-16 00:00:00+00:00,23.1,23.85,23.01,23.78,133430,20.012542288528863,20.985299904452734,20.507870802484504,19.264219660969697,19.190375013941402,19.264219660969697,20.012542288528863,19.986941345462085,"rgba(38, 166, 154, 1.0)",2.098599043635045,19.99206153407544,1.4809586782910233,66.29174575902191,21.050535542265123,True,False,True,False,False,17.73124898688291,0.0,0.0,0.0,0.0,0,1.0985179103832692,0.8883031586224774,False,False,False,False,0.28399667117960403,0.299404133656726,False,False,False,False,3040268,2302561.8920433396,False,False,False,False,162615.04872139602,False,False,False,False
2025-10-17 00:00:00+00:00,23.18,23.44,22.29,22.96,87826,20.044716481530614,21.01636869326086,20.54063515978636,19.293324902637156,19.21940190455371,19.293324902637156,20.044716481530614,20.01743266505952,"rgba(38, 166, 154, 1.0)",2.126755131035862,20.02288942835374,1.484473000946071,63.73144684180578,18.678948043149916,False,False,True,False,False,18.051073948957175,0.0,0.0,0.0,0.0,0,1.093533956893046,0.883457117784294,False,False,False,False,0.22330757508589227,0.26135585437130915,False,False,False,False,3128094,2334935.7001985027,False,False,False,False,159682.14484996872,False,False,False,False
2025-10-20 00:00:00+00:00,22.69,23.785,22.66,23.22,66918,20.069381768879225,21.04027998334659,20.565772942456693,19.31564239605518,19.24165739159731,19.31564239605518,20.069381768879225,20.040838178363945,"rgba(38, 166, 154, 1.0)",2.141981258487499,20.046546896467,1.2341158882966154,59.50297998336563,14.7964724298903,False,True,True,False,False,14.91276275930635,0.0,0.0,0.0,0.0,1,1.1106586213513572,0.8718577429052686,False,False,False,False,0.26149303203519947,0.2614244432032543,False,False,False,False,3061176,2363415.7119554244,False,False,False,False,156044.33524800919,False,False,False,False
2025-10-21 00:00:00+00:00,22.39,22.725,22.25,22.54,84915,20.09401147448301,21.061127976114346,20.589533589561828,19.339162350534224,19.2652047411012,19.339162350534224,20.09401147448301,20.0637571643279,"rgba(38, 166, 154, 1.0)",2.1462042504581573,20.06980802635892,1.0810676444917957,55.32324904229234,11.058282641767256,False,True,False,False,False,13.057355074404239,0.0,0.0,0.0,0.0,1,1.1053738518327754,0.8874366898446219,False,False,False,False,0.17383825525560678,0.21763134922943056,False,False,False,False,2976261,2387448.8605061923,False,False,False,False,153254.94955200882,False,False,False,False
2025-10-22 00:00:00+00:00,22.94,22.96,22.27,22.44,87688,20.121748002837812,21.086043784925344,20.61689127648792,19.365143400258972,19.291176886404745,19.365143400258972,20.121748002837812,20.089813837019246,"rgba(38, 166, 154, 1.0)",2.1614549237463554,20.09620067018296,1.3156875484999746,54.99196800787944,10.901927672007687,False,True,False,False,False,15.359714287301479,0.0,0.0,0.0,0.0,1,1.094065332649222,0.8884043099025143,False,False,False,False,0.1877196294085652,0.20267548931899787,False,False,False,False,3063949,2413978.2777412436,False,False,False,False,150683.69662840065,False,False,False,False
2025-10-23 00:00:00+00:00,23.05,23.18,22.5256,23.01,48994,20.13813570237084,21.101263706448968,20.633261938167575,19.3803205798606,19.306334855720195,19.3803205798606,20.13813570237084,20.105295270049332,"rgba(38, 166, 154, 1.0)",2.1761687716081433,20.111863356513634,1.3501419015930207,55.222454502819105,10.901927672007687,False,True,True,False,False,15.808712942997094,0.0,0.0,0.0,0.0,1,1.1163498565802055,0.895395654424084,False,False,False,False,0.20826252362431735,0.2054690064716576,False,False,False,False,3112943,2441388.659006293,False,False,False,False,146695.86538807122,False,False,False,False
2025-10-24 00:00:00+00:00,24.16,24.29,23.15,23.32,49424,20.160045183434725,21.12424109927419,20.656296426133768,19.399567833088117,19.325478090211792,19.399567833088117,20.160045183434725,20.126395862176967,"rgba(0, 255, 255, 0.75)",2.2043476042494596,20.133125726428517,1.8267873296428494,59.033770251311154,10.901927672007687,False,True,True,False,True,20.0,0.0,0.0,0.0,0.0,1,1.117840371450472,0.8702654602162099,False,False,False,False,0.3127589075729296,0.2591139570222936,False,False,False,False,3162367,2469662.3194374186,False,False,False,False,142881.28243167629,False,False,False,False
2025-10-27 00:00:00+00:00,24.2,24.46,23.77,24.4,85162,20.19997238111178,21.166855166639902,20.69858124042066,19.434378192042363,19.360076057044374,19.434378192042363,20.19997238111178,20.164972664036824,"rgba(0, 255, 255, 0.75)",2.231022574903647,20.171972607451814,1.8054624089682942,61.68267565920533,5.5093198926066975,False,False,True,False,True,20.0,0.0,0.0,0.0,0.0,1,1.1099221746548644,0.8826160363868014,False,False,False,False,0.34282824208866614,0.30097109955547985,False,False,False,False,3247529,2500166.8951457553,False,False,False,False,140617.78115984582,False,False,False,False
2025-10-28 00:00:00+00:00,23.75,24.72,23.53,24.13,68537,20.230381493590297,21.198676553377705,20.730488535338488,19.46118266256489,19.386737535778828,19.46118266256489,20.230381493590297,20.19427132176498,"rgba(0, 255, 255, 0.75)",2.2547908954007134,20.201493356130044,1.573763070938482,61.05148035148307,5.5093198926066975,False,False,True,False,True,17.412980054148786,0.0,0.0,0.0,0.0,1,1.1006962425916338,0.8742956795779171,False,False,False,False,0.3428282421091473,0.3218996708323136,False,False,False,False,3178992,2526787.4874929804,False,False,False,False,137791.08385945973,False,False,False,False
2025-10-29 00:00:00+00:00,23.36,24.13,23.285,23.75,50587,20.250118376644927,21.21835177008787,20.750754209572197,19.479004160517178,19.40449610032713,19.479004160517178,20.250118376644927,20.213151560126093,"rgba(38, 166, 154, 1.0)",2.2624076866339777,20.220544923429863,1.3876610723688951,58.780184379199,5.5093198926066975,False,True,True,False,True,15.071296587747963,0.0,0.0,0.0,0.0,1,1.1045677128612743,0.8789099231765521,False,False,False,False,0.2922632086227639,0.30708143972753876,False,False,False,False,3128405,2550380.3311207066,False,False,False,False,134371.3158649711,False,False,False,False
